<gpx xmlns:ns3="http://www.garmin.com/xmlschemas/TrackPointExtension/v1" xmlns="http://www.topografix.com/GPX/1/1" xmlns:xsi="http://www.w3.org/2001/XMLSchema-instance" xmlns:ns2="http://www.garmin.com/xmlschemas/GpxExtensions/v3" creator="Garmin Connect" version="1.1" xsi:schemaLocation="http://www.topografix.com/GPX/1/1 http://www.topografix.com/GPX/11.xsd">
  <extensions>
<distance>13559.31</distance>
<average_hr>97.0</average_hr>
<average_speed>4.078000068664551</average_speed>
<start_time>2024-07-24T21:54:46+00:00</start_time>
<end_time>2024-07-24T22:50:11.530000+00:00</end_time>
<moving_time>2912.0</moving_time>
<elapsed_time>3328.39</elapsed_time>
</extensions>
<metadata>
    <link href="connect.garmin.com">
      <text>Garmin Connect</text>
    </link>
    <time>2024-07-24T21:54:46.000Z</time>
  </metadata>
  <trk>
    <name>广州市 公路骑行</name>
    <type>road_biking</type>
    <trkseg>
      <trkpt lat="23.16665743477642536163330078125" lon="113.4393726289272308349609375">
        <ele>19.799999237060546875</ele>
        <time>2024-07-24T21:54:47.000Z</time>
        <extensions>
          <ns3:TrackPointExtension>
            <ns3:hr>99</ns3:hr>
          </ns3:TrackPointExtension>
        </extensions>
      </trkpt>
      <trkpt lat="23.16656984388828277587890625" lon="113.4394120238721370697021484375">
        <ele>18</ele>
        <time>2024-07-24T21:54:48.000Z</time>
        <extensions>
          <ns3:TrackPointExtension>
            <ns3:hr>101</ns3:hr>
          </ns3:TrackPointExtension>
        </extensions>
      </trkpt>
      <trkpt lat="23.16651142202317714691162109375" lon="113.43943390063941478729248046875">
        <ele>16.799999237060546875</ele>
        <time>2024-07-24T21:54:49.000Z</time>
        <extensions>
          <ns3:TrackPointExtension>
            <ns3:hr>101</ns3:hr>
          </ns3:TrackPointExtension>
        </extensions>
      </trkpt>
      <trkpt lat="23.1664459593594074249267578125" lon="113.43945284374058246612548828125">
        <ele>15</ele>
        <time>2024-07-24T21:54:50.000Z</time>
        <extensions>
          <ns3:TrackPointExtension>
            <ns3:hr>101</ns3:hr>
          </ns3:TrackPointExtension>
        </extensions>
      </trkpt>
      <trkpt lat="23.166375048458576202392578125" lon="113.4394690208137035369873046875">
        <ele>13.19999980926513671875</ele>
        <time>2024-07-24T21:54:51.000Z</time>
        <extensions>
          <ns3:TrackPointExtension>
            <ns3:hr>101</ns3:hr>
          </ns3:TrackPointExtension>
        </extensions>
      </trkpt>
      <trkpt lat="23.16630153916776180267333984375" lon="113.43948218040168285369873046875">
        <ele>13.80000019073486328125</ele>
        <time>2024-07-24T21:54:52.000Z</time>
        <extensions>
          <ns3:TrackPointExtension>
            <ns3:hr>101</ns3:hr>
          </ns3:TrackPointExtension>
        </extensions>
      </trkpt>
      <trkpt lat="23.16622920334339141845703125" lon="113.439497686922550201416015625">
        <ele>15.3999996185302734375</ele>
        <time>2024-07-24T21:54:53.000Z</time>
        <extensions>
          <ns3:TrackPointExtension>
            <ns3:hr>101</ns3:hr>
          </ns3:TrackPointExtension>
        </extensions>
      </trkpt>
      <trkpt lat="23.1661529280245304107666015625" lon="113.43951947987079620361328125">
        <ele>17</ele>
        <time>2024-07-24T21:54:54.000Z</time>
        <extensions>
          <ns3:TrackPointExtension>
            <ns3:hr>101</ns3:hr>
          </ns3:TrackPointExtension>
        </extensions>
      </trkpt>
      <trkpt lat="23.16608570516109466552734375" lon="113.43954169191420078277587890625">
        <ele>18.200000762939453125</ele>
        <time>2024-07-24T21:54:55.000Z</time>
        <extensions>
          <ns3:TrackPointExtension>
            <ns3:hr>101</ns3:hr>
          </ns3:TrackPointExtension>
        </extensions>
      </trkpt>
      <trkpt lat="23.16602141596376895904541015625" lon="113.43956382013857364654541015625">
        <ele>19.6000003814697265625</ele>
        <time>2024-07-24T21:54:56.000Z</time>
        <extensions>
          <ns3:TrackPointExtension>
            <ns3:hr>102</ns3:hr>
          </ns3:TrackPointExtension>
        </extensions>
      </trkpt>
      <trkpt lat="23.16595754586160182952880859375" lon="113.43958578072488307952880859375">
        <ele>20.799999237060546875</ele>
        <time>2024-07-24T21:54:57.000Z</time>
        <extensions>
          <ns3:TrackPointExtension>
            <ns3:hr>102</ns3:hr>
          </ns3:TrackPointExtension>
        </extensions>
      </trkpt>
      <trkpt lat="23.16589258611202239990234375" lon="113.4396091662347316741943359375">
        <ele>22.200000762939453125</ele>
        <time>2024-07-24T21:54:58.000Z</time>
        <extensions>
          <ns3:TrackPointExtension>
            <ns3:hr>102</ns3:hr>
          </ns3:TrackPointExtension>
        </extensions>
      </trkpt>
      <trkpt lat="23.16582745872437953948974609375" lon="113.4396336413919925689697265625">
        <ele>22.3999996185302734375</ele>
        <time>2024-07-24T21:54:59.000Z</time>
        <extensions>
          <ns3:TrackPointExtension>
            <ns3:hr>102</ns3:hr>
          </ns3:TrackPointExtension>
        </extensions>
      </trkpt>
      <trkpt lat="23.16576308570802211761474609375" lon="113.43965853564441204071044921875">
        <ele>21.799999237060546875</ele>
        <time>2024-07-24T21:55:00.000Z</time>
        <extensions>
          <ns3:TrackPointExtension>
            <ns3:hr>102</ns3:hr>
          </ns3:TrackPointExtension>
        </extensions>
      </trkpt>
      <trkpt lat="23.16570105962455272674560546875" lon="113.439682088792324066162109375">
        <ele>21</ele>
        <time>2024-07-24T21:55:01.000Z</time>
        <extensions>
          <ns3:TrackPointExtension>
            <ns3:hr>102</ns3:hr>
          </ns3:TrackPointExtension>
        </extensions>
      </trkpt>
      <trkpt lat="23.1656402908265590667724609375" lon="113.43970446847379207611083984375">
        <ele>21</ele>
        <time>2024-07-24T21:55:02.000Z</time>
        <extensions>
          <ns3:TrackPointExtension>
            <ns3:hr>102</ns3:hr>
          </ns3:TrackPointExtension>
        </extensions>
      </trkpt>
      <trkpt lat="23.16557885147631168365478515625" lon="113.4397255070507526397705078125">
        <ele>21.3999996185302734375</ele>
        <time>2024-07-24T21:55:03.000Z</time>
        <extensions>
          <ns3:TrackPointExtension>
            <ns3:hr>102</ns3:hr>
          </ns3:TrackPointExtension>
        </extensions>
      </trkpt>
      <trkpt lat="23.16551699303090572357177734375" lon="113.439745791256427764892578125">
        <ele>21.200000762939453125</ele>
        <time>2024-07-24T21:55:04.000Z</time>
        <extensions>
          <ns3:TrackPointExtension>
            <ns3:hr>102</ns3:hr>
          </ns3:TrackPointExtension>
        </extensions>
      </trkpt>
      <trkpt lat="23.16545530222356319427490234375" lon="113.43976649455726146697998046875">
        <ele>20.200000762939453125</ele>
        <time>2024-07-24T21:55:05.000Z</time>
        <extensions>
          <ns3:TrackPointExtension>
            <ns3:hr>102</ns3:hr>
          </ns3:TrackPointExtension>
        </extensions>
      </trkpt>
      <trkpt lat="23.16539512015879154205322265625" lon="113.43978929333388805389404296875">
        <ele>19.3999996185302734375</ele>
        <time>2024-07-24T21:55:06.000Z</time>
        <extensions>
          <ns3:TrackPointExtension>
            <ns3:hr>102</ns3:hr>
          </ns3:TrackPointExtension>
        </extensions>
      </trkpt>
      <trkpt lat="23.1653385423123836517333984375" lon="113.43981661833822727203369140625">
        <ele>18.6000003814697265625</ele>
        <time>2024-07-24T21:55:07.000Z</time>
        <extensions>
          <ns3:TrackPointExtension>
            <ns3:hr>101</ns3:hr>
          </ns3:TrackPointExtension>
        </extensions>
      </trkpt>
      <trkpt lat="23.1652842275798320770263671875" lon="113.4398468770086765289306640625">
        <ele>17.6000003814697265625</ele>
        <time>2024-07-24T21:55:08.000Z</time>
        <extensions>
          <ns3:TrackPointExtension>
            <ns3:hr>100</ns3:hr>
          </ns3:TrackPointExtension>
        </extensions>
      </trkpt>
      <trkpt lat="23.1652309186756610870361328125" lon="113.43987780623137950897216796875">
        <ele>17.200000762939453125</ele>
        <time>2024-07-24T21:55:09.000Z</time>
        <extensions>
          <ns3:TrackPointExtension>
            <ns3:hr>98</ns3:hr>
          </ns3:TrackPointExtension>
        </extensions>
      </trkpt>
      <trkpt lat="23.16517702303826808929443359375" lon="113.43990932218730449676513671875">
        <ele>16.799999237060546875</ele>
        <time>2024-07-24T21:55:10.000Z</time>
        <extensions>
          <ns3:TrackPointExtension>
            <ns3:hr>88</ns3:hr>
          </ns3:TrackPointExtension>
        </extensions>
      </trkpt>
      <trkpt lat="23.1651219539344310760498046875" lon="113.43994184397161006927490234375">
        <ele>16.200000762939453125</ele>
        <time>2024-07-24T21:55:11.000Z</time>
        <extensions>
          <ns3:TrackPointExtension>
            <ns3:hr>88</ns3:hr>
          </ns3:TrackPointExtension>
        </extensions>
      </trkpt>
      <trkpt lat="23.1650666333734989166259765625" lon="113.439975790679454803466796875">
        <ele>15.80000019073486328125</ele>
        <time>2024-07-24T21:55:12.000Z</time>
        <extensions>
          <ns3:TrackPointExtension>
            <ns3:hr>88</ns3:hr>
          </ns3:TrackPointExtension>
        </extensions>
      </trkpt>
      <trkpt lat="23.16501290537416934967041015625" lon="113.44001057557761669158935546875">
        <ele>15.3999996185302734375</ele>
        <time>2024-07-24T21:55:13.000Z</time>
        <extensions>
          <ns3:TrackPointExtension>
            <ns3:hr>88</ns3:hr>
          </ns3:TrackPointExtension>
        </extensions>
      </trkpt>
      <trkpt lat="23.16496043466031551361083984375" lon="113.440047204494476318359375">
        <ele>14.6000003814697265625</ele>
        <time>2024-07-24T21:55:14.000Z</time>
        <extensions>
          <ns3:TrackPointExtension>
            <ns3:hr>88</ns3:hr>
          </ns3:TrackPointExtension>
        </extensions>
      </trkpt>
      <trkpt lat="23.16491098143160343170166015625" lon="113.440085090696811676025390625">
        <ele>14.19999980926513671875</ele>
        <time>2024-07-24T21:55:15.000Z</time>
        <extensions>
          <ns3:TrackPointExtension>
            <ns3:hr>88</ns3:hr>
          </ns3:TrackPointExtension>
        </extensions>
      </trkpt>
      <trkpt lat="23.16486353985965251922607421875" lon="113.4401234798133373260498046875">
        <ele>13.80000019073486328125</ele>
        <time>2024-07-24T21:55:16.000Z</time>
        <extensions>
          <ns3:TrackPointExtension>
            <ns3:hr>88</ns3:hr>
          </ns3:TrackPointExtension>
        </extensions>
      </trkpt>
      <trkpt lat="23.16481609828770160675048828125" lon="113.44016362912952899932861328125">
        <ele>13.6000003814697265625</ele>
        <time>2024-07-24T21:55:17.000Z</time>
        <extensions>
          <ns3:TrackPointExtension>
            <ns3:hr>89</ns3:hr>
          </ns3:TrackPointExtension>
        </extensions>
      </trkpt>
      <trkpt lat="23.16476832143962383270263671875" lon="113.44020319171249866485595703125">
        <ele>13.19999980926513671875</ele>
        <time>2024-07-24T21:55:18.000Z</time>
        <extensions>
          <ns3:TrackPointExtension>
            <ns3:hr>89</ns3:hr>
          </ns3:TrackPointExtension>
        </extensions>
      </trkpt>
      <trkpt lat="23.16471953876316547393798828125" lon="113.4402421675622463226318359375">
        <ele>12.6000003814697265625</ele>
        <time>2024-07-24T21:55:19.000Z</time>
        <extensions>
          <ns3:TrackPointExtension>
            <ns3:hr>91</ns3:hr>
          </ns3:TrackPointExtension>
        </extensions>
      </trkpt>
      <trkpt lat="23.16466991789638996124267578125" lon="113.44028080813586711883544921875">
        <ele>11.80000019073486328125</ele>
        <time>2024-07-24T21:55:20.000Z</time>
        <extensions>
          <ns3:TrackPointExtension>
            <ns3:hr>92</ns3:hr>
          </ns3:TrackPointExtension>
        </extensions>
      </trkpt>
      <trkpt lat="23.164621554315090179443359375" lon="113.440319113433361053466796875">
        <ele>11.19999980926513671875</ele>
        <time>2024-07-24T21:55:21.000Z</time>
        <extensions>
          <ns3:TrackPointExtension>
            <ns3:hr>93</ns3:hr>
          </ns3:TrackPointExtension>
        </extensions>
      </trkpt>
      <trkpt lat="23.16457503475248813629150390625" lon="113.440356664359569549560546875">
        <ele>10.6000003814697265625</ele>
        <time>2024-07-24T21:55:22.000Z</time>
        <extensions>
          <ns3:TrackPointExtension>
            <ns3:hr>93</ns3:hr>
          </ns3:TrackPointExtension>
        </extensions>
      </trkpt>
      <trkpt lat="23.16452868282794952392578125" lon="113.44039362855255603790283203125">
        <ele>10.3999996185302734375</ele>
        <time>2024-07-24T21:55:23.000Z</time>
        <extensions>
          <ns3:TrackPointExtension>
            <ns3:hr>93</ns3:hr>
          </ns3:TrackPointExtension>
        </extensions>
      </trkpt>
      <trkpt lat="23.1644809059798717498779296875" lon="113.44042866490781307220458984375">
        <ele>10</ele>
        <time>2024-07-24T21:55:24.000Z</time>
        <extensions>
          <ns3:TrackPointExtension>
            <ns3:hr>93</ns3:hr>
          </ns3:TrackPointExtension>
        </extensions>
      </trkpt>
      <trkpt lat="23.16443170420825481414794921875" lon="113.4404617734253406524658203125">
        <ele>10</ele>
        <time>2024-07-24T21:55:25.000Z</time>
        <extensions>
          <ns3:TrackPointExtension>
            <ns3:hr>93</ns3:hr>
          </ns3:TrackPointExtension>
        </extensions>
      </trkpt>
      <trkpt lat="23.16438409499824047088623046875" lon="113.4404937922954559326171875">
        <ele>9.80000019073486328125</ele>
        <time>2024-07-24T21:55:26.000Z</time>
        <extensions>
          <ns3:TrackPointExtension>
            <ns3:hr>93</ns3:hr>
          </ns3:TrackPointExtension>
        </extensions>
      </trkpt>
      <trkpt lat="23.16433665342628955841064453125" lon="113.4405261464416980743408203125">
        <ele>9.6000003814697265625</ele>
        <time>2024-07-24T21:55:27.000Z</time>
        <extensions>
          <ns3:TrackPointExtension>
            <ns3:hr>93</ns3:hr>
          </ns3:TrackPointExtension>
        </extensions>
      </trkpt>
      <trkpt lat="23.1642871163785457611083984375" lon="113.44055891968309879302978515625">
        <ele>9.3999996185302734375</ele>
        <time>2024-07-24T21:55:28.000Z</time>
        <extensions>
          <ns3:TrackPointExtension>
            <ns3:hr>93</ns3:hr>
          </ns3:TrackPointExtension>
        </extensions>
      </trkpt>
      <trkpt lat="23.16423774696886539459228515625" lon="113.44058741815388202667236328125">
        <ele>9.3999996185302734375</ele>
        <time>2024-07-24T21:55:29.000Z</time>
        <extensions>
          <ns3:TrackPointExtension>
            <ns3:hr>93</ns3:hr>
          </ns3:TrackPointExtension>
        </extensions>
      </trkpt>
      <trkpt lat="23.16418728791177272796630859375" lon="113.4406156651675701141357421875">
        <ele>9.19999980926513671875</ele>
        <time>2024-07-24T21:55:30.000Z</time>
        <extensions>
          <ns3:TrackPointExtension>
            <ns3:hr>93</ns3:hr>
          </ns3:TrackPointExtension>
        </extensions>
      </trkpt>
      <trkpt lat="23.1641375832259654998779296875" lon="113.44064391218125820159912109375">
        <ele>9</ele>
        <time>2024-07-24T21:55:31.000Z</time>
        <extensions>
          <ns3:TrackPointExtension>
            <ns3:hr>92</ns3:hr>
          </ns3:TrackPointExtension>
        </extensions>
      </trkpt>
      <trkpt lat="23.1640856154263019561767578125" lon="113.44067282974720001220703125">
        <ele>9.19999980926513671875</ele>
        <time>2024-07-24T21:55:32.000Z</time>
        <extensions>
          <ns3:TrackPointExtension>
            <ns3:hr>90</ns3:hr>
          </ns3:TrackPointExtension>
        </extensions>
      </trkpt>
      <trkpt lat="23.1640356592833995819091796875" lon="113.4407031722366809844970703125">
        <ele>9.3999996185302734375</ele>
        <time>2024-07-24T21:55:33.000Z</time>
        <extensions>
          <ns3:TrackPointExtension>
            <ns3:hr>89</ns3:hr>
          </ns3:TrackPointExtension>
        </extensions>
      </trkpt>
      <trkpt lat="23.16398209892213344573974609375" lon="113.44073678366839885711669921875">
        <ele>9.6000003814697265625</ele>
        <time>2024-07-24T21:55:34.000Z</time>
        <extensions>
          <ns3:TrackPointExtension>
            <ns3:hr>88</ns3:hr>
          </ns3:TrackPointExtension>
        </extensions>
      </trkpt>
      <trkpt lat="23.16393415443599224090576171875" lon="113.44076628796756267547607421875">
        <ele>9.6000003814697265625</ele>
        <time>2024-07-24T21:55:35.000Z</time>
        <extensions>
          <ns3:TrackPointExtension>
            <ns3:hr>87</ns3:hr>
          </ns3:TrackPointExtension>
        </extensions>
      </trkpt>
      <trkpt lat="23.16388629376888275146484375" lon="113.44079612754285335540771484375">
        <ele>9.6000003814697265625</ele>
        <time>2024-07-24T21:55:36.000Z</time>
        <extensions>
          <ns3:TrackPointExtension>
            <ns3:hr>84</ns3:hr>
          </ns3:TrackPointExtension>
        </extensions>
      </trkpt>
      <trkpt lat="23.16383759491145610809326171875" lon="113.44082747586071491241455078125">
        <ele>9.6000003814697265625</ele>
        <time>2024-07-24T21:55:37.000Z</time>
        <extensions>
          <ns3:TrackPointExtension>
            <ns3:hr>84</ns3:hr>
          </ns3:TrackPointExtension>
        </extensions>
      </trkpt>
      <trkpt lat="23.1637888960540294647216796875" lon="113.4408600814640522003173828125">
        <ele>9.80000019073486328125</ele>
        <time>2024-07-24T21:55:38.000Z</time>
        <extensions>
          <ns3:TrackPointExtension>
            <ns3:hr>84</ns3:hr>
          </ns3:TrackPointExtension>
        </extensions>
      </trkpt>
      <trkpt lat="23.163740448653697967529296875" lon="113.4408934414386749267578125">
        <ele>9.80000019073486328125</ele>
        <time>2024-07-24T21:55:39.000Z</time>
        <extensions>
          <ns3:TrackPointExtension>
            <ns3:hr>84</ns3:hr>
          </ns3:TrackPointExtension>
        </extensions>
      </trkpt>
      <trkpt lat="23.16369275562465190887451171875" lon="113.4409268014132976531982421875">
        <ele>10</ele>
        <time>2024-07-24T21:55:40.000Z</time>
        <extensions>
          <ns3:TrackPointExtension>
            <ns3:hr>84</ns3:hr>
          </ns3:TrackPointExtension>
        </extensions>
      </trkpt>
      <trkpt lat="23.16364581696689128875732421875" lon="113.440959490835666656494140625">
        <ele>10.19999980926513671875</ele>
        <time>2024-07-24T21:55:41.000Z</time>
        <extensions>
          <ns3:TrackPointExtension>
            <ns3:hr>84</ns3:hr>
          </ns3:TrackPointExtension>
        </extensions>
      </trkpt>
      <trkpt lat="23.163598291575908660888671875" lon="113.44099394045770168304443359375">
        <ele>10.3999996185302734375</ele>
        <time>2024-07-24T21:55:42.000Z</time>
        <extensions>
          <ns3:TrackPointExtension>
            <ns3:hr>84</ns3:hr>
          </ns3:TrackPointExtension>
        </extensions>
      </trkpt>
      <trkpt lat="23.16355193965137004852294921875" lon="113.4410297311842441558837890625">
        <ele>10.80000019073486328125</ele>
        <time>2024-07-24T21:55:43.000Z</time>
        <extensions>
          <ns3:TrackPointExtension>
            <ns3:hr>84</ns3:hr>
          </ns3:TrackPointExtension>
        </extensions>
      </trkpt>
      <trkpt lat="23.163506425917148590087890625" lon="113.4410692937672138214111328125">
        <ele>11.19999980926513671875</ele>
        <time>2024-07-24T21:55:44.000Z</time>
        <extensions>
          <ns3:TrackPointExtension>
            <ns3:hr>84</ns3:hr>
          </ns3:TrackPointExtension>
        </extensions>
      </trkpt>
      <trkpt lat="23.16346443258225917816162109375" lon="113.4411107003688812255859375">
        <ele>11.80000019073486328125</ele>
        <time>2024-07-24T21:55:45.000Z</time>
        <extensions>
          <ns3:TrackPointExtension>
            <ns3:hr>84</ns3:hr>
          </ns3:TrackPointExtension>
        </extensions>
      </trkpt>
      <trkpt lat="23.16342570818960666656494140625" lon="113.44115202315151691436767578125">
        <ele>12.19999980926513671875</ele>
        <time>2024-07-24T21:55:46.000Z</time>
        <extensions>
          <ns3:TrackPointExtension>
            <ns3:hr>84</ns3:hr>
          </ns3:TrackPointExtension>
        </extensions>
      </trkpt>
      <trkpt lat="23.16339100711047649383544921875" lon="113.4411950223147869110107421875">
        <ele>12.6000003814697265625</ele>
        <time>2024-07-24T21:55:47.000Z</time>
        <extensions>
          <ns3:TrackPointExtension>
            <ns3:hr>84</ns3:hr>
          </ns3:TrackPointExtension>
        </extensions>
      </trkpt>
      <trkpt lat="23.16336619667708873748779296875" lon="113.44123232178390026092529296875">
        <ele>12.80000019073486328125</ele>
        <time>2024-07-24T21:55:48.000Z</time>
        <extensions>
          <ns3:TrackPointExtension>
            <ns3:hr>84</ns3:hr>
          </ns3:TrackPointExtension>
        </extensions>
      </trkpt>
      <trkpt lat="23.16334138624370098114013671875" lon="113.44126962125301361083984375">
        <ele>12.80000019073486328125</ele>
        <time>2024-07-24T21:55:49.000Z</time>
        <extensions>
          <ns3:TrackPointExtension>
            <ns3:hr>84</ns3:hr>
          </ns3:TrackPointExtension>
        </extensions>
      </trkpt>
      <trkpt lat="23.16331632435321807861328125" lon="113.44131412915885448455810546875">
        <ele>12.6000003814697265625</ele>
        <time>2024-07-24T21:55:50.000Z</time>
        <extensions>
          <ns3:TrackPointExtension>
            <ns3:hr>84</ns3:hr>
          </ns3:TrackPointExtension>
        </extensions>
      </trkpt>
      <trkpt lat="23.1632920168340206146240234375" lon="113.44135922379791736602783203125">
        <ele>12.6000003814697265625</ele>
        <time>2024-07-24T21:55:51.000Z</time>
        <extensions>
          <ns3:TrackPointExtension>
            <ns3:hr>84</ns3:hr>
          </ns3:TrackPointExtension>
        </extensions>
      </trkpt>
      <trkpt lat="23.163269720971584320068359375" lon="113.4414049051702022552490234375">
        <ele>12.6000003814697265625</ele>
        <time>2024-07-24T21:55:52.000Z</time>
        <extensions>
          <ns3:TrackPointExtension>
            <ns3:hr>81</ns3:hr>
          </ns3:TrackPointExtension>
        </extensions>
      </trkpt>
      <trkpt lat="23.16324935294687747955322265625" lon="113.44145360402762889862060546875">
        <ele>12.6000003814697265625</ele>
        <time>2024-07-24T21:55:53.000Z</time>
        <extensions>
          <ns3:TrackPointExtension>
            <ns3:hr>81</ns3:hr>
          </ns3:TrackPointExtension>
        </extensions>
      </trkpt>
      <trkpt lat="23.163231499493122100830078125" lon="113.4415098465979099273681640625">
        <ele>12.19999980926513671875</ele>
        <time>2024-07-24T21:55:54.000Z</time>
        <extensions>
          <ns3:TrackPointExtension>
            <ns3:hr>81</ns3:hr>
          </ns3:TrackPointExtension>
        </extensions>
      </trkpt>
      <trkpt lat="23.163206689059734344482421875" lon="113.44158654101192951202392578125">
        <ele>11.80000019073486328125</ele>
        <time>2024-07-24T21:55:55.000Z</time>
        <extensions>
          <ns3:TrackPointExtension>
            <ns3:hr>80</ns3:hr>
          </ns3:TrackPointExtension>
        </extensions>
      </trkpt>
      <trkpt lat="23.163182549178600311279296875" lon="113.44164102338254451751708984375">
        <ele>11.3999996185302734375</ele>
        <time>2024-07-24T21:55:56.000Z</time>
        <extensions>
          <ns3:TrackPointExtension>
            <ns3:hr>79</ns3:hr>
          </ns3:TrackPointExtension>
        </extensions>
      </trkpt>
      <trkpt lat="23.163163103163242340087890625" lon="113.44167589209973812103271484375">
        <ele>11.19999980926513671875</ele>
        <time>2024-07-24T21:55:57.000Z</time>
        <extensions>
          <ns3:TrackPointExtension>
            <ns3:hr>78</ns3:hr>
          </ns3:TrackPointExtension>
        </extensions>
      </trkpt>
      <trkpt lat="23.16313670016825199127197265625" lon="113.44171394594013690948486328125">
        <ele>11</ele>
        <time>2024-07-24T21:55:58.000Z</time>
        <extensions>
          <ns3:TrackPointExtension>
            <ns3:hr>76</ns3:hr>
          </ns3:TrackPointExtension>
        </extensions>
      </trkpt>
      <trkpt lat="23.16310702823102474212646484375" lon="113.44174797646701335906982421875">
        <ele>11</ele>
        <time>2024-07-24T21:55:59.000Z</time>
        <extensions>
          <ns3:TrackPointExtension>
            <ns3:hr>75</ns3:hr>
          </ns3:TrackPointExtension>
        </extensions>
      </trkpt>
      <trkpt lat="23.16307400353252887725830078125" lon="113.44177412800490856170654296875">
        <ele>10.80000019073486328125</ele>
        <time>2024-07-24T21:56:00.000Z</time>
        <extensions>
          <ns3:TrackPointExtension>
            <ns3:hr>75</ns3:hr>
          </ns3:TrackPointExtension>
        </extensions>
      </trkpt>
      <trkpt lat="23.1630382128059864044189453125" lon="113.44179089181125164031982421875">
        <ele>11</ele>
        <time>2024-07-24T21:56:01.000Z</time>
        <extensions>
          <ns3:TrackPointExtension>
            <ns3:hr>75</ns3:hr>
          </ns3:TrackPointExtension>
        </extensions>
      </trkpt>
      <trkpt lat="23.163000829517841339111328125" lon="113.441799022257328033447265625">
        <ele>11</ele>
        <time>2024-07-24T21:56:02.000Z</time>
        <extensions>
          <ns3:TrackPointExtension>
            <ns3:hr>75</ns3:hr>
          </ns3:TrackPointExtension>
        </extensions>
      </trkpt>
      <trkpt lat="23.1629614345729351043701171875" lon="113.44180069863796234130859375">
        <ele>10.80000019073486328125</ele>
        <time>2024-07-24T21:56:03.000Z</time>
        <extensions>
          <ns3:TrackPointExtension>
            <ns3:hr>75</ns3:hr>
          </ns3:TrackPointExtension>
        </extensions>
      </trkpt>
      <trkpt lat="23.16291935741901397705078125" lon="113.441795669496059417724609375">
        <ele>11</ele>
        <time>2024-07-24T21:56:04.000Z</time>
        <extensions>
          <ns3:TrackPointExtension>
            <ns3:hr>75</ns3:hr>
          </ns3:TrackPointExtension>
        </extensions>
      </trkpt>
      <trkpt lat="23.1628756038844585418701171875" lon="113.4417877905070781707763671875">
        <ele>11</ele>
        <time>2024-07-24T21:56:05.000Z</time>
        <extensions>
          <ns3:TrackPointExtension>
            <ns3:hr>75</ns3:hr>
          </ns3:TrackPointExtension>
        </extensions>
      </trkpt>
      <trkpt lat="23.16283025778830051422119140625" lon="113.4417784027755260467529296875">
        <ele>11</ele>
        <time>2024-07-24T21:56:06.000Z</time>
        <extensions>
          <ns3:TrackPointExtension>
            <ns3:hr>75</ns3:hr>
          </ns3:TrackPointExtension>
        </extensions>
      </trkpt>
      <trkpt lat="23.162780888378620147705078125" lon="113.4417676739394664764404296875">
        <ele>11</ele>
        <time>2024-07-24T21:56:07.000Z</time>
        <extensions>
          <ns3:TrackPointExtension>
            <ns3:hr>75</ns3:hr>
          </ns3:TrackPointExtension>
        </extensions>
      </trkpt>
      <trkpt lat="23.16273034550249576568603515625" lon="113.441758789122104644775390625">
        <ele>11</ele>
        <time>2024-07-24T21:56:08.000Z</time>
        <extensions>
          <ns3:TrackPointExtension>
            <ns3:hr>75</ns3:hr>
          </ns3:TrackPointExtension>
        </extensions>
      </trkpt>
      <trkpt lat="23.16267837770283222198486328125" lon="113.44175367616117000579833984375">
        <ele>11</ele>
        <time>2024-07-24T21:56:09.000Z</time>
        <extensions>
          <ns3:TrackPointExtension>
            <ns3:hr>74</ns3:hr>
          </ns3:TrackPointExtension>
        </extensions>
      </trkpt>
      <trkpt lat="23.16262875683605670928955078125" lon="113.44175082631409168243408203125">
        <ele>11</ele>
        <time>2024-07-24T21:56:10.000Z</time>
        <extensions>
          <ns3:TrackPointExtension>
            <ns3:hr>74</ns3:hr>
          </ns3:TrackPointExtension>
        </extensions>
      </trkpt>
      <trkpt lat="23.16258198581635951995849609375" lon="113.4417488984763622283935546875">
        <ele>11</ele>
        <time>2024-07-24T21:56:11.000Z</time>
        <extensions>
          <ns3:TrackPointExtension>
            <ns3:hr>74</ns3:hr>
          </ns3:TrackPointExtension>
        </extensions>
      </trkpt>
      <trkpt lat="23.16253722645342350006103515625" lon="113.44174730591475963592529296875">
        <ele>11</ele>
        <time>2024-07-24T21:56:12.000Z</time>
        <extensions>
          <ns3:TrackPointExtension>
            <ns3:hr>76</ns3:hr>
          </ns3:TrackPointExtension>
        </extensions>
      </trkpt>
      <trkpt lat="23.1624935567378997802734375" lon="113.4417438693344593048095703125">
        <ele>11.19999980926513671875</ele>
        <time>2024-07-24T21:56:13.000Z</time>
        <extensions>
          <ns3:TrackPointExtension>
            <ns3:hr>78</ns3:hr>
          </ns3:TrackPointExtension>
        </extensions>
      </trkpt>
      <trkpt lat="23.16244955174624919891357421875" lon="113.44173892401158809661865234375">
        <ele>10.80000019073486328125</ele>
        <time>2024-07-24T21:56:14.000Z</time>
        <extensions>
          <ns3:TrackPointExtension>
            <ns3:hr>80</ns3:hr>
          </ns3:TrackPointExtension>
        </extensions>
      </trkpt>
      <trkpt lat="23.16240705549716949462890625" lon="113.44173087738454341888427734375">
        <ele>10.80000019073486328125</ele>
        <time>2024-07-24T21:56:15.000Z</time>
        <extensions>
          <ns3:TrackPointExtension>
            <ns3:hr>81</ns3:hr>
          </ns3:TrackPointExtension>
        </extensions>
      </trkpt>
      <trkpt lat="23.16236640326678752899169921875" lon="113.4417220763862133026123046875">
        <ele>10.6000003814697265625</ele>
        <time>2024-07-24T21:56:16.000Z</time>
        <extensions>
          <ns3:TrackPointExtension>
            <ns3:hr>81</ns3:hr>
          </ns3:TrackPointExtension>
        </extensions>
      </trkpt>
      <trkpt lat="23.16232658922672271728515625" lon="113.44171394594013690948486328125">
        <ele>10.3999996185302734375</ele>
        <time>2024-07-24T21:56:17.000Z</time>
        <extensions>
          <ns3:TrackPointExtension>
            <ns3:hr>82</ns3:hr>
          </ns3:TrackPointExtension>
        </extensions>
      </trkpt>
      <trkpt lat="23.1622843444347381591796875" lon="113.4417033009231090545654296875">
        <ele>10.19999980926513671875</ele>
        <time>2024-07-24T21:56:18.000Z</time>
        <extensions>
          <ns3:TrackPointExtension>
            <ns3:hr>82</ns3:hr>
          </ns3:TrackPointExtension>
        </extensions>
      </trkpt>
      <trkpt lat="23.16224302165210247039794921875" lon="113.441691733896732330322265625">
        <ele>10.19999980926513671875</ele>
        <time>2024-07-24T21:56:19.000Z</time>
        <extensions>
          <ns3:TrackPointExtension>
            <ns3:hr>82</ns3:hr>
          </ns3:TrackPointExtension>
        </extensions>
      </trkpt>
      <trkpt lat="23.16220362670719623565673828125" lon="113.4416798315942287445068359375">
        <ele>10</ele>
        <time>2024-07-24T21:56:20.000Z</time>
        <extensions>
          <ns3:TrackPointExtension>
            <ns3:hr>82</ns3:hr>
          </ns3:TrackPointExtension>
        </extensions>
      </trkpt>
      <trkpt lat="23.16216439940035343170166015625" lon="113.4416711144149303436279296875">
        <ele>10</ele>
        <time>2024-07-24T21:56:21.000Z</time>
        <extensions>
          <ns3:TrackPointExtension>
            <ns3:hr>82</ns3:hr>
          </ns3:TrackPointExtension>
        </extensions>
      </trkpt>
      <trkpt lat="23.16212500445544719696044921875" lon="113.4416650794446468353271484375">
        <ele>10</ele>
        <time>2024-07-24T21:56:22.000Z</time>
        <extensions>
          <ns3:TrackPointExtension>
            <ns3:hr>83</ns3:hr>
          </ns3:TrackPointExtension>
        </extensions>
      </trkpt>
      <trkpt lat="23.1620846875011920928955078125" lon="113.44165963120758533477783203125">
        <ele>10</ele>
        <time>2024-07-24T21:56:23.000Z</time>
        <extensions>
          <ns3:TrackPointExtension>
            <ns3:hr>83</ns3:hr>
          </ns3:TrackPointExtension>
        </extensions>
      </trkpt>
      <trkpt lat="23.16204621456563472747802734375" lon="113.44165309332311153411865234375">
        <ele>9.80000019073486328125</ele>
        <time>2024-07-24T21:56:24.000Z</time>
        <extensions>
          <ns3:TrackPointExtension>
            <ns3:hr>83</ns3:hr>
          </ns3:TrackPointExtension>
        </extensions>
      </trkpt>
      <trkpt lat="23.16201134584844112396240234375" lon="113.44163884408771991729736328125">
        <ele>9.80000019073486328125</ele>
        <time>2024-07-24T21:56:25.000Z</time>
        <extensions>
          <ns3:TrackPointExtension>
            <ns3:hr>83</ns3:hr>
          </ns3:TrackPointExtension>
        </extensions>
      </trkpt>
      <trkpt lat="23.1619841046631336212158203125" lon="113.4416204877197742462158203125">
        <ele>9.80000019073486328125</ele>
        <time>2024-07-24T21:56:26.000Z</time>
        <extensions>
          <ns3:TrackPointExtension>
            <ns3:hr>83</ns3:hr>
          </ns3:TrackPointExtension>
        </extensions>
      </trkpt>
      <trkpt lat="23.16196155734360218048095703125" lon="113.44159743748605251312255859375">
        <ele>9.80000019073486328125</ele>
        <time>2024-07-24T21:56:27.000Z</time>
        <extensions>
          <ns3:TrackPointExtension>
            <ns3:hr>83</ns3:hr>
          </ns3:TrackPointExtension>
        </extensions>
      </trkpt>
      <trkpt lat="23.16194362007081508636474609375" lon="113.44156927429139614105224609375">
        <ele>9.80000019073486328125</ele>
        <time>2024-07-24T21:56:28.000Z</time>
        <extensions>
          <ns3:TrackPointExtension>
            <ns3:hr>84</ns3:hr>
          </ns3:TrackPointExtension>
        </extensions>
      </trkpt>
      <trkpt lat="23.1619291193783283233642578125" lon="113.44153490848839282989501953125">
        <ele>9.80000019073486328125</ele>
        <time>2024-07-24T21:56:29.000Z</time>
        <extensions>
          <ns3:TrackPointExtension>
            <ns3:hr>84</ns3:hr>
          </ns3:TrackPointExtension>
        </extensions>
      </trkpt>
      <trkpt lat="23.1619197316467761993408203125" lon="113.44149618409574031829833984375">
        <ele>10.19999980926513671875</ele>
        <time>2024-07-24T21:56:30.000Z</time>
        <extensions>
          <ns3:TrackPointExtension>
            <ns3:hr>84</ns3:hr>
          </ns3:TrackPointExtension>
        </extensions>
      </trkpt>
      <trkpt lat="23.16191512160003185272216796875" lon="113.4414558671414852142333984375">
        <ele>10.3999996185302734375</ele>
        <time>2024-07-24T21:56:31.000Z</time>
        <extensions>
          <ns3:TrackPointExtension>
            <ns3:hr>84</ns3:hr>
          </ns3:TrackPointExtension>
        </extensions>
      </trkpt>
      <trkpt lat="23.161915205419063568115234375" lon="113.4414166398346424102783203125">
        <ele>10.3999996185302734375</ele>
        <time>2024-07-24T21:56:32.000Z</time>
        <extensions>
          <ns3:TrackPointExtension>
            <ns3:hr>84</ns3:hr>
          </ns3:TrackPointExtension>
        </extensions>
      </trkpt>
      <trkpt lat="23.1619197316467761993408203125" lon="113.441377244889736175537109375">
        <ele>10.6000003814697265625</ele>
        <time>2024-07-24T21:56:33.000Z</time>
        <extensions>
          <ns3:TrackPointExtension>
            <ns3:hr>83</ns3:hr>
          </ns3:TrackPointExtension>
        </extensions>
      </trkpt>
      <trkpt lat="23.16192735917866230010986328125" lon="113.4413381852209568023681640625">
        <ele>10.6000003814697265625</ele>
        <time>2024-07-24T21:56:34.000Z</time>
        <extensions>
          <ns3:TrackPointExtension>
            <ns3:hr>84</ns3:hr>
          </ns3:TrackPointExtension>
        </extensions>
      </trkpt>
      <trkpt lat="23.161935992538928985595703125" lon="113.44129820354282855987548828125">
        <ele>10.80000019073486328125</ele>
        <time>2024-07-24T21:56:35.000Z</time>
        <extensions>
          <ns3:TrackPointExtension>
            <ns3:hr>84</ns3:hr>
          </ns3:TrackPointExtension>
        </extensions>
      </trkpt>
      <trkpt lat="23.1619435362517833709716796875" lon="113.4412587247788906097412109375">
        <ele>10.80000019073486328125</ele>
        <time>2024-07-24T21:56:36.000Z</time>
        <extensions>
          <ns3:TrackPointExtension>
            <ns3:hr>84</ns3:hr>
          </ns3:TrackPointExtension>
        </extensions>
      </trkpt>
      <trkpt lat="23.16194931976497173309326171875" lon="113.44121840782463550567626953125">
        <ele>11</ele>
        <time>2024-07-24T21:56:37.000Z</time>
        <extensions>
          <ns3:TrackPointExtension>
            <ns3:hr>84</ns3:hr>
          </ns3:TrackPointExtension>
        </extensions>
      </trkpt>
      <trkpt lat="23.16195367835462093353271484375" lon="113.441177420318126678466796875">
        <ele>11.19999980926513671875</ele>
        <time>2024-07-24T21:56:38.000Z</time>
        <extensions>
          <ns3:TrackPointExtension>
            <ns3:hr>85</ns3:hr>
          </ns3:TrackPointExtension>
        </extensions>
      </trkpt>
      <trkpt lat="23.1619569472968578338623046875" lon="113.441136181354522705078125">
        <ele>11.19999980926513671875</ele>
        <time>2024-07-24T21:56:39.000Z</time>
        <extensions>
          <ns3:TrackPointExtension>
            <ns3:hr>86</ns3:hr>
          </ns3:TrackPointExtension>
        </extensions>
      </trkpt>
      <trkpt lat="23.161960132420063018798828125" lon="113.44109502620995044708251953125">
        <ele>11.3999996185302734375</ele>
        <time>2024-07-24T21:56:40.000Z</time>
        <extensions>
          <ns3:TrackPointExtension>
            <ns3:hr>86</ns3:hr>
          </ns3:TrackPointExtension>
        </extensions>
      </trkpt>
      <trkpt lat="23.16196373663842678070068359375" lon="113.4410511888563632965087890625">
        <ele>11.6000003814697265625</ele>
        <time>2024-07-24T21:56:41.000Z</time>
        <extensions>
          <ns3:TrackPointExtension>
            <ns3:hr>86</ns3:hr>
          </ns3:TrackPointExtension>
        </extensions>
      </trkpt>
      <trkpt lat="23.161966502666473388671875" lon="113.44100517220795154571533203125">
        <ele>11.80000019073486328125</ele>
        <time>2024-07-24T21:56:42.000Z</time>
        <extensions>
          <ns3:TrackPointExtension>
            <ns3:hr>86</ns3:hr>
          </ns3:TrackPointExtension>
        </extensions>
      </trkpt>
      <trkpt lat="23.1619680114090442657470703125" lon="113.4409578144550323486328125">
        <ele>11.80000019073486328125</ele>
        <time>2024-07-24T21:56:43.000Z</time>
        <extensions>
          <ns3:TrackPointExtension>
            <ns3:hr>86</ns3:hr>
          </ns3:TrackPointExtension>
        </extensions>
      </trkpt>
      <trkpt lat="23.16197128035128116607666015625" lon="113.44090911559760570526123046875">
        <ele>11.80000019073486328125</ele>
        <time>2024-07-24T21:56:44.000Z</time>
        <extensions>
          <ns3:TrackPointExtension>
            <ns3:hr>86</ns3:hr>
          </ns3:TrackPointExtension>
        </extensions>
      </trkpt>
      <trkpt lat="23.16197362728416919708251953125" lon="113.44086083583533763885498046875">
        <ele>12</ele>
        <time>2024-07-24T21:56:45.000Z</time>
        <extensions>
          <ns3:TrackPointExtension>
            <ns3:hr>85</ns3:hr>
          </ns3:TrackPointExtension>
        </extensions>
      </trkpt>
      <trkpt lat="23.161974884569644927978515625" lon="113.44081322662532329559326171875">
        <ele>12.19999980926513671875</ele>
        <time>2024-07-24T21:56:46.000Z</time>
        <extensions>
          <ns3:TrackPointExtension>
            <ns3:hr>87</ns3:hr>
          </ns3:TrackPointExtension>
        </extensions>
      </trkpt>
      <trkpt lat="23.161975555121898651123046875" lon="113.44076477922499179840087890625">
        <ele>12.19999980926513671875</ele>
        <time>2024-07-24T21:56:47.000Z</time>
        <extensions>
          <ns3:TrackPointExtension>
            <ns3:hr>88</ns3:hr>
          </ns3:TrackPointExtension>
        </extensions>
      </trkpt>
      <trkpt lat="23.16197563894093036651611328125" lon="113.4407150745391845703125">
        <ele>12.3999996185302734375</ele>
        <time>2024-07-24T21:56:48.000Z</time>
        <extensions>
          <ns3:TrackPointExtension>
            <ns3:hr>89</ns3:hr>
          </ns3:TrackPointExtension>
        </extensions>
      </trkpt>
      <trkpt lat="23.1619750522077083587646484375" lon="113.4406642802059650421142578125">
        <ele>12.80000019073486328125</ele>
        <time>2024-07-24T21:56:49.000Z</time>
        <extensions>
          <ns3:TrackPointExtension>
            <ns3:hr>90</ns3:hr>
          </ns3:TrackPointExtension>
        </extensions>
      </trkpt>
      <trkpt lat="23.1619750522077083587646484375" lon="113.4406123124063014984130859375">
        <ele>12.80000019073486328125</ele>
        <time>2024-07-24T21:56:50.000Z</time>
        <extensions>
          <ns3:TrackPointExtension>
            <ns3:hr>91</ns3:hr>
          </ns3:TrackPointExtension>
        </extensions>
      </trkpt>
      <trkpt lat="23.16197463311254978179931640625" lon="113.4405606798827648162841796875">
        <ele>12.80000019073486328125</ele>
        <time>2024-07-24T21:56:51.000Z</time>
        <extensions>
          <ns3:TrackPointExtension>
            <ns3:hr>92</ns3:hr>
          </ns3:TrackPointExtension>
        </extensions>
      </trkpt>
      <trkpt lat="23.16197228617966175079345703125" lon="113.44050980173051357269287109375">
        <ele>12.80000019073486328125</ele>
        <time>2024-07-24T21:56:52.000Z</time>
        <extensions>
          <ns3:TrackPointExtension>
            <ns3:hr>92</ns3:hr>
          </ns3:TrackPointExtension>
        </extensions>
      </trkpt>
      <trkpt lat="23.16196985542774200439453125" lon="113.4404550679028034210205078125">
        <ele>12.80000019073486328125</ele>
        <time>2024-07-24T21:56:53.000Z</time>
        <extensions>
          <ns3:TrackPointExtension>
            <ns3:hr>92</ns3:hr>
          </ns3:TrackPointExtension>
        </extensions>
      </trkpt>
      <trkpt lat="23.16196759231388568878173828125" lon="113.440404273569583892822265625">
        <ele>13</ele>
        <time>2024-07-24T21:56:54.000Z</time>
        <extensions>
          <ns3:TrackPointExtension>
            <ns3:hr>93</ns3:hr>
          </ns3:TrackPointExtension>
        </extensions>
      </trkpt>
      <trkpt lat="23.16196558065712451934814453125" lon="113.44035406596958637237548828125">
        <ele>13</ele>
        <time>2024-07-24T21:56:55.000Z</time>
        <extensions>
          <ns3:TrackPointExtension>
            <ns3:hr>93</ns3:hr>
          </ns3:TrackPointExtension>
        </extensions>
      </trkpt>
      <trkpt lat="23.161968849599361419677734375" lon="113.44030478037893772125244140625">
        <ele>12.80000019073486328125</ele>
        <time>2024-07-24T21:56:56.000Z</time>
        <extensions>
          <ns3:TrackPointExtension>
            <ns3:hr>93</ns3:hr>
          </ns3:TrackPointExtension>
        </extensions>
      </trkpt>
      <trkpt lat="23.16197211854159832000732421875" lon="113.4402616135776042938232421875">
        <ele>12.6000003814697265625</ele>
        <time>2024-07-24T21:56:57.000Z</time>
        <extensions>
          <ns3:TrackPointExtension>
            <ns3:hr>93</ns3:hr>
          </ns3:TrackPointExtension>
        </extensions>
      </trkpt>
      <trkpt lat="23.1619716994464397430419921875" lon="113.4402143396437168121337890625">
        <ele>12.3999996185302734375</ele>
        <time>2024-07-24T21:56:58.000Z</time>
        <extensions>
          <ns3:TrackPointExtension>
            <ns3:hr>92</ns3:hr>
          </ns3:TrackPointExtension>
        </extensions>
      </trkpt>
      <trkpt lat="23.16196918487548828125" lon="113.4401643835008144378662109375">
        <ele>12.19999980926513671875</ele>
        <time>2024-07-24T21:56:59.000Z</time>
        <extensions>
          <ns3:TrackPointExtension>
            <ns3:hr>92</ns3:hr>
          </ns3:TrackPointExtension>
        </extensions>
      </trkpt>
      <trkpt lat="23.16196541301906108856201171875" lon="113.44011317007243633270263671875">
        <ele>12.19999980926513671875</ele>
        <time>2024-07-24T21:57:00.000Z</time>
        <extensions>
          <ns3:TrackPointExtension>
            <ns3:hr>95</ns3:hr>
          </ns3:TrackPointExtension>
        </extensions>
      </trkpt>
      <trkpt lat="23.161960132420063018798828125" lon="113.4400621242821216583251953125">
        <ele>12</ele>
        <time>2024-07-24T21:57:01.000Z</time>
        <extensions>
          <ns3:TrackPointExtension>
            <ns3:hr>96</ns3:hr>
          </ns3:TrackPointExtension>
        </extensions>
      </trkpt>
      <trkpt lat="23.1619546003639698028564453125" lon="113.440012671053409576416015625">
        <ele>11.80000019073486328125</ele>
        <time>2024-07-24T21:57:02.000Z</time>
        <extensions>
          <ns3:TrackPointExtension>
            <ns3:hr>96</ns3:hr>
          </ns3:TrackPointExtension>
        </extensions>
      </trkpt>
      <trkpt lat="23.16195233725011348724365234375" lon="113.43996413983404636383056640625">
        <ele>11.6000003814697265625</ele>
        <time>2024-07-24T21:57:03.000Z</time>
        <extensions>
          <ns3:TrackPointExtension>
            <ns3:hr>96</ns3:hr>
          </ns3:TrackPointExtension>
        </extensions>
      </trkpt>
      <trkpt lat="23.16195485182106494903564453125" lon="113.43991644680500030517578125">
        <ele>11.3999996185302734375</ele>
        <time>2024-07-24T21:57:04.000Z</time>
        <extensions>
          <ns3:TrackPointExtension>
            <ns3:hr>96</ns3:hr>
          </ns3:TrackPointExtension>
        </extensions>
      </trkpt>
      <trkpt lat="23.16196189261972904205322265625" lon="113.4398700110614299774169921875">
        <ele>11.19999980926513671875</ele>
        <time>2024-07-24T21:57:05.000Z</time>
        <extensions>
          <ns3:TrackPointExtension>
            <ns3:hr>95</ns3:hr>
          </ns3:TrackPointExtension>
        </extensions>
      </trkpt>
      <trkpt lat="23.16197060979902744293212890625" lon="113.43982382677495479583740234375">
        <ele>11.19999980926513671875</ele>
        <time>2024-07-24T21:57:06.000Z</time>
        <extensions>
          <ns3:TrackPointExtension>
            <ns3:hr>95</ns3:hr>
          </ns3:TrackPointExtension>
        </extensions>
      </trkpt>
      <trkpt lat="23.1619777344167232513427734375" lon="113.43977621756494045257568359375">
        <ele>10.80000019073486328125</ele>
        <time>2024-07-24T21:57:07.000Z</time>
        <extensions>
          <ns3:TrackPointExtension>
            <ns3:hr>95</ns3:hr>
          </ns3:TrackPointExtension>
        </extensions>
      </trkpt>
      <trkpt lat="23.16198988817632198333740234375" lon="113.43972726725041866302490234375">
        <ele>10.6000003814697265625</ele>
        <time>2024-07-24T21:57:08.000Z</time>
        <extensions>
          <ns3:TrackPointExtension>
            <ns3:hr>94</ns3:hr>
          </ns3:TrackPointExtension>
        </extensions>
      </trkpt>
      <trkpt lat="23.16200128756463527679443359375" lon="113.43967974185943603515625">
        <ele>10.19999980926513671875</ele>
        <time>2024-07-24T21:57:09.000Z</time>
        <extensions>
          <ns3:TrackPointExtension>
            <ns3:hr>95</ns3:hr>
          </ns3:TrackPointExtension>
        </extensions>
      </trkpt>
      <trkpt lat="23.1620107591152191162109375" lon="113.43963137827813625335693359375">
        <ele>10</ele>
        <time>2024-07-24T21:57:10.000Z</time>
        <extensions>
          <ns3:TrackPointExtension>
            <ns3:hr>95</ns3:hr>
          </ns3:TrackPointExtension>
        </extensions>
      </trkpt>
      <trkpt lat="23.1620161235332489013671875" lon="113.4395816735923290252685546875">
        <ele>9.6000003814697265625</ele>
        <time>2024-07-24T21:57:11.000Z</time>
        <extensions>
          <ns3:TrackPointExtension>
            <ns3:hr>96</ns3:hr>
          </ns3:TrackPointExtension>
        </extensions>
      </trkpt>
      <trkpt lat="23.16201788373291492462158203125" lon="113.4395308792591094970703125">
        <ele>9.3999996185302734375</ele>
        <time>2024-07-24T21:57:12.000Z</time>
        <extensions>
          <ns3:TrackPointExtension>
            <ns3:hr>97</ns3:hr>
          </ns3:TrackPointExtension>
        </extensions>
      </trkpt>
      <trkpt lat="23.1620193086564540863037109375" lon="113.43948083929717540740966796875">
        <ele>9.80000019073486328125</ele>
        <time>2024-07-24T21:57:13.000Z</time>
        <extensions>
          <ns3:TrackPointExtension>
            <ns3:hr>98</ns3:hr>
          </ns3:TrackPointExtension>
        </extensions>
      </trkpt>
      <trkpt lat="23.16202140413224697113037109375" lon="113.4394307993352413177490234375">
        <ele>10.19999980926513671875</ele>
        <time>2024-07-24T21:57:14.000Z</time>
        <extensions>
          <ns3:TrackPointExtension>
            <ns3:hr>98</ns3:hr>
          </ns3:TrackPointExtension>
        </extensions>
      </trkpt>
      <trkpt lat="23.16202349960803985595703125" lon="113.43938092701137065887451171875">
        <ele>10.6000003814697265625</ele>
        <time>2024-07-24T21:57:15.000Z</time>
        <extensions>
          <ns3:TrackPointExtension>
            <ns3:hr>98</ns3:hr>
          </ns3:TrackPointExtension>
        </extensions>
      </trkpt>
      <trkpt lat="23.16202349960803985595703125" lon="113.43933097086846828460693359375">
        <ele>10.6000003814697265625</ele>
        <time>2024-07-24T21:57:16.000Z</time>
        <extensions>
          <ns3:TrackPointExtension>
            <ns3:hr>98</ns3:hr>
          </ns3:TrackPointExtension>
        </extensions>
      </trkpt>
      <trkpt lat="23.1620229966938495635986328125" lon="113.4392829425632953643798828125">
        <ele>10.6000003814697265625</ele>
        <time>2024-07-24T21:57:17.000Z</time>
        <extensions>
          <ns3:TrackPointExtension>
            <ns3:hr>98</ns3:hr>
          </ns3:TrackPointExtension>
        </extensions>
      </trkpt>
      <trkpt lat="23.16202257759869098663330078125" lon="113.43924011103808879852294921875">
        <ele>10.6000003814697265625</ele>
        <time>2024-07-24T21:57:18.000Z</time>
        <extensions>
          <ns3:TrackPointExtension>
            <ns3:hr>98</ns3:hr>
          </ns3:TrackPointExtension>
        </extensions>
      </trkpt>
      <trkpt lat="23.16202425397932529449462890625" lon="113.43919971026480197906494140625">
        <ele>10.3999996185302734375</ele>
        <time>2024-07-24T21:57:19.000Z</time>
        <extensions>
          <ns3:TrackPointExtension>
            <ns3:hr>99</ns3:hr>
          </ns3:TrackPointExtension>
        </extensions>
      </trkpt>
      <trkpt lat="23.1620263494551181793212890625" lon="113.43915947712957859039306640625">
        <ele>10.19999980926513671875</ele>
        <time>2024-07-24T21:57:20.000Z</time>
        <extensions>
          <ns3:TrackPointExtension>
            <ns3:hr>99</ns3:hr>
          </ns3:TrackPointExtension>
        </extensions>
      </trkpt>
      <trkpt lat="23.1620297022163867950439453125" lon="113.439117483794689178466796875">
        <ele>10</ele>
        <time>2024-07-24T21:57:21.000Z</time>
        <extensions>
          <ns3:TrackPointExtension>
            <ns3:hr>98</ns3:hr>
          </ns3:TrackPointExtension>
        </extensions>
      </trkpt>
      <trkpt lat="23.162035234272480010986328125" lon="113.43907331116497516632080078125">
        <ele>10</ele>
        <time>2024-07-24T21:57:22.000Z</time>
        <extensions>
          <ns3:TrackPointExtension>
            <ns3:hr>98</ns3:hr>
          </ns3:TrackPointExtension>
        </extensions>
      </trkpt>
      <trkpt lat="23.16203984431922435760498046875" lon="113.43902771361172199249267578125">
        <ele>10</ele>
        <time>2024-07-24T21:57:23.000Z</time>
        <extensions>
          <ns3:TrackPointExtension>
            <ns3:hr>96</ns3:hr>
          </ns3:TrackPointExtension>
        </extensions>
      </trkpt>
      <trkpt lat="23.16204118542373180389404296875" lon="113.43898127786815166473388671875">
        <ele>10</ele>
        <time>2024-07-24T21:57:24.000Z</time>
        <extensions>
          <ns3:TrackPointExtension>
            <ns3:hr>96</ns3:hr>
          </ns3:TrackPointExtension>
        </extensions>
      </trkpt>
      <trkpt lat="23.16203883849084377288818359375" lon="113.43893400393426418304443359375">
        <ele>10</ele>
        <time>2024-07-24T21:57:25.000Z</time>
        <extensions>
          <ns3:TrackPointExtension>
            <ns3:hr>95</ns3:hr>
          </ns3:TrackPointExtension>
        </extensions>
      </trkpt>
      <trkpt lat="23.16203447990119457244873046875" lon="113.43888538889586925506591796875">
        <ele>10</ele>
        <time>2024-07-24T21:57:26.000Z</time>
        <extensions>
          <ns3:TrackPointExtension>
            <ns3:hr>93</ns3:hr>
          </ns3:TrackPointExtension>
        </extensions>
      </trkpt>
      <trkpt lat="23.16203129477798938751220703125" lon="113.4388335049152374267578125">
        <ele>10</ele>
        <time>2024-07-24T21:57:27.000Z</time>
        <extensions>
          <ns3:TrackPointExtension>
            <ns3:hr>93</ns3:hr>
          </ns3:TrackPointExtension>
        </extensions>
      </trkpt>
      <trkpt lat="23.16203095950186252593994140625" lon="113.43877650797367095947265625">
        <ele>10.19999980926513671875</ele>
        <time>2024-07-24T21:57:28.000Z</time>
        <extensions>
          <ns3:TrackPointExtension>
            <ns3:hr>93</ns3:hr>
          </ns3:TrackPointExtension>
        </extensions>
      </trkpt>
      <trkpt lat="23.1620300374925136566162109375" lon="113.43871959485113620758056640625">
        <ele>10.3999996185302734375</ele>
        <time>2024-07-24T21:57:29.000Z</time>
        <extensions>
          <ns3:TrackPointExtension>
            <ns3:hr>93</ns3:hr>
          </ns3:TrackPointExtension>
        </extensions>
      </trkpt>
      <trkpt lat="23.16203062422573566436767578125" lon="113.43866410665214061737060546875">
        <ele>10.3999996185302734375</ele>
        <time>2024-07-24T21:57:30.000Z</time>
        <extensions>
          <ns3:TrackPointExtension>
            <ns3:hr>93</ns3:hr>
          </ns3:TrackPointExtension>
        </extensions>
      </trkpt>
      <trkpt lat="23.162033222615718841552734375" lon="113.4386097081005573272705078125">
        <ele>10.3999996185302734375</ele>
        <time>2024-07-24T21:57:31.000Z</time>
        <extensions>
          <ns3:TrackPointExtension>
            <ns3:hr>94</ns3:hr>
          </ns3:TrackPointExtension>
        </extensions>
      </trkpt>
      <trkpt lat="23.1620390899479389190673828125" lon="113.43855530954897403717041015625">
        <ele>10.3999996185302734375</ele>
        <time>2024-07-24T21:57:32.000Z</time>
        <extensions>
          <ns3:TrackPointExtension>
            <ns3:hr>94</ns3:hr>
          </ns3:TrackPointExtension>
        </extensions>
      </trkpt>
      <trkpt lat="23.16204671747982501983642578125" lon="113.438502587378025054931640625">
        <ele>10.6000003814697265625</ele>
        <time>2024-07-24T21:57:33.000Z</time>
        <extensions>
          <ns3:TrackPointExtension>
            <ns3:hr>94</ns3:hr>
          </ns3:TrackPointExtension>
        </extensions>
      </trkpt>
      <trkpt lat="23.16205501556396484375" lon="113.438451290130615234375">
        <ele>10.80000019073486328125</ele>
        <time>2024-07-24T21:57:34.000Z</time>
        <extensions>
          <ns3:TrackPointExtension>
            <ns3:hr>93</ns3:hr>
          </ns3:TrackPointExtension>
        </extensions>
      </trkpt>
      <trkpt lat="23.16206415183842182159423828125" lon="113.4384015016257762908935546875">
        <ele>11</ele>
        <time>2024-07-24T21:57:35.000Z</time>
        <extensions>
          <ns3:TrackPointExtension>
            <ns3:hr>93</ns3:hr>
          </ns3:TrackPointExtension>
        </extensions>
      </trkpt>
      <trkpt lat="23.16207136027514934539794921875" lon="113.43835196457803249359130859375">
        <ele>11</ele>
        <time>2024-07-24T21:57:36.000Z</time>
        <extensions>
          <ns3:TrackPointExtension>
            <ns3:hr>93</ns3:hr>
          </ns3:TrackPointExtension>
        </extensions>
      </trkpt>
      <trkpt lat="23.16207588650286197662353515625" lon="113.43830167315900325775146484375">
        <ele>11</ele>
        <time>2024-07-24T21:57:37.000Z</time>
        <extensions>
          <ns3:TrackPointExtension>
            <ns3:hr>93</ns3:hr>
          </ns3:TrackPointExtension>
        </extensions>
      </trkpt>
      <trkpt lat="23.162078820168972015380859375" lon="113.4382519684731960296630859375">
        <ele>11</ele>
        <time>2024-07-24T21:57:38.000Z</time>
        <extensions>
          <ns3:TrackPointExtension>
            <ns3:hr>93</ns3:hr>
          </ns3:TrackPointExtension>
        </extensions>
      </trkpt>
      <trkpt lat="23.16208275966346263885498046875" lon="113.4382016770541667938232421875">
        <ele>10.80000019073486328125</ele>
        <time>2024-07-24T21:57:39.000Z</time>
        <extensions>
          <ns3:TrackPointExtension>
            <ns3:hr>92</ns3:hr>
          </ns3:TrackPointExtension>
        </extensions>
      </trkpt>
      <trkpt lat="23.16208778880536556243896484375" lon="113.4381513856351375579833984375">
        <ele>10.6000003814697265625</ele>
        <time>2024-07-24T21:57:40.000Z</time>
        <extensions>
          <ns3:TrackPointExtension>
            <ns3:hr>92</ns3:hr>
          </ns3:TrackPointExtension>
        </extensions>
      </trkpt>
      <trkpt lat="23.1620939075946807861328125" lon="113.4381017647683620452880859375">
        <ele>10.3999996185302734375</ele>
        <time>2024-07-24T21:57:41.000Z</time>
        <extensions>
          <ns3:TrackPointExtension>
            <ns3:hr>92</ns3:hr>
          </ns3:TrackPointExtension>
        </extensions>
      </trkpt>
      <trkpt lat="23.1620991043746471405029296875" lon="113.43805222772061824798583984375">
        <ele>10.19999980926513671875</ele>
        <time>2024-07-24T21:57:42.000Z</time>
        <extensions>
          <ns3:TrackPointExtension>
            <ns3:hr>92</ns3:hr>
          </ns3:TrackPointExtension>
        </extensions>
      </trkpt>
      <trkpt lat="23.16210220567882061004638671875" lon="113.43800629489123821258544921875">
        <ele>10.19999980926513671875</ele>
        <time>2024-07-24T21:57:43.000Z</time>
        <extensions>
          <ns3:TrackPointExtension>
            <ns3:hr>92</ns3:hr>
          </ns3:TrackPointExtension>
        </extensions>
      </trkpt>
      <trkpt lat="23.162103630602359771728515625" lon="113.43795969150960445404052734375">
        <ele>10</ele>
        <time>2024-07-24T21:57:44.000Z</time>
        <extensions>
          <ns3:TrackPointExtension>
            <ns3:hr>92</ns3:hr>
          </ns3:TrackPointExtension>
        </extensions>
      </trkpt>
      <trkpt lat="23.16210404969751834869384765625" lon="113.437908478081226348876953125">
        <ele>9.80000019073486328125</ele>
        <time>2024-07-24T21:57:45.000Z</time>
        <extensions>
          <ns3:TrackPointExtension>
            <ns3:hr>93</ns3:hr>
          </ns3:TrackPointExtension>
        </extensions>
      </trkpt>
      <trkpt lat="23.162100277841091156005859375" lon="113.437854833900928497314453125">
        <ele>9.6000003814697265625</ele>
        <time>2024-07-24T21:57:46.000Z</time>
        <extensions>
          <ns3:TrackPointExtension>
            <ns3:hr>93</ns3:hr>
          </ns3:TrackPointExtension>
        </extensions>
      </trkpt>
      <trkpt lat="23.16209197975695133209228515625" lon="113.43779942952096462249755859375">
        <ele>9.6000003814697265625</ele>
        <time>2024-07-24T21:57:47.000Z</time>
        <extensions>
          <ns3:TrackPointExtension>
            <ns3:hr>94</ns3:hr>
          </ns3:TrackPointExtension>
        </extensions>
      </trkpt>
      <trkpt lat="23.16208443604409694671630859375" lon="113.437744863331317901611328125">
        <ele>9.6000003814697265625</ele>
        <time>2024-07-24T21:57:48.000Z</time>
        <extensions>
          <ns3:TrackPointExtension>
            <ns3:hr>94</ns3:hr>
          </ns3:TrackPointExtension>
        </extensions>
      </trkpt>
      <trkpt lat="23.1620786525309085845947265625" lon="113.4376917220652103424072265625">
        <ele>9.6000003814697265625</ele>
        <time>2024-07-24T21:57:49.000Z</time>
        <extensions>
          <ns3:TrackPointExtension>
            <ns3:hr>94</ns3:hr>
          </ns3:TrackPointExtension>
        </extensions>
      </trkpt>
      <trkpt lat="23.16206909716129302978515625" lon="113.43764193356037139892578125">
        <ele>9.6000003814697265625</ele>
        <time>2024-07-24T21:57:50.000Z</time>
        <extensions>
          <ns3:TrackPointExtension>
            <ns3:hr>95</ns3:hr>
          </ns3:TrackPointExtension>
        </extensions>
      </trkpt>
      <trkpt lat="23.16206037998199462890625" lon="113.43759289942681789398193359375">
        <ele>9.6000003814697265625</ele>
        <time>2024-07-24T21:57:51.000Z</time>
        <extensions>
          <ns3:TrackPointExtension>
            <ns3:hr>95</ns3:hr>
          </ns3:TrackPointExtension>
        </extensions>
      </trkpt>
      <trkpt lat="23.162053339183330535888671875" lon="113.437543697655200958251953125">
        <ele>9.80000019073486328125</ele>
        <time>2024-07-24T21:57:52.000Z</time>
        <extensions>
          <ns3:TrackPointExtension>
            <ns3:hr>95</ns3:hr>
          </ns3:TrackPointExtension>
        </extensions>
      </trkpt>
      <trkpt lat="23.16204923205077648162841796875" lon="113.437495417892932891845703125">
        <ele>10.19999980926513671875</ele>
        <time>2024-07-24T21:57:53.000Z</time>
        <extensions>
          <ns3:TrackPointExtension>
            <ns3:hr>96</ns3:hr>
          </ns3:TrackPointExtension>
        </extensions>
      </trkpt>
      <trkpt lat="23.16204621456563472747802734375" lon="113.43744789250195026397705078125">
        <ele>10.6000003814697265625</ele>
        <time>2024-07-24T21:57:54.000Z</time>
        <extensions>
          <ns3:TrackPointExtension>
            <ns3:hr>96</ns3:hr>
          </ns3:TrackPointExtension>
        </extensions>
      </trkpt>
      <trkpt lat="23.162042610347270965576171875" lon="113.4374010376632213592529296875">
        <ele>10.6000003814697265625</ele>
        <time>2024-07-24T21:57:55.000Z</time>
        <extensions>
          <ns3:TrackPointExtension>
            <ns3:hr>97</ns3:hr>
          </ns3:TrackPointExtension>
        </extensions>
      </trkpt>
      <trkpt lat="23.16203900612890720367431640625" lon="113.4373524226248264312744140625">
        <ele>10.6000003814697265625</ele>
        <time>2024-07-24T21:57:56.000Z</time>
        <extensions>
          <ns3:TrackPointExtension>
            <ns3:hr>97</ns3:hr>
          </ns3:TrackPointExtension>
        </extensions>
      </trkpt>
      <trkpt lat="23.16203431226313114166259765625" lon="113.4373034723103046417236328125">
        <ele>10.80000019073486328125</ele>
        <time>2024-07-24T21:57:57.000Z</time>
        <extensions>
          <ns3:TrackPointExtension>
            <ns3:hr>97</ns3:hr>
          </ns3:TrackPointExtension>
        </extensions>
      </trkpt>
      <trkpt lat="23.162029199302196502685546875" lon="113.43725410290062427520751953125">
        <ele>11</ele>
        <time>2024-07-24T21:57:58.000Z</time>
        <extensions>
          <ns3:TrackPointExtension>
            <ns3:hr>97</ns3:hr>
          </ns3:TrackPointExtension>
        </extensions>
      </trkpt>
      <trkpt lat="23.162026517093181610107421875" lon="113.43720314092934131622314453125">
        <ele>11.3999996185302734375</ele>
        <time>2024-07-24T21:57:59.000Z</time>
        <extensions>
          <ns3:TrackPointExtension>
            <ns3:hr>97</ns3:hr>
          </ns3:TrackPointExtension>
        </extensions>
      </trkpt>
      <trkpt lat="23.1620266847312450408935546875" lon="113.43715083785355091094970703125">
        <ele>11.80000019073486328125</ele>
        <time>2024-07-24T21:58:00.000Z</time>
        <extensions>
          <ns3:TrackPointExtension>
            <ns3:hr>97</ns3:hr>
          </ns3:TrackPointExtension>
        </extensions>
      </trkpt>
      <trkpt lat="23.1620307080447673797607421875" lon="113.43709786422550678253173828125">
        <ele>12.19999980926513671875</ele>
        <time>2024-07-24T21:58:01.000Z</time>
        <extensions>
          <ns3:TrackPointExtension>
            <ns3:hr>97</ns3:hr>
          </ns3:TrackPointExtension>
        </extensions>
      </trkpt>
      <trkpt lat="23.16203649155795574188232421875" lon="113.4370446391403675079345703125">
        <ele>12.6000003814697265625</ele>
        <time>2024-07-24T21:58:02.000Z</time>
        <extensions>
          <ns3:TrackPointExtension>
            <ns3:hr>97</ns3:hr>
          </ns3:TrackPointExtension>
        </extensions>
      </trkpt>
      <trkpt lat="23.1620437838137149810791015625" lon="113.43699241988360881805419921875">
        <ele>13</ele>
        <time>2024-07-24T21:58:03.000Z</time>
        <extensions>
          <ns3:TrackPointExtension>
            <ns3:hr>97</ns3:hr>
          </ns3:TrackPointExtension>
        </extensions>
      </trkpt>
      <trkpt lat="23.162050656974315643310546875" lon="113.43694129027426242828369140625">
        <ele>13.6000003814697265625</ele>
        <time>2024-07-24T21:58:04.000Z</time>
        <extensions>
          <ns3:TrackPointExtension>
            <ns3:hr>97</ns3:hr>
          </ns3:TrackPointExtension>
        </extensions>
      </trkpt>
      <trkpt lat="23.162056691944599151611328125" lon="113.43689091503620147705078125">
        <ele>14.19999980926513671875</ele>
        <time>2024-07-24T21:58:05.000Z</time>
        <extensions>
          <ns3:TrackPointExtension>
            <ns3:hr>97</ns3:hr>
          </ns3:TrackPointExtension>
        </extensions>
      </trkpt>
      <trkpt lat="23.1620615534484386444091796875" lon="113.4368421323597431182861328125">
        <ele>15</ele>
        <time>2024-07-24T21:58:06.000Z</time>
        <extensions>
          <ns3:TrackPointExtension>
            <ns3:hr>97</ns3:hr>
          </ns3:TrackPointExtension>
        </extensions>
      </trkpt>
      <trkpt lat="23.16206733696162700653076171875" lon="113.43679510988295078277587890625">
        <ele>16</ele>
        <time>2024-07-24T21:58:07.000Z</time>
        <extensions>
          <ns3:TrackPointExtension>
            <ns3:hr>98</ns3:hr>
          </ns3:TrackPointExtension>
        </extensions>
      </trkpt>
      <trkpt lat="23.16207119263708591461181640625" lon="113.4367499314248561859130859375">
        <ele>16.6000003814697265625</ele>
        <time>2024-07-24T21:58:08.000Z</time>
        <extensions>
          <ns3:TrackPointExtension>
            <ns3:hr>98</ns3:hr>
          </ns3:TrackPointExtension>
        </extensions>
      </trkpt>
      <trkpt lat="23.16207320429384708404541015625" lon="113.4367039985954761505126953125">
        <ele>17</ele>
        <time>2024-07-24T21:58:09.000Z</time>
        <extensions>
          <ns3:TrackPointExtension>
            <ns3:hr>98</ns3:hr>
          </ns3:TrackPointExtension>
        </extensions>
      </trkpt>
      <trkpt lat="23.16207521595060825347900390625" lon="113.43665580265223979949951171875">
        <ele>17.3999996185302734375</ele>
        <time>2024-07-24T21:58:10.000Z</time>
        <extensions>
          <ns3:TrackPointExtension>
            <ns3:hr>98</ns3:hr>
          </ns3:TrackPointExtension>
        </extensions>
      </trkpt>
      <trkpt lat="23.16207773052155971527099609375" lon="113.436606936156749725341796875">
        <ele>17.799999237060546875</ele>
        <time>2024-07-24T21:58:11.000Z</time>
        <extensions>
          <ns3:TrackPointExtension>
            <ns3:hr>99</ns3:hr>
          </ns3:TrackPointExtension>
        </extensions>
      </trkpt>
      <trkpt lat="23.1620813347399234771728515625" lon="113.43655823729932308197021484375">
        <ele>18.3999996185302734375</ele>
        <time>2024-07-24T21:58:12.000Z</time>
        <extensions>
          <ns3:TrackPointExtension>
            <ns3:hr>99</ns3:hr>
          </ns3:TrackPointExtension>
        </extensions>
      </trkpt>
      <trkpt lat="23.162086196243762969970703125" lon="113.4365095384418964385986328125">
        <ele>18.799999237060546875</ele>
        <time>2024-07-24T21:58:13.000Z</time>
        <extensions>
          <ns3:TrackPointExtension>
            <ns3:hr>99</ns3:hr>
          </ns3:TrackPointExtension>
        </extensions>
      </trkpt>
      <trkpt lat="23.16209415905177593231201171875" lon="113.43645983375608921051025390625">
        <ele>19.200000762939453125</ele>
        <time>2024-07-24T21:58:14.000Z</time>
        <extensions>
          <ns3:TrackPointExtension>
            <ns3:hr>99</ns3:hr>
          </ns3:TrackPointExtension>
        </extensions>
      </trkpt>
      <trkpt lat="23.16209902055561542510986328125" lon="113.4364109672605991363525390625">
        <ele>19.200000762939453125</ele>
        <time>2024-07-24T21:58:15.000Z</time>
        <extensions>
          <ns3:TrackPointExtension>
            <ns3:hr>99</ns3:hr>
          </ns3:TrackPointExtension>
        </extensions>
      </trkpt>
      <trkpt lat="23.16210153512656688690185546875" lon="113.43636377714574337005615234375">
        <ele>19.200000762939453125</ele>
        <time>2024-07-24T21:58:16.000Z</time>
        <extensions>
          <ns3:TrackPointExtension>
            <ns3:hr>99</ns3:hr>
          </ns3:TrackPointExtension>
        </extensions>
      </trkpt>
      <trkpt lat="23.1621011160314083099365234375" lon="113.43631717376410961151123046875">
        <ele>19</ele>
        <time>2024-07-24T21:58:17.000Z</time>
        <extensions>
          <ns3:TrackPointExtension>
            <ns3:hr>99</ns3:hr>
          </ns3:TrackPointExtension>
        </extensions>
      </trkpt>
      <trkpt lat="23.162098936736583709716796875" lon="113.43627006746828556060791015625">
        <ele>18.799999237060546875</ele>
        <time>2024-07-24T21:58:18.000Z</time>
        <extensions>
          <ns3:TrackPointExtension>
            <ns3:hr>100</ns3:hr>
          </ns3:TrackPointExtension>
        </extensions>
      </trkpt>
      <trkpt lat="23.16209457814693450927734375" lon="113.43622304499149322509765625">
        <ele>18.6000003814697265625</ele>
        <time>2024-07-24T21:58:19.000Z</time>
        <extensions>
          <ns3:TrackPointExtension>
            <ns3:hr>100</ns3:hr>
          </ns3:TrackPointExtension>
        </extensions>
      </trkpt>
      <trkpt lat="23.16208829171955585479736328125" lon="113.436176776885986328125">
        <ele>18.3999996185302734375</ele>
        <time>2024-07-24T21:58:20.000Z</time>
        <extensions>
          <ns3:TrackPointExtension>
            <ns3:hr>101</ns3:hr>
          </ns3:TrackPointExtension>
        </extensions>
      </trkpt>
      <trkpt lat="23.16208384931087493896484375" lon="113.43612992204725742340087890625">
        <ele>18.3999996185302734375</ele>
        <time>2024-07-24T21:58:21.000Z</time>
        <extensions>
          <ns3:TrackPointExtension>
            <ns3:hr>101</ns3:hr>
          </ns3:TrackPointExtension>
        </extensions>
      </trkpt>
      <trkpt lat="23.16208208911120891571044921875" lon="113.43608432449400424957275390625">
        <ele>18.200000762939453125</ele>
        <time>2024-07-24T21:58:22.000Z</time>
        <extensions>
          <ns3:TrackPointExtension>
            <ns3:hr>100</ns3:hr>
          </ns3:TrackPointExtension>
        </extensions>
      </trkpt>
      <trkpt lat="23.1620823405683040618896484375" lon="113.43603973276913166046142578125">
        <ele>18</ele>
        <time>2024-07-24T21:58:23.000Z</time>
        <extensions>
          <ns3:TrackPointExtension>
            <ns3:hr>100</ns3:hr>
          </ns3:TrackPointExtension>
        </extensions>
      </trkpt>
      <trkpt lat="23.162084855139255523681640625" lon="113.435994721949100494384765625">
        <ele>17.799999237060546875</ele>
        <time>2024-07-24T21:58:24.000Z</time>
        <extensions>
          <ns3:TrackPointExtension>
            <ns3:hr>100</ns3:hr>
          </ns3:TrackPointExtension>
        </extensions>
      </trkpt>
      <trkpt lat="23.1620900519192218780517578125" lon="113.43595080077648162841796875">
        <ele>17.6000003814697265625</ele>
        <time>2024-07-24T21:58:25.000Z</time>
        <extensions>
          <ns3:TrackPointExtension>
            <ns3:hr>100</ns3:hr>
          </ns3:TrackPointExtension>
        </extensions>
      </trkpt>
      <trkpt lat="23.16209080629050731658935546875" lon="113.435906209051609039306640625">
        <ele>17.6000003814697265625</ele>
        <time>2024-07-24T21:58:26.000Z</time>
        <extensions>
          <ns3:TrackPointExtension>
            <ns3:hr>100</ns3:hr>
          </ns3:TrackPointExtension>
        </extensions>
      </trkpt>
      <trkpt lat="23.16209281794726848602294921875" lon="113.4358631260693073272705078125">
        <ele>17.3999996185302734375</ele>
        <time>2024-07-24T21:58:27.000Z</time>
        <extensions>
          <ns3:TrackPointExtension>
            <ns3:hr>100</ns3:hr>
          </ns3:TrackPointExtension>
        </extensions>
      </trkpt>
      <trkpt lat="23.16208929754793643951416015625" lon="113.435817696154117584228515625">
        <ele>17.200000762939453125</ele>
        <time>2024-07-24T21:58:28.000Z</time>
        <extensions>
          <ns3:TrackPointExtension>
            <ns3:hr>101</ns3:hr>
          </ns3:TrackPointExtension>
        </extensions>
      </trkpt>
      <trkpt lat="23.162095248699188232421875" lon="113.43576832674443721771240234375">
        <ele>16.6000003814697265625</ele>
        <time>2024-07-24T21:58:29.000Z</time>
        <extensions>
          <ns3:TrackPointExtension>
            <ns3:hr>101</ns3:hr>
          </ns3:TrackPointExtension>
        </extensions>
      </trkpt>
      <trkpt lat="23.16210991702973842620849609375" lon="113.4357119165360927581787109375">
        <ele>16</ele>
        <time>2024-07-24T21:58:30.000Z</time>
        <extensions>
          <ns3:TrackPointExtension>
            <ns3:hr>102</ns3:hr>
          </ns3:TrackPointExtension>
        </extensions>
      </trkpt>
      <trkpt lat="23.16212684847414493560791015625" lon="113.4356525726616382598876953125">
        <ele>15.3999996185302734375</ele>
        <time>2024-07-24T21:58:31.000Z</time>
        <extensions>
          <ns3:TrackPointExtension>
            <ns3:hr>102</ns3:hr>
          </ns3:TrackPointExtension>
        </extensions>
      </trkpt>
      <trkpt lat="23.1621416844427585601806640625" lon="113.4355746209621429443359375">
        <ele>15.6000003814697265625</ele>
        <time>2024-07-24T21:58:32.000Z</time>
        <extensions>
          <ns3:TrackPointExtension>
            <ns3:hr>102</ns3:hr>
          </ns3:TrackPointExtension>
        </extensions>
      </trkpt>
      <trkpt lat="23.1621463783085346221923828125" lon="113.43551552854478359222412109375">
        <ele>15.19999980926513671875</ele>
        <time>2024-07-24T21:58:33.000Z</time>
        <extensions>
          <ns3:TrackPointExtension>
            <ns3:hr>102</ns3:hr>
          </ns3:TrackPointExtension>
        </extensions>
      </trkpt>
      <trkpt lat="23.16214545629918575286865234375" lon="113.43547680415213108062744140625">
        <ele>15.19999980926513671875</ele>
        <time>2024-07-24T21:58:34.000Z</time>
        <extensions>
          <ns3:TrackPointExtension>
            <ns3:hr>101</ns3:hr>
          </ns3:TrackPointExtension>
        </extensions>
      </trkpt>
      <trkpt lat="23.162143528461456298828125" lon="113.435429446399211883544921875">
        <ele>15</ele>
        <time>2024-07-24T21:58:35.000Z</time>
        <extensions>
          <ns3:TrackPointExtension>
            <ns3:hr>101</ns3:hr>
          </ns3:TrackPointExtension>
        </extensions>
      </trkpt>
      <trkpt lat="23.1621433608233928680419921875" lon="113.43537949025630950927734375">
        <ele>14.80000019073486328125</ele>
        <time>2024-07-24T21:58:36.000Z</time>
        <extensions>
          <ns3:TrackPointExtension>
            <ns3:hr>101</ns3:hr>
          </ns3:TrackPointExtension>
        </extensions>
      </trkpt>
      <trkpt lat="23.16214294172823429107666015625" lon="113.4353286959230899810791015625">
        <ele>15.19999980926513671875</ele>
        <time>2024-07-24T21:58:37.000Z</time>
        <extensions>
          <ns3:TrackPointExtension>
            <ns3:hr>101</ns3:hr>
          </ns3:TrackPointExtension>
        </extensions>
      </trkpt>
      <trkpt lat="23.16214260645210742950439453125" lon="113.43527932651340961456298828125">
        <ele>15.6000003814697265625</ele>
        <time>2024-07-24T21:58:38.000Z</time>
        <extensions>
          <ns3:TrackPointExtension>
            <ns3:hr>101</ns3:hr>
          </ns3:TrackPointExtension>
        </extensions>
      </trkpt>
      <trkpt lat="23.16214243881404399871826171875" lon="113.43523071147501468658447265625">
        <ele>16.200000762939453125</ele>
        <time>2024-07-24T21:58:39.000Z</time>
        <extensions>
          <ns3:TrackPointExtension>
            <ns3:hr>101</ns3:hr>
          </ns3:TrackPointExtension>
        </extensions>
      </trkpt>
      <trkpt lat="23.16214294172823429107666015625" lon="113.4351818449795246124267578125">
        <ele>16.6000003814697265625</ele>
        <time>2024-07-24T21:58:40.000Z</time>
        <extensions>
          <ns3:TrackPointExtension>
            <ns3:hr>100</ns3:hr>
          </ns3:TrackPointExtension>
        </extensions>
      </trkpt>
      <trkpt lat="23.16214210353791713714599609375" lon="113.435131721198558807373046875">
        <ele>17.200000762939453125</ele>
        <time>2024-07-24T21:58:41.000Z</time>
        <extensions>
          <ns3:TrackPointExtension>
            <ns3:hr>100</ns3:hr>
          </ns3:TrackPointExtension>
        </extensions>
      </trkpt>
      <trkpt lat="23.1621413491666316986083984375" lon="113.43508151359856128692626953125">
        <ele>17.6000003814697265625</ele>
        <time>2024-07-24T21:58:42.000Z</time>
        <extensions>
          <ns3:TrackPointExtension>
            <ns3:hr>100</ns3:hr>
          </ns3:TrackPointExtension>
        </extensions>
      </trkpt>
      <trkpt lat="23.16214025951921939849853515625" lon="113.43503189273178577423095703125">
        <ele>17.200000762939453125</ele>
        <time>2024-07-24T21:58:43.000Z</time>
        <extensions>
          <ns3:TrackPointExtension>
            <ns3:hr>100</ns3:hr>
          </ns3:TrackPointExtension>
        </extensions>
      </trkpt>
      <trkpt lat="23.1621406786143779754638671875" lon="113.43498160131275653839111328125">
        <ele>17.6000003814697265625</ele>
        <time>2024-07-24T21:58:44.000Z</time>
        <extensions>
          <ns3:TrackPointExtension>
            <ns3:hr>100</ns3:hr>
          </ns3:TrackPointExtension>
        </extensions>
      </trkpt>
      <trkpt lat="23.16214009188115596771240234375" lon="113.4349307231605052947998046875">
        <ele>18</ele>
        <time>2024-07-24T21:58:45.000Z</time>
        <extensions>
          <ns3:TrackPointExtension>
            <ns3:hr>100</ns3:hr>
          </ns3:TrackPointExtension>
        </extensions>
      </trkpt>
      <trkpt lat="23.16213891841471195220947265625" lon="113.43488001264631748199462890625">
        <ele>18.3999996185302734375</ele>
        <time>2024-07-24T21:58:46.000Z</time>
        <extensions>
          <ns3:TrackPointExtension>
            <ns3:hr>100</ns3:hr>
          </ns3:TrackPointExtension>
        </extensions>
      </trkpt>
      <trkpt lat="23.16213673911988735198974609375" lon="113.43483022414147853851318359375">
        <ele>18.6000003814697265625</ele>
        <time>2024-07-24T21:58:47.000Z</time>
        <extensions>
          <ns3:TrackPointExtension>
            <ns3:hr>99</ns3:hr>
          </ns3:TrackPointExtension>
        </extensions>
      </trkpt>
      <trkpt lat="23.1621349789202213287353515625" lon="113.43477993272244930267333984375">
        <ele>18.200000762939453125</ele>
        <time>2024-07-24T21:58:48.000Z</time>
        <extensions>
          <ns3:TrackPointExtension>
            <ns3:hr>98</ns3:hr>
          </ns3:TrackPointExtension>
        </extensions>
      </trkpt>
      <trkpt lat="23.1621336378157138824462890625" lon="113.4347308985888957977294921875">
        <ele>17.799999237060546875</ele>
        <time>2024-07-24T21:58:49.000Z</time>
        <extensions>
          <ns3:TrackPointExtension>
            <ns3:hr>98</ns3:hr>
          </ns3:TrackPointExtension>
        </extensions>
      </trkpt>
      <trkpt lat="23.1621314585208892822265625" lon="113.43468119390308856964111328125">
        <ele>17.3999996185302734375</ele>
        <time>2024-07-24T21:58:50.000Z</time>
        <extensions>
          <ns3:TrackPointExtension>
            <ns3:hr>99</ns3:hr>
          </ns3:TrackPointExtension>
        </extensions>
      </trkpt>
      <trkpt lat="23.16213053651154041290283203125" lon="113.43462989665567874908447265625">
        <ele>17</ele>
        <time>2024-07-24T21:58:51.000Z</time>
        <extensions>
          <ns3:TrackPointExtension>
            <ns3:hr>99</ns3:hr>
          </ns3:TrackPointExtension>
        </extensions>
      </trkpt>
      <trkpt lat="23.1621302850544452667236328125" lon="113.4345781803131103515625">
        <ele>16.6000003814697265625</ele>
        <time>2024-07-24T21:58:52.000Z</time>
        <extensions>
          <ns3:TrackPointExtension>
            <ns3:hr>100</ns3:hr>
          </ns3:TrackPointExtension>
        </extensions>
      </trkpt>
      <trkpt lat="23.16213154233992099761962890625" lon="113.4345257095992565155029296875">
        <ele>16.3999996185302734375</ele>
        <time>2024-07-24T21:58:53.000Z</time>
        <extensions>
          <ns3:TrackPointExtension>
            <ns3:hr>101</ns3:hr>
          </ns3:TrackPointExtension>
        </extensions>
      </trkpt>
      <trkpt lat="23.16213271580636501312255859375" lon="113.43447332270443439483642578125">
        <ele>16.6000003814697265625</ele>
        <time>2024-07-24T21:58:54.000Z</time>
        <extensions>
          <ns3:TrackPointExtension>
            <ns3:hr>101</ns3:hr>
          </ns3:TrackPointExtension>
        </extensions>
      </trkpt>
      <trkpt lat="23.16213472746312618255615234375" lon="113.4344212710857391357421875">
        <ele>16.6000003814697265625</ele>
        <time>2024-07-24T21:58:55.000Z</time>
        <extensions>
          <ns3:TrackPointExtension>
            <ns3:hr>100</ns3:hr>
          </ns3:TrackPointExtension>
        </extensions>
      </trkpt>
      <trkpt lat="23.16213481128215789794921875" lon="113.4343701414763927459716796875">
        <ele>16.6000003814697265625</ele>
        <time>2024-07-24T21:58:56.000Z</time>
        <extensions>
          <ns3:TrackPointExtension>
            <ns3:hr>98</ns3:hr>
          </ns3:TrackPointExtension>
        </extensions>
      </trkpt>
      <trkpt lat="23.16213455982506275177001953125" lon="113.43432010151445865631103515625">
        <ele>16.6000003814697265625</ele>
        <time>2024-07-24T21:58:57.000Z</time>
        <extensions>
          <ns3:TrackPointExtension>
            <ns3:hr>98</ns3:hr>
          </ns3:TrackPointExtension>
        </extensions>
      </trkpt>
      <trkpt lat="23.16213422454893589019775390625" lon="113.43427173793315887451171875">
        <ele>16.6000003814697265625</ele>
        <time>2024-07-24T21:58:58.000Z</time>
        <extensions>
          <ns3:TrackPointExtension>
            <ns3:hr>98</ns3:hr>
          </ns3:TrackPointExtension>
        </extensions>
      </trkpt>
      <trkpt lat="23.162135817110538482666015625" lon="113.4342256374657154083251953125">
        <ele>17</ele>
        <time>2024-07-24T21:58:59.000Z</time>
        <extensions>
          <ns3:TrackPointExtension>
            <ns3:hr>98</ns3:hr>
          </ns3:TrackPointExtension>
        </extensions>
      </trkpt>
      <trkpt lat="23.16214109770953655242919921875" lon="113.43417920172214508056640625">
        <ele>17.6000003814697265625</ele>
        <time>2024-07-24T21:59:00.000Z</time>
        <extensions>
          <ns3:TrackPointExtension>
            <ns3:hr>99</ns3:hr>
          </ns3:TrackPointExtension>
        </extensions>
      </trkpt>
      <trkpt lat="23.16214780323207378387451171875" lon="113.4341314248740673065185546875">
        <ele>18.200000762939453125</ele>
        <time>2024-07-24T21:59:01.000Z</time>
        <extensions>
          <ns3:TrackPointExtension>
            <ns3:hr>99</ns3:hr>
          </ns3:TrackPointExtension>
        </extensions>
      </trkpt>
      <trkpt lat="23.162154257297515869140625" lon="113.4340818040072917938232421875">
        <ele>18.799999237060546875</ele>
        <time>2024-07-24T21:59:02.000Z</time>
        <extensions>
          <ns3:TrackPointExtension>
            <ns3:hr>100</ns3:hr>
          </ns3:TrackPointExtension>
        </extensions>
      </trkpt>
      <trkpt lat="23.16215249709784984588623046875" lon="113.43403042294085025787353515625">
        <ele>19.200000762939453125</ele>
        <time>2024-07-24T21:59:03.000Z</time>
        <extensions>
          <ns3:TrackPointExtension>
            <ns3:hr>100</ns3:hr>
          </ns3:TrackPointExtension>
        </extensions>
      </trkpt>
      <trkpt lat="23.16215082071721553802490234375" lon="113.433978371322154998779296875">
        <ele>19.799999237060546875</ele>
        <time>2024-07-24T21:59:04.000Z</time>
        <extensions>
          <ns3:TrackPointExtension>
            <ns3:hr>100</ns3:hr>
          </ns3:TrackPointExtension>
        </extensions>
      </trkpt>
      <trkpt lat="23.16215400584042072296142578125" lon="113.433926403522491455078125">
        <ele>19.6000003814697265625</ele>
        <time>2024-07-24T21:59:05.000Z</time>
        <extensions>
          <ns3:TrackPointExtension>
            <ns3:hr>100</ns3:hr>
          </ns3:TrackPointExtension>
        </extensions>
      </trkpt>
      <trkpt lat="23.16215853206813335418701171875" lon="113.43387519009411334991455078125">
        <ele>19.799999237060546875</ele>
        <time>2024-07-24T21:59:06.000Z</time>
        <extensions>
          <ns3:TrackPointExtension>
            <ns3:hr>101</ns3:hr>
          </ns3:TrackPointExtension>
        </extensions>
      </trkpt>
      <trkpt lat="23.16216473467648029327392578125" lon="113.43382389284670352935791015625">
        <ele>19.799999237060546875</ele>
        <time>2024-07-24T21:59:07.000Z</time>
        <extensions>
          <ns3:TrackPointExtension>
            <ns3:hr>101</ns3:hr>
          </ns3:TrackPointExtension>
        </extensions>
      </trkpt>
      <trkpt lat="23.162170350551605224609375" lon="113.43376941047608852386474609375">
        <ele>19.799999237060546875</ele>
        <time>2024-07-24T21:59:08.000Z</time>
        <extensions>
          <ns3:TrackPointExtension>
            <ns3:hr>102</ns3:hr>
          </ns3:TrackPointExtension>
        </extensions>
      </trkpt>
      <trkpt lat="23.16217613406479358673095703125" lon="113.4337126649916172027587890625">
        <ele>19.799999237060546875</ele>
        <time>2024-07-24T21:59:09.000Z</time>
        <extensions>
          <ns3:TrackPointExtension>
            <ns3:hr>102</ns3:hr>
          </ns3:TrackPointExtension>
        </extensions>
      </trkpt>
      <trkpt lat="23.1621792353689670562744140625" lon="113.4336610324680805206298828125">
        <ele>19.6000003814697265625</ele>
        <time>2024-07-24T21:59:10.000Z</time>
        <extensions>
          <ns3:TrackPointExtension>
            <ns3:hr>102</ns3:hr>
          </ns3:TrackPointExtension>
        </extensions>
      </trkpt>
      <trkpt lat="23.162181079387664794921875" lon="113.433606214821338653564453125">
        <ele>19.3999996185302734375</ele>
        <time>2024-07-24T21:59:11.000Z</time>
        <extensions>
          <ns3:TrackPointExtension>
            <ns3:hr>103</ns3:hr>
          </ns3:TrackPointExtension>
        </extensions>
      </trkpt>
      <trkpt lat="23.162180744111537933349609375" lon="113.43355181626975536346435546875">
        <ele>19.3999996185302734375</ele>
        <time>2024-07-24T21:59:12.000Z</time>
        <extensions>
          <ns3:TrackPointExtension>
            <ns3:hr>103</ns3:hr>
          </ns3:TrackPointExtension>
        </extensions>
      </trkpt>
      <trkpt lat="23.16217931918799877166748046875" lon="113.43349917791783809661865234375">
        <ele>19</ele>
        <time>2024-07-24T21:59:13.000Z</time>
        <extensions>
          <ns3:TrackPointExtension>
            <ns3:hr>103</ns3:hr>
          </ns3:TrackPointExtension>
        </extensions>
      </trkpt>
      <trkpt lat="23.16217948682606220245361328125" lon="113.433447964489459991455078125">
        <ele>19</ele>
        <time>2024-07-24T21:59:14.000Z</time>
        <extensions>
          <ns3:TrackPointExtension>
            <ns3:hr>103</ns3:hr>
          </ns3:TrackPointExtension>
        </extensions>
      </trkpt>
      <trkpt lat="23.16218049265444278717041015625" lon="113.4333981759846210479736328125">
        <ele>18.799999237060546875</ele>
        <time>2024-07-24T21:59:15.000Z</time>
        <extensions>
          <ns3:TrackPointExtension>
            <ns3:hr>103</ns3:hr>
          </ns3:TrackPointExtension>
        </extensions>
      </trkpt>
      <trkpt lat="23.16218200139701366424560546875" lon="113.4333505667746067047119140625">
        <ele>18.3999996185302734375</ele>
        <time>2024-07-24T21:59:16.000Z</time>
        <extensions>
          <ns3:TrackPointExtension>
            <ns3:hr>103</ns3:hr>
          </ns3:TrackPointExtension>
        </extensions>
      </trkpt>
      <trkpt lat="23.16218434832990169525146484375" lon="113.43330572359263896942138671875">
        <ele>18</ele>
        <time>2024-07-24T21:59:17.000Z</time>
        <extensions>
          <ns3:TrackPointExtension>
            <ns3:hr>103</ns3:hr>
          </ns3:TrackPointExtension>
        </extensions>
      </trkpt>
      <trkpt lat="23.16218845546245574951171875" lon="113.43326398171484470367431640625">
        <ele>17.799999237060546875</ele>
        <time>2024-07-24T21:59:18.000Z</time>
        <extensions>
          <ns3:TrackPointExtension>
            <ns3:hr>102</ns3:hr>
          </ns3:TrackPointExtension>
        </extensions>
      </trkpt>
      <trkpt lat="23.1621939875185489654541015625" lon="113.43322358094155788421630859375">
        <ele>17.6000003814697265625</ele>
        <time>2024-07-24T21:59:19.000Z</time>
        <extensions>
          <ns3:TrackPointExtension>
            <ns3:hr>102</ns3:hr>
          </ns3:TrackPointExtension>
        </extensions>
      </trkpt>
      <trkpt lat="23.16219842992722988128662109375" lon="113.433183766901493072509765625">
        <ele>17.3999996185302734375</ele>
        <time>2024-07-24T21:59:20.000Z</time>
        <extensions>
          <ns3:TrackPointExtension>
            <ns3:hr>102</ns3:hr>
          </ns3:TrackPointExtension>
        </extensions>
      </trkpt>
      <trkpt lat="23.16220278851687908172607421875" lon="113.43314277939498424530029296875">
        <ele>17</ele>
        <time>2024-07-24T21:59:21.000Z</time>
        <extensions>
          <ns3:TrackPointExtension>
            <ns3:hr>102</ns3:hr>
          </ns3:TrackPointExtension>
        </extensions>
      </trkpt>
      <trkpt lat="23.162204883992671966552734375" lon="113.4330981038510799407958984375">
        <ele>16.6000003814697265625</ele>
        <time>2024-07-24T21:59:22.000Z</time>
        <extensions>
          <ns3:TrackPointExtension>
            <ns3:hr>102</ns3:hr>
          </ns3:TrackPointExtension>
        </extensions>
      </trkpt>
      <trkpt lat="23.16220195032656192779541015625" lon="113.43304932117462158203125">
        <ele>16.3999996185302734375</ele>
        <time>2024-07-24T21:59:23.000Z</time>
        <extensions>
          <ns3:TrackPointExtension>
            <ns3:hr>102</ns3:hr>
          </ns3:TrackPointExtension>
        </extensions>
      </trkpt>
      <trkpt lat="23.16219574771821498870849609375" lon="113.4330008737742900848388671875">
        <ele>16</ele>
        <time>2024-07-24T21:59:24.000Z</time>
        <extensions>
          <ns3:TrackPointExtension>
            <ns3:hr>102</ns3:hr>
          </ns3:TrackPointExtension>
        </extensions>
      </trkpt>
      <trkpt lat="23.16218971274793148040771484375" lon="113.43295267783105373382568359375">
        <ele>15.6000003814697265625</ele>
        <time>2024-07-24T21:59:25.000Z</time>
        <extensions>
          <ns3:TrackPointExtension>
            <ns3:hr>102</ns3:hr>
          </ns3:TrackPointExtension>
        </extensions>
      </trkpt>
      <trkpt lat="23.162185437977313995361328125" lon="113.43290439806878566741943359375">
        <ele>15.19999980926513671875</ele>
        <time>2024-07-24T21:59:26.000Z</time>
        <extensions>
          <ns3:TrackPointExtension>
            <ns3:hr>102</ns3:hr>
          </ns3:TrackPointExtension>
        </extensions>
      </trkpt>
      <trkpt lat="23.16218635998666286468505859375" lon="113.43285863287746906280517578125">
        <ele>15</ele>
        <time>2024-07-24T21:59:27.000Z</time>
        <extensions>
          <ns3:TrackPointExtension>
            <ns3:hr>103</ns3:hr>
          </ns3:TrackPointExtension>
        </extensions>
      </trkpt>
      <trkpt lat="23.1621943227946758270263671875" lon="113.43281236477196216583251953125">
        <ele>14.80000019073486328125</ele>
        <time>2024-07-24T21:59:28.000Z</time>
        <extensions>
          <ns3:TrackPointExtension>
            <ns3:hr>103</ns3:hr>
          </ns3:TrackPointExtension>
        </extensions>
      </trkpt>
      <trkpt lat="23.162207901477813720703125" lon="113.4327772445976734161376953125">
        <ele>14.6000003814697265625</ele>
        <time>2024-07-24T21:59:29.000Z</time>
        <extensions>
          <ns3:TrackPointExtension>
            <ns3:hr>103</ns3:hr>
          </ns3:TrackPointExtension>
        </extensions>
      </trkpt>
      <trkpt lat="23.16222793422639369964599609375" lon="113.432748578488826751708984375">
        <ele>14.3999996185302734375</ele>
        <time>2024-07-24T21:59:30.000Z</time>
        <extensions>
          <ns3:TrackPointExtension>
            <ns3:hr>103</ns3:hr>
          </ns3:TrackPointExtension>
        </extensions>
      </trkpt>
      <trkpt lat="23.1622563488781452178955078125" lon="113.43272410333156585693359375">
        <ele>14.19999980926513671875</ele>
        <time>2024-07-24T21:59:31.000Z</time>
        <extensions>
          <ns3:TrackPointExtension>
            <ns3:hr>103</ns3:hr>
          </ns3:TrackPointExtension>
        </extensions>
      </trkpt>
      <trkpt lat="23.16228610463440418243408203125" lon="113.43270801007747650146484375">
        <ele>14.19999980926513671875</ele>
        <time>2024-07-24T21:59:32.000Z</time>
        <extensions>
          <ns3:TrackPointExtension>
            <ns3:hr>102</ns3:hr>
          </ns3:TrackPointExtension>
        </extensions>
      </trkpt>
      <trkpt lat="23.1623213924467563629150390625" lon="113.43269820325076580047607421875">
        <ele>13.80000019073486328125</ele>
        <time>2024-07-24T21:59:33.000Z</time>
        <extensions>
          <ns3:TrackPointExtension>
            <ns3:hr>102</ns3:hr>
          </ns3:TrackPointExtension>
        </extensions>
      </trkpt>
      <trkpt lat="23.16236053593456745147705078125" lon="113.4326954372227191925048828125">
        <ele>13.6000003814697265625</ele>
        <time>2024-07-24T21:59:34.000Z</time>
        <extensions>
          <ns3:TrackPointExtension>
            <ns3:hr>101</ns3:hr>
          </ns3:TrackPointExtension>
        </extensions>
      </trkpt>
      <trkpt lat="23.162402026355266571044921875" lon="113.43269736506044864654541015625">
        <ele>13.3999996185302734375</ele>
        <time>2024-07-24T21:59:35.000Z</time>
        <extensions>
          <ns3:TrackPointExtension>
            <ns3:hr>100</ns3:hr>
          </ns3:TrackPointExtension>
        </extensions>
      </trkpt>
      <trkpt lat="23.162445612251758575439453125" lon="113.43270289711654186248779296875">
        <ele>13</ele>
        <time>2024-07-24T21:59:36.000Z</time>
        <extensions>
          <ns3:TrackPointExtension>
            <ns3:hr>99</ns3:hr>
          </ns3:TrackPointExtension>
        </extensions>
      </trkpt>
      <trkpt lat="23.16249079070985317230224609375" lon="113.43271228484809398651123046875">
        <ele>12.80000019073486328125</ele>
        <time>2024-07-24T21:59:37.000Z</time>
        <extensions>
          <ns3:TrackPointExtension>
            <ns3:hr>98</ns3:hr>
          </ns3:TrackPointExtension>
        </extensions>
      </trkpt>
      <trkpt lat="23.1625326164066791534423828125" lon="113.43272217549383640289306640625">
        <ele>12.6000003814697265625</ele>
        <time>2024-07-24T21:59:38.000Z</time>
        <extensions>
          <ns3:TrackPointExtension>
            <ns3:hr>97</ns3:hr>
          </ns3:TrackPointExtension>
        </extensions>
      </trkpt>
      <trkpt lat="23.16257477737963199615478515625" lon="113.43273424543440341949462890625">
        <ele>12.3999996185302734375</ele>
        <time>2024-07-24T21:59:39.000Z</time>
        <extensions>
          <ns3:TrackPointExtension>
            <ns3:hr>96</ns3:hr>
          </ns3:TrackPointExtension>
        </extensions>
      </trkpt>
      <trkpt lat="23.16261752508580684661865234375" lon="113.43274598009884357452392578125">
        <ele>12.19999980926513671875</ele>
        <time>2024-07-24T21:59:40.000Z</time>
        <extensions>
          <ns3:TrackPointExtension>
            <ns3:hr>96</ns3:hr>
          </ns3:TrackPointExtension>
        </extensions>
      </trkpt>
      <trkpt lat="23.16266245208680629730224609375" lon="113.4327583014965057373046875">
        <ele>11.80000019073486328125</ele>
        <time>2024-07-24T21:59:41.000Z</time>
        <extensions>
          <ns3:TrackPointExtension>
            <ns3:hr>97</ns3:hr>
          </ns3:TrackPointExtension>
        </extensions>
      </trkpt>
      <trkpt lat="23.16270670853555202484130859375" lon="113.43277179636061191558837890625">
        <ele>11.6000003814697265625</ele>
        <time>2024-07-24T21:59:42.000Z</time>
        <extensions>
          <ns3:TrackPointExtension>
            <ns3:hr>97</ns3:hr>
          </ns3:TrackPointExtension>
        </extensions>
      </trkpt>
      <trkpt lat="23.1627505458891391754150390625" lon="113.43278688378632068634033203125">
        <ele>11.3999996185302734375</ele>
        <time>2024-07-24T21:59:43.000Z</time>
        <extensions>
          <ns3:TrackPointExtension>
            <ns3:hr>98</ns3:hr>
          </ns3:TrackPointExtension>
        </extensions>
      </trkpt>
      <trkpt lat="23.16279438324272632598876953125" lon="113.43280197121202945709228515625">
        <ele>11.80000019073486328125</ele>
        <time>2024-07-24T21:59:44.000Z</time>
        <extensions>
          <ns3:TrackPointExtension>
            <ns3:hr>99</ns3:hr>
          </ns3:TrackPointExtension>
        </extensions>
      </trkpt>
      <trkpt lat="23.16283964551985263824462890625" lon="113.43281923793256282806396484375">
        <ele>12.3999996185302734375</ele>
        <time>2024-07-24T21:59:45.000Z</time>
        <extensions>
          <ns3:TrackPointExtension>
            <ns3:hr>99</ns3:hr>
          </ns3:TrackPointExtension>
        </extensions>
      </trkpt>
      <trkpt lat="23.162883818149566650390625" lon="113.43283734284341335296630859375">
        <ele>12.80000019073486328125</ele>
        <time>2024-07-24T21:59:46.000Z</time>
        <extensions>
          <ns3:TrackPointExtension>
            <ns3:hr>99</ns3:hr>
          </ns3:TrackPointExtension>
        </extensions>
      </trkpt>
      <trkpt lat="23.162926733493804931640625" lon="113.4328570403158664703369140625">
        <ele>13.19999980926513671875</ele>
        <time>2024-07-24T21:59:47.000Z</time>
        <extensions>
          <ns3:TrackPointExtension>
            <ns3:hr>99</ns3:hr>
          </ns3:TrackPointExtension>
        </extensions>
      </trkpt>
      <trkpt lat="23.16296763718128204345703125" lon="113.43287522904574871063232421875">
        <ele>13.80000019073486328125</ele>
        <time>2024-07-24T21:59:48.000Z</time>
        <extensions>
          <ns3:TrackPointExtension>
            <ns3:hr>99</ns3:hr>
          </ns3:TrackPointExtension>
        </extensions>
      </trkpt>
      <trkpt lat="23.1630077026784420013427734375" lon="113.43289199285209178924560546875">
        <ele>14.19999980926513671875</ele>
        <time>2024-07-24T21:59:49.000Z</time>
        <extensions>
          <ns3:TrackPointExtension>
            <ns3:hr>98</ns3:hr>
          </ns3:TrackPointExtension>
        </extensions>
      </trkpt>
      <trkpt lat="23.1630469299852848052978515625" lon="113.43290892429649829864501953125">
        <ele>14.80000019073486328125</ele>
        <time>2024-07-24T21:59:50.000Z</time>
        <extensions>
          <ns3:TrackPointExtension>
            <ns3:hr>97</ns3:hr>
          </ns3:TrackPointExtension>
        </extensions>
      </trkpt>
      <trkpt lat="23.16308741457760334014892578125" lon="113.43292401172220706939697265625">
        <ele>15.6000003814697265625</ele>
        <time>2024-07-24T21:59:51.000Z</time>
        <extensions>
          <ns3:TrackPointExtension>
            <ns3:hr>97</ns3:hr>
          </ns3:TrackPointExtension>
        </extensions>
      </trkpt>
      <trkpt lat="23.1631294079124927520751953125" lon="113.43293792568147182464599609375">
        <ele>16.6000003814697265625</ele>
        <time>2024-07-24T21:59:52.000Z</time>
        <extensions>
          <ns3:TrackPointExtension>
            <ns3:hr>96</ns3:hr>
          </ns3:TrackPointExtension>
        </extensions>
      </trkpt>
      <trkpt lat="23.16317148506641387939453125" lon="113.4329525940120220184326171875">
        <ele>17.6000003814697265625</ele>
        <time>2024-07-24T21:59:53.000Z</time>
        <extensions>
          <ns3:TrackPointExtension>
            <ns3:hr>96</ns3:hr>
          </ns3:TrackPointExtension>
        </extensions>
      </trkpt>
      <trkpt lat="23.16321230493485927581787109375" lon="113.43297011218965053558349609375">
        <ele>18.3999996185302734375</ele>
        <time>2024-07-24T21:59:54.000Z</time>
        <extensions>
          <ns3:TrackPointExtension>
            <ns3:hr>96</ns3:hr>
          </ns3:TrackPointExtension>
        </extensions>
      </trkpt>
      <trkpt lat="23.1632480956614017486572265625" lon="113.43298922292888164520263671875">
        <ele>19.200000762939453125</ele>
        <time>2024-07-24T21:59:55.000Z</time>
        <extensions>
          <ns3:TrackPointExtension>
            <ns3:hr>97</ns3:hr>
          </ns3:TrackPointExtension>
        </extensions>
      </trkpt>
      <trkpt lat="23.163281120359897613525390625" lon="113.433013446629047393798828125">
        <ele>20.200000762939453125</ele>
        <time>2024-07-24T21:59:56.000Z</time>
        <extensions>
          <ns3:TrackPointExtension>
            <ns3:hr>97</ns3:hr>
          </ns3:TrackPointExtension>
        </extensions>
      </trkpt>
      <trkpt lat="23.16331422887742519378662109375" lon="113.43303792178630828857421875">
        <ele>21</ele>
        <time>2024-07-24T21:59:57.000Z</time>
        <extensions>
          <ns3:TrackPointExtension>
            <ns3:hr>98</ns3:hr>
          </ns3:TrackPointExtension>
        </extensions>
      </trkpt>
      <trkpt lat="23.1633516959846019744873046875" lon="113.4330613911151885986328125">
        <ele>21.3999996185302734375</ele>
        <time>2024-07-24T21:59:58.000Z</time>
        <extensions>
          <ns3:TrackPointExtension>
            <ns3:hr>99</ns3:hr>
          </ns3:TrackPointExtension>
        </extensions>
      </trkpt>
      <trkpt lat="23.16338815726339817047119140625" lon="113.43307840637862682342529296875">
        <ele>21.799999237060546875</ele>
        <time>2024-07-24T21:59:59.000Z</time>
        <extensions>
          <ns3:TrackPointExtension>
            <ns3:hr>100</ns3:hr>
          </ns3:TrackPointExtension>
        </extensions>
      </trkpt>
      <trkpt lat="23.163425624370574951171875" lon="113.43308930285274982452392578125">
        <ele>22.200000762939453125</ele>
        <time>2024-07-24T22:00:00.000Z</time>
        <extensions>
          <ns3:TrackPointExtension>
            <ns3:hr>101</ns3:hr>
          </ns3:TrackPointExtension>
        </extensions>
      </trkpt>
      <trkpt lat="23.163466192781925201416015625" lon="113.43309517018496990203857421875">
        <ele>22.6000003814697265625</ele>
        <time>2024-07-24T22:00:01.000Z</time>
        <extensions>
          <ns3:TrackPointExtension>
            <ns3:hr>101</ns3:hr>
          </ns3:TrackPointExtension>
        </extensions>
      </trkpt>
      <trkpt lat="23.163510449230670928955078125" lon="113.43309827148914337158203125">
        <ele>23</ele>
        <time>2024-07-24T22:00:02.000Z</time>
        <extensions>
          <ns3:TrackPointExtension>
            <ns3:hr>102</ns3:hr>
          </ns3:TrackPointExtension>
        </extensions>
      </trkpt>
      <trkpt lat="23.16355772316455841064453125" lon="113.43309827148914337158203125">
        <ele>23.3999996185302734375</ele>
        <time>2024-07-24T22:00:03.000Z</time>
        <extensions>
          <ns3:TrackPointExtension>
            <ns3:hr>102</ns3:hr>
          </ns3:TrackPointExtension>
        </extensions>
      </trkpt>
      <trkpt lat="23.1636068411171436309814453125" lon="113.43309558928012847900390625">
        <ele>23.6000003814697265625</ele>
        <time>2024-07-24T22:00:04.000Z</time>
        <extensions>
          <ns3:TrackPointExtension>
            <ns3:hr>102</ns3:hr>
          </ns3:TrackPointExtension>
        </extensions>
      </trkpt>
      <trkpt lat="23.1636561267077922821044921875" lon="113.43309198506176471710205078125">
        <ele>23.6000003814697265625</ele>
        <time>2024-07-24T22:00:05.000Z</time>
        <extensions>
          <ns3:TrackPointExtension>
            <ns3:hr>103</ns3:hr>
          </ns3:TrackPointExtension>
        </extensions>
      </trkpt>
      <trkpt lat="23.163705579936504364013671875" lon="113.43308888375759124755859375">
        <ele>23.6000003814697265625</ele>
        <time>2024-07-24T22:00:06.000Z</time>
        <extensions>
          <ns3:TrackPointExtension>
            <ns3:hr>103</ns3:hr>
          </ns3:TrackPointExtension>
        </extensions>
      </trkpt>
      <trkpt lat="23.16375553607940673828125" lon="113.43308578245341777801513671875">
        <ele>23.6000003814697265625</ele>
        <time>2024-07-24T22:00:07.000Z</time>
        <extensions>
          <ns3:TrackPointExtension>
            <ns3:hr>103</ns3:hr>
          </ns3:TrackPointExtension>
        </extensions>
      </trkpt>
      <trkpt lat="23.163804821670055389404296875" lon="113.4330820105969905853271484375">
        <ele>23.6000003814697265625</ele>
        <time>2024-07-24T22:00:08.000Z</time>
        <extensions>
          <ns3:TrackPointExtension>
            <ns3:hr>104</ns3:hr>
          </ns3:TrackPointExtension>
        </extensions>
      </trkpt>
      <trkpt lat="23.1638536043465137481689453125" lon="113.43307941220700740814208984375">
        <ele>23.6000003814697265625</ele>
        <time>2024-07-24T22:00:09.000Z</time>
        <extensions>
          <ns3:TrackPointExtension>
            <ns3:hr>104</ns3:hr>
          </ns3:TrackPointExtension>
        </extensions>
      </trkpt>
      <trkpt lat="23.16390414722263813018798828125" lon="113.433078825473785400390625">
        <ele>23.6000003814697265625</ele>
        <time>2024-07-24T22:00:10.000Z</time>
        <extensions>
          <ns3:TrackPointExtension>
            <ns3:hr>105</ns3:hr>
          </ns3:TrackPointExtension>
        </extensions>
      </trkpt>
      <trkpt lat="23.1639553606510162353515625" lon="113.433078825473785400390625">
        <ele>23.6000003814697265625</ele>
        <time>2024-07-24T22:00:11.000Z</time>
        <extensions>
          <ns3:TrackPointExtension>
            <ns3:hr>105</ns3:hr>
          </ns3:TrackPointExtension>
        </extensions>
      </trkpt>
      <trkpt lat="23.1640063226222991943359375" lon="113.43307840637862682342529296875">
        <ele>23.6000003814697265625</ele>
        <time>2024-07-24T22:00:12.000Z</time>
        <extensions>
          <ns3:TrackPointExtension>
            <ns3:hr>105</ns3:hr>
          </ns3:TrackPointExtension>
        </extensions>
      </trkpt>
      <trkpt lat="23.164056278765201568603515625" lon="113.43307681381702423095703125">
        <ele>23.6000003814697265625</ele>
        <time>2024-07-24T22:00:13.000Z</time>
        <extensions>
          <ns3:TrackPointExtension>
            <ns3:hr>105</ns3:hr>
          </ns3:TrackPointExtension>
        </extensions>
      </trkpt>
      <trkpt lat="23.16410665400326251983642578125" lon="113.4330736286938190460205078125">
        <ele>23.3999996185302734375</ele>
        <time>2024-07-24T22:00:14.000Z</time>
        <extensions>
          <ns3:TrackPointExtension>
            <ns3:hr>106</ns3:hr>
          </ns3:TrackPointExtension>
        </extensions>
      </trkpt>
      <trkpt lat="23.164157532155513763427734375" lon="113.43306868337094783782958984375">
        <ele>23.3999996185302734375</ele>
        <time>2024-07-24T22:00:15.000Z</time>
        <extensions>
          <ns3:TrackPointExtension>
            <ns3:hr>106</ns3:hr>
          </ns3:TrackPointExtension>
        </extensions>
      </trkpt>
      <trkpt lat="23.1642076559364795684814453125" lon="113.43306340277194976806640625">
        <ele>23.6000003814697265625</ele>
        <time>2024-07-24T22:00:16.000Z</time>
        <extensions>
          <ns3:TrackPointExtension>
            <ns3:hr>106</ns3:hr>
          </ns3:TrackPointExtension>
        </extensions>
      </trkpt>
      <trkpt lat="23.16425752826035022735595703125" lon="113.4330587089061737060546875">
        <ele>24</ele>
        <time>2024-07-24T22:00:17.000Z</time>
        <extensions>
          <ns3:TrackPointExtension>
            <ns3:hr>106</ns3:hr>
          </ns3:TrackPointExtension>
        </extensions>
      </trkpt>
      <trkpt lat="23.16430614329874515533447265625" lon="113.43305460177361965179443359375">
        <ele>24.200000762939453125</ele>
        <time>2024-07-24T22:00:18.000Z</time>
        <extensions>
          <ns3:TrackPointExtension>
            <ns3:hr>106</ns3:hr>
          </ns3:TrackPointExtension>
        </extensions>
      </trkpt>
      <trkpt lat="23.1643518246710300445556640625" lon="113.433050997555255889892578125">
        <ele>24.3999996185302734375</ele>
        <time>2024-07-24T22:00:19.000Z</time>
        <extensions>
          <ns3:TrackPointExtension>
            <ns3:hr>106</ns3:hr>
          </ns3:TrackPointExtension>
        </extensions>
      </trkpt>
      <trkpt lat="23.16439650021493434906005859375" lon="113.433046974241733551025390625">
        <ele>24.6000003814697265625</ele>
        <time>2024-07-24T22:00:20.000Z</time>
        <extensions>
          <ns3:TrackPointExtension>
            <ns3:hr>106</ns3:hr>
          </ns3:TrackPointExtension>
        </extensions>
      </trkpt>
      <trkpt lat="23.1644416786730289459228515625" lon="113.4330431185662746429443359375">
        <ele>24.3999996185302734375</ele>
        <time>2024-07-24T22:00:21.000Z</time>
        <extensions>
          <ns3:TrackPointExtension>
            <ns3:hr>106</ns3:hr>
          </ns3:TrackPointExtension>
        </extensions>
      </trkpt>
      <trkpt lat="23.16448819823563098907470703125" lon="113.433037586510181427001953125">
        <ele>24.200000762939453125</ele>
        <time>2024-07-24T22:00:22.000Z</time>
        <extensions>
          <ns3:TrackPointExtension>
            <ns3:hr>105</ns3:hr>
          </ns3:TrackPointExtension>
        </extensions>
      </trkpt>
      <trkpt lat="23.164534382522106170654296875" lon="113.43303130008280277252197265625">
        <ele>24</ele>
        <time>2024-07-24T22:00:23.000Z</time>
        <extensions>
          <ns3:TrackPointExtension>
            <ns3:hr>105</ns3:hr>
          </ns3:TrackPointExtension>
        </extensions>
      </trkpt>
      <trkpt lat="23.1645801477134227752685546875" lon="113.4330265223979949951171875">
        <ele>23.799999237060546875</ele>
        <time>2024-07-24T22:00:24.000Z</time>
        <extensions>
          <ns3:TrackPointExtension>
            <ns3:hr>104</ns3:hr>
          </ns3:TrackPointExtension>
        </extensions>
      </trkpt>
      <trkpt lat="23.16462549380958080291748046875" lon="113.4330219961702823638916015625">
        <ele>23.6000003814697265625</ele>
        <time>2024-07-24T22:00:25.000Z</time>
        <extensions>
          <ns3:TrackPointExtension>
            <ns3:hr>103</ns3:hr>
          </ns3:TrackPointExtension>
        </extensions>
      </trkpt>
      <trkpt lat="23.16467058844864368438720703125" lon="113.43301671557128429412841796875">
        <ele>23.6000003814697265625</ele>
        <time>2024-07-24T22:00:26.000Z</time>
        <extensions>
          <ns3:TrackPointExtension>
            <ns3:hr>103</ns3:hr>
          </ns3:TrackPointExtension>
        </extensions>
      </trkpt>
      <trkpt lat="23.1647155992686748504638671875" lon="113.43301269225776195526123046875">
        <ele>23.3999996185302734375</ele>
        <time>2024-07-24T22:00:27.000Z</time>
        <extensions>
          <ns3:TrackPointExtension>
            <ns3:hr>103</ns3:hr>
          </ns3:TrackPointExtension>
        </extensions>
      </trkpt>
      <trkpt lat="23.1647586822509765625" lon="113.43300917185842990875244140625">
        <ele>22.799999237060546875</ele>
        <time>2024-07-24T22:00:28.000Z</time>
        <extensions>
          <ns3:TrackPointExtension>
            <ns3:hr>103</ns3:hr>
          </ns3:TrackPointExtension>
        </extensions>
      </trkpt>
      <trkpt lat="23.16480084322392940521240234375" lon="113.4330052323639392852783203125">
        <ele>22.3999996185302734375</ele>
        <time>2024-07-24T22:00:29.000Z</time>
        <extensions>
          <ns3:TrackPointExtension>
            <ns3:hr>103</ns3:hr>
          </ns3:TrackPointExtension>
        </extensions>
      </trkpt>
      <trkpt lat="23.16484250128269195556640625" lon="113.433001376688480377197265625">
        <ele>22</ele>
        <time>2024-07-24T22:00:30.000Z</time>
        <extensions>
          <ns3:TrackPointExtension>
            <ns3:hr>103</ns3:hr>
          </ns3:TrackPointExtension>
        </extensions>
      </trkpt>
      <trkpt lat="23.164884746074676513671875" lon="113.4329965151846408843994140625">
        <ele>21.799999237060546875</ele>
        <time>2024-07-24T22:00:31.000Z</time>
        <extensions>
          <ns3:TrackPointExtension>
            <ns3:hr>102</ns3:hr>
          </ns3:TrackPointExtension>
        </extensions>
      </trkpt>
      <trkpt lat="23.1649254821240901947021484375" lon="113.43299140222370624542236328125">
        <ele>21.6000003814697265625</ele>
        <time>2024-07-24T22:00:32.000Z</time>
        <extensions>
          <ns3:TrackPointExtension>
            <ns3:hr>102</ns3:hr>
          </ns3:TrackPointExtension>
        </extensions>
      </trkpt>
      <trkpt lat="23.16496454179286956787109375" lon="113.43298754654824733734130859375">
        <ele>21.3999996185302734375</ele>
        <time>2024-07-24T22:00:33.000Z</time>
        <extensions>
          <ns3:TrackPointExtension>
            <ns3:hr>101</ns3:hr>
          </ns3:TrackPointExtension>
        </extensions>
      </trkpt>
      <trkpt lat="23.16500284709036350250244140625" lon="113.4329841099679470062255859375">
        <ele>21.3999996185302734375</ele>
        <time>2024-07-24T22:00:34.000Z</time>
        <extensions>
          <ns3:TrackPointExtension>
            <ns3:hr>101</ns3:hr>
          </ns3:TrackPointExtension>
        </extensions>
      </trkpt>
      <trkpt lat="23.16504090093076229095458984375" lon="113.43298151157796382904052734375">
        <ele>21.200000762939453125</ele>
        <time>2024-07-24T22:00:35.000Z</time>
        <extensions>
          <ns3:TrackPointExtension>
            <ns3:hr>100</ns3:hr>
          </ns3:TrackPointExtension>
        </extensions>
      </trkpt>
      <trkpt lat="23.16507845185697078704833984375" lon="113.43298000283539295196533203125">
        <ele>21</ele>
        <time>2024-07-24T22:00:36.000Z</time>
        <extensions>
          <ns3:TrackPointExtension>
            <ns3:hr>99</ns3:hr>
          </ns3:TrackPointExtension>
        </extensions>
      </trkpt>
      <trkpt lat="23.16511549986898899078369140625" lon="113.43297882936894893646240234375">
        <ele>20.799999237060546875</ele>
        <time>2024-07-24T22:00:37.000Z</time>
        <extensions>
          <ns3:TrackPointExtension>
            <ns3:hr>98</ns3:hr>
          </ns3:TrackPointExtension>
        </extensions>
      </trkpt>
      <trkpt lat="23.16515355370938777923583984375" lon="113.43297623097896575927734375">
        <ele>20.6000003814697265625</ele>
        <time>2024-07-24T22:00:38.000Z</time>
        <extensions>
          <ns3:TrackPointExtension>
            <ns3:hr>96</ns3:hr>
          </ns3:TrackPointExtension>
        </extensions>
      </trkpt>
      <trkpt lat="23.16519252955913543701171875" lon="113.4329723753035068511962890625">
        <ele>20.200000762939453125</ele>
        <time>2024-07-24T22:00:39.000Z</time>
        <extensions>
          <ns3:TrackPointExtension>
            <ns3:hr>96</ns3:hr>
          </ns3:TrackPointExtension>
        </extensions>
      </trkpt>
      <trkpt lat="23.1652309186756610870361328125" lon="113.43296776525676250457763671875">
        <ele>19.799999237060546875</ele>
        <time>2024-07-24T22:00:40.000Z</time>
        <extensions>
          <ns3:TrackPointExtension>
            <ns3:hr>95</ns3:hr>
          </ns3:TrackPointExtension>
        </extensions>
      </trkpt>
      <trkpt lat="23.1652691401541233062744140625" lon="113.4329648315906524658203125">
        <ele>19.6000003814697265625</ele>
        <time>2024-07-24T22:00:41.000Z</time>
        <extensions>
          <ns3:TrackPointExtension>
            <ns3:hr>95</ns3:hr>
          </ns3:TrackPointExtension>
        </extensions>
      </trkpt>
      <trkpt lat="23.16530794836580753326416015625" lon="113.43296256847679615020751953125">
        <ele>19.3999996185302734375</ele>
        <time>2024-07-24T22:00:42.000Z</time>
        <extensions>
          <ns3:TrackPointExtension>
            <ns3:hr>95</ns3:hr>
          </ns3:TrackPointExtension>
        </extensions>
      </trkpt>
      <trkpt lat="23.1653474271297454833984375" lon="113.43296022154390811920166015625">
        <ele>19.3999996185302734375</ele>
        <time>2024-07-24T22:00:43.000Z</time>
        <extensions>
          <ns3:TrackPointExtension>
            <ns3:hr>96</ns3:hr>
          </ns3:TrackPointExtension>
        </extensions>
      </trkpt>
      <trkpt lat="23.16538724116981029510498046875" lon="113.43295737169682979583740234375">
        <ele>19.200000762939453125</ele>
        <time>2024-07-24T22:00:44.000Z</time>
        <extensions>
          <ns3:TrackPointExtension>
            <ns3:hr>99</ns3:hr>
          </ns3:TrackPointExtension>
        </extensions>
      </trkpt>
      <trkpt lat="23.1654283963143825531005859375" lon="113.4329542703926563262939453125">
        <ele>19</ele>
        <time>2024-07-24T22:00:45.000Z</time>
        <extensions>
          <ns3:TrackPointExtension>
            <ns3:hr>101</ns3:hr>
          </ns3:TrackPointExtension>
        </extensions>
      </trkpt>
      <trkpt lat="23.16547072492539882659912109375" lon="113.43295167200267314910888671875">
        <ele>18.799999237060546875</ele>
        <time>2024-07-24T22:00:46.000Z</time>
        <extensions>
          <ns3:TrackPointExtension>
            <ns3:hr>101</ns3:hr>
          </ns3:TrackPointExtension>
        </extensions>
      </trkpt>
      <trkpt lat="23.16551313735544681549072265625" lon="113.43295083381235599517822265625">
        <ele>18.6000003814697265625</ele>
        <time>2024-07-24T22:00:47.000Z</time>
        <extensions>
          <ns3:TrackPointExtension>
            <ns3:hr>102</ns3:hr>
          </ns3:TrackPointExtension>
        </extensions>
      </trkpt>
      <trkpt lat="23.1655558012425899505615234375" lon="113.43295133672654628753662109375">
        <ele>18.6000003814697265625</ele>
        <time>2024-07-24T22:00:48.000Z</time>
        <extensions>
          <ns3:TrackPointExtension>
            <ns3:hr>101</ns3:hr>
          </ns3:TrackPointExtension>
        </extensions>
      </trkpt>
      <trkpt lat="23.16559888422489166259765625" lon="113.43295133672654628753662109375">
        <ele>18.3999996185302734375</ele>
        <time>2024-07-24T22:00:49.000Z</time>
        <extensions>
          <ns3:TrackPointExtension>
            <ns3:hr>100</ns3:hr>
          </ns3:TrackPointExtension>
        </extensions>
      </trkpt>
      <trkpt lat="23.16564087755978107452392578125" lon="113.43295116908848285675048828125">
        <ele>18.3999996185302734375</ele>
        <time>2024-07-24T22:00:50.000Z</time>
        <extensions>
          <ns3:TrackPointExtension>
            <ns3:hr>99</ns3:hr>
          </ns3:TrackPointExtension>
        </extensions>
      </trkpt>
      <trkpt lat="23.16568312235176563262939453125" lon="113.43294982798397541046142578125">
        <ele>18.6000003814697265625</ele>
        <time>2024-07-24T22:00:51.000Z</time>
        <extensions>
          <ns3:TrackPointExtension>
            <ns3:hr>98</ns3:hr>
          </ns3:TrackPointExtension>
        </extensions>
      </trkpt>
      <trkpt lat="23.165724612772464752197265625" lon="113.43294806778430938720703125">
        <ele>18.799999237060546875</ele>
        <time>2024-07-24T22:00:52.000Z</time>
        <extensions>
          <ns3:TrackPointExtension>
            <ns3:hr>97</ns3:hr>
          </ns3:TrackPointExtension>
        </extensions>
      </trkpt>
      <trkpt lat="23.16576459445059299468994140625" lon="113.4329468943178653717041015625">
        <ele>18.799999237060546875</ele>
        <time>2024-07-24T22:00:53.000Z</time>
        <extensions>
          <ns3:TrackPointExtension>
            <ns3:hr>98</ns3:hr>
          </ns3:TrackPointExtension>
        </extensions>
      </trkpt>
      <trkpt lat="23.165804408490657806396484375" lon="113.43294748105108737945556640625">
        <ele>19</ele>
        <time>2024-07-24T22:00:54.000Z</time>
        <extensions>
          <ns3:TrackPointExtension>
            <ns3:hr>99</ns3:hr>
          </ns3:TrackPointExtension>
        </extensions>
      </trkpt>
      <trkpt lat="23.16584355197846889495849609375" lon="113.43295016326010227203369140625">
        <ele>19.200000762939453125</ele>
        <time>2024-07-24T22:00:55.000Z</time>
        <extensions>
          <ns3:TrackPointExtension>
            <ns3:hr>101</ns3:hr>
          </ns3:TrackPointExtension>
        </extensions>
      </trkpt>
      <trkpt lat="23.165882192552089691162109375" lon="113.4329549409449100494384765625">
        <ele>19.200000762939453125</ele>
        <time>2024-07-24T22:00:56.000Z</time>
        <extensions>
          <ns3:TrackPointExtension>
            <ns3:hr>102</ns3:hr>
          </ns3:TrackPointExtension>
        </extensions>
      </trkpt>
      <trkpt lat="23.1659212522208690643310546875" lon="113.43296089209616184234619140625">
        <ele>19.3999996185302734375</ele>
        <time>2024-07-24T22:00:57.000Z</time>
        <extensions>
          <ns3:TrackPointExtension>
            <ns3:hr>103</ns3:hr>
          </ns3:TrackPointExtension>
        </extensions>
      </trkpt>
      <trkpt lat="23.1659601442515850067138671875" lon="113.43296684324741363525390625">
        <ele>19.799999237060546875</ele>
        <time>2024-07-24T22:00:58.000Z</time>
        <extensions>
          <ns3:TrackPointExtension>
            <ns3:hr>103</ns3:hr>
          </ns3:TrackPointExtension>
        </extensions>
      </trkpt>
      <trkpt lat="23.16599928773939609527587890625" lon="113.43297111801803112030029296875">
        <ele>20</ele>
        <time>2024-07-24T22:00:59.000Z</time>
        <extensions>
          <ns3:TrackPointExtension>
            <ns3:hr>104</ns3:hr>
          </ns3:TrackPointExtension>
        </extensions>
      </trkpt>
      <trkpt lat="23.1660389341413974761962890625" lon="113.43297530896961688995361328125">
        <ele>20.200000762939453125</ele>
        <time>2024-07-24T22:01:00.000Z</time>
        <extensions>
          <ns3:TrackPointExtension>
            <ns3:hr>104</ns3:hr>
          </ns3:TrackPointExtension>
        </extensions>
      </trkpt>
      <trkpt lat="23.1660788320004940032958984375" lon="113.4329804219305515289306640625">
        <ele>20.6000003814697265625</ele>
        <time>2024-07-24T22:01:01.000Z</time>
        <extensions>
          <ns3:TrackPointExtension>
            <ns3:hr>104</ns3:hr>
          </ns3:TrackPointExtension>
        </extensions>
      </trkpt>
      <trkpt lat="23.1661187298595905303955078125" lon="113.43298369087278842926025390625">
        <ele>20.799999237060546875</ele>
        <time>2024-07-24T22:01:02.000Z</time>
        <extensions>
          <ns3:TrackPointExtension>
            <ns3:hr>103</ns3:hr>
          </ns3:TrackPointExtension>
        </extensions>
      </trkpt>
      <trkpt lat="23.16615753807127475738525390625" lon="113.4329861216247081756591796875">
        <ele>21</ele>
        <time>2024-07-24T22:01:03.000Z</time>
        <extensions>
          <ns3:TrackPointExtension>
            <ns3:hr>103</ns3:hr>
          </ns3:TrackPointExtension>
        </extensions>
      </trkpt>
      <trkpt lat="23.16619710065424442291259765625" lon="113.43298788182437419891357421875">
        <ele>21.3999996185302734375</ele>
        <time>2024-07-24T22:01:04.000Z</time>
        <extensions>
          <ns3:TrackPointExtension>
            <ns3:hr>103</ns3:hr>
          </ns3:TrackPointExtension>
        </extensions>
      </trkpt>
      <trkpt lat="23.16623699851334095001220703125" lon="113.4329894743859767913818359375">
        <ele>21.200000762939453125</ele>
        <time>2024-07-24T22:01:05.000Z</time>
        <extensions>
          <ns3:TrackPointExtension>
            <ns3:hr>103</ns3:hr>
          </ns3:TrackPointExtension>
        </extensions>
      </trkpt>
      <trkpt lat="23.166277147829532623291015625" lon="113.43299106694757938385009765625">
        <ele>21</ele>
        <time>2024-07-24T22:01:06.000Z</time>
        <extensions>
          <ns3:TrackPointExtension>
            <ns3:hr>103</ns3:hr>
          </ns3:TrackPointExtension>
        </extensions>
      </trkpt>
      <trkpt lat="23.16631771624088287353515625" lon="113.4329914860427379608154296875">
        <ele>20.6000003814697265625</ele>
        <time>2024-07-24T22:01:07.000Z</time>
        <extensions>
          <ns3:TrackPointExtension>
            <ns3:hr>104</ns3:hr>
          </ns3:TrackPointExtension>
        </extensions>
      </trkpt>
      <trkpt lat="23.166358284652233123779296875" lon="113.43299022875726222991943359375">
        <ele>20.3999996185302734375</ele>
        <time>2024-07-24T22:01:08.000Z</time>
        <extensions>
          <ns3:TrackPointExtension>
            <ns3:hr>104</ns3:hr>
          </ns3:TrackPointExtension>
        </extensions>
      </trkpt>
      <trkpt lat="23.16639860160648822784423828125" lon="113.43298830091953277587890625">
        <ele>20.3999996185302734375</ele>
        <time>2024-07-24T22:01:09.000Z</time>
        <extensions>
          <ns3:TrackPointExtension>
            <ns3:hr>104</ns3:hr>
          </ns3:TrackPointExtension>
        </extensions>
      </trkpt>
      <trkpt lat="23.1664405949413776397705078125" lon="113.43298570252954959869384765625">
        <ele>20.6000003814697265625</ele>
        <time>2024-07-24T22:01:10.000Z</time>
        <extensions>
          <ns3:TrackPointExtension>
            <ns3:hr>105</ns3:hr>
          </ns3:TrackPointExtension>
        </extensions>
      </trkpt>
      <trkpt lat="23.166483007371425628662109375" lon="113.4329820983111858367919921875">
        <ele>20.6000003814697265625</ele>
        <time>2024-07-24T22:01:11.000Z</time>
        <extensions>
          <ns3:TrackPointExtension>
            <ns3:hr>105</ns3:hr>
          </ns3:TrackPointExtension>
        </extensions>
      </trkpt>
      <trkpt lat="23.1665257550776004791259765625" lon="113.432979583740234375">
        <ele>20.3999996185302734375</ele>
        <time>2024-07-24T22:01:12.000Z</time>
        <extensions>
          <ns3:TrackPointExtension>
            <ns3:hr>106</ns3:hr>
          </ns3:TrackPointExtension>
        </extensions>
      </trkpt>
      <trkpt lat="23.166568838059902191162109375" lon="113.43297757208347320556640625">
        <ele>20.200000762939453125</ele>
        <time>2024-07-24T22:01:13.000Z</time>
        <extensions>
          <ns3:TrackPointExtension>
            <ns3:hr>107</ns3:hr>
          </ns3:TrackPointExtension>
        </extensions>
      </trkpt>
      <trkpt lat="23.16661150194704532623291015625" lon="113.4329733811318874359130859375">
        <ele>20</ele>
        <time>2024-07-24T22:01:14.000Z</time>
        <extensions>
          <ns3:TrackPointExtension>
            <ns3:hr>108</ns3:hr>
          </ns3:TrackPointExtension>
        </extensions>
      </trkpt>
      <trkpt lat="23.1666555069386959075927734375" lon="113.43296960927546024322509765625">
        <ele>19.799999237060546875</ele>
        <time>2024-07-24T22:01:15.000Z</time>
        <extensions>
          <ns3:TrackPointExtension>
            <ns3:hr>109</ns3:hr>
          </ns3:TrackPointExtension>
        </extensions>
      </trkpt>
      <trkpt lat="23.166699595749378204345703125" lon="113.4329666756093502044677734375">
        <ele>19.3999996185302734375</ele>
        <time>2024-07-24T22:01:16.000Z</time>
        <extensions>
          <ns3:TrackPointExtension>
            <ns3:hr>109</ns3:hr>
          </ns3:TrackPointExtension>
        </extensions>
      </trkpt>
      <trkpt lat="23.1667435169219970703125" lon="113.4329663403332233428955078125">
        <ele>19</ele>
        <time>2024-07-24T22:01:17.000Z</time>
        <extensions>
          <ns3:TrackPointExtension>
            <ns3:hr>107</ns3:hr>
          </ns3:TrackPointExtension>
        </extensions>
      </trkpt>
      <trkpt lat="23.16678768955171108245849609375" lon="113.43296927399933338165283203125">
        <ele>18.799999237060546875</ele>
        <time>2024-07-24T22:01:18.000Z</time>
        <extensions>
          <ns3:TrackPointExtension>
            <ns3:hr>107</ns3:hr>
          </ns3:TrackPointExtension>
        </extensions>
      </trkpt>
      <trkpt lat="23.16683362238109111785888671875" lon="113.432971872389316558837890625">
        <ele>18.6000003814697265625</ele>
        <time>2024-07-24T22:01:19.000Z</time>
        <extensions>
          <ns3:TrackPointExtension>
            <ns3:hr>107</ns3:hr>
          </ns3:TrackPointExtension>
        </extensions>
      </trkpt>
      <trkpt lat="23.16687829792499542236328125" lon="113.43297279439866542816162109375">
        <ele>18.200000762939453125</ele>
        <time>2024-07-24T22:01:20.000Z</time>
        <extensions>
          <ns3:TrackPointExtension>
            <ns3:hr>107</ns3:hr>
          </ns3:TrackPointExtension>
        </extensions>
      </trkpt>
      <trkpt lat="23.16692213527858257293701171875" lon="113.4329730458557605743408203125">
        <ele>18</ele>
        <time>2024-07-24T22:01:21.000Z</time>
        <extensions>
          <ns3:TrackPointExtension>
            <ns3:hr>107</ns3:hr>
          </ns3:TrackPointExtension>
        </extensions>
      </trkpt>
      <trkpt lat="23.1669656373560428619384765625" lon="113.43297421932220458984375">
        <ele>17.799999237060546875</ele>
        <time>2024-07-24T22:01:22.000Z</time>
        <extensions>
          <ns3:TrackPointExtension>
            <ns3:hr>107</ns3:hr>
          </ns3:TrackPointExtension>
        </extensions>
      </trkpt>
      <trkpt lat="23.167009055614471435546875" lon="113.4329763986170291900634765625">
        <ele>17.6000003814697265625</ele>
        <time>2024-07-24T22:01:23.000Z</time>
        <extensions>
          <ns3:TrackPointExtension>
            <ns3:hr>108</ns3:hr>
          </ns3:TrackPointExtension>
        </extensions>
      </trkpt>
      <trkpt lat="23.167052306234836578369140625" lon="113.43297748826444149017333984375">
        <ele>17.6000003814697265625</ele>
        <time>2024-07-24T22:01:24.000Z</time>
        <extensions>
          <ns3:TrackPointExtension>
            <ns3:hr>109</ns3:hr>
          </ns3:TrackPointExtension>
        </extensions>
      </trkpt>
      <trkpt lat="23.1670962274074554443359375" lon="113.43297782354056835174560546875">
        <ele>17.6000003814697265625</ele>
        <time>2024-07-24T22:01:25.000Z</time>
        <extensions>
          <ns3:TrackPointExtension>
            <ns3:hr>107</ns3:hr>
          </ns3:TrackPointExtension>
        </extensions>
      </trkpt>
      <trkpt lat="23.1671399809420108795166015625" lon="113.432977907359600067138671875">
        <ele>17.6000003814697265625</ele>
        <time>2024-07-24T22:01:26.000Z</time>
        <extensions>
          <ns3:TrackPointExtension>
            <ns3:hr>107</ns3:hr>
          </ns3:TrackPointExtension>
        </extensions>
      </trkpt>
      <trkpt lat="23.167183734476566314697265625" lon="113.432977236807346343994140625">
        <ele>17.6000003814697265625</ele>
        <time>2024-07-24T22:01:27.000Z</time>
        <extensions>
          <ns3:TrackPointExtension>
            <ns3:hr>107</ns3:hr>
          </ns3:TrackPointExtension>
        </extensions>
      </trkpt>
      <trkpt lat="23.1672271527349948883056640625" lon="113.432976566255092620849609375">
        <ele>17.200000762939453125</ele>
        <time>2024-07-24T22:01:28.000Z</time>
        <extensions>
          <ns3:TrackPointExtension>
            <ns3:hr>107</ns3:hr>
          </ns3:TrackPointExtension>
        </extensions>
      </trkpt>
      <trkpt lat="23.16726990044116973876953125" lon="113.432976901531219482421875">
        <ele>16.799999237060546875</ele>
        <time>2024-07-24T22:01:29.000Z</time>
        <extensions>
          <ns3:TrackPointExtension>
            <ns3:hr>107</ns3:hr>
          </ns3:TrackPointExtension>
        </extensions>
      </trkpt>
      <trkpt lat="23.1673133186995983123779296875" lon="113.43297983519732952117919921875">
        <ele>16.3999996185302734375</ele>
        <time>2024-07-24T22:01:30.000Z</time>
        <extensions>
          <ns3:TrackPointExtension>
            <ns3:hr>107</ns3:hr>
          </ns3:TrackPointExtension>
        </extensions>
      </trkpt>
      <trkpt lat="23.1673562340438365936279296875" lon="113.432985283434391021728515625">
        <ele>16.3999996185302734375</ele>
        <time>2024-07-24T22:01:31.000Z</time>
        <extensions>
          <ns3:TrackPointExtension>
            <ns3:hr>105</ns3:hr>
          </ns3:TrackPointExtension>
        </extensions>
      </trkpt>
      <trkpt lat="23.16739789210259914398193359375" lon="113.43299509026110172271728515625">
        <ele>16.3999996185302734375</ele>
        <time>2024-07-24T22:01:32.000Z</time>
        <extensions>
          <ns3:TrackPointExtension>
            <ns3:hr>105</ns3:hr>
          </ns3:TrackPointExtension>
        </extensions>
      </trkpt>
      <trkpt lat="23.16743812523782253265380859375" lon="113.43300967477262020111083984375">
        <ele>16.6000003814697265625</ele>
        <time>2024-07-24T22:01:33.000Z</time>
        <extensions>
          <ns3:TrackPointExtension>
            <ns3:hr>105</ns3:hr>
          </ns3:TrackPointExtension>
        </extensions>
      </trkpt>
      <trkpt lat="23.167474754154682159423828125" lon="113.43303012661635875701904296875">
        <ele>16.6000003814697265625</ele>
        <time>2024-07-24T22:01:34.000Z</time>
        <extensions>
          <ns3:TrackPointExtension>
            <ns3:hr>105</ns3:hr>
          </ns3:TrackPointExtension>
        </extensions>
      </trkpt>
      <trkpt lat="23.167507946491241455078125" lon="113.43305611051619052886962890625">
        <ele>16.3999996185302734375</ele>
        <time>2024-07-24T22:01:35.000Z</time>
        <extensions>
          <ns3:TrackPointExtension>
            <ns3:hr>105</ns3:hr>
          </ns3:TrackPointExtension>
        </extensions>
      </trkpt>
      <trkpt lat="23.167537786066532135009765625" lon="113.43308678828179836273193359375">
        <ele>16</ele>
        <time>2024-07-24T22:01:36.000Z</time>
        <extensions>
          <ns3:TrackPointExtension>
            <ns3:hr>105</ns3:hr>
          </ns3:TrackPointExtension>
        </extensions>
      </trkpt>
      <trkpt lat="23.16756318323314189910888671875" lon="113.43312232755124568939208984375">
        <ele>16</ele>
        <time>2024-07-24T22:01:37.000Z</time>
        <extensions>
          <ns3:TrackPointExtension>
            <ns3:hr>106</ns3:hr>
          </ns3:TrackPointExtension>
        </extensions>
      </trkpt>
      <trkpt lat="23.16758547909557819366455078125" lon="113.43316004611551761627197265625">
        <ele>15.80000019073486328125</ele>
        <time>2024-07-24T22:01:38.000Z</time>
        <extensions>
          <ns3:TrackPointExtension>
            <ns3:hr>106</ns3:hr>
          </ns3:TrackPointExtension>
        </extensions>
      </trkpt>
      <trkpt lat="23.16760492511093616485595703125" lon="113.433198519051074981689453125">
        <ele>15.6000003814697265625</ele>
        <time>2024-07-24T22:01:39.000Z</time>
        <extensions>
          <ns3:TrackPointExtension>
            <ns3:hr>107</ns3:hr>
          </ns3:TrackPointExtension>
        </extensions>
      </trkpt>
      <trkpt lat="23.167620599269866943359375" lon="113.4332384169101715087890625">
        <ele>15.3999996185302734375</ele>
        <time>2024-07-24T22:01:40.000Z</time>
        <extensions>
          <ns3:TrackPointExtension>
            <ns3:hr>108</ns3:hr>
          </ns3:TrackPointExtension>
        </extensions>
      </trkpt>
      <trkpt lat="23.16763208247721195220947265625" lon="113.43327806331217288970947265625">
        <ele>15.19999980926513671875</ele>
        <time>2024-07-24T22:01:41.000Z</time>
        <extensions>
          <ns3:TrackPointExtension>
            <ns3:hr>108</ns3:hr>
          </ns3:TrackPointExtension>
        </extensions>
      </trkpt>
      <trkpt lat="23.16764004528522491455078125" lon="113.433317877352237701416015625">
        <ele>15.19999980926513671875</ele>
        <time>2024-07-24T22:01:42.000Z</time>
        <extensions>
          <ns3:TrackPointExtension>
            <ns3:hr>109</ns3:hr>
          </ns3:TrackPointExtension>
        </extensions>
      </trkpt>
      <trkpt lat="23.16764415241777896881103515625" lon="113.43335903249680995941162109375">
        <ele>15.3999996185302734375</ele>
        <time>2024-07-24T22:01:43.000Z</time>
        <extensions>
          <ns3:TrackPointExtension>
            <ns3:hr>109</ns3:hr>
          </ns3:TrackPointExtension>
        </extensions>
      </trkpt>
      <trkpt lat="23.16764700226485729217529296875" lon="113.43339943327009677886962890625">
        <ele>15.3999996185302734375</ele>
        <time>2024-07-24T22:01:44.000Z</time>
        <extensions>
          <ns3:TrackPointExtension>
            <ns3:hr>109</ns3:hr>
          </ns3:TrackPointExtension>
        </extensions>
      </trkpt>
      <trkpt lat="23.16764968447387218475341796875" lon="113.433443941175937652587890625">
        <ele>15.80000019073486328125</ele>
        <time>2024-07-24T22:01:45.000Z</time>
        <extensions>
          <ns3:TrackPointExtension>
            <ns3:hr>109</ns3:hr>
          </ns3:TrackPointExtension>
        </extensions>
      </trkpt>
      <trkpt lat="23.1676519475877285003662109375" lon="113.43348509632050991058349609375">
        <ele>16.6000003814697265625</ele>
        <time>2024-07-24T22:01:46.000Z</time>
        <extensions>
          <ns3:TrackPointExtension>
            <ns3:hr>110</ns3:hr>
          </ns3:TrackPointExtension>
        </extensions>
      </trkpt>
      <trkpt lat="23.16765454597771167755126953125" lon="113.43352583236992359161376953125">
        <ele>17.200000762939453125</ele>
        <time>2024-07-24T22:01:47.000Z</time>
        <extensions>
          <ns3:TrackPointExtension>
            <ns3:hr>110</ns3:hr>
          </ns3:TrackPointExtension>
        </extensions>
      </trkpt>
      <trkpt lat="23.16765555180609226226806640625" lon="113.433565981686115264892578125">
        <ele>18</ele>
        <time>2024-07-24T22:01:48.000Z</time>
        <extensions>
          <ns3:TrackPointExtension>
            <ns3:hr>110</ns3:hr>
          </ns3:TrackPointExtension>
        </extensions>
      </trkpt>
      <trkpt lat="23.16765638999640941619873046875" lon="113.43360613100230693817138671875">
        <ele>18.6000003814697265625</ele>
        <time>2024-07-24T22:01:49.000Z</time>
        <extensions>
          <ns3:TrackPointExtension>
            <ns3:hr>110</ns3:hr>
          </ns3:TrackPointExtension>
        </extensions>
      </trkpt>
      <trkpt lat="23.1676563061773777008056640625" lon="113.433644771575927734375">
        <ele>19</ele>
        <time>2024-07-24T22:01:50.000Z</time>
        <extensions>
          <ns3:TrackPointExtension>
            <ns3:hr>111</ns3:hr>
          </ns3:TrackPointExtension>
        </extensions>
      </trkpt>
      <trkpt lat="23.1676566414535045623779296875" lon="113.43368307687342166900634765625">
        <ele>19.6000003814697265625</ele>
        <time>2024-07-24T22:01:51.000Z</time>
        <extensions>
          <ns3:TrackPointExtension>
            <ns3:hr>111</ns3:hr>
          </ns3:TrackPointExtension>
        </extensions>
      </trkpt>
      <trkpt lat="23.16765747964382171630859375" lon="113.43372188508510589599609375">
        <ele>20.3999996185302734375</ele>
        <time>2024-07-24T22:01:52.000Z</time>
        <extensions>
          <ns3:TrackPointExtension>
            <ns3:hr>111</ns3:hr>
          </ns3:TrackPointExtension>
        </extensions>
      </trkpt>
      <trkpt lat="23.1676576472818851470947265625" lon="113.433763794600963592529296875">
        <ele>21.799999237060546875</ele>
        <time>2024-07-24T22:01:53.000Z</time>
        <extensions>
          <ns3:TrackPointExtension>
            <ns3:hr>111</ns3:hr>
          </ns3:TrackPointExtension>
        </extensions>
      </trkpt>
      <trkpt lat="23.16765689291059970855712890625" lon="113.43380193226039409637451171875">
        <ele>23</ele>
        <time>2024-07-24T22:01:54.000Z</time>
        <extensions>
          <ns3:TrackPointExtension>
            <ns3:hr>111</ns3:hr>
          </ns3:TrackPointExtension>
        </extensions>
      </trkpt>
      <trkpt lat="23.16765555180609226226806640625" lon="113.43383990228176116943359375">
        <ele>24.200000762939453125</ele>
        <time>2024-07-24T22:01:55.000Z</time>
        <extensions>
          <ns3:TrackPointExtension>
            <ns3:hr>111</ns3:hr>
          </ns3:TrackPointExtension>
        </extensions>
      </trkpt>
      <trkpt lat="23.1676546297967433929443359375" lon="113.4338772855699062347412109375">
        <ele>25.3999996185302734375</ele>
        <time>2024-07-24T22:01:56.000Z</time>
        <extensions>
          <ns3:TrackPointExtension>
            <ns3:hr>113</ns3:hr>
          </ns3:TrackPointExtension>
        </extensions>
      </trkpt>
      <trkpt lat="23.16765404306352138519287109375" lon="113.43391366302967071533203125">
        <ele>26</ele>
        <time>2024-07-24T22:01:57.000Z</time>
        <extensions>
          <ns3:TrackPointExtension>
            <ns3:hr>114</ns3:hr>
          </ns3:TrackPointExtension>
        </extensions>
      </trkpt>
      <trkpt lat="23.167653791606426239013671875" lon="113.43394987285137176513671875">
        <ele>26.6000003814697265625</ele>
        <time>2024-07-24T22:01:58.000Z</time>
        <extensions>
          <ns3:TrackPointExtension>
            <ns3:hr>114</ns3:hr>
          </ns3:TrackPointExtension>
        </extensions>
      </trkpt>
      <trkpt lat="23.16765370778739452362060546875" lon="113.43398633413016796112060546875">
        <ele>27</ele>
        <time>2024-07-24T22:01:59.000Z</time>
        <extensions>
          <ns3:TrackPointExtension>
            <ns3:hr>115</ns3:hr>
          </ns3:TrackPointExtension>
        </extensions>
      </trkpt>
      <trkpt lat="23.16765437833964824676513671875" lon="113.43402338214218616485595703125">
        <ele>27.3999996185302734375</ele>
        <time>2024-07-24T22:02:00.000Z</time>
        <extensions>
          <ns3:TrackPointExtension>
            <ns3:hr>114</ns3:hr>
          </ns3:TrackPointExtension>
        </extensions>
      </trkpt>
      <trkpt lat="23.1676556356251239776611328125" lon="113.43405992724001407623291015625">
        <ele>27.799999237060546875</ele>
        <time>2024-07-24T22:02:01.000Z</time>
        <extensions>
          <ns3:TrackPointExtension>
            <ns3:hr>113</ns3:hr>
          </ns3:TrackPointExtension>
        </extensions>
      </trkpt>
      <trkpt lat="23.16765773110091686248779296875" lon="113.43409697525203227996826171875">
        <ele>28.200000762939453125</ele>
        <time>2024-07-24T22:02:02.000Z</time>
        <extensions>
          <ns3:TrackPointExtension>
            <ns3:hr>114</ns3:hr>
          </ns3:TrackPointExtension>
        </extensions>
      </trkpt>
      <trkpt lat="23.167658150196075439453125" lon="113.4341334365308284759521484375">
        <ele>28.6000003814697265625</ele>
        <time>2024-07-24T22:02:03.000Z</time>
        <extensions>
          <ns3:TrackPointExtension>
            <ns3:hr>113</ns3:hr>
          </ns3:TrackPointExtension>
        </extensions>
      </trkpt>
      <trkpt lat="23.16765722818672657012939453125" lon="113.4341691434383392333984375">
        <ele>29</ele>
        <time>2024-07-24T22:02:04.000Z</time>
        <extensions>
          <ns3:TrackPointExtension>
            <ns3:hr>113</ns3:hr>
          </ns3:TrackPointExtension>
        </extensions>
      </trkpt>
      <trkpt lat="23.167653791606426239013671875" lon="113.43420309014618396759033203125">
        <ele>29.6000003814697265625</ele>
        <time>2024-07-24T22:02:05.000Z</time>
        <extensions>
          <ns3:TrackPointExtension>
            <ns3:hr>113</ns3:hr>
          </ns3:TrackPointExtension>
        </extensions>
      </trkpt>
      <trkpt lat="23.1676499359309673309326171875" lon="113.434235192835330963134765625">
        <ele>30</ele>
        <time>2024-07-24T22:02:06.000Z</time>
        <extensions>
          <ns3:TrackPointExtension>
            <ns3:hr>113</ns3:hr>
          </ns3:TrackPointExtension>
        </extensions>
      </trkpt>
      <trkpt lat="23.16764851100742816925048828125" lon="113.4342678822576999664306640625">
        <ele>30.200000762939453125</ele>
        <time>2024-07-24T22:02:07.000Z</time>
        <extensions>
          <ns3:TrackPointExtension>
            <ns3:hr>112</ns3:hr>
          </ns3:TrackPointExtension>
        </extensions>
      </trkpt>
      <trkpt lat="23.1676489301025867462158203125" lon="113.4343004040420055389404296875">
        <ele>30.3999996185302734375</ele>
        <time>2024-07-24T22:02:08.000Z</time>
        <extensions>
          <ns3:TrackPointExtension>
            <ns3:hr>112</ns3:hr>
          </ns3:TrackPointExtension>
        </extensions>
      </trkpt>
      <trkpt lat="23.167647086083889007568359375" lon="113.434333093464374542236328125">
        <ele>30.6000003814697265625</ele>
        <time>2024-07-24T22:02:09.000Z</time>
        <extensions>
          <ns3:TrackPointExtension>
            <ns3:hr>112</ns3:hr>
          </ns3:TrackPointExtension>
        </extensions>
      </trkpt>
      <trkpt lat="23.16764163784682750701904296875" lon="113.43436553142964839935302734375">
        <ele>30.6000003814697265625</ele>
        <time>2024-07-24T22:02:10.000Z</time>
        <extensions>
          <ns3:TrackPointExtension>
            <ns3:hr>112</ns3:hr>
          </ns3:TrackPointExtension>
        </extensions>
      </trkpt>
      <trkpt lat="23.16763359121978282928466796875" lon="113.4343962930142879486083984375">
        <ele>30.6000003814697265625</ele>
        <time>2024-07-24T22:02:11.000Z</time>
        <extensions>
          <ns3:TrackPointExtension>
            <ns3:hr>112</ns3:hr>
          </ns3:TrackPointExtension>
        </extensions>
      </trkpt>
      <trkpt lat="23.167624957859516143798828125" lon="113.43442638404667377471923828125">
        <ele>31</ele>
        <time>2024-07-24T22:02:12.000Z</time>
        <extensions>
          <ns3:TrackPointExtension>
            <ns3:hr>112</ns3:hr>
          </ns3:TrackPointExtension>
        </extensions>
      </trkpt>
      <trkpt lat="23.1676204316318035125732421875" lon="113.43445689417421817779541015625">
        <ele>31.3999996185302734375</ele>
        <time>2024-07-24T22:02:13.000Z</time>
        <extensions>
          <ns3:TrackPointExtension>
            <ns3:hr>112</ns3:hr>
          </ns3:TrackPointExtension>
        </extensions>
      </trkpt>
      <trkpt lat="23.16762118600308895111083984375" lon="113.434487991034984588623046875">
        <ele>31.799999237060546875</ele>
        <time>2024-07-24T22:02:14.000Z</time>
        <extensions>
          <ns3:TrackPointExtension>
            <ns3:hr>112</ns3:hr>
          </ns3:TrackPointExtension>
        </extensions>
      </trkpt>
      <trkpt lat="23.1676247902214527130126953125" lon="113.43452252447605133056640625">
        <ele>32.200000762939453125</ele>
        <time>2024-07-24T22:02:15.000Z</time>
        <extensions>
          <ns3:TrackPointExtension>
            <ns3:hr>112</ns3:hr>
          </ns3:TrackPointExtension>
        </extensions>
      </trkpt>
      <trkpt lat="23.16762663424015045166015625" lon="113.43455747701227664947509765625">
        <ele>32.799999237060546875</ele>
        <time>2024-07-24T22:02:16.000Z</time>
        <extensions>
          <ns3:TrackPointExtension>
            <ns3:hr>112</ns3:hr>
          </ns3:TrackPointExtension>
        </extensions>
      </trkpt>
      <trkpt lat="23.16762604750692844390869140625" lon="113.43459251336753368377685546875">
        <ele>33.59999847412109375</ele>
        <time>2024-07-24T22:02:17.000Z</time>
        <extensions>
          <ns3:TrackPointExtension>
            <ns3:hr>112</ns3:hr>
          </ns3:TrackPointExtension>
        </extensions>
      </trkpt>
      <trkpt lat="23.1676244549453258514404296875" lon="113.43462570570409297943115234375">
        <ele>34.200000762939453125</ele>
        <time>2024-07-24T22:02:18.000Z</time>
        <extensions>
          <ns3:TrackPointExtension>
            <ns3:hr>113</ns3:hr>
          </ns3:TrackPointExtension>
        </extensions>
      </trkpt>
      <trkpt lat="23.1676219403743743896484375" lon="113.434655964374542236328125">
        <ele>34.59999847412109375</ele>
        <time>2024-07-24T22:02:19.000Z</time>
        <extensions>
          <ns3:TrackPointExtension>
            <ns3:hr>113</ns3:hr>
          </ns3:TrackPointExtension>
        </extensions>
      </trkpt>
      <trkpt lat="23.16761833615601062774658203125" lon="113.43468488194048404693603515625">
        <ele>35.200000762939453125</ele>
        <time>2024-07-24T22:02:20.000Z</time>
        <extensions>
          <ns3:TrackPointExtension>
            <ns3:hr>115</ns3:hr>
          </ns3:TrackPointExtension>
        </extensions>
      </trkpt>
      <trkpt lat="23.1676157377660274505615234375" lon="113.4347007237374782562255859375">
        <ele>35.40000152587890625</ele>
        <time>2024-07-24T22:02:21.000Z</time>
        <extensions>
          <ns3:TrackPointExtension>
            <ns3:hr>116</ns3:hr>
          </ns3:TrackPointExtension>
        </extensions>
      </trkpt>
      <trkpt lat="23.16761230118572711944580078125" lon="113.4347218461334705352783203125">
        <ele>35.59999847412109375</ele>
        <time>2024-07-24T22:02:22.000Z</time>
        <extensions>
          <ns3:TrackPointExtension>
            <ns3:hr>116</ns3:hr>
          </ns3:TrackPointExtension>
        </extensions>
      </trkpt>
      <trkpt lat="23.16760827787220478057861328125" lon="113.43474539928138256072998046875">
        <ele>35.799999237060546875</ele>
        <time>2024-07-24T22:02:23.000Z</time>
        <extensions>
          <ns3:TrackPointExtension>
            <ns3:hr>116</ns3:hr>
          </ns3:TrackPointExtension>
        </extensions>
      </trkpt>
      <trkpt lat="23.1676043383777141571044921875" lon="113.4347697906196117401123046875">
        <ele>36</ele>
        <time>2024-07-24T22:02:24.000Z</time>
        <extensions>
          <ns3:TrackPointExtension>
            <ns3:hr>116</ns3:hr>
          </ns3:TrackPointExtension>
        </extensions>
      </trkpt>
      <trkpt lat="23.16760140471160411834716796875" lon="113.434795103967189788818359375">
        <ele>36.200000762939453125</ele>
        <time>2024-07-24T22:02:25.000Z</time>
        <extensions>
          <ns3:TrackPointExtension>
            <ns3:hr>117</ns3:hr>
          </ns3:TrackPointExtension>
        </extensions>
      </trkpt>
      <trkpt lat="23.16759872250258922576904296875" lon="113.4348209202289581298828125">
        <ele>36.59999847412109375</ele>
        <time>2024-07-24T22:02:26.000Z</time>
        <extensions>
          <ns3:TrackPointExtension>
            <ns3:hr>117</ns3:hr>
          </ns3:TrackPointExtension>
        </extensions>
      </trkpt>
      <trkpt lat="23.16759671084582805633544921875" lon="113.43484581448137760162353515625">
        <ele>37</ele>
        <time>2024-07-24T22:02:27.000Z</time>
        <extensions>
          <ns3:TrackPointExtension>
            <ns3:hr>117</ns3:hr>
          </ns3:TrackPointExtension>
        </extensions>
      </trkpt>
      <trkpt lat="23.16759553737938404083251953125" lon="113.43487129546701908111572265625">
        <ele>37.40000152587890625</ele>
        <time>2024-07-24T22:02:28.000Z</time>
        <extensions>
          <ns3:TrackPointExtension>
            <ns3:hr>117</ns3:hr>
          </ns3:TrackPointExtension>
        </extensions>
      </trkpt>
      <trkpt lat="23.1675942800939083099365234375" lon="113.4348960220813751220703125">
        <ele>38</ele>
        <time>2024-07-24T22:02:29.000Z</time>
        <extensions>
          <ns3:TrackPointExtension>
            <ns3:hr>117</ns3:hr>
          </ns3:TrackPointExtension>
        </extensions>
      </trkpt>
      <trkpt lat="23.16759352572262287139892578125" lon="113.4349183179438114166259765625">
        <ele>38.40000152587890625</ele>
        <time>2024-07-24T22:02:30.000Z</time>
        <extensions>
          <ns3:TrackPointExtension>
            <ns3:hr>119</ns3:hr>
          </ns3:TrackPointExtension>
        </extensions>
      </trkpt>
      <trkpt lat="23.167593441903591156005859375" lon="113.4349384345114231109619140625">
        <ele>38.59999847412109375</ele>
        <time>2024-07-24T22:02:31.000Z</time>
        <extensions>
          <ns3:TrackPointExtension>
            <ns3:hr>120</ns3:hr>
          </ns3:TrackPointExtension>
        </extensions>
      </trkpt>
      <trkpt lat="23.16759352572262287139892578125" lon="113.43495209701359272003173828125">
        <ele>38.59999847412109375</ele>
        <time>2024-07-24T22:02:32.000Z</time>
        <extensions>
          <ns3:TrackPointExtension>
            <ns3:hr>120</ns3:hr>
          </ns3:TrackPointExtension>
        </extensions>
      </trkpt>
      <trkpt lat="23.1675929389894008636474609375" lon="113.43496978282928466796875">
        <ele>38.59999847412109375</ele>
        <time>2024-07-24T22:02:33.000Z</time>
        <extensions>
          <ns3:TrackPointExtension>
            <ns3:hr>121</ns3:hr>
          </ns3:TrackPointExtension>
        </extensions>
      </trkpt>
      <trkpt lat="23.16759050823748111724853515625" lon="113.434996269643306732177734375">
        <ele>38.799999237060546875</ele>
        <time>2024-07-24T22:02:34.000Z</time>
        <extensions>
          <ns3:TrackPointExtension>
            <ns3:hr>120</ns3:hr>
          </ns3:TrackPointExtension>
        </extensions>
      </trkpt>
      <trkpt lat="23.16758765839040279388427734375" lon="113.43502007424831390380859375">
        <ele>38.799999237060546875</ele>
        <time>2024-07-24T22:02:35.000Z</time>
        <extensions>
          <ns3:TrackPointExtension>
            <ns3:hr>121</ns3:hr>
          </ns3:TrackPointExtension>
        </extensions>
      </trkpt>
      <trkpt lat="23.1675843894481658935546875" lon="113.43504329212009906768798828125">
        <ele>38.799999237060546875</ele>
        <time>2024-07-24T22:02:36.000Z</time>
        <extensions>
          <ns3:TrackPointExtension>
            <ns3:hr>121</ns3:hr>
          </ns3:TrackPointExtension>
        </extensions>
      </trkpt>
      <trkpt lat="23.1675817072391510009765625" lon="113.43506642617285251617431640625">
        <ele>38.799999237060546875</ele>
        <time>2024-07-24T22:02:37.000Z</time>
        <extensions>
          <ns3:TrackPointExtension>
            <ns3:hr>121</ns3:hr>
          </ns3:TrackPointExtension>
        </extensions>
      </trkpt>
      <trkpt lat="23.1675788573920726776123046875" lon="113.4350896440446376800537109375">
        <ele>38.799999237060546875</ele>
        <time>2024-07-24T22:02:38.000Z</time>
        <extensions>
          <ns3:TrackPointExtension>
            <ns3:hr>121</ns3:hr>
          </ns3:TrackPointExtension>
        </extensions>
      </trkpt>
      <trkpt lat="23.16757542081177234649658203125" lon="113.4351127780973911285400390625">
        <ele>39.200000762939453125</ele>
        <time>2024-07-24T22:02:39.000Z</time>
        <extensions>
          <ns3:TrackPointExtension>
            <ns3:hr>121</ns3:hr>
          </ns3:TrackPointExtension>
        </extensions>
      </trkpt>
      <trkpt lat="23.16757139749825000762939453125" lon="113.4351360797882080078125">
        <ele>39.40000152587890625</ele>
        <time>2024-07-24T22:02:40.000Z</time>
        <extensions>
          <ns3:TrackPointExtension>
            <ns3:hr>121</ns3:hr>
          </ns3:TrackPointExtension>
        </extensions>
      </trkpt>
      <trkpt lat="23.167567960917949676513671875" lon="113.43515929765999317169189453125">
        <ele>39.59999847412109375</ele>
        <time>2024-07-24T22:02:41.000Z</time>
        <extensions>
          <ns3:TrackPointExtension>
            <ns3:hr>123</ns3:hr>
          </ns3:TrackPointExtension>
        </extensions>
      </trkpt>
      <trkpt lat="23.16756368614733219146728515625" lon="113.43518259935081005096435546875">
        <ele>39.799999237060546875</ele>
        <time>2024-07-24T22:02:42.000Z</time>
        <extensions>
          <ns3:TrackPointExtension>
            <ns3:hr>124</ns3:hr>
          </ns3:TrackPointExtension>
        </extensions>
      </trkpt>
      <trkpt lat="23.1675604172050952911376953125" lon="113.43520640395581722259521484375">
        <ele>39.59999847412109375</ele>
        <time>2024-07-24T22:02:43.000Z</time>
        <extensions>
          <ns3:TrackPointExtension>
            <ns3:hr>126</ns3:hr>
          </ns3:TrackPointExtension>
        </extensions>
      </trkpt>
      <trkpt lat="23.16755832172930240631103515625" lon="113.43523062765598297119140625">
        <ele>39.40000152587890625</ele>
        <time>2024-07-24T22:02:44.000Z</time>
        <extensions>
          <ns3:TrackPointExtension>
            <ns3:hr>127</ns3:hr>
          </ns3:TrackPointExtension>
        </extensions>
      </trkpt>
      <trkpt lat="23.167556226253509521484375" lon="113.43525518663227558135986328125">
        <ele>39.200000762939453125</ele>
        <time>2024-07-24T22:02:45.000Z</time>
        <extensions>
          <ns3:TrackPointExtension>
            <ns3:hr>128</ns3:hr>
          </ns3:TrackPointExtension>
        </extensions>
      </trkpt>
      <trkpt lat="23.1675537116825580596923828125" lon="113.4352804161608219146728515625">
        <ele>39.200000762939453125</ele>
        <time>2024-07-24T22:02:46.000Z</time>
        <extensions>
          <ns3:TrackPointExtension>
            <ns3:hr>129</ns3:hr>
          </ns3:TrackPointExtension>
        </extensions>
      </trkpt>
      <trkpt lat="23.16755094565451145172119140625" lon="113.4353065676987171173095703125">
        <ele>39</ele>
        <time>2024-07-24T22:02:47.000Z</time>
        <extensions>
          <ns3:TrackPointExtension>
            <ns3:hr>130</ns3:hr>
          </ns3:TrackPointExtension>
        </extensions>
      </trkpt>
      <trkpt lat="23.16754742525517940521240234375" lon="113.4353332221508026123046875">
        <ele>38.59999847412109375</ele>
        <time>2024-07-24T22:02:48.000Z</time>
        <extensions>
          <ns3:TrackPointExtension>
            <ns3:hr>130</ns3:hr>
          </ns3:TrackPointExtension>
        </extensions>
      </trkpt>
      <trkpt lat="23.16754424013197422027587890625" lon="113.43536029569804668426513671875">
        <ele>38.40000152587890625</ele>
        <time>2024-07-24T22:02:49.000Z</time>
        <extensions>
          <ns3:TrackPointExtension>
            <ns3:hr>131</ns3:hr>
          </ns3:TrackPointExtension>
        </extensions>
      </trkpt>
      <trkpt lat="23.16754105500876903533935546875" lon="113.43538753688335418701171875">
        <ele>38.59999847412109375</ele>
        <time>2024-07-24T22:02:50.000Z</time>
        <extensions>
          <ns3:TrackPointExtension>
            <ns3:hr>131</ns3:hr>
          </ns3:TrackPointExtension>
        </extensions>
      </trkpt>
      <trkpt lat="23.16753703169524669647216796875" lon="113.43541360460221767425537109375">
        <ele>38.799999237060546875</ele>
        <time>2024-07-24T22:02:51.000Z</time>
        <extensions>
          <ns3:TrackPointExtension>
            <ns3:hr>131</ns3:hr>
          </ns3:TrackPointExtension>
        </extensions>
      </trkpt>
      <trkpt lat="23.16753284074366092681884765625" lon="113.43543908558785915374755859375">
        <ele>39.40000152587890625</ele>
        <time>2024-07-24T22:02:52.000Z</time>
        <extensions>
          <ns3:TrackPointExtension>
            <ns3:hr>131</ns3:hr>
          </ns3:TrackPointExtension>
        </extensions>
      </trkpt>
      <trkpt lat="23.1675289012491703033447265625" lon="113.43546439893543720245361328125">
        <ele>40.200000762939453125</ele>
        <time>2024-07-24T22:02:53.000Z</time>
        <extensions>
          <ns3:TrackPointExtension>
            <ns3:hr>131</ns3:hr>
          </ns3:TrackPointExtension>
        </extensions>
      </trkpt>
      <trkpt lat="23.16752429120242595672607421875" lon="113.43548954464495182037353515625">
        <ele>41</ele>
        <time>2024-07-24T22:02:54.000Z</time>
        <extensions>
          <ns3:TrackPointExtension>
            <ns3:hr>131</ns3:hr>
          </ns3:TrackPointExtension>
        </extensions>
      </trkpt>
      <trkpt lat="23.1675195135176181793212890625" lon="113.43551452271640300750732421875">
        <ele>41.799999237060546875</ele>
        <time>2024-07-24T22:02:55.000Z</time>
        <extensions>
          <ns3:TrackPointExtension>
            <ns3:hr>131</ns3:hr>
          </ns3:TrackPointExtension>
        </extensions>
      </trkpt>
      <trkpt lat="23.16751540638506412506103515625" lon="113.43553908169269561767578125">
        <ele>42.59999847412109375</ele>
        <time>2024-07-24T22:02:56.000Z</time>
        <extensions>
          <ns3:TrackPointExtension>
            <ns3:hr>131</ns3:hr>
          </ns3:TrackPointExtension>
        </extensions>
      </trkpt>
      <trkpt lat="23.16751222126185894012451171875" lon="113.43556447885930538177490234375">
        <ele>43.59999847412109375</ele>
        <time>2024-07-24T22:02:57.000Z</time>
        <extensions>
          <ns3:TrackPointExtension>
            <ns3:hr>131</ns3:hr>
          </ns3:TrackPointExtension>
        </extensions>
      </trkpt>
      <trkpt lat="23.167509622871875762939453125" lon="113.435589708387851715087890625">
        <ele>44.40000152587890625</ele>
        <time>2024-07-24T22:02:58.000Z</time>
        <extensions>
          <ns3:TrackPointExtension>
            <ns3:hr>131</ns3:hr>
          </ns3:TrackPointExtension>
        </extensions>
      </trkpt>
      <trkpt lat="23.16750652156770229339599609375" lon="113.43561510555446147918701171875">
        <ele>45.200000762939453125</ele>
        <time>2024-07-24T22:02:59.000Z</time>
        <extensions>
          <ns3:TrackPointExtension>
            <ns3:hr>132</ns3:hr>
          </ns3:TrackPointExtension>
        </extensions>
      </trkpt>
      <trkpt lat="23.16750283353030681610107421875" lon="113.4356415085494518280029296875">
        <ele>46.200000762939453125</ele>
        <time>2024-07-24T22:03:00.000Z</time>
        <extensions>
          <ns3:TrackPointExtension>
            <ns3:hr>132</ns3:hr>
          </ns3:TrackPointExtension>
        </extensions>
      </trkpt>
      <trkpt lat="23.16749813966453075408935546875" lon="113.43566807918250560760498046875">
        <ele>46.59999847412109375</ele>
        <time>2024-07-24T22:03:01.000Z</time>
        <extensions>
          <ns3:TrackPointExtension>
            <ns3:hr>134</ns3:hr>
          </ns3:TrackPointExtension>
        </extensions>
      </trkpt>
      <trkpt lat="23.167493529617786407470703125" lon="113.4356953203678131103515625">
        <ele>47.200000762939453125</ele>
        <time>2024-07-24T22:03:02.000Z</time>
        <extensions>
          <ns3:TrackPointExtension>
            <ns3:hr>134</ns3:hr>
          </ns3:TrackPointExtension>
        </extensions>
      </trkpt>
      <trkpt lat="23.167488835752010345458984375" lon="113.435722477734088897705078125">
        <ele>48</ele>
        <time>2024-07-24T22:03:03.000Z</time>
        <extensions>
          <ns3:TrackPointExtension>
            <ns3:hr>134</ns3:hr>
          </ns3:TrackPointExtension>
        </extensions>
      </trkpt>
      <trkpt lat="23.16748539917171001434326171875" lon="113.4357494674623012542724609375">
        <ele>48.59999847412109375</ele>
        <time>2024-07-24T22:03:04.000Z</time>
        <extensions>
          <ns3:TrackPointExtension>
            <ns3:hr>134</ns3:hr>
          </ns3:TrackPointExtension>
        </extensions>
      </trkpt>
      <trkpt lat="23.167482800781726837158203125" lon="113.43577587045729160308837890625">
        <ele>49.200000762939453125</ele>
        <time>2024-07-24T22:03:05.000Z</time>
        <extensions>
          <ns3:TrackPointExtension>
            <ns3:hr>135</ns3:hr>
          </ns3:TrackPointExtension>
        </extensions>
      </trkpt>
      <trkpt lat="23.1674797832965850830078125" lon="113.43580269254744052886962890625">
        <ele>50</ele>
        <time>2024-07-24T22:03:06.000Z</time>
        <extensions>
          <ns3:TrackPointExtension>
            <ns3:hr>135</ns3:hr>
          </ns3:TrackPointExtension>
        </extensions>
      </trkpt>
      <trkpt lat="23.1674752570688724517822265625" lon="113.43582951463758945465087890625">
        <ele>50.59999847412109375</ele>
        <time>2024-07-24T22:03:07.000Z</time>
        <extensions>
          <ns3:TrackPointExtension>
            <ns3:hr>135</ns3:hr>
          </ns3:TrackPointExtension>
        </extensions>
      </trkpt>
      <trkpt lat="23.1674692220985889434814453125" lon="113.4358564205467700958251953125">
        <ele>51.200000762939453125</ele>
        <time>2024-07-24T22:03:08.000Z</time>
        <extensions>
          <ns3:TrackPointExtension>
            <ns3:hr>135</ns3:hr>
          </ns3:TrackPointExtension>
        </extensions>
      </trkpt>
      <trkpt lat="23.16746209748089313507080078125" lon="113.435882739722728729248046875">
        <ele>52</ele>
        <time>2024-07-24T22:03:09.000Z</time>
        <extensions>
          <ns3:TrackPointExtension>
            <ns3:hr>135</ns3:hr>
          </ns3:TrackPointExtension>
        </extensions>
      </trkpt>
      <trkpt lat="23.16745363175868988037109375" lon="113.4359093941748142242431640625">
        <ele>52.59999847412109375</ele>
        <time>2024-07-24T22:03:10.000Z</time>
        <extensions>
          <ns3:TrackPointExtension>
            <ns3:hr>135</ns3:hr>
          </ns3:TrackPointExtension>
        </extensions>
      </trkpt>
      <trkpt lat="23.1674447469413280487060546875" lon="113.4359367191791534423828125">
        <ele>52.59999847412109375</ele>
        <time>2024-07-24T22:03:11.000Z</time>
        <extensions>
          <ns3:TrackPointExtension>
            <ns3:hr>139</ns3:hr>
          </ns3:TrackPointExtension>
        </extensions>
      </trkpt>
      <trkpt lat="23.16743644885718822479248046875" lon="113.43596530146896839141845703125">
        <ele>53.200000762939453125</ele>
        <time>2024-07-24T22:03:12.000Z</time>
        <extensions>
          <ns3:TrackPointExtension>
            <ns3:hr>139</ns3:hr>
          </ns3:TrackPointExtension>
        </extensions>
      </trkpt>
      <trkpt lat="23.167423121631145477294921875" lon="113.4360136650502681732177734375">
        <ele>54</ele>
        <time>2024-07-24T22:03:13.000Z</time>
        <extensions>
          <ns3:TrackPointExtension>
            <ns3:hr>141</ns3:hr>
          </ns3:TrackPointExtension>
        </extensions>
      </trkpt>
      <trkpt lat="23.16741331480443477630615234375" lon="113.43604777939617633819580078125">
        <ele>54.40000152587890625</ele>
        <time>2024-07-24T22:03:14.000Z</time>
        <extensions>
          <ns3:TrackPointExtension>
            <ns3:hr>141</ns3:hr>
          </ns3:TrackPointExtension>
        </extensions>
      </trkpt>
      <trkpt lat="23.167404346168041229248046875" lon="113.4360790438950061798095703125">
        <ele>55</ele>
        <time>2024-07-24T22:03:15.000Z</time>
        <extensions>
          <ns3:TrackPointExtension>
            <ns3:hr>141</ns3:hr>
          </ns3:TrackPointExtension>
        </extensions>
      </trkpt>
      <trkpt lat="23.16739504225552082061767578125" lon="113.43610930256545543670654296875">
        <ele>55.40000152587890625</ele>
        <time>2024-07-24T22:03:16.000Z</time>
        <extensions>
          <ns3:TrackPointExtension>
            <ns3:hr>141</ns3:hr>
          </ns3:TrackPointExtension>
        </extensions>
      </trkpt>
      <trkpt lat="23.16738481633365154266357421875" lon="113.43613880686461925506591796875">
        <ele>56</ele>
        <time>2024-07-24T22:03:17.000Z</time>
        <extensions>
          <ns3:TrackPointExtension>
            <ns3:hr>141</ns3:hr>
          </ns3:TrackPointExtension>
        </extensions>
      </trkpt>
      <trkpt lat="23.16737375222146511077880859375" lon="113.4361688978970050811767578125">
        <ele>56.40000152587890625</ele>
        <time>2024-07-24T22:03:18.000Z</time>
        <extensions>
          <ns3:TrackPointExtension>
            <ns3:hr>141</ns3:hr>
          </ns3:TrackPointExtension>
        </extensions>
      </trkpt>
      <trkpt lat="23.16736352629959583282470703125" lon="113.4361990727484226226806640625">
        <ele>56.799999237060546875</ele>
        <time>2024-07-24T22:03:19.000Z</time>
        <extensions>
          <ns3:TrackPointExtension>
            <ns3:hr>141</ns3:hr>
          </ns3:TrackPointExtension>
        </extensions>
      </trkpt>
      <trkpt lat="23.1673542223870754241943359375" lon="113.43622933141887187957763671875">
        <ele>57</ele>
        <time>2024-07-24T22:03:20.000Z</time>
        <extensions>
          <ns3:TrackPointExtension>
            <ns3:hr>141</ns3:hr>
          </ns3:TrackPointExtension>
        </extensions>
      </trkpt>
      <trkpt lat="23.16734609194099903106689453125" lon="113.43626000918447971343994140625">
        <ele>57.200000762939453125</ele>
        <time>2024-07-24T22:03:21.000Z</time>
        <extensions>
          <ns3:TrackPointExtension>
            <ns3:hr>141</ns3:hr>
          </ns3:TrackPointExtension>
        </extensions>
      </trkpt>
      <trkpt lat="23.16733703948557376861572265625" lon="113.43628934584558010101318359375">
        <ele>57.40000152587890625</ele>
        <time>2024-07-24T22:03:22.000Z</time>
        <extensions>
          <ns3:TrackPointExtension>
            <ns3:hr>140</ns3:hr>
          </ns3:TrackPointExtension>
        </extensions>
      </trkpt>
      <trkpt lat="23.167327903211116790771484375" lon="113.43631851486861705780029296875">
        <ele>57.59999847412109375</ele>
        <time>2024-07-24T22:03:23.000Z</time>
        <extensions>
          <ns3:TrackPointExtension>
            <ns3:hr>140</ns3:hr>
          </ns3:TrackPointExtension>
        </extensions>
      </trkpt>
      <trkpt lat="23.16731843166053295135498046875" lon="113.43634617514908313751220703125">
        <ele>57.200000762939453125</ele>
        <time>2024-07-24T22:03:24.000Z</time>
        <extensions>
          <ns3:TrackPointExtension>
            <ns3:hr>139</ns3:hr>
          </ns3:TrackPointExtension>
        </extensions>
      </trkpt>
      <trkpt lat="23.1673106364905834197998046875" lon="113.43636863864958286285400390625">
        <ele>56.799999237060546875</ele>
        <time>2024-07-24T22:03:25.000Z</time>
        <extensions>
          <ns3:TrackPointExtension>
            <ns3:hr>139</ns3:hr>
          </ns3:TrackPointExtension>
        </extensions>
      </trkpt>
      <trkpt lat="23.167308457195758819580078125" lon="113.43637769110500812530517578125">
        <ele>56.59999847412109375</ele>
        <time>2024-07-24T22:03:26.000Z</time>
        <extensions>
          <ns3:TrackPointExtension>
            <ns3:hr>139</ns3:hr>
          </ns3:TrackPointExtension>
        </extensions>
      </trkpt>
      <trkpt lat="23.1673072837293148040771484375" lon="113.4363841451704502105712890625">
        <ele>56.59999847412109375</ele>
        <time>2024-07-24T22:03:27.000Z</time>
        <extensions>
          <ns3:TrackPointExtension>
            <ns3:hr>139</ns3:hr>
          </ns3:TrackPointExtension>
        </extensions>
      </trkpt>
      <trkpt lat="23.1673066131770610809326171875" lon="113.43639076687395572662353515625">
        <ele>56.40000152587890625</ele>
        <time>2024-07-24T22:03:28.000Z</time>
        <extensions>
          <ns3:TrackPointExtension>
            <ns3:hr>139</ns3:hr>
          </ns3:TrackPointExtension>
        </extensions>
      </trkpt>
      <trkpt lat="23.1673054397106170654296875" lon="113.43639470636844635009765625">
        <ele>56.40000152587890625</ele>
        <time>2024-07-24T22:05:22.000Z</time>
        <extensions>
          <ns3:TrackPointExtension>
            <ns3:hr>88</ns3:hr>
          </ns3:TrackPointExtension>
        </extensions>
      </trkpt>
      <trkpt lat="23.16730485297739505767822265625" lon="113.436399064958095550537109375">
        <ele>56.40000152587890625</ele>
        <time>2024-07-24T22:05:23.000Z</time>
        <extensions>
          <ns3:TrackPointExtension>
            <ns3:hr>88</ns3:hr>
          </ns3:TrackPointExtension>
        </extensions>
      </trkpt>
      <trkpt lat="23.16730384714901447296142578125" lon="113.43640501610934734344482421875">
        <ele>56.200000762939453125</ele>
        <time>2024-07-24T22:05:24.000Z</time>
        <extensions>
          <ns3:TrackPointExtension>
            <ns3:hr>88</ns3:hr>
          </ns3:TrackPointExtension>
        </extensions>
      </trkpt>
      <trkpt lat="23.1673032604157924652099609375" lon="113.43641356565058231353759765625">
        <ele>56.200000762939453125</ele>
        <time>2024-07-24T22:05:25.000Z</time>
        <extensions>
          <ns3:TrackPointExtension>
            <ns3:hr>88</ns3:hr>
          </ns3:TrackPointExtension>
        </extensions>
      </trkpt>
      <trkpt lat="23.16730250604450702667236328125" lon="113.43642563559114933013916015625">
        <ele>56</ele>
        <time>2024-07-24T22:05:26.000Z</time>
        <extensions>
          <ns3:TrackPointExtension>
            <ns3:hr>87</ns3:hr>
          </ns3:TrackPointExtension>
        </extensions>
      </trkpt>
      <trkpt lat="23.167301081120967864990234375" lon="113.43643971718847751617431640625">
        <ele>56</ele>
        <time>2024-07-24T22:05:27.000Z</time>
        <extensions>
          <ns3:TrackPointExtension>
            <ns3:hr>88</ns3:hr>
          </ns3:TrackPointExtension>
        </extensions>
      </trkpt>
      <trkpt lat="23.16729881800711154937744140625" lon="113.4364558942615985870361328125">
        <ele>55.799999237060546875</ele>
        <time>2024-07-24T22:05:28.000Z</time>
        <extensions>
          <ns3:TrackPointExtension>
            <ns3:hr>90</ns3:hr>
          </ns3:TrackPointExtension>
        </extensions>
      </trkpt>
      <trkpt lat="23.1672952137887477874755859375" lon="113.43647458590567111968994140625">
        <ele>55.40000152587890625</ele>
        <time>2024-07-24T22:05:29.000Z</time>
        <extensions>
          <ns3:TrackPointExtension>
            <ns3:hr>92</ns3:hr>
          </ns3:TrackPointExtension>
        </extensions>
      </trkpt>
      <trkpt lat="23.16728943027555942535400390625" lon="113.4365018270909786224365234375">
        <ele>54.799999237060546875</ele>
        <time>2024-07-24T22:05:30.000Z</time>
        <extensions>
          <ns3:TrackPointExtension>
            <ns3:hr>92</ns3:hr>
          </ns3:TrackPointExtension>
        </extensions>
      </trkpt>
      <trkpt lat="23.16728473640978336334228515625" lon="113.43652856536209583282470703125">
        <ele>54</ele>
        <time>2024-07-24T22:05:31.000Z</time>
        <extensions>
          <ns3:TrackPointExtension>
            <ns3:hr>92</ns3:hr>
          </ns3:TrackPointExtension>
        </extensions>
      </trkpt>
      <trkpt lat="23.16727870143949985504150390625" lon="113.436557315289974212646484375">
        <ele>53.200000762939453125</ele>
        <time>2024-07-24T22:05:32.000Z</time>
        <extensions>
          <ns3:TrackPointExtension>
            <ns3:hr>92</ns3:hr>
          </ns3:TrackPointExtension>
        </extensions>
      </trkpt>
      <trkpt lat="23.16726679913699626922607421875" lon="113.4366064332425594329833984375">
        <ele>52.40000152587890625</ele>
        <time>2024-07-24T22:05:33.000Z</time>
        <extensions>
          <ns3:TrackPointExtension>
            <ns3:hr>92</ns3:hr>
          </ns3:TrackPointExtension>
        </extensions>
      </trkpt>
      <trkpt lat="23.16725514829158782958984375" lon="113.4366423077881336212158203125">
        <ele>51.59999847412109375</ele>
        <time>2024-07-24T22:05:34.000Z</time>
        <extensions>
          <ns3:TrackPointExtension>
            <ns3:hr>91</ns3:hr>
          </ns3:TrackPointExtension>
        </extensions>
      </trkpt>
      <trkpt lat="23.1672442518174648284912109375" lon="113.43667793087661266326904296875">
        <ele>51</ele>
        <time>2024-07-24T22:05:35.000Z</time>
        <extensions>
          <ns3:TrackPointExtension>
            <ns3:hr>91</ns3:hr>
          </ns3:TrackPointExtension>
        </extensions>
      </trkpt>
      <trkpt lat="23.1672370433807373046875" lon="113.43671858310699462890625">
        <ele>50.40000152587890625</ele>
        <time>2024-07-24T22:05:36.000Z</time>
        <extensions>
          <ns3:TrackPointExtension>
            <ns3:hr>91</ns3:hr>
          </ns3:TrackPointExtension>
        </extensions>
      </trkpt>
      <trkpt lat="23.16723343916237354278564453125" lon="113.43676527030766010284423828125">
        <ele>49.799999237060546875</ele>
        <time>2024-07-24T22:05:37.000Z</time>
        <extensions>
          <ns3:TrackPointExtension>
            <ns3:hr>91</ns3:hr>
          </ns3:TrackPointExtension>
        </extensions>
      </trkpt>
      <trkpt lat="23.16723142750561237335205078125" lon="113.4368139691650867462158203125">
        <ele>49.40000152587890625</ele>
        <time>2024-07-24T22:05:38.000Z</time>
        <extensions>
          <ns3:TrackPointExtension>
            <ns3:hr>91</ns3:hr>
          </ns3:TrackPointExtension>
        </extensions>
      </trkpt>
      <trkpt lat="23.16722857765853404998779296875" lon="113.4368625842034816741943359375">
        <ele>49.40000152587890625</ele>
        <time>2024-07-24T22:05:39.000Z</time>
        <extensions>
          <ns3:TrackPointExtension>
            <ns3:hr>91</ns3:hr>
          </ns3:TrackPointExtension>
        </extensions>
      </trkpt>
      <trkpt lat="23.16722673363983631134033203125" lon="113.43691027723252773284912109375">
        <ele>49.40000152587890625</ele>
        <time>2024-07-24T22:05:40.000Z</time>
        <extensions>
          <ns3:TrackPointExtension>
            <ns3:hr>91</ns3:hr>
          </ns3:TrackPointExtension>
        </extensions>
      </trkpt>
      <trkpt lat="23.167224638164043426513671875" lon="113.4369588084518909454345703125">
        <ele>49.40000152587890625</ele>
        <time>2024-07-24T22:05:41.000Z</time>
        <extensions>
          <ns3:TrackPointExtension>
            <ns3:hr>91</ns3:hr>
          </ns3:TrackPointExtension>
        </extensions>
      </trkpt>
      <trkpt lat="23.1672217883169651031494140625" lon="113.43700733967125415802001953125">
        <ele>49.40000152587890625</ele>
        <time>2024-07-24T22:05:42.000Z</time>
        <extensions>
          <ns3:TrackPointExtension>
            <ns3:hr>91</ns3:hr>
          </ns3:TrackPointExtension>
        </extensions>
      </trkpt>
      <trkpt lat="23.16721751354634761810302734375" lon="113.4370583854615688323974609375">
        <ele>49</ele>
        <time>2024-07-24T22:05:43.000Z</time>
        <extensions>
          <ns3:TrackPointExtension>
            <ns3:hr>91</ns3:hr>
          </ns3:TrackPointExtension>
        </extensions>
      </trkpt>
      <trkpt lat="23.1672107242047786712646484375" lon="113.4371101856231689453125">
        <ele>48</ele>
        <time>2024-07-24T22:05:44.000Z</time>
        <extensions>
          <ns3:TrackPointExtension>
            <ns3:hr>91</ns3:hr>
          </ns3:TrackPointExtension>
        </extensions>
      </trkpt>
      <trkpt lat="23.1672033481299877166748046875" lon="113.437163494527339935302734375">
        <ele>46.799999237060546875</ele>
        <time>2024-07-24T22:05:45.000Z</time>
        <extensions>
          <ns3:TrackPointExtension>
            <ns3:hr>90</ns3:hr>
          </ns3:TrackPointExtension>
        </extensions>
      </trkpt>
      <trkpt lat="23.16719613969326019287109375" lon="113.4372189827263355255126953125">
        <ele>45.799999237060546875</ele>
        <time>2024-07-24T22:05:46.000Z</time>
        <extensions>
          <ns3:TrackPointExtension>
            <ns3:hr>89</ns3:hr>
          </ns3:TrackPointExtension>
        </extensions>
      </trkpt>
      <trkpt lat="23.16718968562781810760498046875" lon="113.43727857805788516998291015625">
        <ele>44.59999847412109375</ele>
        <time>2024-07-24T22:05:47.000Z</time>
        <extensions>
          <ns3:TrackPointExtension>
            <ns3:hr>87</ns3:hr>
          </ns3:TrackPointExtension>
        </extensions>
      </trkpt>
      <trkpt lat="23.16718130372464656829833984375" lon="113.43736298382282257080078125">
        <ele>42.799999237060546875</ele>
        <time>2024-07-24T22:05:48.000Z</time>
        <extensions>
          <ns3:TrackPointExtension>
            <ns3:hr>87</ns3:hr>
          </ns3:TrackPointExtension>
        </extensions>
      </trkpt>
      <trkpt lat="23.16717694513499736785888671875" lon="113.437434732913970947265625">
        <ele>41.40000152587890625</ele>
        <time>2024-07-24T22:05:49.000Z</time>
        <extensions>
          <ns3:TrackPointExtension>
            <ns3:hr>86</ns3:hr>
          </ns3:TrackPointExtension>
        </extensions>
      </trkpt>
      <trkpt lat="23.16717443056404590606689453125" lon="113.43750891275703907012939453125">
        <ele>40</ele>
        <time>2024-07-24T22:05:50.000Z</time>
        <extensions>
          <ns3:TrackPointExtension>
            <ns3:hr>85</ns3:hr>
          </ns3:TrackPointExtension>
        </extensions>
      </trkpt>
      <trkpt lat="23.1671718321740627288818359375" lon="113.43759692274034023284912109375">
        <ele>38.200000762939453125</ele>
        <time>2024-07-24T22:05:51.000Z</time>
        <extensions>
          <ns3:TrackPointExtension>
            <ns3:hr>84</ns3:hr>
          </ns3:TrackPointExtension>
        </extensions>
      </trkpt>
      <trkpt lat="23.16716822795569896697998046875" lon="113.43768107704818248748779296875">
        <ele>38.200000762939453125</ele>
        <time>2024-07-24T22:05:52.000Z</time>
        <extensions>
          <ns3:TrackPointExtension>
            <ns3:hr>82</ns3:hr>
          </ns3:TrackPointExtension>
        </extensions>
      </trkpt>
      <trkpt lat="23.16716370172798633575439453125" lon="113.437777720391750335693359375">
        <ele>38</ele>
        <time>2024-07-24T22:05:53.000Z</time>
        <extensions>
          <ns3:TrackPointExtension>
            <ns3:hr>81</ns3:hr>
          </ns3:TrackPointExtension>
        </extensions>
      </trkpt>
      <trkpt lat="23.16715884022414684295654296875" lon="113.4378684125840663909912109375">
        <ele>38.40000152587890625</ele>
        <time>2024-07-24T22:05:54.000Z</time>
        <extensions>
          <ns3:TrackPointExtension>
            <ns3:hr>80</ns3:hr>
          </ns3:TrackPointExtension>
        </extensions>
      </trkpt>
      <trkpt lat="23.167151547968387603759765625" lon="113.437964133918285369873046875">
        <ele>37.59999847412109375</ele>
        <time>2024-07-24T22:05:55.000Z</time>
        <extensions>
          <ns3:TrackPointExtension>
            <ns3:hr>79</ns3:hr>
          </ns3:TrackPointExtension>
        </extensions>
      </trkpt>
      <trkpt lat="23.167140819132328033447265625" lon="113.43807519413530826568603515625">
        <ele>36.59999847412109375</ele>
        <time>2024-07-24T22:05:56.000Z</time>
        <extensions>
          <ns3:TrackPointExtension>
            <ns3:hr>78</ns3:hr>
          </ns3:TrackPointExtension>
        </extensions>
      </trkpt>
      <trkpt lat="23.16713117994368076324462890625" lon="113.4381798841059207916259765625">
        <ele>36</ele>
        <time>2024-07-24T22:05:57.000Z</time>
        <extensions>
          <ns3:TrackPointExtension>
            <ns3:hr>77</ns3:hr>
          </ns3:TrackPointExtension>
        </extensions>
      </trkpt>
      <trkpt lat="23.16712078638374805450439453125" lon="113.43828759156167507171630859375">
        <ele>34.59999847412109375</ele>
        <time>2024-07-24T22:05:58.000Z</time>
        <extensions>
          <ns3:TrackPointExtension>
            <ns3:hr>77</ns3:hr>
          </ns3:TrackPointExtension>
        </extensions>
      </trkpt>
      <trkpt lat="23.1671096384525299072265625" lon="113.4384016692638397216796875">
        <ele>33.40000152587890625</ele>
        <time>2024-07-24T22:05:59.000Z</time>
        <extensions>
          <ns3:TrackPointExtension>
            <ns3:hr>77</ns3:hr>
          </ns3:TrackPointExtension>
        </extensions>
      </trkpt>
      <trkpt lat="23.16709647886455059051513671875" lon="113.43853234313428401947021484375">
        <ele>32.200000762939453125</ele>
        <time>2024-07-24T22:06:00.000Z</time>
        <extensions>
          <ns3:TrackPointExtension>
            <ns3:hr>77</ns3:hr>
          </ns3:TrackPointExtension>
        </extensions>
      </trkpt>
      <trkpt lat="23.1670801341533660888671875" lon="113.43863493762910366058349609375">
        <ele>31.3999996185302734375</ele>
        <time>2024-07-24T22:06:01.000Z</time>
        <extensions>
          <ns3:TrackPointExtension>
            <ns3:hr>77</ns3:hr>
          </ns3:TrackPointExtension>
        </extensions>
      </trkpt>
      <trkpt lat="23.167063705623149871826171875" lon="113.43873753212392330169677734375">
        <ele>30.799999237060546875</ele>
        <time>2024-07-24T22:06:02.000Z</time>
        <extensions>
          <ns3:TrackPointExtension>
            <ns3:hr>77</ns3:hr>
          </ns3:TrackPointExtension>
        </extensions>
      </trkpt>
      <trkpt lat="23.167031519114971160888671875" lon="113.4388765878975391387939453125">
        <ele>29.799999237060546875</ele>
        <time>2024-07-24T22:06:03.000Z</time>
        <extensions>
          <ns3:TrackPointExtension>
            <ns3:hr>76</ns3:hr>
          </ns3:TrackPointExtension>
        </extensions>
      </trkpt>
      <trkpt lat="23.16698818467557430267333984375" lon="113.4389902465045452117919921875">
        <ele>29.200000762939453125</ele>
        <time>2024-07-24T22:06:04.000Z</time>
        <extensions>
          <ns3:TrackPointExtension>
            <ns3:hr>75</ns3:hr>
          </ns3:TrackPointExtension>
        </extensions>
      </trkpt>
      <trkpt lat="23.16692565567791461944580078125" lon="113.43909678049385547637939453125">
        <ele>28.200000762939453125</ele>
        <time>2024-07-24T22:06:05.000Z</time>
        <extensions>
          <ns3:TrackPointExtension>
            <ns3:hr>73</ns3:hr>
          </ns3:TrackPointExtension>
        </extensions>
      </trkpt>
      <trkpt lat="23.16685239784419536590576171875" lon="113.43918847851455211639404296875">
        <ele>27</ele>
        <time>2024-07-24T22:06:06.000Z</time>
        <extensions>
          <ns3:TrackPointExtension>
            <ns3:hr>72</ns3:hr>
          </ns3:TrackPointExtension>
        </extensions>
      </trkpt>
      <trkpt lat="23.16677494905889034271240234375" lon="113.43926324509084224700927734375">
        <ele>24.3999996185302734375</ele>
        <time>2024-07-24T22:06:07.000Z</time>
        <extensions>
          <ns3:TrackPointExtension>
            <ns3:hr>71</ns3:hr>
          </ns3:TrackPointExtension>
        </extensions>
      </trkpt>
      <trkpt lat="23.1666994281113147735595703125" lon="113.43931571580469608306884765625">
        <ele>21.6000003814697265625</ele>
        <time>2024-07-24T22:06:08.000Z</time>
        <extensions>
          <ns3:TrackPointExtension>
            <ns3:hr>70</ns3:hr>
          </ns3:TrackPointExtension>
        </extensions>
      </trkpt>
      <trkpt lat="23.16661720164120197296142578125" lon="113.439354188740253448486328125">
        <ele>19.799999237060546875</ele>
        <time>2024-07-24T22:06:09.000Z</time>
        <extensions>
          <ns3:TrackPointExtension>
            <ns3:hr>70</ns3:hr>
          </ns3:TrackPointExtension>
        </extensions>
      </trkpt>
      <trkpt lat="23.16652131266891956329345703125" lon="113.43938746489584445953369140625">
        <ele>18</ele>
        <time>2024-07-24T22:06:10.000Z</time>
        <extensions>
          <ns3:TrackPointExtension>
            <ns3:hr>70</ns3:hr>
          </ns3:TrackPointExtension>
        </extensions>
      </trkpt>
      <trkpt lat="23.16643514670431613922119140625" lon="113.439409844577312469482421875">
        <ele>16</ele>
        <time>2024-07-24T22:06:11.000Z</time>
        <extensions>
          <ns3:TrackPointExtension>
            <ns3:hr>70</ns3:hr>
          </ns3:TrackPointExtension>
        </extensions>
      </trkpt>
      <trkpt lat="23.166344203054904937744140625" lon="113.43943004496395587921142578125">
        <ele>14.6000003814697265625</ele>
        <time>2024-07-24T22:06:12.000Z</time>
        <extensions>
          <ns3:TrackPointExtension>
            <ns3:hr>70</ns3:hr>
          </ns3:TrackPointExtension>
        </extensions>
      </trkpt>
      <trkpt lat="23.16625200212001800537109375" lon="113.43945217318832874298095703125">
        <ele>15.6000003814697265625</ele>
        <time>2024-07-24T22:06:13.000Z</time>
        <extensions>
          <ns3:TrackPointExtension>
            <ns3:hr>70</ns3:hr>
          </ns3:TrackPointExtension>
        </extensions>
      </trkpt>
      <trkpt lat="23.1661696918308734893798828125" lon="113.4394743852317333221435546875">
        <ele>17.3999996185302734375</ele>
        <time>2024-07-24T22:06:14.000Z</time>
        <extensions>
          <ns3:TrackPointExtension>
            <ns3:hr>70</ns3:hr>
          </ns3:TrackPointExtension>
        </extensions>
      </trkpt>
      <trkpt lat="23.16608428023755550384521484375" lon="113.43950330279767513275146484375">
        <ele>19</ele>
        <time>2024-07-24T22:06:15.000Z</time>
        <extensions>
          <ns3:TrackPointExtension>
            <ns3:hr>70</ns3:hr>
          </ns3:TrackPointExtension>
        </extensions>
      </trkpt>
      <trkpt lat="23.16600549034774303436279296875" lon="113.43953548930585384368896484375">
        <ele>20.3999996185302734375</ele>
        <time>2024-07-24T22:06:16.000Z</time>
        <extensions>
          <ns3:TrackPointExtension>
            <ns3:hr>70</ns3:hr>
          </ns3:TrackPointExtension>
        </extensions>
      </trkpt>
      <trkpt lat="23.1659376807510852813720703125" lon="113.43956599943339824676513671875">
        <ele>21.6000003814697265625</ele>
        <time>2024-07-24T22:06:17.000Z</time>
        <extensions>
          <ns3:TrackPointExtension>
            <ns3:hr>69</ns3:hr>
          </ns3:TrackPointExtension>
        </extensions>
      </trkpt>
      <trkpt lat="23.16587054170668125152587890625" lon="113.43959684483706951141357421875">
        <ele>22.799999237060546875</ele>
        <time>2024-07-24T22:06:18.000Z</time>
        <extensions>
          <ns3:TrackPointExtension>
            <ns3:hr>69</ns3:hr>
          </ns3:TrackPointExtension>
        </extensions>
      </trkpt>
      <trkpt lat="23.1658008880913257598876953125" lon="113.43962718732655048370361328125">
        <ele>22.6000003814697265625</ele>
        <time>2024-07-24T22:06:19.000Z</time>
        <extensions>
          <ns3:TrackPointExtension>
            <ns3:hr>69</ns3:hr>
          </ns3:TrackPointExtension>
        </extensions>
      </trkpt>
      <trkpt lat="23.16572989337146282196044921875" lon="113.43965669162571430206298828125">
        <ele>21.799999237060546875</ele>
        <time>2024-07-24T22:06:20.000Z</time>
        <extensions>
          <ns3:TrackPointExtension>
            <ns3:hr>69</ns3:hr>
          </ns3:TrackPointExtension>
        </extensions>
      </trkpt>
      <trkpt lat="23.16565915010869503021240234375" lon="113.43968309462070465087890625">
        <ele>21.200000762939453125</ele>
        <time>2024-07-24T22:06:21.000Z</time>
        <extensions>
          <ns3:TrackPointExtension>
            <ns3:hr>69</ns3:hr>
          </ns3:TrackPointExtension>
        </extensions>
      </trkpt>
      <trkpt lat="23.16559108905494213104248046875" lon="113.439708240330219268798828125">
        <ele>21.6000003814697265625</ele>
        <time>2024-07-24T22:06:22.000Z</time>
        <extensions>
          <ns3:TrackPointExtension>
            <ns3:hr>68</ns3:hr>
          </ns3:TrackPointExtension>
        </extensions>
      </trkpt>
      <trkpt lat="23.16552503965795040130615234375" lon="113.43973137438297271728515625">
        <ele>21.6000003814697265625</ele>
        <time>2024-07-24T22:06:23.000Z</time>
        <extensions>
          <ns3:TrackPointExtension>
            <ns3:hr>68</ns3:hr>
          </ns3:TrackPointExtension>
        </extensions>
      </trkpt>
      <trkpt lat="23.1654545478522777557373046875" lon="113.43975643627345561981201171875">
        <ele>20.3999996185302734375</ele>
        <time>2024-07-24T22:06:24.000Z</time>
        <extensions>
          <ns3:TrackPointExtension>
            <ns3:hr>68</ns3:hr>
          </ns3:TrackPointExtension>
        </extensions>
      </trkpt>
      <trkpt lat="23.16539260558784008026123046875" lon="113.43978107906877994537353515625">
        <ele>19.6000003814697265625</ele>
        <time>2024-07-24T22:06:25.000Z</time>
        <extensions>
          <ns3:TrackPointExtension>
            <ns3:hr>69</ns3:hr>
          </ns3:TrackPointExtension>
        </extensions>
      </trkpt>
      <trkpt lat="23.16533275879919528961181640625" lon="113.43981041572988033294677734375">
        <ele>18.799999237060546875</ele>
        <time>2024-07-24T22:06:26.000Z</time>
        <extensions>
          <ns3:TrackPointExtension>
            <ns3:hr>70</ns3:hr>
          </ns3:TrackPointExtension>
        </extensions>
      </trkpt>
      <trkpt lat="23.16526704467833042144775390625" lon="113.4398448653519153594970703125">
        <ele>17.6000003814697265625</ele>
        <time>2024-07-24T22:06:27.000Z</time>
        <extensions>
          <ns3:TrackPointExtension>
            <ns3:hr>71</ns3:hr>
          </ns3:TrackPointExtension>
        </extensions>
      </trkpt>
      <trkpt lat="23.16520283930003643035888671875" lon="113.43987847678363323211669921875">
        <ele>17.200000762939453125</ele>
        <time>2024-07-24T22:06:28.000Z</time>
        <extensions>
          <ns3:TrackPointExtension>
            <ns3:hr>72</ns3:hr>
          </ns3:TrackPointExtension>
        </extensions>
      </trkpt>
      <trkpt lat="23.165147937834262847900390625" lon="113.43990881927311420440673828125">
        <ele>16.799999237060546875</ele>
        <time>2024-07-24T22:06:29.000Z</time>
        <extensions>
          <ns3:TrackPointExtension>
            <ns3:hr>73</ns3:hr>
          </ns3:TrackPointExtension>
        </extensions>
      </trkpt>
      <trkpt lat="23.16508783958852291107177734375" lon="113.43994368799030780792236328125">
        <ele>16.200000762939453125</ele>
        <time>2024-07-24T22:06:30.000Z</time>
        <extensions>
          <ns3:TrackPointExtension>
            <ns3:hr>74</ns3:hr>
          </ns3:TrackPointExtension>
        </extensions>
      </trkpt>
      <trkpt lat="23.165033943951129913330078125" lon="113.43997738324105739593505859375">
        <ele>15.80000019073486328125</ele>
        <time>2024-07-24T22:06:31.000Z</time>
        <extensions>
          <ns3:TrackPointExtension>
            <ns3:hr>75</ns3:hr>
          </ns3:TrackPointExtension>
        </extensions>
      </trkpt>
      <trkpt lat="23.164982311427593231201171875" lon="113.44001292251050472259521484375">
        <ele>15.19999980926513671875</ele>
        <time>2024-07-24T22:06:32.000Z</time>
        <extensions>
          <ns3:TrackPointExtension>
            <ns3:hr>76</ns3:hr>
          </ns3:TrackPointExtension>
        </extensions>
      </trkpt>
      <trkpt lat="23.1649305112659931182861328125" lon="113.440050221979618072509765625">
        <ele>14.3999996185302734375</ele>
        <time>2024-07-24T22:06:33.000Z</time>
        <extensions>
          <ns3:TrackPointExtension>
            <ns3:hr>76</ns3:hr>
          </ns3:TrackPointExtension>
        </extensions>
      </trkpt>
      <trkpt lat="23.16487879492342472076416015625" lon="113.44008919782936573028564453125">
        <ele>14</ele>
        <time>2024-07-24T22:06:34.000Z</time>
        <extensions>
          <ns3:TrackPointExtension>
            <ns3:hr>76</ns3:hr>
          </ns3:TrackPointExtension>
        </extensions>
      </trkpt>
      <trkpt lat="23.16482800059020519256591796875" lon="113.44012976624071598052978515625">
        <ele>13.80000019073486328125</ele>
        <time>2024-07-24T22:06:35.000Z</time>
        <extensions>
          <ns3:TrackPointExtension>
            <ns3:hr>76</ns3:hr>
          </ns3:TrackPointExtension>
        </extensions>
      </trkpt>
      <trkpt lat="23.1647793017327785491943359375" lon="113.44017134048044681549072265625">
        <ele>13.6000003814697265625</ele>
        <time>2024-07-24T22:06:36.000Z</time>
        <extensions>
          <ns3:TrackPointExtension>
            <ns3:hr>76</ns3:hr>
          </ns3:TrackPointExtension>
        </extensions>
      </trkpt>
      <trkpt lat="23.1647305190563201904296875" lon="113.44021157361567020416259765625">
        <ele>13</ele>
        <time>2024-07-24T22:06:37.000Z</time>
        <extensions>
          <ns3:TrackPointExtension>
            <ns3:hr>77</ns3:hr>
          </ns3:TrackPointExtension>
        </extensions>
      </trkpt>
      <trkpt lat="23.164681904017925262451171875" lon="113.440250046551227569580078125">
        <ele>12.19999980926513671875</ele>
        <time>2024-07-24T22:06:38.000Z</time>
        <extensions>
          <ns3:TrackPointExtension>
            <ns3:hr>77</ns3:hr>
          </ns3:TrackPointExtension>
        </extensions>
      </trkpt>
      <trkpt lat="23.1646327860653400421142578125" lon="113.44028717838227748870849609375">
        <ele>11.3999996185302734375</ele>
        <time>2024-07-24T22:06:39.000Z</time>
        <extensions>
          <ns3:TrackPointExtension>
            <ns3:hr>77</ns3:hr>
          </ns3:TrackPointExtension>
        </extensions>
      </trkpt>
      <trkpt lat="23.1645855121314525604248046875" lon="113.44032539986073970794677734375">
        <ele>11</ele>
        <time>2024-07-24T22:06:40.000Z</time>
        <extensions>
          <ns3:TrackPointExtension>
            <ns3:hr>77</ns3:hr>
          </ns3:TrackPointExtension>
        </extensions>
      </trkpt>
      <trkpt lat="23.1645395793020725250244140625" lon="113.44036697410047054290771484375">
        <ele>10.3999996185302734375</ele>
        <time>2024-07-24T22:06:41.000Z</time>
        <extensions>
          <ns3:TrackPointExtension>
            <ns3:hr>77</ns3:hr>
          </ns3:TrackPointExtension>
        </extensions>
      </trkpt>
      <trkpt lat="23.1644944846630096435546875" lon="113.4404108114540576934814453125">
        <ele>10.19999980926513671875</ele>
        <time>2024-07-24T22:06:42.000Z</time>
        <extensions>
          <ns3:TrackPointExtension>
            <ns3:hr>78</ns3:hr>
          </ns3:TrackPointExtension>
        </extensions>
      </trkpt>
      <trkpt lat="23.16444813273847103118896484375" lon="113.44045263715088367462158203125">
        <ele>10</ele>
        <time>2024-07-24T22:06:43.000Z</time>
        <extensions>
          <ns3:TrackPointExtension>
            <ns3:hr>81</ns3:hr>
          </ns3:TrackPointExtension>
        </extensions>
      </trkpt>
      <trkpt lat="23.16439901478588581085205078125" lon="113.4404909424483776092529296875">
        <ele>9.80000019073486328125</ele>
        <time>2024-07-24T22:06:44.000Z</time>
        <extensions>
          <ns3:TrackPointExtension>
            <ns3:hr>82</ns3:hr>
          </ns3:TrackPointExtension>
        </extensions>
      </trkpt>
      <trkpt lat="23.16434889100492000579833984375" lon="113.4405261464416980743408203125">
        <ele>9.80000019073486328125</ele>
        <time>2024-07-24T22:06:45.000Z</time>
        <extensions>
          <ns3:TrackPointExtension>
            <ns3:hr>82</ns3:hr>
          </ns3:TrackPointExtension>
        </extensions>
      </trkpt>
      <trkpt lat="23.16429859958589076995849609375" lon="113.44056126661598682403564453125">
        <ele>9.6000003814697265625</ele>
        <time>2024-07-24T22:06:46.000Z</time>
        <extensions>
          <ns3:TrackPointExtension>
            <ns3:hr>82</ns3:hr>
          </ns3:TrackPointExtension>
        </extensions>
      </trkpt>
      <trkpt lat="23.16424679942429065704345703125" lon="113.44059638679027557373046875">
        <ele>9.3999996185302734375</ele>
        <time>2024-07-24T22:06:47.000Z</time>
        <extensions>
          <ns3:TrackPointExtension>
            <ns3:hr>82</ns3:hr>
          </ns3:TrackPointExtension>
        </extensions>
      </trkpt>
      <trkpt lat="23.1641939096152782440185546875" lon="113.44062983058393001556396484375">
        <ele>9.19999980926513671875</ele>
        <time>2024-07-24T22:06:48.000Z</time>
        <extensions>
          <ns3:TrackPointExtension>
            <ns3:hr>82</ns3:hr>
          </ns3:TrackPointExtension>
        </extensions>
      </trkpt>
      <trkpt lat="23.16414135508239269256591796875" lon="113.440665118396282196044921875">
        <ele>9</ele>
        <time>2024-07-24T22:06:49.000Z</time>
        <extensions>
          <ns3:TrackPointExtension>
            <ns3:hr>81</ns3:hr>
          </ns3:TrackPointExtension>
        </extensions>
      </trkpt>
      <trkpt lat="23.164090812206268310546875" lon="113.44070141203701496124267578125">
        <ele>9.3999996185302734375</ele>
        <time>2024-07-24T22:06:50.000Z</time>
        <extensions>
          <ns3:TrackPointExtension>
            <ns3:hr>81</ns3:hr>
          </ns3:TrackPointExtension>
        </extensions>
      </trkpt>
      <trkpt lat="23.1640393473207950592041015625" lon="113.4407356940209865570068359375">
        <ele>9.6000003814697265625</ele>
        <time>2024-07-24T22:06:51.000Z</time>
        <extensions>
          <ns3:TrackPointExtension>
            <ns3:hr>81</ns3:hr>
          </ns3:TrackPointExtension>
        </extensions>
      </trkpt>
      <trkpt lat="23.1639883853495121002197265625" lon="113.440768383443355560302734375">
        <ele>9.80000019073486328125</ele>
        <time>2024-07-24T22:06:52.000Z</time>
        <extensions>
          <ns3:TrackPointExtension>
            <ns3:hr>81</ns3:hr>
          </ns3:TrackPointExtension>
        </extensions>
      </trkpt>
      <trkpt lat="23.16393725574016571044921875" lon="113.4408010728657245635986328125">
        <ele>9.80000019073486328125</ele>
        <time>2024-07-24T22:06:53.000Z</time>
        <extensions>
          <ns3:TrackPointExtension>
            <ns3:hr>81</ns3:hr>
          </ns3:TrackPointExtension>
        </extensions>
      </trkpt>
      <trkpt lat="23.1638804264366626739501953125" lon="113.44083552248775959014892578125">
        <ele>9.6000003814697265625</ele>
        <time>2024-07-24T22:06:54.000Z</time>
        <extensions>
          <ns3:TrackPointExtension>
            <ns3:hr>81</ns3:hr>
          </ns3:TrackPointExtension>
        </extensions>
      </trkpt>
      <trkpt lat="23.1638277880847454071044921875" lon="113.44086519442498683929443359375">
        <ele>9.80000019073486328125</ele>
        <time>2024-07-24T22:06:55.000Z</time>
        <extensions>
          <ns3:TrackPointExtension>
            <ns3:hr>79</ns3:hr>
          </ns3:TrackPointExtension>
        </extensions>
      </trkpt>
      <trkpt lat="23.1637764908373355865478515625" lon="113.44089402817189693450927734375">
        <ele>9.80000019073486328125</ele>
        <time>2024-07-24T22:06:56.000Z</time>
        <extensions>
          <ns3:TrackPointExtension>
            <ns3:hr>78</ns3:hr>
          </ns3:TrackPointExtension>
        </extensions>
      </trkpt>
      <trkpt lat="23.16372678615152835845947265625" lon="113.44092537648975849151611328125">
        <ele>10</ele>
        <time>2024-07-24T22:06:57.000Z</time>
        <extensions>
          <ns3:TrackPointExtension>
            <ns3:hr>79</ns3:hr>
          </ns3:TrackPointExtension>
        </extensions>
      </trkpt>
      <trkpt lat="23.1636789254844188690185546875" lon="113.44096058048307895660400390625">
        <ele>10.19999980926513671875</ele>
        <time>2024-07-24T22:06:58.000Z</time>
        <extensions>
          <ns3:TrackPointExtension>
            <ns3:hr>79</ns3:hr>
          </ns3:TrackPointExtension>
        </extensions>
      </trkpt>
      <trkpt lat="23.1636313162744045257568359375" lon="113.44099796377122402191162109375">
        <ele>10.6000003814697265625</ele>
        <time>2024-07-24T22:06:59.000Z</time>
        <extensions>
          <ns3:TrackPointExtension>
            <ns3:hr>81</ns3:hr>
          </ns3:TrackPointExtension>
        </extensions>
      </trkpt>
      <trkpt lat="23.16358345560729503631591796875" lon="113.44103568233549594879150390625">
        <ele>10.80000019073486328125</ele>
        <time>2024-07-24T22:07:00.000Z</time>
        <extensions>
          <ns3:TrackPointExtension>
            <ns3:hr>83</ns3:hr>
          </ns3:TrackPointExtension>
        </extensions>
      </trkpt>
      <trkpt lat="23.16353685222566127777099609375" lon="113.44107449054718017578125">
        <ele>11.19999980926513671875</ele>
        <time>2024-07-24T22:07:01.000Z</time>
        <extensions>
          <ns3:TrackPointExtension>
            <ns3:hr>85</ns3:hr>
          </ns3:TrackPointExtension>
        </extensions>
      </trkpt>
      <trkpt lat="23.1634928472340106964111328125" lon="113.4411142207682132720947265625">
        <ele>11.6000003814697265625</ele>
        <time>2024-07-24T22:07:02.000Z</time>
        <extensions>
          <ns3:TrackPointExtension>
            <ns3:hr>85</ns3:hr>
          </ns3:TrackPointExtension>
        </extensions>
      </trkpt>
      <trkpt lat="23.16345051862299442291259765625" lon="113.44115504063665866851806640625">
        <ele>12</ele>
        <time>2024-07-24T22:07:03.000Z</time>
        <extensions>
          <ns3:TrackPointExtension>
            <ns3:hr>85</ns3:hr>
          </ns3:TrackPointExtension>
        </extensions>
      </trkpt>
      <trkpt lat="23.16340894438326358795166015625" lon="113.4411950223147869110107421875">
        <ele>12.6000003814697265625</ele>
        <time>2024-07-24T22:07:04.000Z</time>
        <extensions>
          <ns3:TrackPointExtension>
            <ns3:hr>85</ns3:hr>
          </ns3:TrackPointExtension>
        </extensions>
      </trkpt>
      <trkpt lat="23.1633698008954524993896484375" lon="113.44123483635485172271728515625">
        <ele>12.80000019073486328125</ele>
        <time>2024-07-24T22:07:05.000Z</time>
        <extensions>
          <ns3:TrackPointExtension>
            <ns3:hr>85</ns3:hr>
          </ns3:TrackPointExtension>
        </extensions>
      </trkpt>
      <trkpt lat="23.1633339263498783111572265625" lon="113.4412754885852336883544921875">
        <ele>12.80000019073486328125</ele>
        <time>2024-07-24T22:07:06.000Z</time>
        <extensions>
          <ns3:TrackPointExtension>
            <ns3:hr>85</ns3:hr>
          </ns3:TrackPointExtension>
        </extensions>
      </trkpt>
      <trkpt lat="23.16331272013485431671142578125" lon="113.44130809418857097625732421875">
        <ele>12.80000019073486328125</ele>
        <time>2024-07-24T22:07:07.000Z</time>
        <extensions>
          <ns3:TrackPointExtension>
            <ns3:hr>86</ns3:hr>
          </ns3:TrackPointExtension>
        </extensions>
      </trkpt>
      <trkpt lat="23.1632873229682445526123046875" lon="113.4413552843034267425537109375">
        <ele>12.80000019073486328125</ele>
        <time>2024-07-24T22:07:08.000Z</time>
        <extensions>
          <ns3:TrackPointExtension>
            <ns3:hr>84</ns3:hr>
          </ns3:TrackPointExtension>
        </extensions>
      </trkpt>
      <trkpt lat="23.16325723193585872650146484375" lon="113.44141873531043529510498046875">
        <ele>12.80000019073486328125</ele>
        <time>2024-07-24T22:07:09.000Z</time>
        <extensions>
          <ns3:TrackPointExtension>
            <ns3:hr>84</ns3:hr>
          </ns3:TrackPointExtension>
        </extensions>
      </trkpt>
      <trkpt lat="23.1632420606911182403564453125" lon="113.441456370055675506591796875">
        <ele>12.6000003814697265625</ele>
        <time>2024-07-24T22:07:10.000Z</time>
        <extensions>
          <ns3:TrackPointExtension>
            <ns3:hr>84</ns3:hr>
          </ns3:TrackPointExtension>
        </extensions>
      </trkpt>
      <trkpt lat="23.16322739236056804656982421875" lon="113.44150691293179988861083984375">
        <ele>12.19999980926513671875</ele>
        <time>2024-07-24T22:07:11.000Z</time>
        <extensions>
          <ns3:TrackPointExtension>
            <ns3:hr>83</ns3:hr>
          </ns3:TrackPointExtension>
        </extensions>
      </trkpt>
      <trkpt lat="23.16321029327809810638427734375" lon="113.4415594674646854400634765625">
        <ele>12</ele>
        <time>2024-07-24T22:07:12.000Z</time>
        <extensions>
          <ns3:TrackPointExtension>
            <ns3:hr>82</ns3:hr>
          </ns3:TrackPointExtension>
        </extensions>
      </trkpt>
      <trkpt lat="23.16318732686340808868408203125" lon="113.4416095912456512451171875">
        <ele>11.6000003814697265625</ele>
        <time>2024-07-24T22:07:13.000Z</time>
        <extensions>
          <ns3:TrackPointExtension>
            <ns3:hr>80</ns3:hr>
          </ns3:TrackPointExtension>
        </extensions>
      </trkpt>
      <trkpt lat="23.16315463744103908538818359375" lon="113.4416577033698558807373046875">
        <ele>11.3999996185302734375</ele>
        <time>2024-07-24T22:07:14.000Z</time>
        <extensions>
          <ns3:TrackPointExtension>
            <ns3:hr>79</ns3:hr>
          </ns3:TrackPointExtension>
        </extensions>
      </trkpt>
      <trkpt lat="23.16310920752584934234619140625" lon="113.44171042554080486297607421875">
        <ele>11.19999980926513671875</ele>
        <time>2024-07-24T22:07:15.000Z</time>
        <extensions>
          <ns3:TrackPointExtension>
            <ns3:hr>79</ns3:hr>
          </ns3:TrackPointExtension>
        </extensions>
      </trkpt>
      <trkpt lat="23.1630828045308589935302734375" lon="113.44173456542193889617919921875">
        <ele>11.19999980926513671875</ele>
        <time>2024-07-24T22:07:16.000Z</time>
        <extensions>
          <ns3:TrackPointExtension>
            <ns3:hr>78</ns3:hr>
          </ns3:TrackPointExtension>
        </extensions>
      </trkpt>
      <trkpt lat="23.16304835490882396697998046875" lon="113.4417592920362949371337890625">
        <ele>11</ele>
        <time>2024-07-24T22:07:17.000Z</time>
        <extensions>
          <ns3:TrackPointExtension>
            <ns3:hr>77</ns3:hr>
          </ns3:TrackPointExtension>
        </extensions>
      </trkpt>
      <trkpt lat="23.1630077026784420013427734375" lon="113.4417758882045745849609375">
        <ele>11</ele>
        <time>2024-07-24T22:07:18.000Z</time>
        <extensions>
          <ns3:TrackPointExtension>
            <ns3:hr>77</ns3:hr>
          </ns3:TrackPointExtension>
        </extensions>
      </trkpt>
      <trkpt lat="23.16296051256358623504638671875" lon="113.44178100116550922393798828125">
        <ele>11</ele>
        <time>2024-07-24T22:07:19.000Z</time>
        <extensions>
          <ns3:TrackPointExtension>
            <ns3:hr>76</ns3:hr>
          </ns3:TrackPointExtension>
        </extensions>
      </trkpt>
      <trkpt lat="23.16291005350649356842041015625" lon="113.441776223480701446533203125">
        <ele>11</ele>
        <time>2024-07-24T22:07:20.000Z</time>
        <extensions>
          <ns3:TrackPointExtension>
            <ns3:hr>76</ns3:hr>
          </ns3:TrackPointExtension>
        </extensions>
      </trkpt>
      <trkpt lat="23.16285758279263973236083984375" lon="113.4417670033872127532958984375">
        <ele>11</ele>
        <time>2024-07-24T22:07:21.000Z</time>
        <extensions>
          <ns3:TrackPointExtension>
            <ns3:hr>76</ns3:hr>
          </ns3:TrackPointExtension>
        </extensions>
      </trkpt>
      <trkpt lat="23.162805028259754180908203125" lon="113.44175568781793117523193359375">
        <ele>11.19999980926513671875</ele>
        <time>2024-07-24T22:07:22.000Z</time>
        <extensions>
          <ns3:TrackPointExtension>
            <ns3:hr>76</ns3:hr>
          </ns3:TrackPointExtension>
        </extensions>
      </trkpt>
      <trkpt lat="23.162752725183963775634765625" lon="113.4417437016963958740234375">
        <ele>11.19999980926513671875</ele>
        <time>2024-07-24T22:07:23.000Z</time>
        <extensions>
          <ns3:TrackPointExtension>
            <ns3:hr>76</ns3:hr>
          </ns3:TrackPointExtension>
        </extensions>
      </trkpt>
      <trkpt lat="23.1627000868320465087890625" lon="113.44173221848905086517333984375">
        <ele>11.19999980926513671875</ele>
        <time>2024-07-24T22:07:24.000Z</time>
        <extensions>
          <ns3:TrackPointExtension>
            <ns3:hr>76</ns3:hr>
          </ns3:TrackPointExtension>
        </extensions>
      </trkpt>
      <trkpt lat="23.16264711320400238037109375" lon="113.44172333367168903350830078125">
        <ele>11.19999980926513671875</ele>
        <time>2024-07-24T22:07:25.000Z</time>
        <extensions>
          <ns3:TrackPointExtension>
            <ns3:hr>76</ns3:hr>
          </ns3:TrackPointExtension>
        </extensions>
      </trkpt>
      <trkpt lat="23.1625926308333873748779296875" lon="113.44171830452978610992431640625">
        <ele>11.19999980926513671875</ele>
        <time>2024-07-24T22:07:26.000Z</time>
        <extensions>
          <ns3:TrackPointExtension>
            <ns3:hr>75</ns3:hr>
          </ns3:TrackPointExtension>
        </extensions>
      </trkpt>
      <trkpt lat="23.16251928918063640594482421875" lon="113.44171377830207347869873046875">
        <ele>11.19999980926513671875</ele>
        <time>2024-07-24T22:07:27.000Z</time>
        <extensions>
          <ns3:TrackPointExtension>
            <ns3:hr>74</ns3:hr>
          </ns3:TrackPointExtension>
        </extensions>
      </trkpt>
      <trkpt lat="23.16246648319065570831298828125" lon="113.44171243719756603240966796875">
        <ele>11</ele>
        <time>2024-07-24T22:07:28.000Z</time>
        <extensions>
          <ns3:TrackPointExtension>
            <ns3:hr>74</ns3:hr>
          </ns3:TrackPointExtension>
        </extensions>
      </trkpt>
      <trkpt lat="23.1624305248260498046875" lon="113.44171159900724887847900390625">
        <ele>10.80000019073486328125</ele>
        <time>2024-07-24T22:07:29.000Z</time>
        <extensions>
          <ns3:TrackPointExtension>
            <ns3:hr>73</ns3:hr>
          </ns3:TrackPointExtension>
        </extensions>
      </trkpt>
      <trkpt lat="23.16238434053957462310791015625" lon="113.4417093358933925628662109375">
        <ele>10.6000003814697265625</ele>
        <time>2024-07-24T22:07:30.000Z</time>
        <extensions>
          <ns3:TrackPointExtension>
            <ns3:hr>73</ns3:hr>
          </ns3:TrackPointExtension>
        </extensions>
      </trkpt>
      <trkpt lat="23.16233522258698940277099609375" lon="113.44170556403696537017822265625">
        <ele>10.3999996185302734375</ele>
        <time>2024-07-24T22:07:31.000Z</time>
        <extensions>
          <ns3:TrackPointExtension>
            <ns3:hr>74</ns3:hr>
          </ns3:TrackPointExtension>
        </extensions>
      </trkpt>
      <trkpt lat="23.16228660754859447479248046875" lon="113.44169919379055500030517578125">
        <ele>10.19999980926513671875</ele>
        <time>2024-07-24T22:07:32.000Z</time>
        <extensions>
          <ns3:TrackPointExtension>
            <ns3:hr>75</ns3:hr>
          </ns3:TrackPointExtension>
        </extensions>
      </trkpt>
      <trkpt lat="23.16223782487213611602783203125" lon="113.4416902251541614532470703125">
        <ele>10.19999980926513671875</ele>
        <time>2024-07-24T22:07:33.000Z</time>
        <extensions>
          <ns3:TrackPointExtension>
            <ns3:hr>75</ns3:hr>
          </ns3:TrackPointExtension>
        </extensions>
      </trkpt>
      <trkpt lat="23.1621877849102020263671875" lon="113.4416808374226093292236328125">
        <ele>10</ele>
        <time>2024-07-24T22:07:34.000Z</time>
        <extensions>
          <ns3:TrackPointExtension>
            <ns3:hr>75</ns3:hr>
          </ns3:TrackPointExtension>
        </extensions>
      </trkpt>
      <trkpt lat="23.16213757731020450592041015625" lon="113.44167103059589862823486328125">
        <ele>10</ele>
        <time>2024-07-24T22:07:35.000Z</time>
        <extensions>
          <ns3:TrackPointExtension>
            <ns3:hr>75</ns3:hr>
          </ns3:TrackPointExtension>
        </extensions>
      </trkpt>
      <trkpt lat="23.162089884281158447265625" lon="113.4416592121124267578125">
        <ele>10</ele>
        <time>2024-07-24T22:07:36.000Z</time>
        <extensions>
          <ns3:TrackPointExtension>
            <ns3:hr>75</ns3:hr>
          </ns3:TrackPointExtension>
        </extensions>
      </trkpt>
      <trkpt lat="23.16204571165144443511962890625" lon="113.44164320267736911773681640625">
        <ele>9.80000019073486328125</ele>
        <time>2024-07-24T22:07:37.000Z</time>
        <extensions>
          <ns3:TrackPointExtension>
            <ns3:hr>75</ns3:hr>
          </ns3:TrackPointExtension>
        </extensions>
      </trkpt>
      <trkpt lat="23.1620052270591259002685546875" lon="113.44162090681493282318115234375">
        <ele>9.80000019073486328125</ele>
        <time>2024-07-24T22:07:38.000Z</time>
        <extensions>
          <ns3:TrackPointExtension>
            <ns3:hr>75</ns3:hr>
          </ns3:TrackPointExtension>
        </extensions>
      </trkpt>
      <trkpt lat="23.16197010688483715057373046875" lon="113.44159106723964214324951171875">
        <ele>9.80000019073486328125</ele>
        <time>2024-07-24T22:07:39.000Z</time>
        <extensions>
          <ns3:TrackPointExtension>
            <ns3:hr>76</ns3:hr>
          </ns3:TrackPointExtension>
        </extensions>
      </trkpt>
      <trkpt lat="23.16194211132824420928955078125" lon="113.44155368395149707794189453125">
        <ele>9.80000019073486328125</ele>
        <time>2024-07-24T22:07:40.000Z</time>
        <extensions>
          <ns3:TrackPointExtension>
            <ns3:hr>77</ns3:hr>
          </ns3:TrackPointExtension>
        </extensions>
      </trkpt>
      <trkpt lat="23.16192132420837879180908203125" lon="113.4415115229785442352294921875">
        <ele>10</ele>
        <time>2024-07-24T22:07:41.000Z</time>
        <extensions>
          <ns3:TrackPointExtension>
            <ns3:hr>81</ns3:hr>
          </ns3:TrackPointExtension>
        </extensions>
      </trkpt>
      <trkpt lat="23.16190824843943119049072265625" lon="113.44146533869206905364990234375">
        <ele>10.3999996185302734375</ele>
        <time>2024-07-24T22:07:42.000Z</time>
        <extensions>
          <ns3:TrackPointExtension>
            <ns3:hr>84</ns3:hr>
          </ns3:TrackPointExtension>
        </extensions>
      </trkpt>
      <trkpt lat="23.16190187819302082061767578125" lon="113.4414164721965789794921875">
        <ele>10.6000003814697265625</ele>
        <time>2024-07-24T22:07:43.000Z</time>
        <extensions>
          <ns3:TrackPointExtension>
            <ns3:hr>87</ns3:hr>
          </ns3:TrackPointExtension>
        </extensions>
      </trkpt>
      <trkpt lat="23.16190104000270366668701171875" lon="113.44136743806302547454833984375">
        <ele>10.80000019073486328125</ele>
        <time>2024-07-24T22:07:44.000Z</time>
        <extensions>
          <ns3:TrackPointExtension>
            <ns3:hr>87</ns3:hr>
          </ns3:TrackPointExtension>
        </extensions>
      </trkpt>
      <trkpt lat="23.1619022972881793975830078125" lon="113.44131899066269397735595703125">
        <ele>11</ele>
        <time>2024-07-24T22:07:45.000Z</time>
        <extensions>
          <ns3:TrackPointExtension>
            <ns3:hr>87</ns3:hr>
          </ns3:TrackPointExtension>
        </extensions>
      </trkpt>
      <trkpt lat="23.1619049794971942901611328125" lon="113.441273309290409088134765625">
        <ele>11</ele>
        <time>2024-07-24T22:07:46.000Z</time>
        <extensions>
          <ns3:TrackPointExtension>
            <ns3:hr>86</ns3:hr>
          </ns3:TrackPointExtension>
        </extensions>
      </trkpt>
      <trkpt lat="23.16190891899168491363525390625" lon="113.44122846610844135284423828125">
        <ele>11.19999980926513671875</ele>
        <time>2024-07-24T22:07:47.000Z</time>
        <extensions>
          <ns3:TrackPointExtension>
            <ns3:hr>86</ns3:hr>
          </ns3:TrackPointExtension>
        </extensions>
      </trkpt>
      <trkpt lat="23.16191109828650951385498046875" lon="113.4411858022212982177734375">
        <ele>11.19999980926513671875</ele>
        <time>2024-07-24T22:07:48.000Z</time>
        <extensions>
          <ns3:TrackPointExtension>
            <ns3:hr>85</ns3:hr>
          </ns3:TrackPointExtension>
        </extensions>
      </trkpt>
      <trkpt lat="23.16191327758133411407470703125" lon="113.44114582054316997528076171875">
        <ele>11.3999996185302734375</ele>
        <time>2024-07-24T22:07:49.000Z</time>
        <extensions>
          <ns3:TrackPointExtension>
            <ns3:hr>85</ns3:hr>
          </ns3:TrackPointExtension>
        </extensions>
      </trkpt>
      <trkpt lat="23.161916546523571014404296875" lon="113.4411058388650417327880859375">
        <ele>11.3999996185302734375</ele>
        <time>2024-07-24T22:07:50.000Z</time>
        <extensions>
          <ns3:TrackPointExtension>
            <ns3:hr>83</ns3:hr>
          </ns3:TrackPointExtension>
        </extensions>
      </trkpt>
      <trkpt lat="23.16192015074193477630615234375" lon="113.44106468372046947479248046875">
        <ele>11.6000003814697265625</ele>
        <time>2024-07-24T22:07:51.000Z</time>
        <extensions>
          <ns3:TrackPointExtension>
            <ns3:hr>82</ns3:hr>
          </ns3:TrackPointExtension>
        </extensions>
      </trkpt>
      <trkpt lat="23.16192551515996456146240234375" lon="113.44102243892848491668701171875">
        <ele>11.80000019073486328125</ele>
        <time>2024-07-24T22:07:52.000Z</time>
        <extensions>
          <ns3:TrackPointExtension>
            <ns3:hr>82</ns3:hr>
          </ns3:TrackPointExtension>
        </extensions>
      </trkpt>
      <trkpt lat="23.161929957568645477294921875" lon="113.4409787692129611968994140625">
        <ele>11.80000019073486328125</ele>
        <time>2024-07-24T22:07:53.000Z</time>
        <extensions>
          <ns3:TrackPointExtension>
            <ns3:hr>82</ns3:hr>
          </ns3:TrackPointExtension>
        </extensions>
      </trkpt>
      <trkpt lat="23.161931298673152923583984375" lon="113.44093442894518375396728515625">
        <ele>12</ele>
        <time>2024-07-24T22:07:54.000Z</time>
        <extensions>
          <ns3:TrackPointExtension>
            <ns3:hr>83</ns3:hr>
          </ns3:TrackPointExtension>
        </extensions>
      </trkpt>
      <trkpt lat="23.16193071193993091583251953125" lon="113.44089142978191375732421875">
        <ele>12.19999980926513671875</ele>
        <time>2024-07-24T22:07:55.000Z</time>
        <extensions>
          <ns3:TrackPointExtension>
            <ns3:hr>85</ns3:hr>
          </ns3:TrackPointExtension>
        </extensions>
      </trkpt>
      <trkpt lat="23.16193054430186748504638671875" lon="113.44084809534251689910888671875">
        <ele>12.3999996185302734375</ele>
        <time>2024-07-24T22:07:56.000Z</time>
        <extensions>
          <ns3:TrackPointExtension>
            <ns3:hr>86</ns3:hr>
          </ns3:TrackPointExtension>
        </extensions>
      </trkpt>
      <trkpt lat="23.16193171776831150054931640625" lon="113.44080333597958087921142578125">
        <ele>12.3999996185302734375</ele>
        <time>2024-07-24T22:07:57.000Z</time>
        <extensions>
          <ns3:TrackPointExtension>
            <ns3:hr>86</ns3:hr>
          </ns3:TrackPointExtension>
        </extensions>
      </trkpt>
      <trkpt lat="23.16193473525345325469970703125" lon="113.44075824134051799774169921875">
        <ele>12.6000003814697265625</ele>
        <time>2024-07-24T22:07:58.000Z</time>
        <extensions>
          <ns3:TrackPointExtension>
            <ns3:hr>86</ns3:hr>
          </ns3:TrackPointExtension>
        </extensions>
      </trkpt>
      <trkpt lat="23.1619395129382610321044921875" lon="113.44071230851113796234130859375">
        <ele>12.80000019073486328125</ele>
        <time>2024-07-24T22:07:59.000Z</time>
        <extensions>
          <ns3:TrackPointExtension>
            <ns3:hr>86</ns3:hr>
          </ns3:TrackPointExtension>
        </extensions>
      </trkpt>
      <trkpt lat="23.16194412298500537872314453125" lon="113.44066536985337734222412109375">
        <ele>13</ele>
        <time>2024-07-24T22:08:00.000Z</time>
        <extensions>
          <ns3:TrackPointExtension>
            <ns3:hr>86</ns3:hr>
          </ns3:TrackPointExtension>
        </extensions>
      </trkpt>
      <trkpt lat="23.161947727203369140625" lon="113.4406176768243312835693359375">
        <ele>13</ele>
        <time>2024-07-24T22:08:01.000Z</time>
        <extensions>
          <ns3:TrackPointExtension>
            <ns3:hr>86</ns3:hr>
          </ns3:TrackPointExtension>
        </extensions>
      </trkpt>
      <trkpt lat="23.16195032559335231781005859375" lon="113.44056948088109493255615234375">
        <ele>13</ele>
        <time>2024-07-24T22:08:02.000Z</time>
        <extensions>
          <ns3:TrackPointExtension>
            <ns3:hr>86</ns3:hr>
          </ns3:TrackPointExtension>
        </extensions>
      </trkpt>
      <trkpt lat="23.1619515828788280487060546875" lon="113.44052237458527088165283203125">
        <ele>13</ele>
        <time>2024-07-24T22:08:03.000Z</time>
        <extensions>
          <ns3:TrackPointExtension>
            <ns3:hr>86</ns3:hr>
          </ns3:TrackPointExtension>
        </extensions>
      </trkpt>
      <trkpt lat="23.1619509123265743255615234375" lon="113.44047577120363712310791015625">
        <ele>13</ele>
        <time>2024-07-24T22:08:04.000Z</time>
        <extensions>
          <ns3:TrackPointExtension>
            <ns3:hr>87</ns3:hr>
          </ns3:TrackPointExtension>
        </extensions>
      </trkpt>
      <trkpt lat="23.16194999031722545623779296875" lon="113.44042799435555934906005859375">
        <ele>13</ele>
        <time>2024-07-24T22:08:05.000Z</time>
        <extensions>
          <ns3:TrackPointExtension>
            <ns3:hr>87</ns3:hr>
          </ns3:TrackPointExtension>
        </extensions>
      </trkpt>
      <trkpt lat="23.16194814629852771759033203125" lon="113.440381474792957305908203125">
        <ele>13</ele>
        <time>2024-07-24T22:08:06.000Z</time>
        <extensions>
          <ns3:TrackPointExtension>
            <ns3:hr>87</ns3:hr>
          </ns3:TrackPointExtension>
        </extensions>
      </trkpt>
      <trkpt lat="23.16194982267916202545166015625" lon="113.4403347037732601165771484375">
        <ele>12.80000019073486328125</ele>
        <time>2024-07-24T22:08:07.000Z</time>
        <extensions>
          <ns3:TrackPointExtension>
            <ns3:hr>87</ns3:hr>
          </ns3:TrackPointExtension>
        </extensions>
      </trkpt>
      <trkpt lat="23.161955438554286956787109375" lon="113.44028734602034091949462890625">
        <ele>12.6000003814697265625</ele>
        <time>2024-07-24T22:08:08.000Z</time>
        <extensions>
          <ns3:TrackPointExtension>
            <ns3:hr>89</ns3:hr>
          </ns3:TrackPointExtension>
        </extensions>
      </trkpt>
      <trkpt lat="23.1619649939239025115966796875" lon="113.4402425028383731842041015625">
        <ele>12.6000003814697265625</ele>
        <time>2024-07-24T22:08:09.000Z</time>
        <extensions>
          <ns3:TrackPointExtension>
            <ns3:hr>91</ns3:hr>
          </ns3:TrackPointExtension>
        </extensions>
      </trkpt>
      <trkpt lat="23.16197195090353488922119140625" lon="113.440195731818675994873046875">
        <ele>12.3999996185302734375</ele>
        <time>2024-07-24T22:08:10.000Z</time>
        <extensions>
          <ns3:TrackPointExtension>
            <ns3:hr>92</ns3:hr>
          </ns3:TrackPointExtension>
        </extensions>
      </trkpt>
      <trkpt lat="23.16197563894093036651611328125" lon="113.44014468602836132049560546875">
        <ele>12.19999980926513671875</ele>
        <time>2024-07-24T22:08:11.000Z</time>
        <extensions>
          <ns3:TrackPointExtension>
            <ns3:hr>93</ns3:hr>
          </ns3:TrackPointExtension>
        </extensions>
      </trkpt>
      <trkpt lat="23.16197345964610576629638671875" lon="113.440092466771602630615234375">
        <ele>12.19999980926513671875</ele>
        <time>2024-07-24T22:08:12.000Z</time>
        <extensions>
          <ns3:TrackPointExtension>
            <ns3:hr>93</ns3:hr>
          </ns3:TrackPointExtension>
        </extensions>
      </trkpt>
      <trkpt lat="23.1619693525135517120361328125" lon="113.440040163695812225341796875">
        <ele>12</ele>
        <time>2024-07-24T22:08:13.000Z</time>
        <extensions>
          <ns3:TrackPointExtension>
            <ns3:hr>94</ns3:hr>
          </ns3:TrackPointExtension>
        </extensions>
      </trkpt>
      <trkpt lat="23.16196692176163196563720703125" lon="113.439989872276782989501953125">
        <ele>11.80000019073486328125</ele>
        <time>2024-07-24T22:08:14.000Z</time>
        <extensions>
          <ns3:TrackPointExtension>
            <ns3:hr>94</ns3:hr>
          </ns3:TrackPointExtension>
        </extensions>
      </trkpt>
      <trkpt lat="23.16196507774293422698974609375" lon="113.4399420954287052154541015625">
        <ele>11.6000003814697265625</ele>
        <time>2024-07-24T22:08:15.000Z</time>
        <extensions>
          <ns3:TrackPointExtension>
            <ns3:hr>95</ns3:hr>
          </ns3:TrackPointExtension>
        </extensions>
      </trkpt>
      <trkpt lat="23.16196608357131481170654296875" lon="113.43989658169448375701904296875">
        <ele>11.3999996185302734375</ele>
        <time>2024-07-24T22:08:16.000Z</time>
        <extensions>
          <ns3:TrackPointExtension>
            <ns3:hr>94</ns3:hr>
          </ns3:TrackPointExtension>
        </extensions>
      </trkpt>
      <trkpt lat="23.1619716994464397430419921875" lon="113.4398519061505794525146484375">
        <ele>11.19999980926513671875</ele>
        <time>2024-07-24T22:08:17.000Z</time>
        <extensions>
          <ns3:TrackPointExtension>
            <ns3:hr>92</ns3:hr>
          </ns3:TrackPointExtension>
        </extensions>
      </trkpt>
      <trkpt lat="23.161978907883167266845703125" lon="113.43980723060667514801025390625">
        <ele>11</ele>
        <time>2024-07-24T22:08:18.000Z</time>
        <extensions>
          <ns3:TrackPointExtension>
            <ns3:hr>91</ns3:hr>
          </ns3:TrackPointExtension>
        </extensions>
      </trkpt>
      <trkpt lat="23.16198502667248249053955078125" lon="113.43976180069148540496826171875">
        <ele>10.80000019073486328125</ele>
        <time>2024-07-24T22:08:19.000Z</time>
        <extensions>
          <ns3:TrackPointExtension>
            <ns3:hr>91</ns3:hr>
          </ns3:TrackPointExtension>
        </extensions>
      </trkpt>
      <trkpt lat="23.1619898043572902679443359375" lon="113.43971519730985164642333984375">
        <ele>10.3999996185302734375</ele>
        <time>2024-07-24T22:08:20.000Z</time>
        <extensions>
          <ns3:TrackPointExtension>
            <ns3:hr>90</ns3:hr>
          </ns3:TrackPointExtension>
        </extensions>
      </trkpt>
      <trkpt lat="23.16199441440403461456298828125" lon="113.4396681748330593109130859375">
        <ele>10.19999980926513671875</ele>
        <time>2024-07-24T22:08:21.000Z</time>
        <extensions>
          <ns3:TrackPointExtension>
            <ns3:hr>89</ns3:hr>
          </ns3:TrackPointExtension>
        </extensions>
      </trkpt>
      <trkpt lat="23.16200028173625469207763671875" lon="113.4396207332611083984375">
        <ele>9.80000019073486328125</ele>
        <time>2024-07-24T22:08:22.000Z</time>
        <extensions>
          <ns3:TrackPointExtension>
            <ns3:hr>89</ns3:hr>
          </ns3:TrackPointExtension>
        </extensions>
      </trkpt>
      <trkpt lat="23.16200631670653820037841796875" lon="113.43957270495593547821044921875">
        <ele>9.3999996185302734375</ele>
        <time>2024-07-24T22:08:23.000Z</time>
        <extensions>
          <ns3:TrackPointExtension>
            <ns3:hr>88</ns3:hr>
          </ns3:TrackPointExtension>
        </extensions>
      </trkpt>
      <trkpt lat="23.16201184876263141632080078125" lon="113.43952509574592113494873046875">
        <ele>9.3999996185302734375</ele>
        <time>2024-07-24T22:08:24.000Z</time>
        <extensions>
          <ns3:TrackPointExtension>
            <ns3:hr>88</ns3:hr>
          </ns3:TrackPointExtension>
        </extensions>
      </trkpt>
      <trkpt lat="23.16201654262840747833251953125" lon="113.43947790563106536865234375">
        <ele>9.80000019073486328125</ele>
        <time>2024-07-24T22:08:25.000Z</time>
        <extensions>
          <ns3:TrackPointExtension>
            <ns3:hr>88</ns3:hr>
          </ns3:TrackPointExtension>
        </extensions>
      </trkpt>
      <trkpt lat="23.1620209850370883941650390625" lon="113.4394297935068607330322265625">
        <ele>10.19999980926513671875</ele>
        <time>2024-07-24T22:08:26.000Z</time>
        <extensions>
          <ns3:TrackPointExtension>
            <ns3:hr>88</ns3:hr>
          </ns3:TrackPointExtension>
        </extensions>
      </trkpt>
      <trkpt lat="23.16202509216964244842529296875" lon="113.43938134610652923583984375">
        <ele>10.6000003814697265625</ele>
        <time>2024-07-24T22:08:27.000Z</time>
        <extensions>
          <ns3:TrackPointExtension>
            <ns3:hr>88</ns3:hr>
          </ns3:TrackPointExtension>
        </extensions>
      </trkpt>
      <trkpt lat="23.16202878020703792572021484375" lon="113.4393322281539440155029296875">
        <ele>10.6000003814697265625</ele>
        <time>2024-07-24T22:08:28.000Z</time>
        <extensions>
          <ns3:TrackPointExtension>
            <ns3:hr>89</ns3:hr>
          </ns3:TrackPointExtension>
        </extensions>
      </trkpt>
      <trkpt lat="23.16203163005411624908447265625" lon="113.43928202055394649505615234375">
        <ele>10.6000003814697265625</ele>
        <time>2024-07-24T22:08:29.000Z</time>
        <extensions>
          <ns3:TrackPointExtension>
            <ns3:hr>90</ns3:hr>
          </ns3:TrackPointExtension>
        </extensions>
      </trkpt>
      <trkpt lat="23.16203313879668712615966796875" lon="113.4392316453158855438232421875">
        <ele>10.3999996185302734375</ele>
        <time>2024-07-24T22:08:30.000Z</time>
        <extensions>
          <ns3:TrackPointExtension>
            <ns3:hr>91</ns3:hr>
          </ns3:TrackPointExtension>
        </extensions>
      </trkpt>
      <trkpt lat="23.16203515045344829559326171875" lon="113.43918311409652233123779296875">
        <ele>10.3999996185302734375</ele>
        <time>2024-07-24T22:08:31.000Z</time>
        <extensions>
          <ns3:TrackPointExtension>
            <ns3:hr>92</ns3:hr>
          </ns3:TrackPointExtension>
        </extensions>
      </trkpt>
      <trkpt lat="23.16203883849084377288818359375" lon="113.43913592398166656494140625">
        <ele>10.19999980926513671875</ele>
        <time>2024-07-24T22:08:32.000Z</time>
        <extensions>
          <ns3:TrackPointExtension>
            <ns3:hr>92</ns3:hr>
          </ns3:TrackPointExtension>
        </extensions>
      </trkpt>
      <trkpt lat="23.16204353235661983489990234375" lon="113.4390921704471111297607421875">
        <ele>10</ele>
        <time>2024-07-24T22:08:33.000Z</time>
        <extensions>
          <ns3:TrackPointExtension>
            <ns3:hr>92</ns3:hr>
          </ns3:TrackPointExtension>
        </extensions>
      </trkpt>
      <trkpt lat="23.16204789094626903533935546875" lon="113.4390507638454437255859375">
        <ele>10</ele>
        <time>2024-07-24T22:08:34.000Z</time>
        <extensions>
          <ns3:TrackPointExtension>
            <ns3:hr>92</ns3:hr>
          </ns3:TrackPointExtension>
        </extensions>
      </trkpt>
      <trkpt lat="23.16205124370753765106201171875" lon="113.43900927342474460601806640625">
        <ele>10</ele>
        <time>2024-07-24T22:08:35.000Z</time>
        <extensions>
          <ns3:TrackPointExtension>
            <ns3:hr>92</ns3:hr>
          </ns3:TrackPointExtension>
        </extensions>
      </trkpt>
      <trkpt lat="23.16205241717398166656494140625" lon="113.4389676153659820556640625">
        <ele>10</ele>
        <time>2024-07-24T22:08:36.000Z</time>
        <extensions>
          <ns3:TrackPointExtension>
            <ns3:hr>90</ns3:hr>
          </ns3:TrackPointExtension>
        </extensions>
      </trkpt>
      <trkpt lat="23.1620494835078716278076171875" lon="113.43892537057399749755859375">
        <ele>10</ele>
        <time>2024-07-24T22:08:37.000Z</time>
        <extensions>
          <ns3:TrackPointExtension>
            <ns3:hr>89</ns3:hr>
          </ns3:TrackPointExtension>
        </extensions>
      </trkpt>
      <trkpt lat="23.16204671747982501983642578125" lon="113.4388826228678226470947265625">
        <ele>10</ele>
        <time>2024-07-24T22:08:38.000Z</time>
        <extensions>
          <ns3:TrackPointExtension>
            <ns3:hr>89</ns3:hr>
          </ns3:TrackPointExtension>
        </extensions>
      </trkpt>
      <trkpt lat="23.1620424427092075347900390625" lon="113.438837528228759765625">
        <ele>10</ele>
        <time>2024-07-24T22:08:39.000Z</time>
        <extensions>
          <ns3:TrackPointExtension>
            <ns3:hr>89</ns3:hr>
          </ns3:TrackPointExtension>
        </extensions>
      </trkpt>
      <trkpt lat="23.16203632391989231109619140625" lon="113.4387914277613162994384765625">
        <ele>10.19999980926513671875</ele>
        <time>2024-07-24T22:08:40.000Z</time>
        <extensions>
          <ns3:TrackPointExtension>
            <ns3:hr>88</ns3:hr>
          </ns3:TrackPointExtension>
        </extensions>
      </trkpt>
      <trkpt lat="23.1620313785970211029052734375" lon="113.43874407000839710235595703125">
        <ele>10.19999980926513671875</ele>
        <time>2024-07-24T22:08:41.000Z</time>
        <extensions>
          <ns3:TrackPointExtension>
            <ns3:hr>88</ns3:hr>
          </ns3:TrackPointExtension>
        </extensions>
      </trkpt>
      <trkpt lat="23.16202861256897449493408203125" lon="113.43869612552225589752197265625">
        <ele>10.3999996185302734375</ele>
        <time>2024-07-24T22:08:42.000Z</time>
        <extensions>
          <ns3:TrackPointExtension>
            <ns3:hr>88</ns3:hr>
          </ns3:TrackPointExtension>
        </extensions>
      </trkpt>
      <trkpt lat="23.16202743910253047943115234375" lon="113.4386465884745121002197265625">
        <ele>10.3999996185302734375</ele>
        <time>2024-07-24T22:08:43.000Z</time>
        <extensions>
          <ns3:TrackPointExtension>
            <ns3:hr>89</ns3:hr>
          </ns3:TrackPointExtension>
        </extensions>
      </trkpt>
      <trkpt lat="23.1620295345783233642578125" lon="113.43859587796032428741455078125">
        <ele>10.3999996185302734375</ele>
        <time>2024-07-24T22:08:44.000Z</time>
        <extensions>
          <ns3:TrackPointExtension>
            <ns3:hr>89</ns3:hr>
          </ns3:TrackPointExtension>
        </extensions>
      </trkpt>
      <trkpt lat="23.1620347313582897186279296875" lon="113.43854458071291446685791015625">
        <ele>10.3999996185302734375</ele>
        <time>2024-07-24T22:08:45.000Z</time>
        <extensions>
          <ns3:TrackPointExtension>
            <ns3:hr>90</ns3:hr>
          </ns3:TrackPointExtension>
        </extensions>
      </trkpt>
      <trkpt lat="23.16204135306179523468017578125" lon="113.438494205474853515625">
        <ele>10.6000003814697265625</ele>
        <time>2024-07-24T22:08:46.000Z</time>
        <extensions>
          <ns3:TrackPointExtension>
            <ns3:hr>90</ns3:hr>
          </ns3:TrackPointExtension>
        </extensions>
      </trkpt>
      <trkpt lat="23.16204763948917388916015625" lon="113.43844483606517314910888671875">
        <ele>10.80000019073486328125</ele>
        <time>2024-07-24T22:08:47.000Z</time>
        <extensions>
          <ns3:TrackPointExtension>
            <ns3:hr>91</ns3:hr>
          </ns3:TrackPointExtension>
        </extensions>
      </trkpt>
      <trkpt lat="23.16205459646880626678466796875" lon="113.438396640121936798095703125">
        <ele>11</ele>
        <time>2024-07-24T22:08:48.000Z</time>
        <extensions>
          <ns3:TrackPointExtension>
            <ns3:hr>91</ns3:hr>
          </ns3:TrackPointExtension>
        </extensions>
      </trkpt>
      <trkpt lat="23.16205979324877262115478515625" lon="113.43834693543612957000732421875">
        <ele>11</ele>
        <time>2024-07-24T22:08:49.000Z</time>
        <extensions>
          <ns3:TrackPointExtension>
            <ns3:hr>92</ns3:hr>
          </ns3:TrackPointExtension>
        </extensions>
      </trkpt>
      <trkpt lat="23.1620632298290729522705078125" lon="113.4382979013025760650634765625">
        <ele>11</ele>
        <time>2024-07-24T22:08:50.000Z</time>
        <extensions>
          <ns3:TrackPointExtension>
            <ns3:hr>92</ns3:hr>
          </ns3:TrackPointExtension>
        </extensions>
      </trkpt>
      <trkpt lat="23.16206750459969043731689453125" lon="113.43825121410191059112548828125">
        <ele>10.80000019073486328125</ele>
        <time>2024-07-24T22:08:51.000Z</time>
        <extensions>
          <ns3:TrackPointExtension>
            <ns3:hr>92</ns3:hr>
          </ns3:TrackPointExtension>
        </extensions>
      </trkpt>
      <trkpt lat="23.1620709411799907684326171875" lon="113.4382013417780399322509765625">
        <ele>10.6000003814697265625</ele>
        <time>2024-07-24T22:08:52.000Z</time>
        <extensions>
          <ns3:TrackPointExtension>
            <ns3:hr>93</ns3:hr>
          </ns3:TrackPointExtension>
        </extensions>
      </trkpt>
      <trkpt lat="23.16207538358867168426513671875" lon="113.43815381638705730438232421875">
        <ele>10.6000003814697265625</ele>
        <time>2024-07-24T22:08:53.000Z</time>
        <extensions>
          <ns3:TrackPointExtension>
            <ns3:hr>93</ns3:hr>
          </ns3:TrackPointExtension>
        </extensions>
      </trkpt>
      <trkpt lat="23.1620803289115428924560546875" lon="113.43810084275901317596435546875">
        <ele>10.3999996185302734375</ele>
        <time>2024-07-24T22:08:54.000Z</time>
        <extensions>
          <ns3:TrackPointExtension>
            <ns3:hr>93</ns3:hr>
          </ns3:TrackPointExtension>
        </extensions>
      </trkpt>
      <trkpt lat="23.1620860286056995391845703125" lon="113.43804770149290561676025390625">
        <ele>10.19999980926513671875</ele>
        <time>2024-07-24T22:08:55.000Z</time>
        <extensions>
          <ns3:TrackPointExtension>
            <ns3:hr>93</ns3:hr>
          </ns3:TrackPointExtension>
        </extensions>
      </trkpt>
      <trkpt lat="23.16209164448082447052001953125" lon="113.43799573369324207305908203125">
        <ele>10</ele>
        <time>2024-07-24T22:08:56.000Z</time>
        <extensions>
          <ns3:TrackPointExtension>
            <ns3:hr>93</ns3:hr>
          </ns3:TrackPointExtension>
        </extensions>
      </trkpt>
      <trkpt lat="23.162097595632076263427734375" lon="113.43794527463614940643310546875">
        <ele>9.80000019073486328125</ele>
        <time>2024-07-24T22:08:57.000Z</time>
        <extensions>
          <ns3:TrackPointExtension>
            <ns3:hr>93</ns3:hr>
          </ns3:TrackPointExtension>
        </extensions>
      </trkpt>
      <trkpt lat="23.16210329532623291015625" lon="113.43789548613131046295166015625">
        <ele>9.80000019073486328125</ele>
        <time>2024-07-24T22:08:58.000Z</time>
        <extensions>
          <ns3:TrackPointExtension>
            <ns3:hr>93</ns3:hr>
          </ns3:TrackPointExtension>
        </extensions>
      </trkpt>
      <trkpt lat="23.1621068157255649566650390625" lon="113.43784511089324951171875">
        <ele>9.6000003814697265625</ele>
        <time>2024-07-24T22:08:59.000Z</time>
        <extensions>
          <ns3:TrackPointExtension>
            <ns3:hr>93</ns3:hr>
          </ns3:TrackPointExtension>
        </extensions>
      </trkpt>
      <trkpt lat="23.1621064804494380950927734375" lon="113.4377953223884105682373046875">
        <ele>9.6000003814697265625</ele>
        <time>2024-07-24T22:09:00.000Z</time>
        <extensions>
          <ns3:TrackPointExtension>
            <ns3:hr>93</ns3:hr>
          </ns3:TrackPointExtension>
        </extensions>
      </trkpt>
      <trkpt lat="23.16210488788783550262451171875" lon="113.4377450309693813323974609375">
        <ele>9.6000003814697265625</ele>
        <time>2024-07-24T22:09:01.000Z</time>
        <extensions>
          <ns3:TrackPointExtension>
            <ns3:hr>93</ns3:hr>
          </ns3:TrackPointExtension>
        </extensions>
      </trkpt>
      <trkpt lat="23.16210220567882061004638671875" lon="113.4376940689980983734130859375">
        <ele>9.6000003814697265625</ele>
        <time>2024-07-24T22:09:02.000Z</time>
        <extensions>
          <ns3:TrackPointExtension>
            <ns3:hr>93</ns3:hr>
          </ns3:TrackPointExtension>
        </extensions>
      </trkpt>
      <trkpt lat="23.162100277841091156005859375" lon="113.43764461576938629150390625">
        <ele>9.6000003814697265625</ele>
        <time>2024-07-24T22:09:03.000Z</time>
        <extensions>
          <ns3:TrackPointExtension>
            <ns3:hr>93</ns3:hr>
          </ns3:TrackPointExtension>
        </extensions>
      </trkpt>
      <trkpt lat="23.16209935583174228668212890625" lon="113.43759457580745220184326171875">
        <ele>9.6000003814697265625</ele>
        <time>2024-07-24T22:09:04.000Z</time>
        <extensions>
          <ns3:TrackPointExtension>
            <ns3:hr>92</ns3:hr>
          </ns3:TrackPointExtension>
        </extensions>
      </trkpt>
      <trkpt lat="23.16209885291755199432373046875" lon="113.4375438652932643890380859375">
        <ele>10</ele>
        <time>2024-07-24T22:09:05.000Z</time>
        <extensions>
          <ns3:TrackPointExtension>
            <ns3:hr>92</ns3:hr>
          </ns3:TrackPointExtension>
        </extensions>
      </trkpt>
      <trkpt lat="23.16210002638399600982666015625" lon="113.4374925680458545684814453125">
        <ele>10.3999996185302734375</ele>
        <time>2024-07-24T22:09:06.000Z</time>
        <extensions>
          <ns3:TrackPointExtension>
            <ns3:hr>93</ns3:hr>
          </ns3:TrackPointExtension>
        </extensions>
      </trkpt>
      <trkpt lat="23.1621004454791545867919921875" lon="113.437442444264888763427734375">
        <ele>10.3999996185302734375</ele>
        <time>2024-07-24T22:09:07.000Z</time>
        <extensions>
          <ns3:TrackPointExtension>
            <ns3:hr>93</ns3:hr>
          </ns3:TrackPointExtension>
        </extensions>
      </trkpt>
      <trkpt lat="23.16209994256496429443359375" lon="113.43739307485520839691162109375">
        <ele>10.3999996185302734375</ele>
        <time>2024-07-24T22:09:08.000Z</time>
        <extensions>
          <ns3:TrackPointExtension>
            <ns3:hr>93</ns3:hr>
          </ns3:TrackPointExtension>
        </extensions>
      </trkpt>
      <trkpt lat="23.16210128366947174072265625" lon="113.4373462200164794921875">
        <ele>10.3999996185302734375</ele>
        <time>2024-07-24T22:09:09.000Z</time>
        <extensions>
          <ns3:TrackPointExtension>
            <ns3:hr>93</ns3:hr>
          </ns3:TrackPointExtension>
        </extensions>
      </trkpt>
      <trkpt lat="23.1621051393449306488037109375" lon="113.437296934425830841064453125">
        <ele>10.6000003814697265625</ele>
        <time>2024-07-24T22:09:10.000Z</time>
        <extensions>
          <ns3:TrackPointExtension>
            <ns3:hr>93</ns3:hr>
          </ns3:TrackPointExtension>
        </extensions>
      </trkpt>
      <trkpt lat="23.16210933029651641845703125" lon="113.4372504986822605133056640625">
        <ele>10.80000019073486328125</ele>
        <time>2024-07-24T22:09:11.000Z</time>
        <extensions>
          <ns3:TrackPointExtension>
            <ns3:hr>93</ns3:hr>
          </ns3:TrackPointExtension>
        </extensions>
      </trkpt>
      <trkpt lat="23.1621108390390872955322265625" lon="113.43720850534737110137939453125">
        <ele>11.19999980926513671875</ele>
        <time>2024-07-24T22:09:12.000Z</time>
        <extensions>
          <ns3:TrackPointExtension>
            <ns3:hr>93</ns3:hr>
          </ns3:TrackPointExtension>
        </extensions>
      </trkpt>
      <trkpt lat="23.1621073186397552490234375" lon="113.43716508708894252777099609375">
        <ele>11.3999996185302734375</ele>
        <time>2024-07-24T22:09:13.000Z</time>
        <extensions>
          <ns3:TrackPointExtension>
            <ns3:hr>92</ns3:hr>
          </ns3:TrackPointExtension>
        </extensions>
      </trkpt>
      <trkpt lat="23.162106983363628387451171875" lon="113.4371195733547210693359375">
        <ele>11.80000019073486328125</ele>
        <time>2024-07-24T22:09:14.000Z</time>
        <extensions>
          <ns3:TrackPointExtension>
            <ns3:hr>92</ns3:hr>
          </ns3:TrackPointExtension>
        </extensions>
      </trkpt>
      <trkpt lat="23.16211335361003875732421875" lon="113.43707070685923099517822265625">
        <ele>12</ele>
        <time>2024-07-24T22:09:15.000Z</time>
        <extensions>
          <ns3:TrackPointExtension>
            <ns3:hr>92</ns3:hr>
          </ns3:TrackPointExtension>
        </extensions>
      </trkpt>
      <trkpt lat="23.1621212325990200042724609375" lon="113.43702108599245548248291015625">
        <ele>12.3999996185302734375</ele>
        <time>2024-07-24T22:09:16.000Z</time>
        <extensions>
          <ns3:TrackPointExtension>
            <ns3:hr>91</ns3:hr>
          </ns3:TrackPointExtension>
        </extensions>
      </trkpt>
      <trkpt lat="23.1621279381215572357177734375" lon="113.43697062693536281585693359375">
        <ele>13</ele>
        <time>2024-07-24T22:09:17.000Z</time>
        <extensions>
          <ns3:TrackPointExtension>
            <ns3:hr>91</ns3:hr>
          </ns3:TrackPointExtension>
        </extensions>
      </trkpt>
      <trkpt lat="23.162131793797016143798828125" lon="113.436918072402477264404296875">
        <ele>14</ele>
        <time>2024-07-24T22:09:18.000Z</time>
        <extensions>
          <ns3:TrackPointExtension>
            <ns3:hr>91</ns3:hr>
          </ns3:TrackPointExtension>
        </extensions>
      </trkpt>
      <trkpt lat="23.1621322967112064361572265625" lon="113.43686551786959171295166015625">
        <ele>14.80000019073486328125</ele>
        <time>2024-07-24T22:09:19.000Z</time>
        <extensions>
          <ns3:TrackPointExtension>
            <ns3:hr>91</ns3:hr>
          </ns3:TrackPointExtension>
        </extensions>
      </trkpt>
      <trkpt lat="23.16213238053023815155029296875" lon="113.4368138015270233154296875">
        <ele>15.80000019073486328125</ele>
        <time>2024-07-24T22:09:20.000Z</time>
        <extensions>
          <ns3:TrackPointExtension>
            <ns3:hr>91</ns3:hr>
          </ns3:TrackPointExtension>
        </extensions>
      </trkpt>
      <trkpt lat="23.16213238053023815155029296875" lon="113.43676359392702579498291015625">
        <ele>16.799999237060546875</ele>
        <time>2024-07-24T22:09:21.000Z</time>
        <extensions>
          <ns3:TrackPointExtension>
            <ns3:hr>91</ns3:hr>
          </ns3:TrackPointExtension>
        </extensions>
      </trkpt>
      <trkpt lat="23.16213170997798442840576171875" lon="113.43671514652669429779052734375">
        <ele>17</ele>
        <time>2024-07-24T22:09:22.000Z</time>
        <extensions>
          <ns3:TrackPointExtension>
            <ns3:hr>91</ns3:hr>
          </ns3:TrackPointExtension>
        </extensions>
      </trkpt>
      <trkpt lat="23.16213548183441162109375" lon="113.43666636385023593902587890625">
        <ele>17.6000003814697265625</ele>
        <time>2024-07-24T22:09:23.000Z</time>
        <extensions>
          <ns3:TrackPointExtension>
            <ns3:hr>91</ns3:hr>
          </ns3:TrackPointExtension>
        </extensions>
      </trkpt>
      <trkpt lat="23.1621395051479339599609375" lon="113.43661724589765071868896484375">
        <ele>18.200000762939453125</ele>
        <time>2024-07-24T22:09:24.000Z</time>
        <extensions>
          <ns3:TrackPointExtension>
            <ns3:hr>91</ns3:hr>
          </ns3:TrackPointExtension>
        </extensions>
      </trkpt>
      <trkpt lat="23.16214210353791713714599609375" lon="113.436565697193145751953125">
        <ele>18.6000003814697265625</ele>
        <time>2024-07-24T22:09:25.000Z</time>
        <extensions>
          <ns3:TrackPointExtension>
            <ns3:hr>91</ns3:hr>
          </ns3:TrackPointExtension>
        </extensions>
      </trkpt>
      <trkpt lat="23.1621440313756465911865234375" lon="113.43651297502219676971435546875">
        <ele>19.200000762939453125</ele>
        <time>2024-07-24T22:09:26.000Z</time>
        <extensions>
          <ns3:TrackPointExtension>
            <ns3:hr>91</ns3:hr>
          </ns3:TrackPointExtension>
        </extensions>
      </trkpt>
      <trkpt lat="23.16214377991855144500732421875" lon="113.43646100722253322601318359375">
        <ele>19.6000003814697265625</ele>
        <time>2024-07-24T22:09:27.000Z</time>
        <extensions>
          <ns3:TrackPointExtension>
            <ns3:hr>92</ns3:hr>
          </ns3:TrackPointExtension>
        </extensions>
      </trkpt>
      <trkpt lat="23.1621400080621242523193359375" lon="113.436410464346408843994140625">
        <ele>19.6000003814697265625</ele>
        <time>2024-07-24T22:09:28.000Z</time>
        <extensions>
          <ns3:TrackPointExtension>
            <ns3:hr>93</ns3:hr>
          </ns3:TrackPointExtension>
        </extensions>
      </trkpt>
      <trkpt lat="23.16213548183441162109375" lon="113.43636117875576019287109375">
        <ele>19.3999996185302734375</ele>
        <time>2024-07-24T22:09:29.000Z</time>
        <extensions>
          <ns3:TrackPointExtension>
            <ns3:hr>94</ns3:hr>
          </ns3:TrackPointExtension>
        </extensions>
      </trkpt>
      <trkpt lat="23.16213070414960384368896484375" lon="113.436313234269618988037109375">
        <ele>19.200000762939453125</ele>
        <time>2024-07-24T22:09:30.000Z</time>
        <extensions>
          <ns3:TrackPointExtension>
            <ns3:hr>95</ns3:hr>
          </ns3:TrackPointExtension>
        </extensions>
      </trkpt>
      <trkpt lat="23.16212634555995464324951171875" lon="113.4362666308879852294921875">
        <ele>19</ele>
        <time>2024-07-24T22:09:31.000Z</time>
        <extensions>
          <ns3:TrackPointExtension>
            <ns3:hr>95</ns3:hr>
          </ns3:TrackPointExtension>
        </extensions>
      </trkpt>
      <trkpt lat="23.1621198914945125579833984375" lon="113.4362208656966686248779296875">
        <ele>18.799999237060546875</ele>
        <time>2024-07-24T22:09:32.000Z</time>
        <extensions>
          <ns3:TrackPointExtension>
            <ns3:hr>97</ns3:hr>
          </ns3:TrackPointExtension>
        </extensions>
      </trkpt>
      <trkpt lat="23.162112347781658172607421875" lon="113.436175771057605743408203125">
        <ele>18.6000003814697265625</ele>
        <time>2024-07-24T22:09:33.000Z</time>
        <extensions>
          <ns3:TrackPointExtension>
            <ns3:hr>98</ns3:hr>
          </ns3:TrackPointExtension>
        </extensions>
      </trkpt>
      <trkpt lat="23.16210664808750152587890625" lon="113.43612958677113056182861328125">
        <ele>18.3999996185302734375</ele>
        <time>2024-07-24T22:09:34.000Z</time>
        <extensions>
          <ns3:TrackPointExtension>
            <ns3:hr>98</ns3:hr>
          </ns3:TrackPointExtension>
        </extensions>
      </trkpt>
      <trkpt lat="23.16209600307047367095947265625" lon="113.43608357012271881103515625">
        <ele>18.200000762939453125</ele>
        <time>2024-07-24T22:09:35.000Z</time>
        <extensions>
          <ns3:TrackPointExtension>
            <ns3:hr>98</ns3:hr>
          </ns3:TrackPointExtension>
        </extensions>
      </trkpt>
      <trkpt lat="23.1620870344340801239013671875" lon="113.43603554181754589080810546875">
        <ele>18</ele>
        <time>2024-07-24T22:09:36.000Z</time>
        <extensions>
          <ns3:TrackPointExtension>
            <ns3:hr>98</ns3:hr>
          </ns3:TrackPointExtension>
        </extensions>
      </trkpt>
      <trkpt lat="23.162102289497852325439453125" lon="113.4359818138182163238525390625">
        <ele>17.799999237060546875</ele>
        <time>2024-07-24T22:09:37.000Z</time>
        <extensions>
          <ns3:TrackPointExtension>
            <ns3:hr>98</ns3:hr>
          </ns3:TrackPointExtension>
        </extensions>
      </trkpt>
      <trkpt lat="23.16213221289217472076416015625" lon="113.435926325619220733642578125">
        <ele>17.799999237060546875</ele>
        <time>2024-07-24T22:09:38.000Z</time>
        <extensions>
          <ns3:TrackPointExtension>
            <ns3:hr>98</ns3:hr>
          </ns3:TrackPointExtension>
        </extensions>
      </trkpt>
      <trkpt lat="23.16217102110385894775390625" lon="113.43585600145161151885986328125">
        <ele>17.3999996185302734375</ele>
        <time>2024-07-24T22:09:39.000Z</time>
        <extensions>
          <ns3:TrackPointExtension>
            <ns3:hr>97</ns3:hr>
          </ns3:TrackPointExtension>
        </extensions>
      </trkpt>
      <trkpt lat="23.16218912601470947265625" lon="113.4358041174709796905517578125">
        <ele>16.799999237060546875</ele>
        <time>2024-07-24T22:09:40.000Z</time>
        <extensions>
          <ns3:TrackPointExtension>
            <ns3:hr>97</ns3:hr>
          </ns3:TrackPointExtension>
        </extensions>
      </trkpt>
      <trkpt lat="23.162194155156612396240234375" lon="113.43576916493475437164306640625">
        <ele>16.3999996185302734375</ele>
        <time>2024-07-24T22:09:41.000Z</time>
        <extensions>
          <ns3:TrackPointExtension>
            <ns3:hr>96</ns3:hr>
          </ns3:TrackPointExtension>
        </extensions>
      </trkpt>
      <trkpt lat="23.16219541244208812713623046875" lon="113.43572591431438922882080078125">
        <ele>15.80000019073486328125</ele>
        <time>2024-07-24T22:09:42.000Z</time>
        <extensions>
          <ns3:TrackPointExtension>
            <ns3:hr>96</ns3:hr>
          </ns3:TrackPointExtension>
        </extensions>
      </trkpt>
      <trkpt lat="23.16219423897564411163330078125" lon="113.43568081967532634735107421875">
        <ele>15.3999996185302734375</ele>
        <time>2024-07-24T22:09:43.000Z</time>
        <extensions>
          <ns3:TrackPointExtension>
            <ns3:hr>95</ns3:hr>
          </ns3:TrackPointExtension>
        </extensions>
      </trkpt>
      <trkpt lat="23.16219273023307323455810546875" lon="113.4356344677507877349853515625">
        <ele>15</ele>
        <time>2024-07-24T22:09:44.000Z</time>
        <extensions>
          <ns3:TrackPointExtension>
            <ns3:hr>95</ns3:hr>
          </ns3:TrackPointExtension>
        </extensions>
      </trkpt>
      <trkpt lat="23.16219038330018520355224609375" lon="113.43558660708367824554443359375">
        <ele>15</ele>
        <time>2024-07-24T22:09:45.000Z</time>
        <extensions>
          <ns3:TrackPointExtension>
            <ns3:hr>96</ns3:hr>
          </ns3:TrackPointExtension>
        </extensions>
      </trkpt>
      <trkpt lat="23.162186779081821441650390625" lon="113.435538075864315032958984375">
        <ele>14.80000019073486328125</ele>
        <time>2024-07-24T22:09:46.000Z</time>
        <extensions>
          <ns3:TrackPointExtension>
            <ns3:hr>97</ns3:hr>
          </ns3:TrackPointExtension>
        </extensions>
      </trkpt>
      <trkpt lat="23.1621829234063625335693359375" lon="113.4354896284639835357666015625">
        <ele>14.6000003814697265625</ele>
        <time>2024-07-24T22:09:47.000Z</time>
        <extensions>
          <ns3:TrackPointExtension>
            <ns3:hr>97</ns3:hr>
          </ns3:TrackPointExtension>
        </extensions>
      </trkpt>
      <trkpt lat="23.16218040883541107177734375" lon="113.43544243834912776947021484375">
        <ele>14.6000003814697265625</ele>
        <time>2024-07-24T22:09:48.000Z</time>
        <extensions>
          <ns3:TrackPointExtension>
            <ns3:hr>98</ns3:hr>
          </ns3:TrackPointExtension>
        </extensions>
      </trkpt>
      <trkpt lat="23.16217864863574504852294921875" lon="113.4353950805962085723876953125">
        <ele>14.3999996185302734375</ele>
        <time>2024-07-24T22:09:49.000Z</time>
        <extensions>
          <ns3:TrackPointExtension>
            <ns3:hr>99</ns3:hr>
          </ns3:TrackPointExtension>
        </extensions>
      </trkpt>
      <trkpt lat="23.1621770560741424560546875" lon="113.435347974300384521484375">
        <ele>14.3999996185302734375</ele>
        <time>2024-07-24T22:09:50.000Z</time>
        <extensions>
          <ns3:TrackPointExtension>
            <ns3:hr>99</ns3:hr>
          </ns3:TrackPointExtension>
        </extensions>
      </trkpt>
      <trkpt lat="23.16217479296028614044189453125" lon="113.4353005327284336090087890625">
        <ele>15</ele>
        <time>2024-07-24T22:09:51.000Z</time>
        <extensions>
          <ns3:TrackPointExtension>
            <ns3:hr>99</ns3:hr>
          </ns3:TrackPointExtension>
        </extensions>
      </trkpt>
      <trkpt lat="23.16217328421771526336669921875" lon="113.43525317497551441192626953125">
        <ele>15.6000003814697265625</ele>
        <time>2024-07-24T22:09:52.000Z</time>
        <extensions>
          <ns3:TrackPointExtension>
            <ns3:hr>99</ns3:hr>
          </ns3:TrackPointExtension>
        </extensions>
      </trkpt>
      <trkpt lat="23.1621725298464298248291015625" lon="113.435205481946468353271484375">
        <ele>16</ele>
        <time>2024-07-24T22:09:53.000Z</time>
        <extensions>
          <ns3:TrackPointExtension>
            <ns3:hr>99</ns3:hr>
          </ns3:TrackPointExtension>
        </extensions>
      </trkpt>
      <trkpt lat="23.1621715240180492401123046875" lon="113.43515820801258087158203125">
        <ele>16.6000003814697265625</ele>
        <time>2024-07-24T22:09:54.000Z</time>
        <extensions>
          <ns3:TrackPointExtension>
            <ns3:hr>99</ns3:hr>
          </ns3:TrackPointExtension>
        </extensions>
      </trkpt>
      <trkpt lat="23.16217093728482723236083984375" lon="113.4351117722690105438232421875">
        <ele>17</ele>
        <time>2024-07-24T22:09:55.000Z</time>
        <extensions>
          <ns3:TrackPointExtension>
            <ns3:hr>98</ns3:hr>
          </ns3:TrackPointExtension>
        </extensions>
      </trkpt>
      <trkpt lat="23.16217060200870037078857421875" lon="113.4350641630589962005615234375">
        <ele>17.200000762939453125</ele>
        <time>2024-07-24T22:09:56.000Z</time>
        <extensions>
          <ns3:TrackPointExtension>
            <ns3:hr>98</ns3:hr>
          </ns3:TrackPointExtension>
        </extensions>
      </trkpt>
      <trkpt lat="23.1621698476374149322509765625" lon="113.43501546420156955718994140625">
        <ele>17.3999996185302734375</ele>
        <time>2024-07-24T22:09:57.000Z</time>
        <extensions>
          <ns3:TrackPointExtension>
            <ns3:hr>98</ns3:hr>
          </ns3:TrackPointExtension>
        </extensions>
      </trkpt>
      <trkpt lat="23.16216993145644664764404296875" lon="113.43496601097285747528076171875">
        <ele>17.799999237060546875</ele>
        <time>2024-07-24T22:09:58.000Z</time>
        <extensions>
          <ns3:TrackPointExtension>
            <ns3:hr>97</ns3:hr>
          </ns3:TrackPointExtension>
        </extensions>
      </trkpt>
      <trkpt lat="23.16217009909451007843017578125" lon="113.4349156357347965240478515625">
        <ele>18.200000762939453125</ele>
        <time>2024-07-24T22:09:59.000Z</time>
        <extensions>
          <ns3:TrackPointExtension>
            <ns3:hr>97</ns3:hr>
          </ns3:TrackPointExtension>
        </extensions>
      </trkpt>
      <trkpt lat="23.162170350551605224609375" lon="113.4348636679351329803466796875">
        <ele>18.6000003814697265625</ele>
        <time>2024-07-24T22:10:00.000Z</time>
        <extensions>
          <ns3:TrackPointExtension>
            <ns3:hr>97</ns3:hr>
          </ns3:TrackPointExtension>
        </extensions>
      </trkpt>
      <trkpt lat="23.16217110492289066314697265625" lon="113.4348117001354694366455078125">
        <ele>18.799999237060546875</ele>
        <time>2024-07-24T22:10:01.000Z</time>
        <extensions>
          <ns3:TrackPointExtension>
            <ns3:hr>98</ns3:hr>
          </ns3:TrackPointExtension>
        </extensions>
      </trkpt>
      <trkpt lat="23.16217043437063694000244140625" lon="113.43476031906902790069580078125">
        <ele>18.3999996185302734375</ele>
        <time>2024-07-24T22:10:02.000Z</time>
        <extensions>
          <ns3:TrackPointExtension>
            <ns3:hr>99</ns3:hr>
          </ns3:TrackPointExtension>
        </extensions>
      </trkpt>
      <trkpt lat="23.16216842271387577056884765625" lon="113.434709608554840087890625">
        <ele>18</ele>
        <time>2024-07-24T22:10:03.000Z</time>
        <extensions>
          <ns3:TrackPointExtension>
            <ns3:hr>100</ns3:hr>
          </ns3:TrackPointExtension>
        </extensions>
      </trkpt>
      <trkpt lat="23.16216490231454372406005859375" lon="113.43465873040258884429931640625">
        <ele>17.6000003814697265625</ele>
        <time>2024-07-24T22:10:04.000Z</time>
        <extensions>
          <ns3:TrackPointExtension>
            <ns3:hr>101</ns3:hr>
          </ns3:TrackPointExtension>
        </extensions>
      </trkpt>
      <trkpt lat="23.16216238774359226226806640625" lon="113.43460944481194019317626953125">
        <ele>17.200000762939453125</ele>
        <time>2024-07-24T22:10:05.000Z</time>
        <extensions>
          <ns3:TrackPointExtension>
            <ns3:hr>101</ns3:hr>
          </ns3:TrackPointExtension>
        </extensions>
      </trkpt>
      <trkpt lat="23.16216171719133853912353515625" lon="113.43456141650676727294921875">
        <ele>16.799999237060546875</ele>
        <time>2024-07-24T22:10:06.000Z</time>
        <extensions>
          <ns3:TrackPointExtension>
            <ns3:hr>101</ns3:hr>
          </ns3:TrackPointExtension>
        </extensions>
      </trkpt>
      <trkpt lat="23.162162303924560546875" lon="113.4345136396586894989013671875">
        <ele>16.6000003814697265625</ele>
        <time>2024-07-24T22:10:07.000Z</time>
        <extensions>
          <ns3:TrackPointExtension>
            <ns3:hr>102</ns3:hr>
          </ns3:TrackPointExtension>
        </extensions>
      </trkpt>
      <trkpt lat="23.16216238774359226226806640625" lon="113.4344656951725482940673828125">
        <ele>16.799999237060546875</ele>
        <time>2024-07-24T22:10:08.000Z</time>
        <extensions>
          <ns3:TrackPointExtension>
            <ns3:hr>102</ns3:hr>
          </ns3:TrackPointExtension>
        </extensions>
      </trkpt>
      <trkpt lat="23.162162303924560546875" lon="113.434417583048343658447265625">
        <ele>16.799999237060546875</ele>
        <time>2024-07-24T22:10:09.000Z</time>
        <extensions>
          <ns3:TrackPointExtension>
            <ns3:hr>103</ns3:hr>
          </ns3:TrackPointExtension>
        </extensions>
      </trkpt>
      <trkpt lat="23.162162303924560546875" lon="113.434369973838329315185546875">
        <ele>16.799999237060546875</ele>
        <time>2024-07-24T22:10:10.000Z</time>
        <extensions>
          <ns3:TrackPointExtension>
            <ns3:hr>103</ns3:hr>
          </ns3:TrackPointExtension>
        </extensions>
      </trkpt>
      <trkpt lat="23.1621628068387508392333984375" lon="113.43432161025702953338623046875">
        <ele>16.799999237060546875</ele>
        <time>2024-07-24T22:10:11.000Z</time>
        <extensions>
          <ns3:TrackPointExtension>
            <ns3:hr>103</ns3:hr>
          </ns3:TrackPointExtension>
        </extensions>
      </trkpt>
      <trkpt lat="23.162163309752941131591796875" lon="113.43427240848541259765625">
        <ele>16.799999237060546875</ele>
        <time>2024-07-24T22:10:12.000Z</time>
        <extensions>
          <ns3:TrackPointExtension>
            <ns3:hr>104</ns3:hr>
          </ns3:TrackPointExtension>
        </extensions>
      </trkpt>
      <trkpt lat="23.1621636450290679931640625" lon="113.43422211706638336181640625">
        <ele>17.200000762939453125</ele>
        <time>2024-07-24T22:10:13.000Z</time>
        <extensions>
          <ns3:TrackPointExtension>
            <ns3:hr>104</ns3:hr>
          </ns3:TrackPointExtension>
        </extensions>
      </trkpt>
      <trkpt lat="23.162164986133575439453125" lon="113.43417040072381496429443359375">
        <ele>17.799999237060546875</ele>
        <time>2024-07-24T22:10:14.000Z</time>
        <extensions>
          <ns3:TrackPointExtension>
            <ns3:hr>104</ns3:hr>
          </ns3:TrackPointExtension>
        </extensions>
      </trkpt>
      <trkpt lat="23.1621668301522731781005859375" lon="113.43411826528608798980712890625">
        <ele>18.3999996185302734375</ele>
        <time>2024-07-24T22:10:15.000Z</time>
        <extensions>
          <ns3:TrackPointExtension>
            <ns3:hr>104</ns3:hr>
          </ns3:TrackPointExtension>
        </extensions>
      </trkpt>
      <trkpt lat="23.16216859035193920135498046875" lon="113.4340663813054561614990234375">
        <ele>19</ele>
        <time>2024-07-24T22:10:16.000Z</time>
        <extensions>
          <ns3:TrackPointExtension>
            <ns3:hr>104</ns3:hr>
          </ns3:TrackPointExtension>
        </extensions>
      </trkpt>
      <trkpt lat="23.16217043437063694000244140625" lon="113.43401449732482433319091796875">
        <ele>19.6000003814697265625</ele>
        <time>2024-07-24T22:10:17.000Z</time>
        <extensions>
          <ns3:TrackPointExtension>
            <ns3:hr>104</ns3:hr>
          </ns3:TrackPointExtension>
        </extensions>
      </trkpt>
      <trkpt lat="23.1621715240180492401123046875" lon="113.43396336771547794342041015625">
        <ele>19.799999237060546875</ele>
        <time>2024-07-24T22:10:18.000Z</time>
        <extensions>
          <ns3:TrackPointExtension>
            <ns3:hr>104</ns3:hr>
          </ns3:TrackPointExtension>
        </extensions>
      </trkpt>
      <trkpt lat="23.16217211075127124786376953125" lon="113.43391156755387783050537109375">
        <ele>19.799999237060546875</ele>
        <time>2024-07-24T22:10:19.000Z</time>
        <extensions>
          <ns3:TrackPointExtension>
            <ns3:hr>104</ns3:hr>
          </ns3:TrackPointExtension>
        </extensions>
      </trkpt>
      <trkpt lat="23.16217227838933467864990234375" lon="113.433859013020992279052734375">
        <ele>19.799999237060546875</ele>
        <time>2024-07-24T22:10:20.000Z</time>
        <extensions>
          <ns3:TrackPointExtension>
            <ns3:hr>105</ns3:hr>
          </ns3:TrackPointExtension>
        </extensions>
      </trkpt>
      <trkpt lat="23.16217227838933467864990234375" lon="113.433806039392948150634765625">
        <ele>19.799999237060546875</ele>
        <time>2024-07-24T22:10:21.000Z</time>
        <extensions>
          <ns3:TrackPointExtension>
            <ns3:hr>105</ns3:hr>
          </ns3:TrackPointExtension>
        </extensions>
      </trkpt>
      <trkpt lat="23.16217160783708095550537109375" lon="113.43375281430780887603759765625">
        <ele>19.799999237060546875</ele>
        <time>2024-07-24T22:10:22.000Z</time>
        <extensions>
          <ns3:TrackPointExtension>
            <ns3:hr>106</ns3:hr>
          </ns3:TrackPointExtension>
        </extensions>
      </trkpt>
      <trkpt lat="23.16217043437063694000244140625" lon="113.433700092136859893798828125">
        <ele>19.799999237060546875</ele>
        <time>2024-07-24T22:10:23.000Z</time>
        <extensions>
          <ns3:TrackPointExtension>
            <ns3:hr>106</ns3:hr>
          </ns3:TrackPointExtension>
        </extensions>
      </trkpt>
      <trkpt lat="23.16217009909451007843017578125" lon="113.43364854343235492706298828125">
        <ele>19.6000003814697265625</ele>
        <time>2024-07-24T22:10:24.000Z</time>
        <extensions>
          <ns3:TrackPointExtension>
            <ns3:hr>106</ns3:hr>
          </ns3:TrackPointExtension>
        </extensions>
      </trkpt>
      <trkpt lat="23.16217211075127124786376953125" lon="113.43359724618494510650634765625">
        <ele>19.3999996185302734375</ele>
        <time>2024-07-24T22:10:25.000Z</time>
        <extensions>
          <ns3:TrackPointExtension>
            <ns3:hr>106</ns3:hr>
          </ns3:TrackPointExtension>
        </extensions>
      </trkpt>
      <trkpt lat="23.16217512823641300201416015625" lon="113.433544524013996124267578125">
        <ele>19.200000762939453125</ele>
        <time>2024-07-24T22:10:26.000Z</time>
        <extensions>
          <ns3:TrackPointExtension>
            <ns3:hr>106</ns3:hr>
          </ns3:TrackPointExtension>
        </extensions>
      </trkpt>
      <trkpt lat="23.16217848099768161773681640625" lon="113.43349129892885684967041015625">
        <ele>19</ele>
        <time>2024-07-24T22:10:27.000Z</time>
        <extensions>
          <ns3:TrackPointExtension>
            <ns3:hr>106</ns3:hr>
          </ns3:TrackPointExtension>
        </extensions>
      </trkpt>
      <trkpt lat="23.1621819175779819488525390625" lon="113.43343916349112987518310546875">
        <ele>19</ele>
        <time>2024-07-24T22:10:28.000Z</time>
        <extensions>
          <ns3:TrackPointExtension>
            <ns3:hr>105</ns3:hr>
          </ns3:TrackPointExtension>
        </extensions>
      </trkpt>
      <trkpt lat="23.16218351013958454132080078125" lon="113.4333881177008152008056640625">
        <ele>18.6000003814697265625</ele>
        <time>2024-07-24T22:10:29.000Z</time>
        <extensions>
          <ns3:TrackPointExtension>
            <ns3:hr>105</ns3:hr>
          </ns3:TrackPointExtension>
        </extensions>
      </trkpt>
      <trkpt lat="23.162183426320552825927734375" lon="113.43333832919597625732421875">
        <ele>18.3999996185302734375</ele>
        <time>2024-07-24T22:10:30.000Z</time>
        <extensions>
          <ns3:TrackPointExtension>
            <ns3:hr>105</ns3:hr>
          </ns3:TrackPointExtension>
        </extensions>
      </trkpt>
      <trkpt lat="23.1621835939586162567138671875" lon="113.43328996561467647552490234375">
        <ele>18</ele>
        <time>2024-07-24T22:10:31.000Z</time>
        <extensions>
          <ns3:TrackPointExtension>
            <ns3:hr>104</ns3:hr>
          </ns3:TrackPointExtension>
        </extensions>
      </trkpt>
      <trkpt lat="23.16218367777764797210693359375" lon="113.43324202112853527069091796875">
        <ele>17.6000003814697265625</ele>
        <time>2024-07-24T22:10:32.000Z</time>
        <extensions>
          <ns3:TrackPointExtension>
            <ns3:hr>105</ns3:hr>
          </ns3:TrackPointExtension>
        </extensions>
      </trkpt>
      <trkpt lat="23.16218250431120395660400390625" lon="113.43319340609014034271240234375">
        <ele>17.200000762939453125</ele>
        <time>2024-07-24T22:10:33.000Z</time>
        <extensions>
          <ns3:TrackPointExtension>
            <ns3:hr>105</ns3:hr>
          </ns3:TrackPointExtension>
        </extensions>
      </trkpt>
      <trkpt lat="23.16218149848282337188720703125" lon="113.433142863214015960693359375">
        <ele>16.799999237060546875</ele>
        <time>2024-07-24T22:10:34.000Z</time>
        <extensions>
          <ns3:TrackPointExtension>
            <ns3:hr>106</ns3:hr>
          </ns3:TrackPointExtension>
        </extensions>
      </trkpt>
      <trkpt lat="23.1621809117496013641357421875" lon="113.43309081159532070159912109375">
        <ele>16.6000003814697265625</ele>
        <time>2024-07-24T22:10:35.000Z</time>
        <extensions>
          <ns3:TrackPointExtension>
            <ns3:hr>106</ns3:hr>
          </ns3:TrackPointExtension>
        </extensions>
      </trkpt>
      <trkpt lat="23.1621812470257282257080078125" lon="113.43303850851953029632568359375">
        <ele>16.200000762939453125</ele>
        <time>2024-07-24T22:10:36.000Z</time>
        <extensions>
          <ns3:TrackPointExtension>
            <ns3:hr>107</ns3:hr>
          </ns3:TrackPointExtension>
        </extensions>
      </trkpt>
      <trkpt lat="23.16218040883541107177734375" lon="113.4329851157963275909423828125">
        <ele>15.80000019073486328125</ele>
        <time>2024-07-24T22:10:37.000Z</time>
        <extensions>
          <ns3:TrackPointExtension>
            <ns3:hr>107</ns3:hr>
          </ns3:TrackPointExtension>
        </extensions>
      </trkpt>
      <trkpt lat="23.16217831335961818695068359375" lon="113.4329314716160297393798828125">
        <ele>15.3999996185302734375</ele>
        <time>2024-07-24T22:10:38.000Z</time>
        <extensions>
          <ns3:TrackPointExtension>
            <ns3:hr>108</ns3:hr>
          </ns3:TrackPointExtension>
        </extensions>
      </trkpt>
      <trkpt lat="23.16217797808349132537841796875" lon="113.4328798390924930572509765625">
        <ele>15.19999980926513671875</ele>
        <time>2024-07-24T22:10:39.000Z</time>
        <extensions>
          <ns3:TrackPointExtension>
            <ns3:hr>108</ns3:hr>
          </ns3:TrackPointExtension>
        </extensions>
      </trkpt>
      <trkpt lat="23.16218451596796512603759765625" lon="113.432831726968288421630859375">
        <ele>15</ele>
        <time>2024-07-24T22:10:40.000Z</time>
        <extensions>
          <ns3:TrackPointExtension>
            <ns3:hr>109</ns3:hr>
          </ns3:TrackPointExtension>
        </extensions>
      </trkpt>
      <trkpt lat="23.1621983461081981658935546875" lon="113.43278939835727214813232421875">
        <ele>14.80000019073486328125</ele>
        <time>2024-07-24T22:10:41.000Z</time>
        <extensions>
          <ns3:TrackPointExtension>
            <ns3:hr>109</ns3:hr>
          </ns3:TrackPointExtension>
        </extensions>
      </trkpt>
      <trkpt lat="23.16221938468515872955322265625" lon="113.4327537752687931060791015625">
        <ele>14.6000003814697265625</ele>
        <time>2024-07-24T22:10:42.000Z</time>
        <extensions>
          <ns3:TrackPointExtension>
            <ns3:hr>109</ns3:hr>
          </ns3:TrackPointExtension>
        </extensions>
      </trkpt>
      <trkpt lat="23.16224687732756137847900390625" lon="113.432723768055438995361328125">
        <ele>14.3999996185302734375</ele>
        <time>2024-07-24T22:10:43.000Z</time>
        <extensions>
          <ns3:TrackPointExtension>
            <ns3:hr>109</ns3:hr>
          </ns3:TrackPointExtension>
        </extensions>
      </trkpt>
      <trkpt lat="23.16227755509316921234130859375" lon="113.4327019751071929931640625">
        <ele>14.19999980926513671875</ele>
        <time>2024-07-24T22:10:44.000Z</time>
        <extensions>
          <ns3:TrackPointExtension>
            <ns3:hr>109</ns3:hr>
          </ns3:TrackPointExtension>
        </extensions>
      </trkpt>
      <trkpt lat="23.16230990923941135406494140625" lon="113.4326885640621185302734375">
        <ele>14</ele>
        <time>2024-07-24T22:10:45.000Z</time>
        <extensions>
          <ns3:TrackPointExtension>
            <ns3:hr>109</ns3:hr>
          </ns3:TrackPointExtension>
        </extensions>
      </trkpt>
      <trkpt lat="23.16234511323273181915283203125" lon="113.432682864367961883544921875">
        <ele>13.6000003814697265625</ele>
        <time>2024-07-24T22:10:46.000Z</time>
        <extensions>
          <ns3:TrackPointExtension>
            <ns3:hr>109</ns3:hr>
          </ns3:TrackPointExtension>
        </extensions>
      </trkpt>
      <trkpt lat="23.1623820774257183074951171875" lon="113.43268378637731075286865234375">
        <ele>13.3999996185302734375</ele>
        <time>2024-07-24T22:10:47.000Z</time>
        <extensions>
          <ns3:TrackPointExtension>
            <ns3:hr>108</ns3:hr>
          </ns3:TrackPointExtension>
        </extensions>
      </trkpt>
      <trkpt lat="23.16242138855159282684326171875" lon="113.4326890669763088226318359375">
        <ele>13.19999980926513671875</ele>
        <time>2024-07-24T22:10:48.000Z</time>
        <extensions>
          <ns3:TrackPointExtension>
            <ns3:hr>108</ns3:hr>
          </ns3:TrackPointExtension>
        </extensions>
      </trkpt>
      <trkpt lat="23.162462711334228515625" lon="113.43269803561270236968994140625">
        <ele>12.80000019073486328125</ele>
        <time>2024-07-24T22:10:49.000Z</time>
        <extensions>
          <ns3:TrackPointExtension>
            <ns3:hr>107</ns3:hr>
          </ns3:TrackPointExtension>
        </extensions>
      </trkpt>
      <trkpt lat="23.16250403411686420440673828125" lon="113.432708680629730224609375">
        <ele>12.6000003814697265625</ele>
        <time>2024-07-24T22:10:50.000Z</time>
        <extensions>
          <ns3:TrackPointExtension>
            <ns3:hr>107</ns3:hr>
          </ns3:TrackPointExtension>
        </extensions>
      </trkpt>
      <trkpt lat="23.162545524537563323974609375" lon="113.4327172301709651947021484375">
        <ele>12.3999996185302734375</ele>
        <time>2024-07-24T22:10:51.000Z</time>
        <extensions>
          <ns3:TrackPointExtension>
            <ns3:hr>107</ns3:hr>
          </ns3:TrackPointExtension>
        </extensions>
      </trkpt>
      <trkpt lat="23.16258785314857959747314453125" lon="113.43272452242672443389892578125">
        <ele>12.19999980926513671875</ele>
        <time>2024-07-24T22:10:52.000Z</time>
        <extensions>
          <ns3:TrackPointExtension>
            <ns3:hr>106</ns3:hr>
          </ns3:TrackPointExtension>
        </extensions>
      </trkpt>
      <trkpt lat="23.1626311875879764556884765625" lon="113.43273189850151538848876953125">
        <ele>12</ele>
        <time>2024-07-24T22:10:53.000Z</time>
        <extensions>
          <ns3:TrackPointExtension>
            <ns3:hr>106</ns3:hr>
          </ns3:TrackPointExtension>
        </extensions>
      </trkpt>
      <trkpt lat="23.16267552785575389862060546875" lon="113.43274279497563838958740234375">
        <ele>11.6000003814697265625</ele>
        <time>2024-07-24T22:10:54.000Z</time>
        <extensions>
          <ns3:TrackPointExtension>
            <ns3:hr>106</ns3:hr>
          </ns3:TrackPointExtension>
        </extensions>
      </trkpt>
      <trkpt lat="23.162719197571277618408203125" lon="113.432757966220378875732421875">
        <ele>11.3999996185302734375</ele>
        <time>2024-07-24T22:10:55.000Z</time>
        <extensions>
          <ns3:TrackPointExtension>
            <ns3:hr>107</ns3:hr>
          </ns3:TrackPointExtension>
        </extensions>
      </trkpt>
      <trkpt lat="23.16275968216359615325927734375" lon="113.43277431093156337738037109375">
        <ele>11.3999996185302734375</ele>
        <time>2024-07-24T22:10:56.000Z</time>
        <extensions>
          <ns3:TrackPointExtension>
            <ns3:hr>107</ns3:hr>
          </ns3:TrackPointExtension>
        </extensions>
      </trkpt>
      <trkpt lat="23.16280025057494640350341796875" lon="113.43279073946177959442138671875">
        <ele>11.80000019073486328125</ele>
        <time>2024-07-24T22:10:57.000Z</time>
        <extensions>
          <ns3:TrackPointExtension>
            <ns3:hr>107</ns3:hr>
          </ns3:TrackPointExtension>
        </extensions>
      </trkpt>
      <trkpt lat="23.1628383882343769073486328125" lon="113.4328092634677886962890625">
        <ele>12.19999980926513671875</ele>
        <time>2024-07-24T22:10:58.000Z</time>
        <extensions>
          <ns3:TrackPointExtension>
            <ns3:hr>106</ns3:hr>
          </ns3:TrackPointExtension>
        </extensions>
      </trkpt>
      <trkpt lat="23.162878118455410003662109375" lon="113.432828374207019805908203125">
        <ele>12.6000003814697265625</ele>
        <time>2024-07-24T22:10:59.000Z</time>
        <extensions>
          <ns3:TrackPointExtension>
            <ns3:hr>105</ns3:hr>
          </ns3:TrackPointExtension>
        </extensions>
      </trkpt>
      <trkpt lat="23.162919022142887115478515625" lon="113.43284723348915576934814453125">
        <ele>13</ele>
        <time>2024-07-24T22:11:00.000Z</time>
        <extensions>
          <ns3:TrackPointExtension>
            <ns3:hr>104</ns3:hr>
          </ns3:TrackPointExtension>
        </extensions>
      </trkpt>
      <trkpt lat="23.1629604287445545196533203125" lon="113.432865925133228302001953125">
        <ele>13.6000003814697265625</ele>
        <time>2024-07-24T22:11:01.000Z</time>
        <extensions>
          <ns3:TrackPointExtension>
            <ns3:hr>103</ns3:hr>
          </ns3:TrackPointExtension>
        </extensions>
      </trkpt>
      <trkpt lat="23.163000829517841339111328125" lon="113.43288428150117397308349609375">
        <ele>14</ele>
        <time>2024-07-24T22:11:02.000Z</time>
        <extensions>
          <ns3:TrackPointExtension>
            <ns3:hr>102</ns3:hr>
          </ns3:TrackPointExtension>
        </extensions>
      </trkpt>
      <trkpt lat="23.16304081119596958160400390625" lon="113.432900793850421905517578125">
        <ele>14.6000003814697265625</ele>
        <time>2024-07-24T22:11:03.000Z</time>
        <extensions>
          <ns3:TrackPointExtension>
            <ns3:hr>100</ns3:hr>
          </ns3:TrackPointExtension>
        </extensions>
      </trkpt>
      <trkpt lat="23.16307819448411464691162109375" lon="113.43291881494224071502685546875">
        <ele>15.3999996185302734375</ele>
        <time>2024-07-24T22:11:04.000Z</time>
        <extensions>
          <ns3:TrackPointExtension>
            <ns3:hr>99</ns3:hr>
          </ns3:TrackPointExtension>
        </extensions>
      </trkpt>
      <trkpt lat="23.163112811744213104248046875" lon="113.43293909914791584014892578125">
        <ele>16.3999996185302734375</ele>
        <time>2024-07-24T22:11:05.000Z</time>
        <extensions>
          <ns3:TrackPointExtension>
            <ns3:hr>97</ns3:hr>
          </ns3:TrackPointExtension>
        </extensions>
      </trkpt>
      <trkpt lat="23.16315061412751674652099609375" lon="113.43296357430517673492431640625">
        <ele>17.200000762939453125</ele>
        <time>2024-07-24T22:11:06.000Z</time>
        <extensions>
          <ns3:TrackPointExtension>
            <ns3:hr>97</ns3:hr>
          </ns3:TrackPointExtension>
        </extensions>
      </trkpt>
      <trkpt lat="23.16318632103502750396728515625" lon="113.43298754654824733734130859375">
        <ele>18.200000762939453125</ele>
        <time>2024-07-24T22:11:07.000Z</time>
        <extensions>
          <ns3:TrackPointExtension>
            <ns3:hr>97</ns3:hr>
          </ns3:TrackPointExtension>
        </extensions>
      </trkpt>
      <trkpt lat="23.16322244703769683837890625" lon="113.43300850130617618560791015625">
        <ele>19</ele>
        <time>2024-07-24T22:11:08.000Z</time>
        <extensions>
          <ns3:TrackPointExtension>
            <ns3:hr>97</ns3:hr>
          </ns3:TrackPointExtension>
        </extensions>
      </trkpt>
      <trkpt lat="23.16326142288744449615478515625" lon="113.43302912078797817230224609375">
        <ele>20</ele>
        <time>2024-07-24T22:11:09.000Z</time>
        <extensions>
          <ns3:TrackPointExtension>
            <ns3:hr>98</ns3:hr>
          </ns3:TrackPointExtension>
        </extensions>
      </trkpt>
      <trkpt lat="23.163294531404972076416015625" lon="113.43304806388914585113525390625">
        <ele>20.799999237060546875</ele>
        <time>2024-07-24T22:11:10.000Z</time>
        <extensions>
          <ns3:TrackPointExtension>
            <ns3:hr>98</ns3:hr>
          </ns3:TrackPointExtension>
        </extensions>
      </trkpt>
      <trkpt lat="23.16332629881799221038818359375" lon="113.433067090809345245361328125">
        <ele>21.3999996185302734375</ele>
        <time>2024-07-24T22:11:11.000Z</time>
        <extensions>
          <ns3:TrackPointExtension>
            <ns3:hr>98</ns3:hr>
          </ns3:TrackPointExtension>
        </extensions>
      </trkpt>
      <trkpt lat="23.1633620895445346832275390625" lon="113.43308393843472003936767578125">
        <ele>21.799999237060546875</ele>
        <time>2024-07-24T22:11:12.000Z</time>
        <extensions>
          <ns3:TrackPointExtension>
            <ns3:hr>99</ns3:hr>
          </ns3:TrackPointExtension>
        </extensions>
      </trkpt>
      <trkpt lat="23.1634023226797580718994140625" lon="113.4330970980226993560791015625">
        <ele>22.200000762939453125</ele>
        <time>2024-07-24T22:11:13.000Z</time>
        <extensions>
          <ns3:TrackPointExtension>
            <ns3:hr>101</ns3:hr>
          </ns3:TrackPointExtension>
        </extensions>
      </trkpt>
      <trkpt lat="23.16344481892883777618408203125" lon="113.43310690484941005706787109375">
        <ele>22.6000003814697265625</ele>
        <time>2024-07-24T22:11:14.000Z</time>
        <extensions>
          <ns3:TrackPointExtension>
            <ns3:hr>102</ns3:hr>
          </ns3:TrackPointExtension>
        </extensions>
      </trkpt>
      <trkpt lat="23.16348874010145664215087890625" lon="113.433114700019359588623046875">
        <ele>23</ele>
        <time>2024-07-24T22:11:15.000Z</time>
        <extensions>
          <ns3:TrackPointExtension>
            <ns3:hr>101</ns3:hr>
          </ns3:TrackPointExtension>
        </extensions>
      </trkpt>
      <trkpt lat="23.1635347567498683929443359375" lon="113.43311897478997707366943359375">
        <ele>23.3999996185302734375</ele>
        <time>2024-07-24T22:11:16.000Z</time>
        <extensions>
          <ns3:TrackPointExtension>
            <ns3:hr>100</ns3:hr>
          </ns3:TrackPointExtension>
        </extensions>
      </trkpt>
      <trkpt lat="23.163581527769565582275390625" lon="113.43312148936092853546142578125">
        <ele>23.799999237060546875</ele>
        <time>2024-07-24T22:11:17.000Z</time>
        <extensions>
          <ns3:TrackPointExtension>
            <ns3:hr>99</ns3:hr>
          </ns3:TrackPointExtension>
        </extensions>
      </trkpt>
      <trkpt lat="23.163627795875072479248046875" lon="113.43312081880867481231689453125">
        <ele>23.799999237060546875</ele>
        <time>2024-07-24T22:11:18.000Z</time>
        <extensions>
          <ns3:TrackPointExtension>
            <ns3:hr>98</ns3:hr>
          </ns3:TrackPointExtension>
        </extensions>
      </trkpt>
      <trkpt lat="23.16367532126605510711669921875" lon="113.43311947770416736602783203125">
        <ele>23.799999237060546875</ele>
        <time>2024-07-24T22:11:19.000Z</time>
        <extensions>
          <ns3:TrackPointExtension>
            <ns3:hr>98</ns3:hr>
          </ns3:TrackPointExtension>
        </extensions>
      </trkpt>
      <trkpt lat="23.1637235172092914581298828125" lon="113.43311847187578678131103515625">
        <ele>23.799999237060546875</ele>
        <time>2024-07-24T22:11:20.000Z</time>
        <extensions>
          <ns3:TrackPointExtension>
            <ns3:hr>98</ns3:hr>
          </ns3:TrackPointExtension>
        </extensions>
      </trkpt>
      <trkpt lat="23.163771294057369232177734375" lon="113.43312048353254795074462890625">
        <ele>23.799999237060546875</ele>
        <time>2024-07-24T22:11:21.000Z</time>
        <extensions>
          <ns3:TrackPointExtension>
            <ns3:hr>98</ns3:hr>
          </ns3:TrackPointExtension>
        </extensions>
      </trkpt>
      <trkpt lat="23.16381789743900299072265625" lon="113.43312299810349941253662109375">
        <ele>23.799999237060546875</ele>
        <time>2024-07-24T22:11:22.000Z</time>
        <extensions>
          <ns3:TrackPointExtension>
            <ns3:hr>99</ns3:hr>
          </ns3:TrackPointExtension>
        </extensions>
      </trkpt>
      <trkpt lat="23.163865506649017333984375" lon="113.43312484212219715118408203125">
        <ele>23.799999237060546875</ele>
        <time>2024-07-24T22:11:23.000Z</time>
        <extensions>
          <ns3:TrackPointExtension>
            <ns3:hr>100</ns3:hr>
          </ns3:TrackPointExtension>
        </extensions>
      </trkpt>
      <trkpt lat="23.16391370259225368499755859375" lon="113.43312383629381656646728515625">
        <ele>23.799999237060546875</ele>
        <time>2024-07-24T22:11:24.000Z</time>
        <extensions>
          <ns3:TrackPointExtension>
            <ns3:hr>101</ns3:hr>
          </ns3:TrackPointExtension>
        </extensions>
      </trkpt>
      <trkpt lat="23.1639595516026020050048828125" lon="113.4331205673515796661376953125">
        <ele>23.799999237060546875</ele>
        <time>2024-07-24T22:11:25.000Z</time>
        <extensions>
          <ns3:TrackPointExtension>
            <ns3:hr>102</ns3:hr>
          </ns3:TrackPointExtension>
        </extensions>
      </trkpt>
      <trkpt lat="23.16401009447872638702392578125" lon="113.43311629258096218109130859375">
        <ele>23.799999237060546875</ele>
        <time>2024-07-24T22:11:26.000Z</time>
        <extensions>
          <ns3:TrackPointExtension>
            <ns3:hr>102</ns3:hr>
          </ns3:TrackPointExtension>
        </extensions>
      </trkpt>
      <trkpt lat="23.16406105645000934600830078125" lon="113.4331095032393932342529296875">
        <ele>23.799999237060546875</ele>
        <time>2024-07-24T22:11:27.000Z</time>
        <extensions>
          <ns3:TrackPointExtension>
            <ns3:hr>102</ns3:hr>
          </ns3:TrackPointExtension>
        </extensions>
      </trkpt>
      <trkpt lat="23.16411352716386318206787109375" lon="113.43309961259365081787109375">
        <ele>23.6000003814697265625</ele>
        <time>2024-07-24T22:11:28.000Z</time>
        <extensions>
          <ns3:TrackPointExtension>
            <ns3:hr>103</ns3:hr>
          </ns3:TrackPointExtension>
        </extensions>
      </trkpt>
      <trkpt lat="23.16416549496352672576904296875" lon="113.4330908954143524169921875">
        <ele>23.6000003814697265625</ele>
        <time>2024-07-24T22:11:29.000Z</time>
        <extensions>
          <ns3:TrackPointExtension>
            <ns3:hr>103</ns3:hr>
          </ns3:TrackPointExtension>
        </extensions>
      </trkpt>
      <trkpt lat="23.16421478055417537689208984375" lon="113.4330850280821323394775390625">
        <ele>24</ele>
        <time>2024-07-24T22:11:30.000Z</time>
        <extensions>
          <ns3:TrackPointExtension>
            <ns3:hr>103</ns3:hr>
          </ns3:TrackPointExtension>
        </extensions>
      </trkpt>
      <trkpt lat="23.16426423378288745880126953125" lon="113.43308083713054656982421875">
        <ele>24.200000762939453125</ele>
        <time>2024-07-24T22:11:31.000Z</time>
        <extensions>
          <ns3:TrackPointExtension>
            <ns3:hr>103</ns3:hr>
          </ns3:TrackPointExtension>
        </extensions>
      </trkpt>
      <trkpt lat="23.16431653685867786407470703125" lon="113.43307672999799251556396484375">
        <ele>24.6000003814697265625</ele>
        <time>2024-07-24T22:11:32.000Z</time>
        <extensions>
          <ns3:TrackPointExtension>
            <ns3:hr>103</ns3:hr>
          </ns3:TrackPointExtension>
        </extensions>
      </trkpt>
      <trkpt lat="23.16436666063964366912841796875" lon="113.4330722875893115997314453125">
        <ele>24.799999237060546875</ele>
        <time>2024-07-24T22:11:33.000Z</time>
        <extensions>
          <ns3:TrackPointExtension>
            <ns3:hr>103</ns3:hr>
          </ns3:TrackPointExtension>
        </extensions>
      </trkpt>
      <trkpt lat="23.16441695205867290496826171875" lon="113.43306876718997955322265625">
        <ele>25</ele>
        <time>2024-07-24T22:11:34.000Z</time>
        <extensions>
          <ns3:TrackPointExtension>
            <ns3:hr>103</ns3:hr>
          </ns3:TrackPointExtension>
        </extensions>
      </trkpt>
      <trkpt lat="23.1644671596586704254150390625" lon="113.4330669231712818145751953125">
        <ele>24.799999237060546875</ele>
        <time>2024-07-24T22:11:35.000Z</time>
        <extensions>
          <ns3:TrackPointExtension>
            <ns3:hr>102</ns3:hr>
          </ns3:TrackPointExtension>
        </extensions>
      </trkpt>
      <trkpt lat="23.1645177863538265228271484375" lon="113.43306549824774265289306640625">
        <ele>24.6000003814697265625</ele>
        <time>2024-07-24T22:11:36.000Z</time>
        <extensions>
          <ns3:TrackPointExtension>
            <ns3:hr>102</ns3:hr>
          </ns3:TrackPointExtension>
        </extensions>
      </trkpt>
      <trkpt lat="23.1645640544593334197998046875" lon="113.43306533060967922210693359375">
        <ele>24.3999996185302734375</ele>
        <time>2024-07-24T22:11:37.000Z</time>
        <extensions>
          <ns3:TrackPointExtension>
            <ns3:hr>101</ns3:hr>
          </ns3:TrackPointExtension>
        </extensions>
      </trkpt>
      <trkpt lat="23.1646130047738552093505859375" lon="113.4330649115145206451416015625">
        <ele>24.200000762939453125</ele>
        <time>2024-07-24T22:11:38.000Z</time>
        <extensions>
          <ns3:TrackPointExtension>
            <ns3:hr>102</ns3:hr>
          </ns3:TrackPointExtension>
        </extensions>
      </trkpt>
      <trkpt lat="23.164661787450313568115234375" lon="113.43306398950517177581787109375">
        <ele>24.200000762939453125</ele>
        <time>2024-07-24T22:11:39.000Z</time>
        <extensions>
          <ns3:TrackPointExtension>
            <ns3:hr>102</ns3:hr>
          </ns3:TrackPointExtension>
        </extensions>
      </trkpt>
      <trkpt lat="23.16470914520323276519775390625" lon="113.4330625645816326141357421875">
        <ele>24</ele>
        <time>2024-07-24T22:11:40.000Z</time>
        <extensions>
          <ns3:TrackPointExtension>
            <ns3:hr>103</ns3:hr>
          </ns3:TrackPointExtension>
        </extensions>
      </trkpt>
      <trkpt lat="23.16475524567067623138427734375" lon="113.433060385286808013916015625">
        <ele>23.3999996185302734375</ele>
        <time>2024-07-24T22:11:41.000Z</time>
        <extensions>
          <ns3:TrackPointExtension>
            <ns3:hr>103</ns3:hr>
          </ns3:TrackPointExtension>
        </extensions>
      </trkpt>
      <trkpt lat="23.16480134613811969757080078125" lon="113.43305761925876140594482421875">
        <ele>23</ele>
        <time>2024-07-24T22:11:42.000Z</time>
        <extensions>
          <ns3:TrackPointExtension>
            <ns3:hr>103</ns3:hr>
          </ns3:TrackPointExtension>
        </extensions>
      </trkpt>
      <trkpt lat="23.164847530424594879150390625" lon="113.43305393122136592864990234375">
        <ele>22.3999996185302734375</ele>
        <time>2024-07-24T22:11:43.000Z</time>
        <extensions>
          <ns3:TrackPointExtension>
            <ns3:hr>103</ns3:hr>
          </ns3:TrackPointExtension>
        </extensions>
      </trkpt>
      <trkpt lat="23.16489388234913349151611328125" lon="113.43304873444139957427978515625">
        <ele>22</ele>
        <time>2024-07-24T22:11:44.000Z</time>
        <extensions>
          <ns3:TrackPointExtension>
            <ns3:hr>103</ns3:hr>
          </ns3:TrackPointExtension>
        </extensions>
      </trkpt>
      <trkpt lat="23.16494048573076725006103515625" lon="113.43304152600467205047607421875">
        <ele>21.799999237060546875</ele>
        <time>2024-07-24T22:11:45.000Z</time>
        <extensions>
          <ns3:TrackPointExtension>
            <ns3:hr>103</ns3:hr>
          </ns3:TrackPointExtension>
        </extensions>
      </trkpt>
      <trkpt lat="23.164989016950130462646484375" lon="113.43303012661635875701904296875">
        <ele>21.6000003814697265625</ele>
        <time>2024-07-24T22:11:46.000Z</time>
        <extensions>
          <ns3:TrackPointExtension>
            <ns3:hr>103</ns3:hr>
          </ns3:TrackPointExtension>
        </extensions>
      </trkpt>
      <trkpt lat="23.1650398112833499908447265625" lon="113.43301772139966487884521484375">
        <ele>21.3999996185302734375</ele>
        <time>2024-07-24T22:11:47.000Z</time>
        <extensions>
          <ns3:TrackPointExtension>
            <ns3:hr>102</ns3:hr>
          </ns3:TrackPointExtension>
        </extensions>
      </trkpt>
      <trkpt lat="23.1650921143591403961181640625" lon="113.4330052323639392852783203125">
        <ele>21</ele>
        <time>2024-07-24T22:11:48.000Z</time>
        <extensions>
          <ns3:TrackPointExtension>
            <ns3:hr>102</ns3:hr>
          </ns3:TrackPointExtension>
        </extensions>
      </trkpt>
      <trkpt lat="23.16514651291072368621826171875" lon="113.43299559317529201507568359375">
        <ele>20.6000003814697265625</ele>
        <time>2024-07-24T22:11:49.000Z</time>
        <extensions>
          <ns3:TrackPointExtension>
            <ns3:hr>102</ns3:hr>
          </ns3:TrackPointExtension>
        </extensions>
      </trkpt>
      <trkpt lat="23.16521574743092060089111328125" lon="113.4329851157963275909423828125">
        <ele>20.200000762939453125</ele>
        <time>2024-07-24T22:11:50.000Z</time>
        <extensions>
          <ns3:TrackPointExtension>
            <ns3:hr>101</ns3:hr>
          </ns3:TrackPointExtension>
        </extensions>
      </trkpt>
      <trkpt lat="23.1652543880045413970947265625" lon="113.43298100866377353668212890625">
        <ele>19.799999237060546875</ele>
        <time>2024-07-24T22:11:51.000Z</time>
        <extensions>
          <ns3:TrackPointExtension>
            <ns3:hr>101</ns3:hr>
          </ns3:TrackPointExtension>
        </extensions>
      </trkpt>
      <trkpt lat="23.1652973033487796783447265625" lon="113.43297732062637805938720703125">
        <ele>19.6000003814697265625</ele>
        <time>2024-07-24T22:11:52.000Z</time>
        <extensions>
          <ns3:TrackPointExtension>
            <ns3:hr>101</ns3:hr>
          </ns3:TrackPointExtension>
        </extensions>
      </trkpt>
      <trkpt lat="23.16534030251204967498779296875" lon="113.432973884046077728271484375">
        <ele>19.3999996185302734375</ele>
        <time>2024-07-24T22:11:53.000Z</time>
        <extensions>
          <ns3:TrackPointExtension>
            <ns3:hr>101</ns3:hr>
          </ns3:TrackPointExtension>
        </extensions>
      </trkpt>
      <trkpt lat="23.1653838045895099639892578125" lon="113.4329706989228725433349609375">
        <ele>19.200000762939453125</ele>
        <time>2024-07-24T22:11:54.000Z</time>
        <extensions>
          <ns3:TrackPointExtension>
            <ns3:hr>101</ns3:hr>
          </ns3:TrackPointExtension>
        </extensions>
      </trkpt>
      <trkpt lat="23.16542915068566799163818359375" lon="113.4329675137996673583984375">
        <ele>19</ele>
        <time>2024-07-24T22:11:55.000Z</time>
        <extensions>
          <ns3:TrackPointExtension>
            <ns3:hr>101</ns3:hr>
          </ns3:TrackPointExtension>
        </extensions>
      </trkpt>
      <trkpt lat="23.16547550261020660400390625" lon="113.43296550214290618896484375">
        <ele>19</ele>
        <time>2024-07-24T22:11:56.000Z</time>
        <extensions>
          <ns3:TrackPointExtension>
            <ns3:hr>101</ns3:hr>
          </ns3:TrackPointExtension>
        </extensions>
      </trkpt>
      <trkpt lat="23.16552202217280864715576171875" lon="113.432964496314525604248046875">
        <ele>18.799999237060546875</ele>
        <time>2024-07-24T22:11:57.000Z</time>
        <extensions>
          <ns3:TrackPointExtension>
            <ns3:hr>101</ns3:hr>
          </ns3:TrackPointExtension>
        </extensions>
      </trkpt>
      <trkpt lat="23.16556862555444240570068359375" lon="113.43296357430517673492431640625">
        <ele>18.6000003814697265625</ele>
        <time>2024-07-24T22:11:58.000Z</time>
        <extensions>
          <ns3:TrackPointExtension>
            <ns3:hr>101</ns3:hr>
          </ns3:TrackPointExtension>
        </extensions>
      </trkpt>
      <trkpt lat="23.16561539657413959503173828125" lon="113.432961814105510711669921875">
        <ele>18.3999996185302734375</ele>
        <time>2024-07-24T22:11:59.000Z</time>
        <extensions>
          <ns3:TrackPointExtension>
            <ns3:hr>101</ns3:hr>
          </ns3:TrackPointExtension>
        </extensions>
      </trkpt>
      <trkpt lat="23.16566149704158306121826171875" lon="113.432959802448749542236328125">
        <ele>18.3999996185302734375</ele>
        <time>2024-07-24T22:12:00.000Z</time>
        <extensions>
          <ns3:TrackPointExtension>
            <ns3:hr>101</ns3:hr>
          </ns3:TrackPointExtension>
        </extensions>
      </trkpt>
      <trkpt lat="23.16570709459483623504638671875" lon="113.43295854516327381134033203125">
        <ele>18.6000003814697265625</ele>
        <time>2024-07-24T22:12:01.000Z</time>
        <extensions>
          <ns3:TrackPointExtension>
            <ns3:hr>102</ns3:hr>
          </ns3:TrackPointExtension>
        </extensions>
      </trkpt>
      <trkpt lat="23.16575235687196254730224609375" lon="113.432955443859100341796875">
        <ele>18.799999237060546875</ele>
        <time>2024-07-24T22:12:02.000Z</time>
        <extensions>
          <ns3:TrackPointExtension>
            <ns3:hr>102</ns3:hr>
          </ns3:TrackPointExtension>
        </extensions>
      </trkpt>
      <trkpt lat="23.16579728387296199798583984375" lon="113.43295301310718059539794921875">
        <ele>19</ele>
        <time>2024-07-24T22:12:03.000Z</time>
        <extensions>
          <ns3:TrackPointExtension>
            <ns3:hr>103</ns3:hr>
          </ns3:TrackPointExtension>
        </extensions>
      </trkpt>
      <trkpt lat="23.1658422946929931640625" lon="113.4329529292881488800048828125">
        <ele>19.200000762939453125</ele>
        <time>2024-07-24T22:12:04.000Z</time>
        <extensions>
          <ns3:TrackPointExtension>
            <ns3:hr>103</ns3:hr>
          </ns3:TrackPointExtension>
        </extensions>
      </trkpt>
      <trkpt lat="23.1658860482275485992431640625" lon="113.43295586295425891876220703125">
        <ele>19.200000762939453125</ele>
        <time>2024-07-24T22:12:05.000Z</time>
        <extensions>
          <ns3:TrackPointExtension>
            <ns3:hr>103</ns3:hr>
          </ns3:TrackPointExtension>
        </extensions>
      </trkpt>
      <trkpt lat="23.16592670045793056488037109375" lon="113.432961143553256988525390625">
        <ele>19.6000003814697265625</ele>
        <time>2024-07-24T22:12:06.000Z</time>
        <extensions>
          <ns3:TrackPointExtension>
            <ns3:hr>104</ns3:hr>
          </ns3:TrackPointExtension>
        </extensions>
      </trkpt>
      <trkpt lat="23.1659665144979953765869140625" lon="113.4329660050570964813232421875">
        <ele>19.799999237060546875</ele>
        <time>2024-07-24T22:12:07.000Z</time>
        <extensions>
          <ns3:TrackPointExtension>
            <ns3:hr>105</ns3:hr>
          </ns3:TrackPointExtension>
        </extensions>
      </trkpt>
      <trkpt lat="23.1660054065287113189697265625" lon="113.43296910636126995086669921875">
        <ele>20</ele>
        <time>2024-07-24T22:12:08.000Z</time>
        <extensions>
          <ns3:TrackPointExtension>
            <ns3:hr>105</ns3:hr>
          </ns3:TrackPointExtension>
        </extensions>
      </trkpt>
      <trkpt lat="23.16604404710233211517333984375" lon="113.43297061510384082794189453125">
        <ele>20.3999996185302734375</ele>
        <time>2024-07-24T22:12:09.000Z</time>
        <extensions>
          <ns3:TrackPointExtension>
            <ns3:hr>106</ns3:hr>
          </ns3:TrackPointExtension>
        </extensions>
      </trkpt>
      <trkpt lat="23.1660823523998260498046875" lon="113.43296994455158710479736328125">
        <ele>20.6000003814697265625</ele>
        <time>2024-07-24T22:12:10.000Z</time>
        <extensions>
          <ns3:TrackPointExtension>
            <ns3:hr>106</ns3:hr>
          </ns3:TrackPointExtension>
        </extensions>
      </trkpt>
      <trkpt lat="23.16612191498279571533203125" lon="113.4329701960086822509765625">
        <ele>20.799999237060546875</ele>
        <time>2024-07-24T22:12:11.000Z</time>
        <extensions>
          <ns3:TrackPointExtension>
            <ns3:hr>106</ns3:hr>
          </ns3:TrackPointExtension>
        </extensions>
      </trkpt>
      <trkpt lat="23.16616189666092395782470703125" lon="113.432971201837062835693359375">
        <ele>21.200000762939453125</ele>
        <time>2024-07-24T22:12:12.000Z</time>
        <extensions>
          <ns3:TrackPointExtension>
            <ns3:hr>107</ns3:hr>
          </ns3:TrackPointExtension>
        </extensions>
      </trkpt>
      <trkpt lat="23.16620145924389362335205078125" lon="113.432973213493824005126953125">
        <ele>21.3999996185302734375</ele>
        <time>2024-07-24T22:12:13.000Z</time>
        <extensions>
          <ns3:TrackPointExtension>
            <ns3:hr>107</ns3:hr>
          </ns3:TrackPointExtension>
        </extensions>
      </trkpt>
      <trkpt lat="23.16624035127460956573486328125" lon="113.4329760633409023284912109375">
        <ele>21</ele>
        <time>2024-07-24T22:12:14.000Z</time>
        <extensions>
          <ns3:TrackPointExtension>
            <ns3:hr>107</ns3:hr>
          </ns3:TrackPointExtension>
        </extensions>
      </trkpt>
      <trkpt lat="23.16628008149564266204833984375" lon="113.43297916464507579803466796875">
        <ele>20.799999237060546875</ele>
        <time>2024-07-24T22:12:15.000Z</time>
        <extensions>
          <ns3:TrackPointExtension>
            <ns3:hr>108</ns3:hr>
          </ns3:TrackPointExtension>
        </extensions>
      </trkpt>
      <trkpt lat="23.1663202308118343353271484375" lon="113.43298201449215412139892578125">
        <ele>20.6000003814697265625</ele>
        <time>2024-07-24T22:12:16.000Z</time>
        <extensions>
          <ns3:TrackPointExtension>
            <ns3:hr>108</ns3:hr>
          </ns3:TrackPointExtension>
        </extensions>
      </trkpt>
      <trkpt lat="23.166360296308994293212890625" lon="113.4329836070537567138671875">
        <ele>20.200000762939453125</ele>
        <time>2024-07-24T22:12:17.000Z</time>
        <extensions>
          <ns3:TrackPointExtension>
            <ns3:hr>109</ns3:hr>
          </ns3:TrackPointExtension>
        </extensions>
      </trkpt>
      <trkpt lat="23.166399858891963958740234375" lon="113.43298486433923244476318359375">
        <ele>20.3999996185302734375</ele>
        <time>2024-07-24T22:12:18.000Z</time>
        <extensions>
          <ns3:TrackPointExtension>
            <ns3:hr>109</ns3:hr>
          </ns3:TrackPointExtension>
        </extensions>
      </trkpt>
      <trkpt lat="23.1664399243891239166259765625" lon="113.43298561871051788330078125">
        <ele>20.6000003814697265625</ele>
        <time>2024-07-24T22:12:19.000Z</time>
        <extensions>
          <ns3:TrackPointExtension>
            <ns3:hr>110</ns3:hr>
          </ns3:TrackPointExtension>
        </extensions>
      </trkpt>
      <trkpt lat="23.1664808280766010284423828125" lon="113.43298603780567646026611328125">
        <ele>20.799999237060546875</ele>
        <time>2024-07-24T22:12:20.000Z</time>
        <extensions>
          <ns3:TrackPointExtension>
            <ns3:hr>111</ns3:hr>
          </ns3:TrackPointExtension>
        </extensions>
      </trkpt>
      <trkpt lat="23.16652282141149044036865234375" lon="113.43298553489148616790771484375">
        <ele>20.6000003814697265625</ele>
        <time>2024-07-24T22:12:21.000Z</time>
        <extensions>
          <ns3:TrackPointExtension>
            <ns3:hr>112</ns3:hr>
          </ns3:TrackPointExtension>
        </extensions>
      </trkpt>
      <trkpt lat="23.16656489856541156768798828125" lon="113.43298369087278842926025390625">
        <ele>20.3999996185302734375</ele>
        <time>2024-07-24T22:12:22.000Z</time>
        <extensions>
          <ns3:TrackPointExtension>
            <ns3:hr>112</ns3:hr>
          </ns3:TrackPointExtension>
        </extensions>
      </trkpt>
      <trkpt lat="23.1666068919003009796142578125" lon="113.43298100866377353668212890625">
        <ele>20.200000762939453125</ele>
        <time>2024-07-24T22:12:23.000Z</time>
        <extensions>
          <ns3:TrackPointExtension>
            <ns3:hr>113</ns3:hr>
          </ns3:TrackPointExtension>
        </extensions>
      </trkpt>
      <trkpt lat="23.16664938814938068389892578125" lon="113.432977236807346343994140625">
        <ele>20</ele>
        <time>2024-07-24T22:12:24.000Z</time>
        <extensions>
          <ns3:TrackPointExtension>
            <ns3:hr>113</ns3:hr>
          </ns3:TrackPointExtension>
        </extensions>
      </trkpt>
      <trkpt lat="23.1666917167603969573974609375" lon="113.43297396786510944366455078125">
        <ele>19.6000003814697265625</ele>
        <time>2024-07-24T22:12:25.000Z</time>
        <extensions>
          <ns3:TrackPointExtension>
            <ns3:hr>113</ns3:hr>
          </ns3:TrackPointExtension>
        </extensions>
      </trkpt>
      <trkpt lat="23.16673303954303264617919921875" lon="113.4329727105796337127685546875">
        <ele>19.200000762939453125</ele>
        <time>2024-07-24T22:12:26.000Z</time>
        <extensions>
          <ns3:TrackPointExtension>
            <ns3:hr>114</ns3:hr>
          </ns3:TrackPointExtension>
        </extensions>
      </trkpt>
      <trkpt lat="23.16677243448793888092041015625" lon="113.4329730458557605743408203125">
        <ele>19</ele>
        <time>2024-07-24T22:12:27.000Z</time>
        <extensions>
          <ns3:TrackPointExtension>
            <ns3:hr>114</ns3:hr>
          </ns3:TrackPointExtension>
        </extensions>
      </trkpt>
      <trkpt lat="23.166810907423496246337890625" lon="113.43297421932220458984375">
        <ele>18.799999237060546875</ele>
        <time>2024-07-24T22:12:28.000Z</time>
        <extensions>
          <ns3:TrackPointExtension>
            <ns3:hr>114</ns3:hr>
          </ns3:TrackPointExtension>
        </extensions>
      </trkpt>
      <trkpt lat="23.16684921272099018096923828125" lon="113.43297447077929973602294921875">
        <ele>18.3999996185302734375</ele>
        <time>2024-07-24T22:12:29.000Z</time>
        <extensions>
          <ns3:TrackPointExtension>
            <ns3:hr>115</ns3:hr>
          </ns3:TrackPointExtension>
        </extensions>
      </trkpt>
      <trkpt lat="23.1668855063617229461669921875" lon="113.432975225150585174560546875">
        <ele>18.200000762939453125</ele>
        <time>2024-07-24T22:12:30.000Z</time>
        <extensions>
          <ns3:TrackPointExtension>
            <ns3:hr>115</ns3:hr>
          </ns3:TrackPointExtension>
        </extensions>
      </trkpt>
      <trkpt lat="23.16691962070763111114501953125" lon="113.43297631479799747467041015625">
        <ele>18</ele>
        <time>2024-07-24T22:12:31.000Z</time>
        <extensions>
          <ns3:TrackPointExtension>
            <ns3:hr>115</ns3:hr>
          </ns3:TrackPointExtension>
        </extensions>
      </trkpt>
      <trkpt lat="23.16695348359644412994384765625" lon="113.43297832645475864410400390625">
        <ele>18</ele>
        <time>2024-07-24T22:12:32.000Z</time>
        <extensions>
          <ns3:TrackPointExtension>
            <ns3:hr>115</ns3:hr>
          </ns3:TrackPointExtension>
        </extensions>
      </trkpt>
      <trkpt lat="23.166985921561717987060546875" lon="113.4329810924828052520751953125">
        <ele>17.799999237060546875</ele>
        <time>2024-07-24T22:12:33.000Z</time>
        <extensions>
          <ns3:TrackPointExtension>
            <ns3:hr>115</ns3:hr>
          </ns3:TrackPointExtension>
        </extensions>
      </trkpt>
      <trkpt lat="23.16701634787023067474365234375" lon="113.43298427760601043701171875">
        <ele>17.799999237060546875</ele>
        <time>2024-07-24T22:12:34.000Z</time>
        <extensions>
          <ns3:TrackPointExtension>
            <ns3:hr>115</ns3:hr>
          </ns3:TrackPointExtension>
        </extensions>
      </trkpt>
      <trkpt lat="23.16704685799777507781982421875" lon="113.4329862892627716064453125">
        <ele>17.799999237060546875</ele>
        <time>2024-07-24T22:12:35.000Z</time>
        <extensions>
          <ns3:TrackPointExtension>
            <ns3:hr>115</ns3:hr>
          </ns3:TrackPointExtension>
        </extensions>
      </trkpt>
      <trkpt lat="23.167077116668224334716796875" lon="113.43298737891018390655517578125">
        <ele>17.799999237060546875</ele>
        <time>2024-07-24T22:12:36.000Z</time>
        <extensions>
          <ns3:TrackPointExtension>
            <ns3:hr>115</ns3:hr>
          </ns3:TrackPointExtension>
        </extensions>
      </trkpt>
      <trkpt lat="23.167106620967388153076171875" lon="113.4329889714717864990234375">
        <ele>17.799999237060546875</ele>
        <time>2024-07-24T22:12:37.000Z</time>
        <extensions>
          <ns3:TrackPointExtension>
            <ns3:hr>115</ns3:hr>
          </ns3:TrackPointExtension>
        </extensions>
      </trkpt>
      <trkpt lat="23.16713604144752025604248046875" lon="113.4329908154904842376708984375">
        <ele>17.799999237060546875</ele>
        <time>2024-07-24T22:12:38.000Z</time>
        <extensions>
          <ns3:TrackPointExtension>
            <ns3:hr>114</ns3:hr>
          </ns3:TrackPointExtension>
        </extensions>
      </trkpt>
      <trkpt lat="23.16716453991830348968505859375" lon="113.43299257569015026092529296875">
        <ele>17.799999237060546875</ele>
        <time>2024-07-24T22:12:39.000Z</time>
        <extensions>
          <ns3:TrackPointExtension>
            <ns3:hr>114</ns3:hr>
          </ns3:TrackPointExtension>
        </extensions>
      </trkpt>
      <trkpt lat="23.16719203256070613861083984375" lon="113.43299366533756256103515625">
        <ele>17.799999237060546875</ele>
        <time>2024-07-24T22:12:40.000Z</time>
        <extensions>
          <ns3:TrackPointExtension>
            <ns3:hr>114</ns3:hr>
          </ns3:TrackPointExtension>
        </extensions>
      </trkpt>
      <trkpt lat="23.16721835173666477203369140625" lon="113.4329943358898162841796875">
        <ele>17.6000003814697265625</ele>
        <time>2024-07-24T22:12:41.000Z</time>
        <extensions>
          <ns3:TrackPointExtension>
            <ns3:hr>114</ns3:hr>
          </ns3:TrackPointExtension>
        </extensions>
      </trkpt>
      <trkpt lat="23.1672325171530246734619140625" lon="113.432994671165943145751953125">
        <ele>17.3999996185302734375</ele>
        <time>2024-07-24T22:12:42.000Z</time>
        <extensions>
          <ns3:TrackPointExtension>
            <ns3:hr>114</ns3:hr>
          </ns3:TrackPointExtension>
        </extensions>
      </trkpt>
      <trkpt lat="23.16724970005452632904052734375" lon="113.4329951740801334381103515625">
        <ele>17.200000762939453125</ele>
        <time>2024-07-24T22:12:43.000Z</time>
        <extensions>
          <ns3:TrackPointExtension>
            <ns3:hr>113</ns3:hr>
          </ns3:TrackPointExtension>
        </extensions>
      </trkpt>
      <trkpt lat="23.16726679913699626922607421875" lon="113.432996012270450592041015625">
        <ele>17.200000762939453125</ele>
        <time>2024-07-24T22:12:44.000Z</time>
        <extensions>
          <ns3:TrackPointExtension>
            <ns3:hr>111</ns3:hr>
          </ns3:TrackPointExtension>
        </extensions>
      </trkpt>
      <trkpt lat="23.16728205420076847076416015625" lon="113.4329975210130214691162109375">
        <ele>17</ele>
        <time>2024-07-24T22:12:45.000Z</time>
        <extensions>
          <ns3:TrackPointExtension>
            <ns3:hr>110</ns3:hr>
          </ns3:TrackPointExtension>
        </extensions>
      </trkpt>
      <trkpt lat="23.1672905199229717254638671875" lon="113.43299877829849720001220703125">
        <ele>17</ele>
        <time>2024-07-24T22:12:46.000Z</time>
        <extensions>
          <ns3:TrackPointExtension>
            <ns3:hr>110</ns3:hr>
          </ns3:TrackPointExtension>
        </extensions>
      </trkpt>
      <trkpt lat="23.16729915328323841094970703125" lon="113.43300037086009979248046875">
        <ele>16.799999237060546875</ele>
        <time>2024-07-24T22:12:47.000Z</time>
        <extensions>
          <ns3:TrackPointExtension>
            <ns3:hr>110</ns3:hr>
          </ns3:TrackPointExtension>
        </extensions>
      </trkpt>
      <trkpt lat="23.1673081219196319580078125" lon="113.433002717792987823486328125">
        <ele>16.799999237060546875</ele>
        <time>2024-07-24T22:12:48.000Z</time>
        <extensions>
          <ns3:TrackPointExtension>
            <ns3:hr>110</ns3:hr>
          </ns3:TrackPointExtension>
        </extensions>
      </trkpt>
      <trkpt lat="23.16731742583215236663818359375" lon="113.4330052323639392852783203125">
        <ele>16.799999237060546875</ele>
        <time>2024-07-24T22:12:49.000Z</time>
        <extensions>
          <ns3:TrackPointExtension>
            <ns3:hr>109</ns3:hr>
          </ns3:TrackPointExtension>
        </extensions>
      </trkpt>
      <trkpt lat="23.16732714883983135223388671875" lon="113.43300749547779560089111328125">
        <ele>16.6000003814697265625</ele>
        <time>2024-07-24T22:12:50.000Z</time>
        <extensions>
          <ns3:TrackPointExtension>
            <ns3:hr>109</ns3:hr>
          </ns3:TrackPointExtension>
        </extensions>
      </trkpt>
      <trkpt lat="23.16735547967255115509033203125" lon="113.43301269225776195526123046875">
        <ele>16.6000003814697265625</ele>
        <time>2024-07-24T22:12:51.000Z</time>
        <extensions>
          <ns3:TrackPointExtension>
            <ns3:hr>109</ns3:hr>
          </ns3:TrackPointExtension>
        </extensions>
      </trkpt>
      <trkpt lat="23.16737048327922821044921875" lon="113.4330226667225360870361328125">
        <ele>16.6000003814697265625</ele>
        <time>2024-07-24T22:13:26.000Z</time>
        <extensions>
          <ns3:TrackPointExtension>
            <ns3:hr>86</ns3:hr>
          </ns3:TrackPointExtension>
        </extensions>
      </trkpt>
      <trkpt lat="23.1673729978501796722412109375" lon="113.433023504912853240966796875">
        <ele>16.6000003814697265625</ele>
        <time>2024-07-24T22:13:27.000Z</time>
        <extensions>
          <ns3:TrackPointExtension>
            <ns3:hr>85</ns3:hr>
          </ns3:TrackPointExtension>
        </extensions>
      </trkpt>
      <trkpt lat="23.16737593151628971099853515625" lon="113.43302342109382152557373046875">
        <ele>16.6000003814697265625</ele>
        <time>2024-07-24T22:13:28.000Z</time>
        <extensions>
          <ns3:TrackPointExtension>
            <ns3:hr>83</ns3:hr>
          </ns3:TrackPointExtension>
        </extensions>
      </trkpt>
      <trkpt lat="23.1673805415630340576171875" lon="113.43302316963672637939453125">
        <ele>16.6000003814697265625</ele>
        <time>2024-07-24T22:13:29.000Z</time>
        <extensions>
          <ns3:TrackPointExtension>
            <ns3:hr>82</ns3:hr>
          </ns3:TrackPointExtension>
        </extensions>
      </trkpt>
      <trkpt lat="23.1673877499997615814208984375" lon="113.4330230019986629486083984375">
        <ele>16.6000003814697265625</ele>
        <time>2024-07-24T22:13:30.000Z</time>
        <extensions>
          <ns3:TrackPointExtension>
            <ns3:hr>81</ns3:hr>
          </ns3:TrackPointExtension>
        </extensions>
      </trkpt>
      <trkpt lat="23.16739839501678943634033203125" lon="113.43302291817963123321533203125">
        <ele>16.6000003814697265625</ele>
        <time>2024-07-24T22:13:31.000Z</time>
        <extensions>
          <ns3:TrackPointExtension>
            <ns3:hr>81</ns3:hr>
          </ns3:TrackPointExtension>
        </extensions>
      </trkpt>
      <trkpt lat="23.1674142368137836456298828125" lon="113.43302207998931407928466796875">
        <ele>16.6000003814697265625</ele>
        <time>2024-07-24T22:13:32.000Z</time>
        <extensions>
          <ns3:TrackPointExtension>
            <ns3:hr>81</ns3:hr>
          </ns3:TrackPointExtension>
        </extensions>
      </trkpt>
      <trkpt lat="23.16744332201778888702392578125" lon="113.43301990069448947906494140625">
        <ele>16.6000003814697265625</ele>
        <time>2024-07-24T22:13:33.000Z</time>
        <extensions>
          <ns3:TrackPointExtension>
            <ns3:hr>81</ns3:hr>
          </ns3:TrackPointExtension>
        </extensions>
      </trkpt>
      <trkpt lat="23.1674910150468349456787109375" lon="113.4330166317522525787353515625">
        <ele>16.3999996185302734375</ele>
        <time>2024-07-24T22:13:34.000Z</time>
        <extensions>
          <ns3:TrackPointExtension>
            <ns3:hr>81</ns3:hr>
          </ns3:TrackPointExtension>
        </extensions>
      </trkpt>
      <trkpt lat="23.1675278954207897186279296875" lon="113.4330157935619354248046875">
        <ele>16</ele>
        <time>2024-07-24T22:13:35.000Z</time>
        <extensions>
          <ns3:TrackPointExtension>
            <ns3:hr>82</ns3:hr>
          </ns3:TrackPointExtension>
        </extensions>
      </trkpt>
      <trkpt lat="23.16756418906152248382568359375" lon="113.43301503919064998626708984375">
        <ele>15.6000003814697265625</ele>
        <time>2024-07-24T22:13:36.000Z</time>
        <extensions>
          <ns3:TrackPointExtension>
            <ns3:hr>83</ns3:hr>
          </ns3:TrackPointExtension>
        </extensions>
      </trkpt>
      <trkpt lat="23.16760190762579441070556640625" lon="113.43301403336226940155029296875">
        <ele>15.19999980926513671875</ele>
        <time>2024-07-24T22:13:37.000Z</time>
        <extensions>
          <ns3:TrackPointExtension>
            <ns3:hr>85</ns3:hr>
          </ns3:TrackPointExtension>
        </extensions>
      </trkpt>
      <trkpt lat="23.1676402129232883453369140625" lon="113.43301202170550823211669921875">
        <ele>14.80000019073486328125</ele>
        <time>2024-07-24T22:13:38.000Z</time>
        <extensions>
          <ns3:TrackPointExtension>
            <ns3:hr>85</ns3:hr>
          </ns3:TrackPointExtension>
        </extensions>
      </trkpt>
      <trkpt lat="23.1676780991256237030029296875" lon="113.4330099262297153472900390625">
        <ele>14.80000019073486328125</ele>
        <time>2024-07-24T22:13:39.000Z</time>
        <extensions>
          <ns3:TrackPointExtension>
            <ns3:hr>85</ns3:hr>
          </ns3:TrackPointExtension>
        </extensions>
      </trkpt>
      <trkpt lat="23.16771590150892734527587890625" lon="113.4330079145729541778564453125">
        <ele>14.6000003814697265625</ele>
        <time>2024-07-24T22:13:40.000Z</time>
        <extensions>
          <ns3:TrackPointExtension>
            <ns3:hr>86</ns3:hr>
          </ns3:TrackPointExtension>
        </extensions>
      </trkpt>
      <trkpt lat="23.16775403916835784912109375" lon="113.43300799839198589324951171875">
        <ele>14.6000003814697265625</ele>
        <time>2024-07-24T22:13:41.000Z</time>
        <extensions>
          <ns3:TrackPointExtension>
            <ns3:hr>86</ns3:hr>
          </ns3:TrackPointExtension>
        </extensions>
      </trkpt>
      <trkpt lat="23.167792260646820068359375" lon="113.433009088039398193359375">
        <ele>15</ele>
        <time>2024-07-24T22:13:42.000Z</time>
        <extensions>
          <ns3:TrackPointExtension>
            <ns3:hr>86</ns3:hr>
          </ns3:TrackPointExtension>
        </extensions>
      </trkpt>
      <trkpt lat="23.1678293086588382720947265625" lon="113.43300883658230304718017578125">
        <ele>15.3999996185302734375</ele>
        <time>2024-07-24T22:13:43.000Z</time>
        <extensions>
          <ns3:TrackPointExtension>
            <ns3:hr>86</ns3:hr>
          </ns3:TrackPointExtension>
        </extensions>
      </trkpt>
      <trkpt lat="23.16786342300474643707275390625" lon="113.43300464563071727752685546875">
        <ele>15.80000019073486328125</ele>
        <time>2024-07-24T22:13:44.000Z</time>
        <extensions>
          <ns3:TrackPointExtension>
            <ns3:hr>87</ns3:hr>
          </ns3:TrackPointExtension>
        </extensions>
      </trkpt>
      <trkpt lat="23.16789460368454456329345703125" lon="113.432995341718196868896484375">
        <ele>15.80000019073486328125</ele>
        <time>2024-07-24T22:13:45.000Z</time>
        <extensions>
          <ns3:TrackPointExtension>
            <ns3:hr>88</ns3:hr>
          </ns3:TrackPointExtension>
        </extensions>
      </trkpt>
      <trkpt lat="23.167922683060169219970703125" lon="113.43298084102571010589599609375">
        <ele>15.6000003814697265625</ele>
        <time>2024-07-24T22:13:46.000Z</time>
        <extensions>
          <ns3:TrackPointExtension>
            <ns3:hr>88</ns3:hr>
          </ns3:TrackPointExtension>
        </extensions>
      </trkpt>
      <trkpt lat="23.1679464876651763916015625" lon="113.43295988626778125762939453125">
        <ele>15.3999996185302734375</ele>
        <time>2024-07-24T22:13:47.000Z</time>
        <extensions>
          <ns3:TrackPointExtension>
            <ns3:hr>87</ns3:hr>
          </ns3:TrackPointExtension>
        </extensions>
      </trkpt>
      <trkpt lat="23.16796769388020038604736328125" lon="113.4329326450824737548828125">
        <ele>15</ele>
        <time>2024-07-24T22:13:48.000Z</time>
        <extensions>
          <ns3:TrackPointExtension>
            <ns3:hr>87</ns3:hr>
          </ns3:TrackPointExtension>
        </extensions>
      </trkpt>
      <trkpt lat="23.16798848100006580352783203125" lon="113.432901464402675628662109375">
        <ele>14.6000003814697265625</ele>
        <time>2024-07-24T22:13:49.000Z</time>
        <extensions>
          <ns3:TrackPointExtension>
            <ns3:hr>87</ns3:hr>
          </ns3:TrackPointExtension>
        </extensions>
      </trkpt>
      <trkpt lat="23.16800884902477264404296875" lon="113.4328674338757991790771484375">
        <ele>14.19999980926513671875</ele>
        <time>2024-07-24T22:13:50.000Z</time>
        <extensions>
          <ns3:TrackPointExtension>
            <ns3:hr>87</ns3:hr>
          </ns3:TrackPointExtension>
        </extensions>
      </trkpt>
      <trkpt lat="23.1680296361446380615234375" lon="113.4328308887779712677001953125">
        <ele>14.19999980926513671875</ele>
        <time>2024-07-24T22:13:51.000Z</time>
        <extensions>
          <ns3:TrackPointExtension>
            <ns3:hr>87</ns3:hr>
          </ns3:TrackPointExtension>
        </extensions>
      </trkpt>
      <trkpt lat="23.16805201582610607147216796875" lon="113.4327936731278896331787109375">
        <ele>14.6000003814697265625</ele>
        <time>2024-07-24T22:13:52.000Z</time>
        <extensions>
          <ns3:TrackPointExtension>
            <ns3:hr>87</ns3:hr>
          </ns3:TrackPointExtension>
        </extensions>
      </trkpt>
      <trkpt lat="23.1680764071643352508544921875" lon="113.43275603838264942169189453125">
        <ele>15.19999980926513671875</ele>
        <time>2024-07-24T22:13:53.000Z</time>
        <extensions>
          <ns3:TrackPointExtension>
            <ns3:hr>87</ns3:hr>
          </ns3:TrackPointExtension>
        </extensions>
      </trkpt>
      <trkpt lat="23.16810213960707187652587890625" lon="113.432719744741916656494140625">
        <ele>15.6000003814697265625</ele>
        <time>2024-07-24T22:13:54.000Z</time>
        <extensions>
          <ns3:TrackPointExtension>
            <ns3:hr>88</ns3:hr>
          </ns3:TrackPointExtension>
        </extensions>
      </trkpt>
      <trkpt lat="23.16812979988753795623779296875" lon="113.432686217129230499267578125">
        <ele>16</ele>
        <time>2024-07-24T22:13:55.000Z</time>
        <extensions>
          <ns3:TrackPointExtension>
            <ns3:hr>92</ns3:hr>
          </ns3:TrackPointExtension>
        </extensions>
      </trkpt>
      <trkpt lat="23.16815880127251148223876953125" lon="113.43265579082071781158447265625">
        <ele>16.6000003814697265625</ele>
        <time>2024-07-24T22:13:56.000Z</time>
        <extensions>
          <ns3:TrackPointExtension>
            <ns3:hr>95</ns3:hr>
          </ns3:TrackPointExtension>
        </extensions>
      </trkpt>
      <trkpt lat="23.16818981431424617767333984375" lon="113.43262829817831516265869140625">
        <ele>17.200000762939453125</ele>
        <time>2024-07-24T22:13:57.000Z</time>
        <extensions>
          <ns3:TrackPointExtension>
            <ns3:hr>99</ns3:hr>
          </ns3:TrackPointExtension>
        </extensions>
      </trkpt>
      <trkpt lat="23.16822283901274204254150390625" lon="113.432602398097515106201171875">
        <ele>18</ele>
        <time>2024-07-24T22:13:58.000Z</time>
        <extensions>
          <ns3:TrackPointExtension>
            <ns3:hr>99</ns3:hr>
          </ns3:TrackPointExtension>
        </extensions>
      </trkpt>
      <trkpt lat="23.1682571209967136383056640625" lon="113.4325797669589519500732421875">
        <ele>18.6000003814697265625</ele>
        <time>2024-07-24T22:13:59.000Z</time>
        <extensions>
          <ns3:TrackPointExtension>
            <ns3:hr>99</ns3:hr>
          </ns3:TrackPointExtension>
        </extensions>
      </trkpt>
      <trkpt lat="23.1682924926280975341796875" lon="113.432559482753276824951171875">
        <ele>19.200000762939453125</ele>
        <time>2024-07-24T22:14:00.000Z</time>
        <extensions>
          <ns3:TrackPointExtension>
            <ns3:hr>98</ns3:hr>
          </ns3:TrackPointExtension>
        </extensions>
      </trkpt>
      <trkpt lat="23.16832811571657657623291015625" lon="113.4325418807566165924072265625">
        <ele>19.799999237060546875</ele>
        <time>2024-07-24T22:14:01.000Z</time>
        <extensions>
          <ns3:TrackPointExtension>
            <ns3:hr>98</ns3:hr>
          </ns3:TrackPointExtension>
        </extensions>
      </trkpt>
      <trkpt lat="23.16836348734796047210693359375" lon="113.4325257875025272369384765625">
        <ele>20.3999996185302734375</ele>
        <time>2024-07-24T22:14:02.000Z</time>
        <extensions>
          <ns3:TrackPointExtension>
            <ns3:hr>98</ns3:hr>
          </ns3:TrackPointExtension>
        </extensions>
      </trkpt>
      <trkpt lat="23.16840003244578838348388671875" lon="113.43251061625778675079345703125">
        <ele>21.200000762939453125</ele>
        <time>2024-07-24T22:14:03.000Z</time>
        <extensions>
          <ns3:TrackPointExtension>
            <ns3:hr>98</ns3:hr>
          </ns3:TrackPointExtension>
        </extensions>
      </trkpt>
      <trkpt lat="23.1684368290007114410400390625" lon="113.43249821104109287261962890625">
        <ele>21.6000003814697265625</ele>
        <time>2024-07-24T22:14:04.000Z</time>
        <extensions>
          <ns3:TrackPointExtension>
            <ns3:hr>99</ns3:hr>
          </ns3:TrackPointExtension>
        </extensions>
      </trkpt>
      <trkpt lat="23.16847421228885650634765625" lon="113.43248798511922359466552734375">
        <ele>22.200000762939453125</ele>
        <time>2024-07-24T22:14:05.000Z</time>
        <extensions>
          <ns3:TrackPointExtension>
            <ns3:hr>100</ns3:hr>
          </ns3:TrackPointExtension>
        </extensions>
      </trkpt>
      <trkpt lat="23.1685115955770015716552734375" lon="113.43247910030186176300048828125">
        <ele>22.6000003814697265625</ele>
        <time>2024-07-24T22:14:06.000Z</time>
        <extensions>
          <ns3:TrackPointExtension>
            <ns3:hr>101</ns3:hr>
          </ns3:TrackPointExtension>
        </extensions>
      </trkpt>
      <trkpt lat="23.16854738630354404449462890625" lon="113.43247440643608570098876953125">
        <ele>22.6000003814697265625</ele>
        <time>2024-07-24T22:14:07.000Z</time>
        <extensions>
          <ns3:TrackPointExtension>
            <ns3:hr>103</ns3:hr>
          </ns3:TrackPointExtension>
        </extensions>
      </trkpt>
      <trkpt lat="23.16858057864010334014892578125" lon="113.43247323296964168548583984375">
        <ele>22.799999237060546875</ele>
        <time>2024-07-24T22:14:08.000Z</time>
        <extensions>
          <ns3:TrackPointExtension>
            <ns3:hr>105</ns3:hr>
          </ns3:TrackPointExtension>
        </extensions>
      </trkpt>
      <trkpt lat="23.168613351881504058837890625" lon="113.43247331678867340087890625">
        <ele>23.3999996185302734375</ele>
        <time>2024-07-24T22:14:09.000Z</time>
        <extensions>
          <ns3:TrackPointExtension>
            <ns3:hr>106</ns3:hr>
          </ns3:TrackPointExtension>
        </extensions>
      </trkpt>
      <trkpt lat="23.16864729858934879302978515625" lon="113.4324718080461025238037109375">
        <ele>24.200000762939453125</ele>
        <time>2024-07-24T22:14:10.000Z</time>
        <extensions>
          <ns3:TrackPointExtension>
            <ns3:hr>107</ns3:hr>
          </ns3:TrackPointExtension>
        </extensions>
      </trkpt>
      <trkpt lat="23.16868199966847896575927734375" lon="113.4324704669415950775146484375">
        <ele>25</ele>
        <time>2024-07-24T22:14:11.000Z</time>
        <extensions>
          <ns3:TrackPointExtension>
            <ns3:hr>107</ns3:hr>
          </ns3:TrackPointExtension>
        </extensions>
      </trkpt>
      <trkpt lat="23.1687176227569580078125" lon="113.43247038312256336212158203125">
        <ele>25.799999237060546875</ele>
        <time>2024-07-24T22:14:12.000Z</time>
        <extensions>
          <ns3:TrackPointExtension>
            <ns3:hr>108</ns3:hr>
          </ns3:TrackPointExtension>
        </extensions>
      </trkpt>
      <trkpt lat="23.1687526591122150421142578125" lon="113.43247063457965850830078125">
        <ele>26.3999996185302734375</ele>
        <time>2024-07-24T22:14:13.000Z</time>
        <extensions>
          <ns3:TrackPointExtension>
            <ns3:hr>109</ns3:hr>
          </ns3:TrackPointExtension>
        </extensions>
      </trkpt>
      <trkpt lat="23.1687868572771549224853515625" lon="113.432467617094516754150390625">
        <ele>26.6000003814697265625</ele>
        <time>2024-07-24T22:14:14.000Z</time>
        <extensions>
          <ns3:TrackPointExtension>
            <ns3:hr>109</ns3:hr>
          </ns3:TrackPointExtension>
        </extensions>
      </trkpt>
      <trkpt lat="23.168819881975650787353515625" lon="113.4324651025235652923583984375">
        <ele>26.799999237060546875</ele>
        <time>2024-07-24T22:14:15.000Z</time>
        <extensions>
          <ns3:TrackPointExtension>
            <ns3:hr>109</ns3:hr>
          </ns3:TrackPointExtension>
        </extensions>
      </trkpt>
      <trkpt lat="23.16885148175060749053955078125" lon="113.4324647672474384307861328125">
        <ele>27</ele>
        <time>2024-07-24T22:14:16.000Z</time>
        <extensions>
          <ns3:TrackPointExtension>
            <ns3:hr>109</ns3:hr>
          </ns3:TrackPointExtension>
        </extensions>
      </trkpt>
      <trkpt lat="23.1688847579061985015869140625" lon="113.4324664436280727386474609375">
        <ele>27.799999237060546875</ele>
        <time>2024-07-24T22:14:17.000Z</time>
        <extensions>
          <ns3:TrackPointExtension>
            <ns3:hr>109</ns3:hr>
          </ns3:TrackPointExtension>
        </extensions>
      </trkpt>
      <trkpt lat="23.16891769878566265106201171875" lon="113.4324647672474384307861328125">
        <ele>28.799999237060546875</ele>
        <time>2024-07-24T22:14:18.000Z</time>
        <extensions>
          <ns3:TrackPointExtension>
            <ns3:hr>109</ns3:hr>
          </ns3:TrackPointExtension>
        </extensions>
      </trkpt>
      <trkpt lat="23.168951310217380523681640625" lon="113.43246166594326496124267578125">
        <ele>29.799999237060546875</ele>
        <time>2024-07-24T22:14:19.000Z</time>
        <extensions>
          <ns3:TrackPointExtension>
            <ns3:hr>108</ns3:hr>
          </ns3:TrackPointExtension>
        </extensions>
      </trkpt>
      <trkpt lat="23.16898324526846408843994140625" lon="113.432458229362964630126953125">
        <ele>30.6000003814697265625</ele>
        <time>2024-07-24T22:14:20.000Z</time>
        <extensions>
          <ns3:TrackPointExtension>
            <ns3:hr>107</ns3:hr>
          </ns3:TrackPointExtension>
        </extensions>
      </trkpt>
      <trkpt lat="23.16901258192956447601318359375" lon="113.4324533678591251373291015625">
        <ele>31.6000003814697265625</ele>
        <time>2024-07-24T22:14:21.000Z</time>
        <extensions>
          <ns3:TrackPointExtension>
            <ns3:hr>106</ns3:hr>
          </ns3:TrackPointExtension>
        </extensions>
      </trkpt>
      <trkpt lat="23.16904175095260143280029296875" lon="113.43244758434593677520751953125">
        <ele>32.799999237060546875</ele>
        <time>2024-07-24T22:14:22.000Z</time>
        <extensions>
          <ns3:TrackPointExtension>
            <ns3:hr>106</ns3:hr>
          </ns3:TrackPointExtension>
        </extensions>
      </trkpt>
      <trkpt lat="23.16907041706144809722900390625" lon="113.43244372867047786712646484375">
        <ele>34</ele>
        <time>2024-07-24T22:14:23.000Z</time>
        <extensions>
          <ns3:TrackPointExtension>
            <ns3:hr>105</ns3:hr>
          </ns3:TrackPointExtension>
        </extensions>
      </trkpt>
      <trkpt lat="23.169099502265453338623046875" lon="113.43244423158466815948486328125">
        <ele>35.40000152587890625</ele>
        <time>2024-07-24T22:14:24.000Z</time>
        <extensions>
          <ns3:TrackPointExtension>
            <ns3:hr>104</ns3:hr>
          </ns3:TrackPointExtension>
        </extensions>
      </trkpt>
      <trkpt lat="23.1691278330981731414794921875" lon="113.43244557268917560577392578125">
        <ele>36.59999847412109375</ele>
        <time>2024-07-24T22:14:25.000Z</time>
        <extensions>
          <ns3:TrackPointExtension>
            <ns3:hr>105</ns3:hr>
          </ns3:TrackPointExtension>
        </extensions>
      </trkpt>
      <trkpt lat="23.1691539846360683441162109375" lon="113.432445488870143890380859375">
        <ele>37.59999847412109375</ele>
        <time>2024-07-24T22:14:26.000Z</time>
        <extensions>
          <ns3:TrackPointExtension>
            <ns3:hr>105</ns3:hr>
          </ns3:TrackPointExtension>
        </extensions>
      </trkpt>
      <trkpt lat="23.16916949115693569183349609375" lon="113.43244557268917560577392578125">
        <ele>38.40000152587890625</ele>
        <time>2024-07-24T22:14:27.000Z</time>
        <extensions>
          <ns3:TrackPointExtension>
            <ns3:hr>105</ns3:hr>
          </ns3:TrackPointExtension>
        </extensions>
      </trkpt>
      <trkpt lat="23.16920503042638301849365234375" lon="113.4324493445456027984619140625">
        <ele>39.799999237060546875</ele>
        <time>2024-07-24T22:14:28.000Z</time>
        <extensions>
          <ns3:TrackPointExtension>
            <ns3:hr>105</ns3:hr>
          </ns3:TrackPointExtension>
        </extensions>
      </trkpt>
      <trkpt lat="23.16922145895659923553466796875" lon="113.43245160765945911407470703125">
        <ele>40.59999847412109375</ele>
        <time>2024-07-24T22:14:29.000Z</time>
        <extensions>
          <ns3:TrackPointExtension>
            <ns3:hr>105</ns3:hr>
          </ns3:TrackPointExtension>
        </extensions>
      </trkpt>
      <trkpt lat="23.16924400627613067626953125" lon="113.43245512805879116058349609375">
        <ele>41.40000152587890625</ele>
        <time>2024-07-24T22:14:30.000Z</time>
        <extensions>
          <ns3:TrackPointExtension>
            <ns3:hr>105</ns3:hr>
          </ns3:TrackPointExtension>
        </extensions>
      </trkpt>
      <trkpt lat="23.169287256896495819091796875" lon="113.4324614144861698150634765625">
        <ele>43.40000152587890625</ele>
        <time>2024-07-24T22:14:31.000Z</time>
        <extensions>
          <ns3:TrackPointExtension>
            <ns3:hr>105</ns3:hr>
          </ns3:TrackPointExtension>
        </extensions>
      </trkpt>
      <trkpt lat="23.16931902430951595306396484375" lon="113.432466275990009307861328125">
        <ele>44.200000762939453125</ele>
        <time>2024-07-24T22:14:32.000Z</time>
        <extensions>
          <ns3:TrackPointExtension>
            <ns3:hr>105</ns3:hr>
          </ns3:TrackPointExtension>
        </extensions>
      </trkpt>
      <trkpt lat="23.16934785805642604827880859375" lon="113.43246988020837306976318359375">
        <ele>45</ele>
        <time>2024-07-24T22:14:33.000Z</time>
        <extensions>
          <ns3:TrackPointExtension>
            <ns3:hr>105</ns3:hr>
          </ns3:TrackPointExtension>
        </extensions>
      </trkpt>
      <trkpt lat="23.1693759374320507049560546875" lon="113.43247239477932453155517578125">
        <ele>45.799999237060546875</ele>
        <time>2024-07-24T22:14:34.000Z</time>
        <extensions>
          <ns3:TrackPointExtension>
            <ns3:hr>107</ns3:hr>
          </ns3:TrackPointExtension>
        </extensions>
      </trkpt>
      <trkpt lat="23.1694034300744533538818359375" lon="113.43247507698833942413330078125">
        <ele>46.40000152587890625</ele>
        <time>2024-07-24T22:14:35.000Z</time>
        <extensions>
          <ns3:TrackPointExtension>
            <ns3:hr>107</ns3:hr>
          </ns3:TrackPointExtension>
        </extensions>
      </trkpt>
      <trkpt lat="23.16943041980266571044921875" lon="113.43247742392122745513916015625">
        <ele>47.200000762939453125</ele>
        <time>2024-07-24T22:14:36.000Z</time>
        <extensions>
          <ns3:TrackPointExtension>
            <ns3:hr>109</ns3:hr>
          </ns3:TrackPointExtension>
        </extensions>
      </trkpt>
      <trkpt lat="23.16945724189281463623046875" lon="113.43247868120670318603515625">
        <ele>48.200000762939453125</ele>
        <time>2024-07-24T22:14:37.000Z</time>
        <extensions>
          <ns3:TrackPointExtension>
            <ns3:hr>109</ns3:hr>
          </ns3:TrackPointExtension>
        </extensions>
      </trkpt>
      <trkpt lat="23.1694728322327136993408203125" lon="113.43247943557798862457275390625">
        <ele>48.59999847412109375</ele>
        <time>2024-07-24T22:14:38.000Z</time>
        <extensions>
          <ns3:TrackPointExtension>
            <ns3:hr>109</ns3:hr>
          </ns3:TrackPointExtension>
        </extensions>
      </trkpt>
      <trkpt lat="23.16950912587344646453857421875" lon="113.4324811957776546478271484375">
        <ele>49.799999237060546875</ele>
        <time>2024-07-24T22:14:39.000Z</time>
        <extensions>
          <ns3:TrackPointExtension>
            <ns3:hr>109</ns3:hr>
          </ns3:TrackPointExtension>
        </extensions>
      </trkpt>
      <trkpt lat="23.16953745670616626739501953125" lon="113.432483375072479248046875">
        <ele>50.799999237060546875</ele>
        <time>2024-07-24T22:14:40.000Z</time>
        <extensions>
          <ns3:TrackPointExtension>
            <ns3:hr>109</ns3:hr>
          </ns3:TrackPointExtension>
        </extensions>
      </trkpt>
      <trkpt lat="23.16955338232219219207763671875" lon="113.43248463235795497894287109375">
        <ele>51.40000152587890625</ele>
        <time>2024-07-24T22:14:41.000Z</time>
        <extensions>
          <ns3:TrackPointExtension>
            <ns3:hr>108</ns3:hr>
          </ns3:TrackPointExtension>
        </extensions>
      </trkpt>
      <trkpt lat="23.169591017067432403564453125" lon="113.43248798511922359466552734375">
        <ele>52.59999847412109375</ele>
        <time>2024-07-24T22:14:42.000Z</time>
        <extensions>
          <ns3:TrackPointExtension>
            <ns3:hr>108</ns3:hr>
          </ns3:TrackPointExtension>
        </extensions>
      </trkpt>
      <trkpt lat="23.1696220301091670989990234375" lon="113.43249167315661907196044921875">
        <ele>53.200000762939453125</ele>
        <time>2024-07-24T22:14:43.000Z</time>
        <extensions>
          <ns3:TrackPointExtension>
            <ns3:hr>108</ns3:hr>
          </ns3:TrackPointExtension>
        </extensions>
      </trkpt>
      <trkpt lat="23.169652707874774932861328125" lon="113.43249611556529998779296875">
        <ele>53.59999847412109375</ele>
        <time>2024-07-24T22:14:44.000Z</time>
        <extensions>
          <ns3:TrackPointExtension>
            <ns3:hr>108</ns3:hr>
          </ns3:TrackPointExtension>
        </extensions>
      </trkpt>
      <trkpt lat="23.1696832180023193359375" lon="113.43250089325010776519775390625">
        <ele>54.200000762939453125</ele>
        <time>2024-07-24T22:14:45.000Z</time>
        <extensions>
          <ns3:TrackPointExtension>
            <ns3:hr>109</ns3:hr>
          </ns3:TrackPointExtension>
        </extensions>
      </trkpt>
      <trkpt lat="23.1697128899395465850830078125" lon="113.43250458128750324249267578125">
        <ele>54.59999847412109375</ele>
        <time>2024-07-24T22:14:46.000Z</time>
        <extensions>
          <ns3:TrackPointExtension>
            <ns3:hr>110</ns3:hr>
          </ns3:TrackPointExtension>
        </extensions>
      </trkpt>
      <trkpt lat="23.1697407178580760955810546875" lon="113.43250609003007411956787109375">
        <ele>54.799999237060546875</ele>
        <time>2024-07-24T22:14:47.000Z</time>
        <extensions>
          <ns3:TrackPointExtension>
            <ns3:hr>110</ns3:hr>
          </ns3:TrackPointExtension>
        </extensions>
      </trkpt>
      <trkpt lat="23.1697695516049861907958984375" lon="113.432505168020725250244140625">
        <ele>55</ele>
        <time>2024-07-24T22:14:48.000Z</time>
        <extensions>
          <ns3:TrackPointExtension>
            <ns3:hr>110</ns3:hr>
          </ns3:TrackPointExtension>
        </extensions>
      </trkpt>
      <trkpt lat="23.169798888266086578369140625" lon="113.43250407837331295013427734375">
        <ele>55.200000762939453125</ele>
        <time>2024-07-24T22:14:49.000Z</time>
        <extensions>
          <ns3:TrackPointExtension>
            <ns3:hr>110</ns3:hr>
          </ns3:TrackPointExtension>
        </extensions>
      </trkpt>
      <trkpt lat="23.1698262132704257965087890625" lon="113.4325033240020275115966796875">
        <ele>55.200000762939453125</ele>
        <time>2024-07-24T22:14:50.000Z</time>
        <extensions>
          <ns3:TrackPointExtension>
            <ns3:hr>110</ns3:hr>
          </ns3:TrackPointExtension>
        </extensions>
      </trkpt>
      <trkpt lat="23.16985278390347957611083984375" lon="113.43250407837331295013427734375">
        <ele>55.40000152587890625</ele>
        <time>2024-07-24T22:14:51.000Z</time>
        <extensions>
          <ns3:TrackPointExtension>
            <ns3:hr>111</ns3:hr>
          </ns3:TrackPointExtension>
        </extensions>
      </trkpt>
      <trkpt lat="23.169867955148220062255859375" lon="113.4325043298304080963134765625">
        <ele>55.59999847412109375</ele>
        <time>2024-07-24T22:14:52.000Z</time>
        <extensions>
          <ns3:TrackPointExtension>
            <ns3:hr>112</ns3:hr>
          </ns3:TrackPointExtension>
        </extensions>
      </trkpt>
      <trkpt lat="23.16988849081099033355712890625" lon="113.4325034916400909423828125">
        <ele>55.799999237060546875</ele>
        <time>2024-07-24T22:14:53.000Z</time>
        <extensions>
          <ns3:TrackPointExtension>
            <ns3:hr>112</ns3:hr>
          </ns3:TrackPointExtension>
        </extensions>
      </trkpt>
      <trkpt lat="23.1699117086827754974365234375" lon="113.43250139616429805755615234375">
        <ele>55.59999847412109375</ele>
        <time>2024-07-24T22:14:54.000Z</time>
        <extensions>
          <ns3:TrackPointExtension>
            <ns3:hr>112</ns3:hr>
          </ns3:TrackPointExtension>
        </extensions>
      </trkpt>
      <trkpt lat="23.16993559710681438446044921875" lon="113.432497121393680572509765625">
        <ele>55.40000152587890625</ele>
        <time>2024-07-24T22:14:55.000Z</time>
        <extensions>
          <ns3:TrackPointExtension>
            <ns3:hr>112</ns3:hr>
          </ns3:TrackPointExtension>
        </extensions>
      </trkpt>
      <trkpt lat="23.16996174864470958709716796875" lon="113.43249167315661907196044921875">
        <ele>55.200000762939453125</ele>
        <time>2024-07-24T22:14:56.000Z</time>
        <extensions>
          <ns3:TrackPointExtension>
            <ns3:hr>111</ns3:hr>
          </ns3:TrackPointExtension>
        </extensions>
      </trkpt>
      <trkpt lat="23.170006088912487030029296875" lon="113.43248404562473297119140625">
        <ele>54.59999847412109375</ele>
        <time>2024-07-24T22:14:57.000Z</time>
        <extensions>
          <ns3:TrackPointExtension>
            <ns3:hr>111</ns3:hr>
          </ns3:TrackPointExtension>
        </extensions>
      </trkpt>
      <trkpt lat="23.17003701813519001007080078125" lon="113.4324815310537815093994140625">
        <ele>54.200000762939453125</ele>
        <time>2024-07-24T22:14:58.000Z</time>
        <extensions>
          <ns3:TrackPointExtension>
            <ns3:hr>111</ns3:hr>
          </ns3:TrackPointExtension>
        </extensions>
      </trkpt>
      <trkpt lat="23.17006635479629039764404296875" lon="113.4324820339679718017578125">
        <ele>53.799999237060546875</ele>
        <time>2024-07-24T22:14:59.000Z</time>
        <extensions>
          <ns3:TrackPointExtension>
            <ns3:hr>112</ns3:hr>
          </ns3:TrackPointExtension>
        </extensions>
      </trkpt>
      <trkpt lat="23.17009451799094676971435546875" lon="113.43248362652957439422607421875">
        <ele>53.59999847412109375</ele>
        <time>2024-07-24T22:15:00.000Z</time>
        <extensions>
          <ns3:TrackPointExtension>
            <ns3:hr>113</ns3:hr>
          </ns3:TrackPointExtension>
        </extensions>
      </trkpt>
      <trkpt lat="23.17012318409979343414306640625" lon="113.43248547054827213287353515625">
        <ele>53.40000152587890625</ele>
        <time>2024-07-24T22:15:01.000Z</time>
        <extensions>
          <ns3:TrackPointExtension>
            <ns3:hr>113</ns3:hr>
          </ns3:TrackPointExtension>
        </extensions>
      </trkpt>
      <trkpt lat="23.17015252076089382171630859375" lon="113.43248806893825531005859375">
        <ele>53.200000762939453125</ele>
        <time>2024-07-24T22:15:02.000Z</time>
        <extensions>
          <ns3:TrackPointExtension>
            <ns3:hr>113</ns3:hr>
          </ns3:TrackPointExtension>
        </extensions>
      </trkpt>
      <trkpt lat="23.17018219269812107086181640625" lon="113.432491086423397064208984375">
        <ele>53.200000762939453125</ele>
        <time>2024-07-24T22:15:03.000Z</time>
        <extensions>
          <ns3:TrackPointExtension>
            <ns3:hr>113</ns3:hr>
          </ns3:TrackPointExtension>
        </extensions>
      </trkpt>
      <trkpt lat="23.1702121160924434661865234375" lon="113.4324936009943485260009765625">
        <ele>53.40000152587890625</ele>
        <time>2024-07-24T22:15:04.000Z</time>
        <extensions>
          <ns3:TrackPointExtension>
            <ns3:hr>113</ns3:hr>
          </ns3:TrackPointExtension>
        </extensions>
      </trkpt>
      <trkpt lat="23.170242123305797576904296875" lon="113.43249519355595111846923828125">
        <ele>53.40000152587890625</ele>
        <time>2024-07-24T22:15:05.000Z</time>
        <extensions>
          <ns3:TrackPointExtension>
            <ns3:hr>114</ns3:hr>
          </ns3:TrackPointExtension>
        </extensions>
      </trkpt>
      <trkpt lat="23.17027221433818340301513671875" lon="113.43249586410820484161376953125">
        <ele>53</ele>
        <time>2024-07-24T22:15:06.000Z</time>
        <extensions>
          <ns3:TrackPointExtension>
            <ns3:hr>113</ns3:hr>
          </ns3:TrackPointExtension>
        </extensions>
      </trkpt>
      <trkpt lat="23.17030339501798152923583984375" lon="113.43249611556529998779296875">
        <ele>52.59999847412109375</ele>
        <time>2024-07-24T22:15:07.000Z</time>
        <extensions>
          <ns3:TrackPointExtension>
            <ns3:hr>113</ns3:hr>
          </ns3:TrackPointExtension>
        </extensions>
      </trkpt>
      <trkpt lat="23.17033574916422367095947265625" lon="113.43249552883207798004150390625">
        <ele>52.200000762939453125</ele>
        <time>2024-07-24T22:15:08.000Z</time>
        <extensions>
          <ns3:TrackPointExtension>
            <ns3:hr>113</ns3:hr>
          </ns3:TrackPointExtension>
        </extensions>
      </trkpt>
      <trkpt lat="23.17036810331046581268310546875" lon="113.43249502591788768768310546875">
        <ele>51.59999847412109375</ele>
        <time>2024-07-24T22:15:09.000Z</time>
        <extensions>
          <ns3:TrackPointExtension>
            <ns3:hr>113</ns3:hr>
          </ns3:TrackPointExtension>
        </extensions>
      </trkpt>
      <trkpt lat="23.1704015471041202545166015625" lon="113.43249402008950710296630859375">
        <ele>51.200000762939453125</ele>
        <time>2024-07-24T22:15:10.000Z</time>
        <extensions>
          <ns3:TrackPointExtension>
            <ns3:hr>114</ns3:hr>
          </ns3:TrackPointExtension>
        </extensions>
      </trkpt>
      <trkpt lat="23.1704344041645526885986328125" lon="113.4324932657182216644287109375">
        <ele>50.59999847412109375</ele>
        <time>2024-07-24T22:15:11.000Z</time>
        <extensions>
          <ns3:TrackPointExtension>
            <ns3:hr>113</ns3:hr>
          </ns3:TrackPointExtension>
        </extensions>
      </trkpt>
      <trkpt lat="23.170468099415302276611328125" lon="113.432494103908538818359375">
        <ele>50.40000152587890625</ele>
        <time>2024-07-24T22:15:12.000Z</time>
        <extensions>
          <ns3:TrackPointExtension>
            <ns3:hr>113</ns3:hr>
          </ns3:TrackPointExtension>
        </extensions>
      </trkpt>
      <trkpt lat="23.1705017946660518646240234375" lon="113.432494439184665679931640625">
        <ele>50.200000762939453125</ele>
        <time>2024-07-24T22:15:13.000Z</time>
        <extensions>
          <ns3:TrackPointExtension>
            <ns3:hr>113</ns3:hr>
          </ns3:TrackPointExtension>
        </extensions>
      </trkpt>
      <trkpt lat="23.1705353222787380218505859375" lon="113.43249452300369739532470703125">
        <ele>49.799999237060546875</ele>
        <time>2024-07-24T22:15:14.000Z</time>
        <extensions>
          <ns3:TrackPointExtension>
            <ns3:hr>113</ns3:hr>
          </ns3:TrackPointExtension>
        </extensions>
      </trkpt>
      <trkpt lat="23.1705688498914241790771484375" lon="113.43249452300369739532470703125">
        <ele>48.59999847412109375</ele>
        <time>2024-07-24T22:15:15.000Z</time>
        <extensions>
          <ns3:TrackPointExtension>
            <ns3:hr>112</ns3:hr>
          </ns3:TrackPointExtension>
        </extensions>
      </trkpt>
      <trkpt lat="23.1706033833324909210205078125" lon="113.432494439184665679931640625">
        <ele>47.59999847412109375</ele>
        <time>2024-07-24T22:15:16.000Z</time>
        <extensions>
          <ns3:TrackPointExtension>
            <ns3:hr>112</ns3:hr>
          </ns3:TrackPointExtension>
        </extensions>
      </trkpt>
      <trkpt lat="23.17063850350677967071533203125" lon="113.43249502591788768768310546875">
        <ele>46.40000152587890625</ele>
        <time>2024-07-24T22:15:17.000Z</time>
        <extensions>
          <ns3:TrackPointExtension>
            <ns3:hr>113</ns3:hr>
          </ns3:TrackPointExtension>
        </extensions>
      </trkpt>
      <trkpt lat="23.17067421041429042816162109375" lon="113.4324949420988559722900390625">
        <ele>45.200000762939453125</ele>
        <time>2024-07-24T22:15:18.000Z</time>
        <extensions>
          <ns3:TrackPointExtension>
            <ns3:hr>113</ns3:hr>
          </ns3:TrackPointExtension>
        </extensions>
      </trkpt>
      <trkpt lat="23.170710504055023193359375" lon="113.4324952773749828338623046875">
        <ele>44.200000762939453125</ele>
        <time>2024-07-24T22:15:19.000Z</time>
        <extensions>
          <ns3:TrackPointExtension>
            <ns3:hr>113</ns3:hr>
          </ns3:TrackPointExtension>
        </extensions>
      </trkpt>
      <trkpt lat="23.17074713297188282012939453125" lon="113.43249686993658542633056640625">
        <ele>43.59999847412109375</ele>
        <time>2024-07-24T22:15:20.000Z</time>
        <extensions>
          <ns3:TrackPointExtension>
            <ns3:hr>113</ns3:hr>
          </ns3:TrackPointExtension>
        </extensions>
      </trkpt>
      <trkpt lat="23.1707830913364887237548828125" lon="113.43250013887882232666015625">
        <ele>43</ele>
        <time>2024-07-24T22:15:21.000Z</time>
        <extensions>
          <ns3:TrackPointExtension>
            <ns3:hr>113</ns3:hr>
          </ns3:TrackPointExtension>
        </extensions>
      </trkpt>
      <trkpt lat="23.17081988789141178131103515625" lon="113.432503826916217803955078125">
        <ele>42.40000152587890625</ele>
        <time>2024-07-24T22:15:22.000Z</time>
        <extensions>
          <ns3:TrackPointExtension>
            <ns3:hr>113</ns3:hr>
          </ns3:TrackPointExtension>
        </extensions>
      </trkpt>
      <trkpt lat="23.1708568520843982696533203125" lon="113.43250743113458156585693359375">
        <ele>41.799999237060546875</ele>
        <time>2024-07-24T22:15:23.000Z</time>
        <extensions>
          <ns3:TrackPointExtension>
            <ns3:hr>113</ns3:hr>
          </ns3:TrackPointExtension>
        </extensions>
      </trkpt>
      <trkpt lat="23.1708937324583530426025390625" lon="113.43251086771488189697265625">
        <ele>41.200000762939453125</ele>
        <time>2024-07-24T22:15:24.000Z</time>
        <extensions>
          <ns3:TrackPointExtension>
            <ns3:hr>113</ns3:hr>
          </ns3:TrackPointExtension>
        </extensions>
      </trkpt>
      <trkpt lat="23.17092985846102237701416015625" lon="113.4325137175619602203369140625">
        <ele>40.40000152587890625</ele>
        <time>2024-07-24T22:15:25.000Z</time>
        <extensions>
          <ns3:TrackPointExtension>
            <ns3:hr>113</ns3:hr>
          </ns3:TrackPointExtension>
        </extensions>
      </trkpt>
      <trkpt lat="23.17096724174916744232177734375" lon="113.43251531012356281280517578125">
        <ele>39.799999237060546875</ele>
        <time>2024-07-24T22:15:26.000Z</time>
        <extensions>
          <ns3:TrackPointExtension>
            <ns3:hr>113</ns3:hr>
          </ns3:TrackPointExtension>
        </extensions>
      </trkpt>
      <trkpt lat="23.171005882322788238525390625" lon="113.432515896856784820556640625">
        <ele>39.200000762939453125</ele>
        <time>2024-07-24T22:15:27.000Z</time>
        <extensions>
          <ns3:TrackPointExtension>
            <ns3:hr>112</ns3:hr>
          </ns3:TrackPointExtension>
        </extensions>
      </trkpt>
      <trkpt lat="23.171045444905757904052734375" lon="113.43251547776162624359130859375">
        <ele>38.59999847412109375</ele>
        <time>2024-07-24T22:15:28.000Z</time>
        <extensions>
          <ns3:TrackPointExtension>
            <ns3:hr>112</ns3:hr>
          </ns3:TrackPointExtension>
        </extensions>
      </trkpt>
      <trkpt lat="23.17108534276485443115234375" lon="113.4325143881142139434814453125">
        <ele>38</ele>
        <time>2024-07-24T22:15:29.000Z</time>
        <extensions>
          <ns3:TrackPointExtension>
            <ns3:hr>112</ns3:hr>
          </ns3:TrackPointExtension>
        </extensions>
      </trkpt>
      <trkpt lat="23.1711247377097606658935546875" lon="113.43251346610486507415771484375">
        <ele>37.59999847412109375</ele>
        <time>2024-07-24T22:15:30.000Z</time>
        <extensions>
          <ns3:TrackPointExtension>
            <ns3:hr>112</ns3:hr>
          </ns3:TrackPointExtension>
        </extensions>
      </trkpt>
      <trkpt lat="23.171166144311428070068359375" lon="113.43251363374292850494384765625">
        <ele>37.40000152587890625</ele>
        <time>2024-07-24T22:15:31.000Z</time>
        <extensions>
          <ns3:TrackPointExtension>
            <ns3:hr>112</ns3:hr>
          </ns3:TrackPointExtension>
        </extensions>
      </trkpt>
      <trkpt lat="23.17120872437953948974609375" lon="113.432513885200023651123046875">
        <ele>37</ele>
        <time>2024-07-24T22:15:32.000Z</time>
        <extensions>
          <ns3:TrackPointExtension>
            <ns3:hr>111</ns3:hr>
          </ns3:TrackPointExtension>
        </extensions>
      </trkpt>
      <trkpt lat="23.17125189118087291717529296875" lon="113.4325142204761505126953125">
        <ele>36.799999237060546875</ele>
        <time>2024-07-24T22:15:33.000Z</time>
        <extensions>
          <ns3:TrackPointExtension>
            <ns3:hr>110</ns3:hr>
          </ns3:TrackPointExtension>
        </extensions>
      </trkpt>
      <trkpt lat="23.17129530943930149078369140625" lon="113.4325123764574527740478515625">
        <ele>36.40000152587890625</ele>
        <time>2024-07-24T22:15:34.000Z</time>
        <extensions>
          <ns3:TrackPointExtension>
            <ns3:hr>109</ns3:hr>
          </ns3:TrackPointExtension>
        </extensions>
      </trkpt>
      <trkpt lat="23.17133990116417407989501953125" lon="113.43250709585845470428466796875">
        <ele>35.799999237060546875</ele>
        <time>2024-07-24T22:15:35.000Z</time>
        <extensions>
          <ns3:TrackPointExtension>
            <ns3:hr>109</ns3:hr>
          </ns3:TrackPointExtension>
        </extensions>
      </trkpt>
      <trkpt lat="23.1713850796222686767578125" lon="113.432499803602695465087890625">
        <ele>34.59999847412109375</ele>
        <time>2024-07-24T22:15:36.000Z</time>
        <extensions>
          <ns3:TrackPointExtension>
            <ns3:hr>109</ns3:hr>
          </ns3:TrackPointExtension>
        </extensions>
      </trkpt>
      <trkpt lat="23.1714315153658390045166015625" lon="113.43249217607080936431884765625">
        <ele>33.200000762939453125</ele>
        <time>2024-07-24T22:15:37.000Z</time>
        <extensions>
          <ns3:TrackPointExtension>
            <ns3:hr>108</ns3:hr>
          </ns3:TrackPointExtension>
        </extensions>
      </trkpt>
      <trkpt lat="23.17148021422326564788818359375" lon="113.43248547054827213287353515625">
        <ele>31.799999237060546875</ele>
        <time>2024-07-24T22:15:38.000Z</time>
        <extensions>
          <ns3:TrackPointExtension>
            <ns3:hr>108</ns3:hr>
          </ns3:TrackPointExtension>
        </extensions>
      </trkpt>
      <trkpt lat="23.17153000272810459136962890625" lon="113.43248094432055950164794921875">
        <ele>30.3999996185302734375</ele>
        <time>2024-07-24T22:15:39.000Z</time>
        <extensions>
          <ns3:TrackPointExtension>
            <ns3:hr>108</ns3:hr>
          </ns3:TrackPointExtension>
        </extensions>
      </trkpt>
      <trkpt lat="23.1715807132422924041748046875" lon="113.43247859738767147064208984375">
        <ele>29.200000762939453125</ele>
        <time>2024-07-24T22:15:40.000Z</time>
        <extensions>
          <ns3:TrackPointExtension>
            <ns3:hr>109</ns3:hr>
          </ns3:TrackPointExtension>
        </extensions>
      </trkpt>
      <trkpt lat="23.17163209430873394012451171875" lon="113.43247759155929088592529296875">
        <ele>28.200000762939453125</ele>
        <time>2024-07-24T22:15:41.000Z</time>
        <extensions>
          <ns3:TrackPointExtension>
            <ns3:hr>108</ns3:hr>
          </ns3:TrackPointExtension>
        </extensions>
      </trkpt>
      <trkpt lat="23.17168741486966609954833984375" lon="113.43247926793992519378662109375">
        <ele>26</ele>
        <time>2024-07-24T22:15:42.000Z</time>
        <extensions>
          <ns3:TrackPointExtension>
            <ns3:hr>107</ns3:hr>
          </ns3:TrackPointExtension>
        </extensions>
      </trkpt>
      <trkpt lat="23.17175648175179958343505859375" lon="113.43248404562473297119140625">
        <ele>23.3999996185302734375</ele>
        <time>2024-07-24T22:15:43.000Z</time>
        <extensions>
          <ns3:TrackPointExtension>
            <ns3:hr>107</ns3:hr>
          </ns3:TrackPointExtension>
        </extensions>
      </trkpt>
      <trkpt lat="23.171794451773166656494140625" lon="113.4324882365763187408447265625">
        <ele>21.799999237060546875</ele>
        <time>2024-07-24T22:15:44.000Z</time>
        <extensions>
          <ns3:TrackPointExtension>
            <ns3:hr>105</ns3:hr>
          </ns3:TrackPointExtension>
        </extensions>
      </trkpt>
      <trkpt lat="23.1718418933451175689697265625" lon="113.432494103908538818359375">
        <ele>20.200000762939453125</ele>
        <time>2024-07-24T22:15:45.000Z</time>
        <extensions>
          <ns3:TrackPointExtension>
            <ns3:hr>104</ns3:hr>
          </ns3:TrackPointExtension>
        </extensions>
      </trkpt>
      <trkpt lat="23.17189310677349567413330078125" lon="113.4324999712407588958740234375">
        <ele>18.6000003814697265625</ele>
        <time>2024-07-24T22:15:46.000Z</time>
        <extensions>
          <ns3:TrackPointExtension>
            <ns3:hr>101</ns3:hr>
          </ns3:TrackPointExtension>
        </extensions>
      </trkpt>
      <trkpt lat="23.17194557748734951019287109375" lon="113.432503826916217803955078125">
        <ele>17.6000003814697265625</ele>
        <time>2024-07-24T22:15:47.000Z</time>
        <extensions>
          <ns3:TrackPointExtension>
            <ns3:hr>99</ns3:hr>
          </ns3:TrackPointExtension>
        </extensions>
      </trkpt>
      <trkpt lat="23.171995617449283599853515625" lon="113.43250374309718608856201171875">
        <ele>17</ele>
        <time>2024-07-24T22:15:48.000Z</time>
        <extensions>
          <ns3:TrackPointExtension>
            <ns3:hr>97</ns3:hr>
          </ns3:TrackPointExtension>
        </extensions>
      </trkpt>
      <trkpt lat="23.17204683087766170501708984375" lon="113.43250391073524951934814453125">
        <ele>16.3999996185302734375</ele>
        <time>2024-07-24T22:15:49.000Z</time>
        <extensions>
          <ns3:TrackPointExtension>
            <ns3:hr>94</ns3:hr>
          </ns3:TrackPointExtension>
        </extensions>
      </trkpt>
      <trkpt lat="23.17210231907665729522705078125" lon="113.43250541947782039642333984375">
        <ele>15.80000019073486328125</ele>
        <time>2024-07-24T22:15:50.000Z</time>
        <extensions>
          <ns3:TrackPointExtension>
            <ns3:hr>94</ns3:hr>
          </ns3:TrackPointExtension>
        </extensions>
      </trkpt>
      <trkpt lat="23.1721865572035312652587890625" lon="113.4325086884200572967529296875">
        <ele>14.19999980926513671875</ele>
        <time>2024-07-24T22:15:51.000Z</time>
        <extensions>
          <ns3:TrackPointExtension>
            <ns3:hr>93</ns3:hr>
          </ns3:TrackPointExtension>
        </extensions>
      </trkpt>
      <trkpt lat="23.17224849946796894073486328125" lon="113.432511202991008758544921875">
        <ele>14.3999996185302734375</ele>
        <time>2024-07-24T22:15:52.000Z</time>
        <extensions>
          <ns3:TrackPointExtension>
            <ns3:hr>93</ns3:hr>
          </ns3:TrackPointExtension>
        </extensions>
      </trkpt>
      <trkpt lat="23.17230935208499431610107421875" lon="113.4325117059051990509033203125">
        <ele>14.80000019073486328125</ele>
        <time>2024-07-24T22:15:53.000Z</time>
        <extensions>
          <ns3:TrackPointExtension>
            <ns3:hr>92</ns3:hr>
          </ns3:TrackPointExtension>
        </extensions>
      </trkpt>
      <trkpt lat="23.17237221635878086090087890625" lon="113.43251162208616733551025390625">
        <ele>15.19999980926513671875</ele>
        <time>2024-07-24T22:15:54.000Z</time>
        <extensions>
          <ns3:TrackPointExtension>
            <ns3:hr>91</ns3:hr>
          </ns3:TrackPointExtension>
        </extensions>
      </trkpt>
      <trkpt lat="23.17243491299450397491455078125" lon="113.43251212500035762786865234375">
        <ele>15.3999996185302734375</ele>
        <time>2024-07-24T22:15:55.000Z</time>
        <extensions>
          <ns3:TrackPointExtension>
            <ns3:hr>89</ns3:hr>
          </ns3:TrackPointExtension>
        </extensions>
      </trkpt>
      <trkpt lat="23.17249953746795654296875" lon="113.432512544095516204833984375">
        <ele>15.3999996185302734375</ele>
        <time>2024-07-24T22:15:56.000Z</time>
        <extensions>
          <ns3:TrackPointExtension>
            <ns3:hr>88</ns3:hr>
          </ns3:TrackPointExtension>
        </extensions>
      </trkpt>
      <trkpt lat="23.17256391048431396484375" lon="113.43251497484743595123291015625">
        <ele>15.6000003814697265625</ele>
        <time>2024-07-24T22:15:57.000Z</time>
        <extensions>
          <ns3:TrackPointExtension>
            <ns3:hr>87</ns3:hr>
          </ns3:TrackPointExtension>
        </extensions>
      </trkpt>
      <trkpt lat="23.1726277805864810943603515625" lon="113.432519920170307159423828125">
        <ele>15.80000019073486328125</ele>
        <time>2024-07-24T22:15:58.000Z</time>
        <extensions>
          <ns3:TrackPointExtension>
            <ns3:hr>86</ns3:hr>
          </ns3:TrackPointExtension>
        </extensions>
      </trkpt>
      <trkpt lat="23.17269223742187023162841796875" lon="113.4325237758457660675048828125">
        <ele>16.200000762939453125</ele>
        <time>2024-07-24T22:15:59.000Z</time>
        <extensions>
          <ns3:TrackPointExtension>
            <ns3:hr>86</ns3:hr>
          </ns3:TrackPointExtension>
        </extensions>
      </trkpt>
      <trkpt lat="23.17275770008563995361328125" lon="113.4325281344354152679443359375">
        <ele>17</ele>
        <time>2024-07-24T22:16:00.000Z</time>
        <extensions>
          <ns3:TrackPointExtension>
            <ns3:hr>86</ns3:hr>
          </ns3:TrackPointExtension>
        </extensions>
      </trkpt>
      <trkpt lat="23.17282550968229770660400390625" lon="113.432531319558620452880859375">
        <ele>17</ele>
        <time>2024-07-24T22:16:01.000Z</time>
        <extensions>
          <ns3:TrackPointExtension>
            <ns3:hr>86</ns3:hr>
          </ns3:TrackPointExtension>
        </extensions>
      </trkpt>
      <trkpt lat="23.17289491184055805206298828125" lon="113.43253123573958873748779296875">
        <ele>17</ele>
        <time>2024-07-24T22:16:02.000Z</time>
        <extensions>
          <ns3:TrackPointExtension>
            <ns3:hr>86</ns3:hr>
          </ns3:TrackPointExtension>
        </extensions>
      </trkpt>
      <trkpt lat="23.1729649007320404052734375" lon="113.43252888880670070648193359375">
        <ele>17</ele>
        <time>2024-07-24T22:16:03.000Z</time>
        <extensions>
          <ns3:TrackPointExtension>
            <ns3:hr>85</ns3:hr>
          </ns3:TrackPointExtension>
        </extensions>
      </trkpt>
      <trkpt lat="23.173033632338047027587890625" lon="113.43252872116863727569580078125">
        <ele>17.200000762939453125</ele>
        <time>2024-07-24T22:16:04.000Z</time>
        <extensions>
          <ns3:TrackPointExtension>
            <ns3:hr>84</ns3:hr>
          </ns3:TrackPointExtension>
        </extensions>
      </trkpt>
      <trkpt lat="23.17310035228729248046875" lon="113.432531319558620452880859375">
        <ele>17</ele>
        <time>2024-07-24T22:16:05.000Z</time>
        <extensions>
          <ns3:TrackPointExtension>
            <ns3:hr>83</ns3:hr>
          </ns3:TrackPointExtension>
        </extensions>
      </trkpt>
      <trkpt lat="23.17316665314137935638427734375" lon="113.43253710307180881500244140625">
        <ele>16.6000003814697265625</ele>
        <time>2024-07-24T22:16:06.000Z</time>
        <extensions>
          <ns3:TrackPointExtension>
            <ns3:hr>81</ns3:hr>
          </ns3:TrackPointExtension>
        </extensions>
      </trkpt>
      <trkpt lat="23.17323219962418079376220703125" lon="113.4325448982417583465576171875">
        <ele>16.3999996185302734375</ele>
        <time>2024-07-24T22:16:07.000Z</time>
        <extensions>
          <ns3:TrackPointExtension>
            <ns3:hr>80</ns3:hr>
          </ns3:TrackPointExtension>
        </extensions>
      </trkpt>
      <trkpt lat="23.1732973270118236541748046875" lon="113.4325517714023590087890625">
        <ele>16</ele>
        <time>2024-07-24T22:16:08.000Z</time>
        <extensions>
          <ns3:TrackPointExtension>
            <ns3:hr>79</ns3:hr>
          </ns3:TrackPointExtension>
        </extensions>
      </trkpt>
      <trkpt lat="23.17336379550397396087646484375" lon="113.43255772255361080169677734375">
        <ele>16</ele>
        <time>2024-07-24T22:16:09.000Z</time>
        <extensions>
          <ns3:TrackPointExtension>
            <ns3:hr>77</ns3:hr>
          </ns3:TrackPointExtension>
        </extensions>
      </trkpt>
      <trkpt lat="23.17342833615839481353759765625" lon="113.43256543390452861785888671875">
        <ele>16</ele>
        <time>2024-07-24T22:16:10.000Z</time>
        <extensions>
          <ns3:TrackPointExtension>
            <ns3:hr>76</ns3:hr>
          </ns3:TrackPointExtension>
        </extensions>
      </trkpt>
      <trkpt lat="23.17349270917475223541259765625" lon="113.4325713850557804107666015625">
        <ele>16</ele>
        <time>2024-07-24T22:16:11.000Z</time>
        <extensions>
          <ns3:TrackPointExtension>
            <ns3:hr>76</ns3:hr>
          </ns3:TrackPointExtension>
        </extensions>
      </trkpt>
      <trkpt lat="23.17355490289628505706787109375" lon="113.4325774200260639190673828125">
        <ele>16</ele>
        <time>2024-07-24T22:16:12.000Z</time>
        <extensions>
          <ns3:TrackPointExtension>
            <ns3:hr>75</ns3:hr>
          </ns3:TrackPointExtension>
        </extensions>
      </trkpt>
      <trkpt lat="23.1736171804368495941162109375" lon="113.4325814433395862579345703125">
        <ele>16.3999996185302734375</ele>
        <time>2024-07-24T22:16:13.000Z</time>
        <extensions>
          <ns3:TrackPointExtension>
            <ns3:hr>76</ns3:hr>
          </ns3:TrackPointExtension>
        </extensions>
      </trkpt>
      <trkpt lat="23.17367845214903354644775390625" lon="113.4325837902724742889404296875">
        <ele>17</ele>
        <time>2024-07-24T22:16:14.000Z</time>
        <extensions>
          <ns3:TrackPointExtension>
            <ns3:hr>76</ns3:hr>
          </ns3:TrackPointExtension>
        </extensions>
      </trkpt>
      <trkpt lat="23.17374114878475666046142578125" lon="113.4325847961008548736572265625">
        <ele>17.799999237060546875</ele>
        <time>2024-07-24T22:16:15.000Z</time>
        <extensions>
          <ns3:TrackPointExtension>
            <ns3:hr>76</ns3:hr>
          </ns3:TrackPointExtension>
        </extensions>
      </trkpt>
      <trkpt lat="23.1738035939633846282958984375" lon="113.4325888194143772125244140625">
        <ele>18.3999996185302734375</ele>
        <time>2024-07-24T22:16:16.000Z</time>
        <extensions>
          <ns3:TrackPointExtension>
            <ns3:hr>76</ns3:hr>
          </ns3:TrackPointExtension>
        </extensions>
      </trkpt>
      <trkpt lat="23.1738634407520294189453125" lon="113.432597033679485321044921875">
        <ele>19</ele>
        <time>2024-07-24T22:16:17.000Z</time>
        <extensions>
          <ns3:TrackPointExtension>
            <ns3:hr>75</ns3:hr>
          </ns3:TrackPointExtension>
        </extensions>
      </trkpt>
      <trkpt lat="23.173921108245849609375" lon="113.4326054155826568603515625">
        <ele>19.6000003814697265625</ele>
        <time>2024-07-24T22:16:18.000Z</time>
        <extensions>
          <ns3:TrackPointExtension>
            <ns3:hr>74</ns3:hr>
          </ns3:TrackPointExtension>
        </extensions>
      </trkpt>
      <trkpt lat="23.173977099359035491943359375" lon="113.4326146356761455535888671875">
        <ele>20</ele>
        <time>2024-07-24T22:16:19.000Z</time>
        <extensions>
          <ns3:TrackPointExtension>
            <ns3:hr>73</ns3:hr>
          </ns3:TrackPointExtension>
        </extensions>
      </trkpt>
      <trkpt lat="23.17402680404484272003173828125" lon="113.4326260350644588470458984375">
        <ele>20.3999996185302734375</ele>
        <time>2024-07-24T22:16:20.000Z</time>
        <extensions>
          <ns3:TrackPointExtension>
            <ns3:hr>72</ns3:hr>
          </ns3:TrackPointExtension>
        </extensions>
      </trkpt>
      <trkpt lat="23.1740573979914188385009765625" lon="113.43263466842472553253173828125">
        <ele>20.799999237060546875</ele>
        <time>2024-07-24T22:16:21.000Z</time>
        <extensions>
          <ns3:TrackPointExtension>
            <ns3:hr>71</ns3:hr>
          </ns3:TrackPointExtension>
        </extensions>
      </trkpt>
      <trkpt lat="23.17408933304250240325927734375" lon="113.43264388851821422576904296875">
        <ele>21</ele>
        <time>2024-07-24T22:16:22.000Z</time>
        <extensions>
          <ns3:TrackPointExtension>
            <ns3:hr>70</ns3:hr>
          </ns3:TrackPointExtension>
        </extensions>
      </trkpt>
      <trkpt lat="23.17412118427455425262451171875" lon="113.4326531924307346343994140625">
        <ele>21.3999996185302734375</ele>
        <time>2024-07-24T22:16:23.000Z</time>
        <extensions>
          <ns3:TrackPointExtension>
            <ns3:hr>70</ns3:hr>
          </ns3:TrackPointExtension>
        </extensions>
      </trkpt>
      <trkpt lat="23.174148090183734893798828125" lon="113.4326582215726375579833984375">
        <ele>21.6000003814697265625</ele>
        <time>2024-07-24T22:16:24.000Z</time>
        <extensions>
          <ns3:TrackPointExtension>
            <ns3:hr>71</ns3:hr>
          </ns3:TrackPointExtension>
        </extensions>
      </trkpt>
      <trkpt lat="23.1741734035313129425048828125" lon="113.43266048468649387359619140625">
        <ele>21.6000003814697265625</ele>
        <time>2024-07-24T22:16:25.000Z</time>
        <extensions>
          <ns3:TrackPointExtension>
            <ns3:hr>71</ns3:hr>
          </ns3:TrackPointExtension>
        </extensions>
      </trkpt>
      <trkpt lat="23.1741874851286411285400390625" lon="113.43266031704843044281005859375">
        <ele>21.799999237060546875</ele>
        <time>2024-07-24T22:16:26.000Z</time>
        <extensions>
          <ns3:TrackPointExtension>
            <ns3:hr>71</ns3:hr>
          </ns3:TrackPointExtension>
        </extensions>
      </trkpt>
      <trkpt lat="23.17420500330626964569091796875" lon="113.43265830539166927337646484375">
        <ele>21.799999237060546875</ele>
        <time>2024-07-24T22:16:27.000Z</time>
        <extensions>
          <ns3:TrackPointExtension>
            <ns3:hr>71</ns3:hr>
          </ns3:TrackPointExtension>
        </extensions>
      </trkpt>
      <trkpt lat="23.17422009073197841644287109375" lon="113.4326558746397495269775390625">
        <ele>21.799999237060546875</ele>
        <time>2024-07-24T22:16:28.000Z</time>
        <extensions>
          <ns3:TrackPointExtension>
            <ns3:hr>71</ns3:hr>
          </ns3:TrackPointExtension>
        </extensions>
      </trkpt>
      <trkpt lat="23.17422830499708652496337890625" lon="113.4326545335352420806884765625">
        <ele>21.799999237060546875</ele>
        <time>2024-07-24T22:16:29.000Z</time>
        <extensions>
          <ns3:TrackPointExtension>
            <ns3:hr>71</ns3:hr>
          </ns3:TrackPointExtension>
        </extensions>
      </trkpt>
      <trkpt lat="23.17423635162413120269775390625" lon="113.4326511807739734649658203125">
        <ele>22</ele>
        <time>2024-07-24T22:16:56.000Z</time>
        <extensions>
          <ns3:TrackPointExtension>
            <ns3:hr>67</ns3:hr>
          </ns3:TrackPointExtension>
        </extensions>
      </trkpt>
      <trkpt lat="23.17424364387989044189453125" lon="113.43264908529818058013916015625">
        <ele>22</ele>
        <time>2024-07-24T22:16:57.000Z</time>
        <extensions>
          <ns3:TrackPointExtension>
            <ns3:hr>67</ns3:hr>
          </ns3:TrackPointExtension>
        </extensions>
      </trkpt>
      <trkpt lat="23.1742515228688716888427734375" lon="113.4326469898223876953125">
        <ele>22</ele>
        <time>2024-07-24T22:16:58.000Z</time>
        <extensions>
          <ns3:TrackPointExtension>
            <ns3:hr>67</ns3:hr>
          </ns3:TrackPointExtension>
        </extensions>
      </trkpt>
      <trkpt lat="23.1742625869810581207275390625" lon="113.4326441399753093719482421875">
        <ele>22.200000762939453125</ele>
        <time>2024-07-24T22:16:59.000Z</time>
        <extensions>
          <ns3:TrackPointExtension>
            <ns3:hr>67</ns3:hr>
          </ns3:TrackPointExtension>
        </extensions>
      </trkpt>
      <trkpt lat="23.174277842044830322265625" lon="113.4326394461095333099365234375">
        <ele>22.200000762939453125</ele>
        <time>2024-07-24T22:17:00.000Z</time>
        <extensions>
          <ns3:TrackPointExtension>
            <ns3:hr>70</ns3:hr>
          </ns3:TrackPointExtension>
        </extensions>
      </trkpt>
      <trkpt lat="23.17430374212563037872314453125" lon="113.43263022601604461669921875">
        <ele>22.3999996185302734375</ele>
        <time>2024-07-24T22:17:01.000Z</time>
        <extensions>
          <ns3:TrackPointExtension>
            <ns3:hr>71</ns3:hr>
          </ns3:TrackPointExtension>
        </extensions>
      </trkpt>
      <trkpt lat="23.17432972602546215057373046875" lon="113.43261941336095333099365234375">
        <ele>22.6000003814697265625</ele>
        <time>2024-07-24T22:17:02.000Z</time>
        <extensions>
          <ns3:TrackPointExtension>
            <ns3:hr>73</ns3:hr>
          </ns3:TrackPointExtension>
        </extensions>
      </trkpt>
      <trkpt lat="23.17437347956001758575439453125" lon="113.43259661458432674407958984375">
        <ele>22.799999237060546875</ele>
        <time>2024-07-24T22:17:03.000Z</time>
        <extensions>
          <ns3:TrackPointExtension>
            <ns3:hr>74</ns3:hr>
          </ns3:TrackPointExtension>
        </extensions>
      </trkpt>
      <trkpt lat="23.1744060851633548736572265625" lon="113.43257658183574676513671875">
        <ele>22.799999237060546875</ele>
        <time>2024-07-24T22:17:04.000Z</time>
        <extensions>
          <ns3:TrackPointExtension>
            <ns3:hr>77</ns3:hr>
          </ns3:TrackPointExtension>
        </extensions>
      </trkpt>
      <trkpt lat="23.17443751730024814605712890625" lon="113.43255839310586452484130859375">
        <ele>22.799999237060546875</ele>
        <time>2024-07-24T22:17:05.000Z</time>
        <extensions>
          <ns3:TrackPointExtension>
            <ns3:hr>80</ns3:hr>
          </ns3:TrackPointExtension>
        </extensions>
      </trkpt>
      <trkpt lat="23.17447205074131488800048828125" lon="113.432546071708202362060546875">
        <ele>23</ele>
        <time>2024-07-24T22:17:06.000Z</time>
        <extensions>
          <ns3:TrackPointExtension>
            <ns3:hr>82</ns3:hr>
          </ns3:TrackPointExtension>
        </extensions>
      </trkpt>
      <trkpt lat="23.17450893111526966094970703125" lon="113.43253978528082370758056640625">
        <ele>23.200000762939453125</ele>
        <time>2024-07-24T22:17:07.000Z</time>
        <extensions>
          <ns3:TrackPointExtension>
            <ns3:hr>84</ns3:hr>
          </ns3:TrackPointExtension>
        </extensions>
      </trkpt>
      <trkpt lat="23.1745474040508270263671875" lon="113.432538025081157684326171875">
        <ele>23.3999996185302734375</ele>
        <time>2024-07-24T22:17:08.000Z</time>
        <extensions>
          <ns3:TrackPointExtension>
            <ns3:hr>86</ns3:hr>
          </ns3:TrackPointExtension>
        </extensions>
      </trkpt>
      <trkpt lat="23.17458629608154296875" lon="113.432538025081157684326171875">
        <ele>23.799999237060546875</ele>
        <time>2024-07-24T22:17:09.000Z</time>
        <extensions>
          <ns3:TrackPointExtension>
            <ns3:hr>88</ns3:hr>
          </ns3:TrackPointExtension>
        </extensions>
      </trkpt>
      <trkpt lat="23.17462644539773464202880859375" lon="113.4325385279953479766845703125">
        <ele>24</ele>
        <time>2024-07-24T22:17:10.000Z</time>
        <extensions>
          <ns3:TrackPointExtension>
            <ns3:hr>89</ns3:hr>
          </ns3:TrackPointExtension>
        </extensions>
      </trkpt>
      <trkpt lat="23.17466667853295803070068359375" lon="113.432541377842426300048828125">
        <ele>24.3999996185302734375</ele>
        <time>2024-07-24T22:17:11.000Z</time>
        <extensions>
          <ns3:TrackPointExtension>
            <ns3:hr>89</ns3:hr>
          </ns3:TrackPointExtension>
        </extensions>
      </trkpt>
      <trkpt lat="23.17470825277268886566162109375" lon="113.43254632316529750823974609375">
        <ele>24.6000003814697265625</ele>
        <time>2024-07-24T22:17:12.000Z</time>
        <extensions>
          <ns3:TrackPointExtension>
            <ns3:hr>89</ns3:hr>
          </ns3:TrackPointExtension>
        </extensions>
      </trkpt>
      <trkpt lat="23.17474999465048313140869140625" lon="113.43255244195461273193359375">
        <ele>24.6000003814697265625</ele>
        <time>2024-07-24T22:17:13.000Z</time>
        <extensions>
          <ns3:TrackPointExtension>
            <ns3:hr>89</ns3:hr>
          </ns3:TrackPointExtension>
        </extensions>
      </trkpt>
      <trkpt lat="23.1747926585376262664794921875" lon="113.43255839310586452484130859375">
        <ele>24.799999237060546875</ele>
        <time>2024-07-24T22:17:14.000Z</time>
        <extensions>
          <ns3:TrackPointExtension>
            <ns3:hr>89</ns3:hr>
          </ns3:TrackPointExtension>
        </extensions>
      </trkpt>
      <trkpt lat="23.1748349033296108245849609375" lon="113.43256342224776744842529296875">
        <ele>24.799999237060546875</ele>
        <time>2024-07-24T22:17:15.000Z</time>
        <extensions>
          <ns3:TrackPointExtension>
            <ns3:hr>87</ns3:hr>
          </ns3:TrackPointExtension>
        </extensions>
      </trkpt>
      <trkpt lat="23.17487823776900768280029296875" lon="113.432567529380321502685546875">
        <ele>24.799999237060546875</ele>
        <time>2024-07-24T22:17:16.000Z</time>
        <extensions>
          <ns3:TrackPointExtension>
            <ns3:hr>86</ns3:hr>
          </ns3:TrackPointExtension>
        </extensions>
      </trkpt>
      <trkpt lat="23.17492182366549968719482421875" lon="113.4325717203319072723388671875">
        <ele>24.799999237060546875</ele>
        <time>2024-07-24T22:17:17.000Z</time>
        <extensions>
          <ns3:TrackPointExtension>
            <ns3:hr>85</ns3:hr>
          </ns3:TrackPointExtension>
        </extensions>
      </trkpt>
      <trkpt lat="23.1749653257429599761962890625" lon="113.43257381580770015716552734375">
        <ele>24.799999237060546875</ele>
        <time>2024-07-24T22:17:18.000Z</time>
        <extensions>
          <ns3:TrackPointExtension>
            <ns3:hr>83</ns3:hr>
          </ns3:TrackPointExtension>
        </extensions>
      </trkpt>
      <trkpt lat="23.17500941455364227294921875" lon="113.43257331289350986480712890625">
        <ele>24.799999237060546875</ele>
        <time>2024-07-24T22:17:19.000Z</time>
        <extensions>
          <ns3:TrackPointExtension>
            <ns3:hr>83</ns3:hr>
          </ns3:TrackPointExtension>
        </extensions>
      </trkpt>
      <trkpt lat="23.1750545091927051544189453125" lon="113.43257230706512928009033203125">
        <ele>24.6000003814697265625</ele>
        <time>2024-07-24T22:17:20.000Z</time>
        <extensions>
          <ns3:TrackPointExtension>
            <ns3:hr>84</ns3:hr>
          </ns3:TrackPointExtension>
        </extensions>
      </trkpt>
      <trkpt lat="23.1750999391078948974609375" lon="113.43257096596062183380126953125">
        <ele>24.3999996185302734375</ele>
        <time>2024-07-24T22:17:21.000Z</time>
        <extensions>
          <ns3:TrackPointExtension>
            <ns3:hr>86</ns3:hr>
          </ns3:TrackPointExtension>
        </extensions>
      </trkpt>
      <trkpt lat="23.17514461465179920196533203125" lon="113.4325707145035266876220703125">
        <ele>24.200000762939453125</ele>
        <time>2024-07-24T22:17:22.000Z</time>
        <extensions>
          <ns3:TrackPointExtension>
            <ns3:hr>88</ns3:hr>
          </ns3:TrackPointExtension>
        </extensions>
      </trkpt>
      <trkpt lat="23.1751899607479572296142578125" lon="113.43257197178900241851806640625">
        <ele>24</ele>
        <time>2024-07-24T22:17:23.000Z</time>
        <extensions>
          <ns3:TrackPointExtension>
            <ns3:hr>91</ns3:hr>
          </ns3:TrackPointExtension>
        </extensions>
      </trkpt>
      <trkpt lat="23.1752352230250835418701171875" lon="113.43257448635995388031005859375">
        <ele>24</ele>
        <time>2024-07-24T22:17:24.000Z</time>
        <extensions>
          <ns3:TrackPointExtension>
            <ns3:hr>92</ns3:hr>
          </ns3:TrackPointExtension>
        </extensions>
      </trkpt>
      <trkpt lat="23.175280988216400146484375" lon="113.43257633037865161895751953125">
        <ele>24</ele>
        <time>2024-07-24T22:17:25.000Z</time>
        <extensions>
          <ns3:TrackPointExtension>
            <ns3:hr>94</ns3:hr>
          </ns3:TrackPointExtension>
        </extensions>
      </trkpt>
      <trkpt lat="23.17532734014093875885009765625" lon="113.43257850967347621917724609375">
        <ele>24</ele>
        <time>2024-07-24T22:17:26.000Z</time>
        <extensions>
          <ns3:TrackPointExtension>
            <ns3:hr>95</ns3:hr>
          </ns3:TrackPointExtension>
        </extensions>
      </trkpt>
      <trkpt lat="23.175373859703540802001953125" lon="113.43258001841604709625244140625">
        <ele>24</ele>
        <time>2024-07-24T22:17:27.000Z</time>
        <extensions>
          <ns3:TrackPointExtension>
            <ns3:hr>96</ns3:hr>
          </ns3:TrackPointExtension>
        </extensions>
      </trkpt>
      <trkpt lat="23.17541979253292083740234375" lon="113.4325814433395862579345703125">
        <ele>24</ele>
        <time>2024-07-24T22:17:28.000Z</time>
        <extensions>
          <ns3:TrackPointExtension>
            <ns3:hr>95</ns3:hr>
          </ns3:TrackPointExtension>
        </extensions>
      </trkpt>
      <trkpt lat="23.17546530626714229583740234375" lon="113.43258353881537914276123046875">
        <ele>24</ele>
        <time>2024-07-24T22:17:29.000Z</time>
        <extensions>
          <ns3:TrackPointExtension>
            <ns3:hr>95</ns3:hr>
          </ns3:TrackPointExtension>
        </extensions>
      </trkpt>
      <trkpt lat="23.17550989799201488494873046875" lon="113.4325868077576160430908203125">
        <ele>24</ele>
        <time>2024-07-24T22:17:30.000Z</time>
        <extensions>
          <ns3:TrackPointExtension>
            <ns3:hr>94</ns3:hr>
          </ns3:TrackPointExtension>
        </extensions>
      </trkpt>
      <trkpt lat="23.17555381916463375091552734375" lon="113.4325904957950115203857421875">
        <ele>24.200000762939453125</ele>
        <time>2024-07-24T22:17:31.000Z</time>
        <extensions>
          <ns3:TrackPointExtension>
            <ns3:hr>94</ns3:hr>
          </ns3:TrackPointExtension>
        </extensions>
      </trkpt>
      <trkpt lat="23.1755966506898403167724609375" lon="113.4325921721756458282470703125">
        <ele>24.200000762939453125</ele>
        <time>2024-07-24T22:17:32.000Z</time>
        <extensions>
          <ns3:TrackPointExtension>
            <ns3:hr>93</ns3:hr>
          </ns3:TrackPointExtension>
        </extensions>
      </trkpt>
      <trkpt lat="23.17563948221504688262939453125" lon="113.432590328156948089599609375">
        <ele>24.3999996185302734375</ele>
        <time>2024-07-24T22:17:33.000Z</time>
        <extensions>
          <ns3:TrackPointExtension>
            <ns3:hr>93</ns3:hr>
          </ns3:TrackPointExtension>
        </extensions>
      </trkpt>
      <trkpt lat="23.1756831519305706024169921875" lon="113.43258638866245746612548828125">
        <ele>24.6000003814697265625</ele>
        <time>2024-07-24T22:17:34.000Z</time>
        <extensions>
          <ns3:TrackPointExtension>
            <ns3:hr>93</ns3:hr>
          </ns3:TrackPointExtension>
        </extensions>
      </trkpt>
      <trkpt lat="23.17572682164609432220458984375" lon="113.43258219771087169647216796875">
        <ele>24.799999237060546875</ele>
        <time>2024-07-24T22:17:35.000Z</time>
        <extensions>
          <ns3:TrackPointExtension>
            <ns3:hr>93</ns3:hr>
          </ns3:TrackPointExtension>
        </extensions>
      </trkpt>
      <trkpt lat="23.1757703237235546112060546875" lon="113.43257884494960308074951171875">
        <ele>24.799999237060546875</ele>
        <time>2024-07-24T22:17:36.000Z</time>
        <extensions>
          <ns3:TrackPointExtension>
            <ns3:hr>94</ns3:hr>
          </ns3:TrackPointExtension>
        </extensions>
      </trkpt>
      <trkpt lat="23.175815753638744354248046875" lon="113.4325757436454296112060546875">
        <ele>25</ele>
        <time>2024-07-24T22:17:37.000Z</time>
        <extensions>
          <ns3:TrackPointExtension>
            <ns3:hr>95</ns3:hr>
          </ns3:TrackPointExtension>
        </extensions>
      </trkpt>
      <trkpt lat="23.175860010087490081787109375" lon="113.43257498927414417266845703125">
        <ele>25.200000762939453125</ele>
        <time>2024-07-24T22:17:38.000Z</time>
        <extensions>
          <ns3:TrackPointExtension>
            <ns3:hr>95</ns3:hr>
          </ns3:TrackPointExtension>
        </extensions>
      </trkpt>
      <trkpt lat="23.17590569145977497100830078125" lon="113.4325784258544445037841796875">
        <ele>25.3999996185302734375</ele>
        <time>2024-07-24T22:17:39.000Z</time>
        <extensions>
          <ns3:TrackPointExtension>
            <ns3:hr>95</ns3:hr>
          </ns3:TrackPointExtension>
        </extensions>
      </trkpt>
      <trkpt lat="23.1759527139365673065185546875" lon="113.43258203007280826568603515625">
        <ele>25.6000003814697265625</ele>
        <time>2024-07-24T22:17:40.000Z</time>
        <extensions>
          <ns3:TrackPointExtension>
            <ns3:hr>94</ns3:hr>
          </ns3:TrackPointExtension>
        </extensions>
      </trkpt>
      <trkpt lat="23.175999820232391357421875" lon="113.43258437700569629669189453125">
        <ele>25.6000003814697265625</ele>
        <time>2024-07-24T22:17:41.000Z</time>
        <extensions>
          <ns3:TrackPointExtension>
            <ns3:hr>94</ns3:hr>
          </ns3:TrackPointExtension>
        </extensions>
      </trkpt>
      <trkpt lat="23.17604633979499340057373046875" lon="113.432585634291172027587890625">
        <ele>25.799999237060546875</ele>
        <time>2024-07-24T22:17:42.000Z</time>
        <extensions>
          <ns3:TrackPointExtension>
            <ns3:hr>94</ns3:hr>
          </ns3:TrackPointExtension>
        </extensions>
      </trkpt>
      <trkpt lat="23.1760931946337223052978515625" lon="113.43258596956729888916015625">
        <ele>26</ele>
        <time>2024-07-24T22:17:43.000Z</time>
        <extensions>
          <ns3:TrackPointExtension>
            <ns3:hr>94</ns3:hr>
          </ns3:TrackPointExtension>
        </extensions>
      </trkpt>
      <trkpt lat="23.17614021711051464080810546875" lon="113.43258798122406005859375">
        <ele>25.799999237060546875</ele>
        <time>2024-07-24T22:17:44.000Z</time>
        <extensions>
          <ns3:TrackPointExtension>
            <ns3:hr>94</ns3:hr>
          </ns3:TrackPointExtension>
        </extensions>
      </trkpt>
      <trkpt lat="23.1761864013969898223876953125" lon="113.43258957378566265106201171875">
        <ele>25.6000003814697265625</ele>
        <time>2024-07-24T22:17:45.000Z</time>
        <extensions>
          <ns3:TrackPointExtension>
            <ns3:hr>95</ns3:hr>
          </ns3:TrackPointExtension>
        </extensions>
      </trkpt>
      <trkpt lat="23.1762319989502429962158203125" lon="113.43258873559534549713134765625">
        <ele>25.3999996185302734375</ele>
        <time>2024-07-24T22:17:46.000Z</time>
        <extensions>
          <ns3:TrackPointExtension>
            <ns3:hr>96</ns3:hr>
          </ns3:TrackPointExtension>
        </extensions>
      </trkpt>
      <trkpt lat="23.17627851851284503936767578125" lon="113.43258622102439403533935546875">
        <ele>25.3999996185302734375</ele>
        <time>2024-07-24T22:17:47.000Z</time>
        <extensions>
          <ns3:TrackPointExtension>
            <ns3:hr>97</ns3:hr>
          </ns3:TrackPointExtension>
        </extensions>
      </trkpt>
      <trkpt lat="23.1763252057135105133056640625" lon="113.43258370645344257354736328125">
        <ele>25.200000762939453125</ele>
        <time>2024-07-24T22:17:48.000Z</time>
        <extensions>
          <ns3:TrackPointExtension>
            <ns3:hr>99</ns3:hr>
          </ns3:TrackPointExtension>
        </extensions>
      </trkpt>
      <trkpt lat="23.17637273110449314117431640625" lon="113.43258203007280826568603515625">
        <ele>25</ele>
        <time>2024-07-24T22:17:49.000Z</time>
        <extensions>
          <ns3:TrackPointExtension>
            <ns3:hr>100</ns3:hr>
          </ns3:TrackPointExtension>
        </extensions>
      </trkpt>
      <trkpt lat="23.17642000503838062286376953125" lon="113.43258194625377655029296875">
        <ele>25.200000762939453125</ele>
        <time>2024-07-24T22:17:50.000Z</time>
        <extensions>
          <ns3:TrackPointExtension>
            <ns3:hr>100</ns3:hr>
          </ns3:TrackPointExtension>
        </extensions>
      </trkpt>
      <trkpt lat="23.1764670275151729583740234375" lon="113.4325821138918399810791015625">
        <ele>25.3999996185302734375</ele>
        <time>2024-07-24T22:17:51.000Z</time>
        <extensions>
          <ns3:TrackPointExtension>
            <ns3:hr>101</ns3:hr>
          </ns3:TrackPointExtension>
        </extensions>
      </trkpt>
      <trkpt lat="23.17651321180164813995361328125" lon="113.4325817786157131195068359375">
        <ele>25.6000003814697265625</ele>
        <time>2024-07-24T22:17:52.000Z</time>
        <extensions>
          <ns3:TrackPointExtension>
            <ns3:hr>101</ns3:hr>
          </ns3:TrackPointExtension>
        </extensions>
      </trkpt>
      <trkpt lat="23.176558725535869598388671875" lon="113.4325814433395862579345703125">
        <ele>25.6000003814697265625</ele>
        <time>2024-07-24T22:17:53.000Z</time>
        <extensions>
          <ns3:TrackPointExtension>
            <ns3:hr>101</ns3:hr>
          </ns3:TrackPointExtension>
        </extensions>
      </trkpt>
      <trkpt lat="23.17660390399396419525146484375" lon="113.4325817786157131195068359375">
        <ele>25.799999237060546875</ele>
        <time>2024-07-24T22:17:54.000Z</time>
        <extensions>
          <ns3:TrackPointExtension>
            <ns3:hr>101</ns3:hr>
          </ns3:TrackPointExtension>
        </extensions>
      </trkpt>
      <trkpt lat="23.176648914813995361328125" lon="113.43258353881537914276123046875">
        <ele>25.799999237060546875</ele>
        <time>2024-07-24T22:17:55.000Z</time>
        <extensions>
          <ns3:TrackPointExtension>
            <ns3:hr>102</ns3:hr>
          </ns3:TrackPointExtension>
        </extensions>
      </trkpt>
      <trkpt lat="23.1766933389008045196533203125" lon="113.4325861372053623199462890625">
        <ele>25.6000003814697265625</ele>
        <time>2024-07-24T22:17:56.000Z</time>
        <extensions>
          <ns3:TrackPointExtension>
            <ns3:hr>102</ns3:hr>
          </ns3:TrackPointExtension>
        </extensions>
      </trkpt>
      <trkpt lat="23.17673767916858196258544921875" lon="113.43258798122406005859375">
        <ele>25.200000762939453125</ele>
        <time>2024-07-24T22:17:57.000Z</time>
        <extensions>
          <ns3:TrackPointExtension>
            <ns3:hr>103</ns3:hr>
          </ns3:TrackPointExtension>
        </extensions>
      </trkpt>
      <trkpt lat="23.1767818517982959747314453125" lon="113.43258957378566265106201171875">
        <ele>25</ele>
        <time>2024-07-24T22:17:58.000Z</time>
        <extensions>
          <ns3:TrackPointExtension>
            <ns3:hr>103</ns3:hr>
          </ns3:TrackPointExtension>
        </extensions>
      </trkpt>
      <trkpt lat="23.17682602442800998687744140625" lon="113.4325911663472652435302734375">
        <ele>24.6000003814697265625</ele>
        <time>2024-07-24T22:17:59.000Z</time>
        <extensions>
          <ns3:TrackPointExtension>
            <ns3:hr>103</ns3:hr>
          </ns3:TrackPointExtension>
        </extensions>
      </trkpt>
      <trkpt lat="23.1768700294196605682373046875" lon="113.43259208835661411285400390625">
        <ele>24.3999996185302734375</ele>
        <time>2024-07-24T22:18:00.000Z</time>
        <extensions>
          <ns3:TrackPointExtension>
            <ns3:hr>103</ns3:hr>
          </ns3:TrackPointExtension>
        </extensions>
      </trkpt>
      <trkpt lat="23.17691504023969173431396484375" lon="113.43259259127080440521240234375">
        <ele>24</ele>
        <time>2024-07-24T22:18:01.000Z</time>
        <extensions>
          <ns3:TrackPointExtension>
            <ns3:hr>103</ns3:hr>
          </ns3:TrackPointExtension>
        </extensions>
      </trkpt>
      <trkpt lat="23.17696013487875461578369140625" lon="113.43259342946112155914306640625">
        <ele>23.799999237060546875</ele>
        <time>2024-07-24T22:18:02.000Z</time>
        <extensions>
          <ns3:TrackPointExtension>
            <ns3:hr>103</ns3:hr>
          </ns3:TrackPointExtension>
        </extensions>
      </trkpt>
      <trkpt lat="23.17700724117457866668701171875" lon="113.43259401619434356689453125">
        <ele>23.3999996185302734375</ele>
        <time>2024-07-24T22:18:03.000Z</time>
        <extensions>
          <ns3:TrackPointExtension>
            <ns3:hr>103</ns3:hr>
          </ns3:TrackPointExtension>
        </extensions>
      </trkpt>
      <trkpt lat="23.17705459892749786376953125" lon="113.43259493820369243621826171875">
        <ele>23.200000762939453125</ele>
        <time>2024-07-24T22:18:04.000Z</time>
        <extensions>
          <ns3:TrackPointExtension>
            <ns3:hr>102</ns3:hr>
          </ns3:TrackPointExtension>
        </extensions>
      </trkpt>
      <trkpt lat="23.17710245959460735321044921875" lon="113.43259678222239017486572265625">
        <ele>22.799999237060546875</ele>
        <time>2024-07-24T22:18:05.000Z</time>
        <extensions>
          <ns3:TrackPointExtension>
            <ns3:hr>102</ns3:hr>
          </ns3:TrackPointExtension>
        </extensions>
      </trkpt>
      <trkpt lat="23.1771504878997802734375" lon="113.43259879387915134429931640625">
        <ele>22.3999996185302734375</ele>
        <time>2024-07-24T22:18:06.000Z</time>
        <extensions>
          <ns3:TrackPointExtension>
            <ns3:hr>102</ns3:hr>
          </ns3:TrackPointExtension>
        </extensions>
      </trkpt>
      <trkpt lat="23.17719751037657260894775390625" lon="113.432601392269134521484375">
        <ele>22.200000762939453125</ele>
        <time>2024-07-24T22:18:07.000Z</time>
        <extensions>
          <ns3:TrackPointExtension>
            <ns3:hr>102</ns3:hr>
          </ns3:TrackPointExtension>
        </extensions>
      </trkpt>
      <trkpt lat="23.1772435270249843597412109375" lon="113.432604409754276275634765625">
        <ele>22</ele>
        <time>2024-07-24T22:18:08.000Z</time>
        <extensions>
          <ns3:TrackPointExtension>
            <ns3:hr>102</ns3:hr>
          </ns3:TrackPointExtension>
        </extensions>
      </trkpt>
      <trkpt lat="23.17728954367339611053466796875" lon="113.432606421411037445068359375">
        <ele>22</ele>
        <time>2024-07-24T22:18:09.000Z</time>
        <extensions>
          <ns3:TrackPointExtension>
            <ns3:hr>102</ns3:hr>
          </ns3:TrackPointExtension>
        </extensions>
      </trkpt>
      <trkpt lat="23.17733514122664928436279296875" lon="113.43261052854359149932861328125">
        <ele>21.799999237060546875</ele>
        <time>2024-07-24T22:18:10.000Z</time>
        <extensions>
          <ns3:TrackPointExtension>
            <ns3:hr>103</ns3:hr>
          </ns3:TrackPointExtension>
        </extensions>
      </trkpt>
      <trkpt lat="23.1773798167705535888671875" lon="113.432614803314208984375">
        <ele>21.799999237060546875</ele>
        <time>2024-07-24T22:18:11.000Z</time>
        <extensions>
          <ns3:TrackPointExtension>
            <ns3:hr>104</ns3:hr>
          </ns3:TrackPointExtension>
        </extensions>
      </trkpt>
      <trkpt lat="23.17742432467639446258544921875" lon="113.43261949717998504638671875">
        <ele>21.6000003814697265625</ele>
        <time>2024-07-24T22:18:12.000Z</time>
        <extensions>
          <ns3:TrackPointExtension>
            <ns3:hr>105</ns3:hr>
          </ns3:TrackPointExtension>
        </extensions>
      </trkpt>
      <trkpt lat="23.17746724002063274383544921875" lon="113.4326236881315708160400390625">
        <ele>21.6000003814697265625</ele>
        <time>2024-07-24T22:18:13.000Z</time>
        <extensions>
          <ns3:TrackPointExtension>
            <ns3:hr>105</ns3:hr>
          </ns3:TrackPointExtension>
        </extensions>
      </trkpt>
      <trkpt lat="23.17750789225101470947265625" lon="113.43262754380702972412109375">
        <ele>21.799999237060546875</ele>
        <time>2024-07-24T22:18:14.000Z</time>
        <extensions>
          <ns3:TrackPointExtension>
            <ns3:hr>105</ns3:hr>
          </ns3:TrackPointExtension>
        </extensions>
      </trkpt>
      <trkpt lat="23.177547790110111236572265625" lon="113.43263098038733005523681640625">
        <ele>21.799999237060546875</ele>
        <time>2024-07-24T22:18:15.000Z</time>
        <extensions>
          <ns3:TrackPointExtension>
            <ns3:hr>105</ns3:hr>
          </ns3:TrackPointExtension>
        </extensions>
      </trkpt>
      <trkpt lat="23.1775881908833980560302734375" lon="113.4326344169676303863525390625">
        <ele>21.799999237060546875</ele>
        <time>2024-07-24T22:18:16.000Z</time>
        <extensions>
          <ns3:TrackPointExtension>
            <ns3:hr>104</ns3:hr>
          </ns3:TrackPointExtension>
        </extensions>
      </trkpt>
      <trkpt lat="23.17762850783765316009521484375" lon="113.43263902701437473297119140625">
        <ele>22</ele>
        <time>2024-07-24T22:18:17.000Z</time>
        <extensions>
          <ns3:TrackPointExtension>
            <ns3:hr>103</ns3:hr>
          </ns3:TrackPointExtension>
        </extensions>
      </trkpt>
      <trkpt lat="23.17766748368740081787109375" lon="113.4326427988708019256591796875">
        <ele>22</ele>
        <time>2024-07-24T22:18:18.000Z</time>
        <extensions>
          <ns3:TrackPointExtension>
            <ns3:hr>103</ns3:hr>
          </ns3:TrackPointExtension>
        </extensions>
      </trkpt>
      <trkpt lat="23.17770344205200672149658203125" lon="113.432644307613372802734375">
        <ele>22</ele>
        <time>2024-07-24T22:18:19.000Z</time>
        <extensions>
          <ns3:TrackPointExtension>
            <ns3:hr>103</ns3:hr>
          </ns3:TrackPointExtension>
        </extensions>
      </trkpt>
      <trkpt lat="23.1777350418269634246826171875" lon="113.4326441399753093719482421875">
        <ele>22</ele>
        <time>2024-07-24T22:18:20.000Z</time>
        <extensions>
          <ns3:TrackPointExtension>
            <ns3:hr>102</ns3:hr>
          </ns3:TrackPointExtension>
        </extensions>
      </trkpt>
      <trkpt lat="23.177764378488063812255859375" lon="113.43264363706111907958984375">
        <ele>22</ele>
        <time>2024-07-24T22:18:21.000Z</time>
        <extensions>
          <ns3:TrackPointExtension>
            <ns3:hr>102</ns3:hr>
          </ns3:TrackPointExtension>
        </extensions>
      </trkpt>
      <trkpt lat="23.17779354751110076904296875" lon="113.432644307613372802734375">
        <ele>21.799999237060546875</ele>
        <time>2024-07-24T22:18:22.000Z</time>
        <extensions>
          <ns3:TrackPointExtension>
            <ns3:hr>102</ns3:hr>
          </ns3:TrackPointExtension>
        </extensions>
      </trkpt>
      <trkpt lat="23.17782280035316944122314453125" lon="113.43264522962272167205810546875">
        <ele>21.6000003814697265625</ele>
        <time>2024-07-24T22:18:23.000Z</time>
        <extensions>
          <ns3:TrackPointExtension>
            <ns3:hr>102</ns3:hr>
          </ns3:TrackPointExtension>
        </extensions>
      </trkpt>
      <trkpt lat="23.1778523884713649749755859375" lon="113.43264757655560970306396484375">
        <ele>21.6000003814697265625</ele>
        <time>2024-07-24T22:18:24.000Z</time>
        <extensions>
          <ns3:TrackPointExtension>
            <ns3:hr>101</ns3:hr>
          </ns3:TrackPointExtension>
        </extensions>
      </trkpt>
      <trkpt lat="23.17788348533213138580322265625" lon="113.4326531924307346343994140625">
        <ele>21.799999237060546875</ele>
        <time>2024-07-24T22:18:25.000Z</time>
        <extensions>
          <ns3:TrackPointExtension>
            <ns3:hr>101</ns3:hr>
          </ns3:TrackPointExtension>
        </extensions>
      </trkpt>
      <trkpt lat="23.1779164262115955352783203125" lon="113.4326619096100330352783203125">
        <ele>21.799999237060546875</ele>
        <time>2024-07-24T22:18:26.000Z</time>
        <extensions>
          <ns3:TrackPointExtension>
            <ns3:hr>99</ns3:hr>
          </ns3:TrackPointExtension>
        </extensions>
      </trkpt>
      <trkpt lat="23.1779511272907257080078125" lon="113.43267314136028289794921875">
        <ele>22</ele>
        <time>2024-07-24T22:18:27.000Z</time>
        <extensions>
          <ns3:TrackPointExtension>
            <ns3:hr>99</ns3:hr>
          </ns3:TrackPointExtension>
        </extensions>
      </trkpt>
      <trkpt lat="23.1779858283698558807373046875" lon="113.43268512748181819915771484375">
        <ele>22</ele>
        <time>2024-07-24T22:18:28.000Z</time>
        <extensions>
          <ns3:TrackPointExtension>
            <ns3:hr>98</ns3:hr>
          </ns3:TrackPointExtension>
        </extensions>
      </trkpt>
      <trkpt lat="23.17802061326801776885986328125" lon="113.43269904144108295440673828125">
        <ele>22.200000762939453125</ele>
        <time>2024-07-24T22:18:29.000Z</time>
        <extensions>
          <ns3:TrackPointExtension>
            <ns3:hr>98</ns3:hr>
          </ns3:TrackPointExtension>
        </extensions>
      </trkpt>
      <trkpt lat="23.17805933766067028045654296875" lon="113.43271329067647457122802734375">
        <ele>22.3999996185302734375</ele>
        <time>2024-07-24T22:18:30.000Z</time>
        <extensions>
          <ns3:TrackPointExtension>
            <ns3:hr>97</ns3:hr>
          </ns3:TrackPointExtension>
        </extensions>
      </trkpt>
      <trkpt lat="23.1781038455665111541748046875" lon="113.4327252767980098724365234375">
        <ele>22.6000003814697265625</ele>
        <time>2024-07-24T22:18:31.000Z</time>
        <extensions>
          <ns3:TrackPointExtension>
            <ns3:hr>97</ns3:hr>
          </ns3:TrackPointExtension>
        </extensions>
      </trkpt>
      <trkpt lat="23.1781522929668426513671875" lon="113.43273608945310115814208984375">
        <ele>22.6000003814697265625</ele>
        <time>2024-07-24T22:18:32.000Z</time>
        <extensions>
          <ns3:TrackPointExtension>
            <ns3:hr>97</ns3:hr>
          </ns3:TrackPointExtension>
        </extensions>
      </trkpt>
      <trkpt lat="23.17820250056684017181396484375" lon="113.43274690210819244384765625">
        <ele>22.799999237060546875</ele>
        <time>2024-07-24T22:18:33.000Z</time>
        <extensions>
          <ns3:TrackPointExtension>
            <ns3:hr>97</ns3:hr>
          </ns3:TrackPointExtension>
        </extensions>
      </trkpt>
      <trkpt lat="23.1782530434429645538330078125" lon="113.43275989405810832977294921875">
        <ele>23</ele>
        <time>2024-07-24T22:18:34.000Z</time>
        <extensions>
          <ns3:TrackPointExtension>
            <ns3:hr>98</ns3:hr>
          </ns3:TrackPointExtension>
        </extensions>
      </trkpt>
      <trkpt lat="23.17830207757651805877685546875" lon="113.43277229927480220794677734375">
        <ele>23.3999996185302734375</ele>
        <time>2024-07-24T22:18:35.000Z</time>
        <extensions>
          <ns3:TrackPointExtension>
            <ns3:hr>98</ns3:hr>
          </ns3:TrackPointExtension>
        </extensions>
      </trkpt>
      <trkpt lat="23.17834884859621524810791015625" lon="113.43278369866311550140380859375">
        <ele>24</ele>
        <time>2024-07-24T22:18:36.000Z</time>
        <extensions>
          <ns3:TrackPointExtension>
            <ns3:hr>99</ns3:hr>
          </ns3:TrackPointExtension>
        </extensions>
      </trkpt>
      <trkpt lat="23.17839302122592926025390625" lon="113.4327943436801433563232421875">
        <ele>24.3999996185302734375</ele>
        <time>2024-07-24T22:18:37.000Z</time>
        <extensions>
          <ns3:TrackPointExtension>
            <ns3:hr>98</ns3:hr>
          </ns3:TrackPointExtension>
        </extensions>
      </trkpt>
      <trkpt lat="23.178435601294040679931640625" lon="113.43280264176428318023681640625">
        <ele>25</ele>
        <time>2024-07-24T22:18:38.000Z</time>
        <extensions>
          <ns3:TrackPointExtension>
            <ns3:hr>97</ns3:hr>
          </ns3:TrackPointExtension>
        </extensions>
      </trkpt>
      <trkpt lat="23.1784749962389469146728515625" lon="113.432811610400676727294921875">
        <ele>25.3999996185302734375</ele>
        <time>2024-07-24T22:18:39.000Z</time>
        <extensions>
          <ns3:TrackPointExtension>
            <ns3:hr>96</ns3:hr>
          </ns3:TrackPointExtension>
        </extensions>
      </trkpt>
      <trkpt lat="23.1785132177174091339111328125" lon="113.432823009788990020751953125">
        <ele>26</ele>
        <time>2024-07-24T22:18:40.000Z</time>
        <extensions>
          <ns3:TrackPointExtension>
            <ns3:hr>96</ns3:hr>
          </ns3:TrackPointExtension>
        </extensions>
      </trkpt>
      <trkpt lat="23.1785487569868564605712890625" lon="113.43283700756728649139404296875">
        <ele>26.3999996185302734375</ele>
        <time>2024-07-24T22:18:41.000Z</time>
        <extensions>
          <ns3:TrackPointExtension>
            <ns3:hr>96</ns3:hr>
          </ns3:TrackPointExtension>
        </extensions>
      </trkpt>
      <trkpt lat="23.17858069203794002532958984375" lon="113.4328506700694561004638671875">
        <ele>26.799999237060546875</ele>
        <time>2024-07-24T22:18:42.000Z</time>
        <extensions>
          <ns3:TrackPointExtension>
            <ns3:hr>96</ns3:hr>
          </ns3:TrackPointExtension>
        </extensions>
      </trkpt>
      <trkpt lat="23.1786131300032138824462890625" lon="113.4328624047338962554931640625">
        <ele>27</ele>
        <time>2024-07-24T22:18:43.000Z</time>
        <extensions>
          <ns3:TrackPointExtension>
            <ns3:hr>96</ns3:hr>
          </ns3:TrackPointExtension>
        </extensions>
      </trkpt>
      <trkpt lat="23.17864648997783660888671875" lon="113.43287103809416294097900390625">
        <ele>27</ele>
        <time>2024-07-24T22:18:44.000Z</time>
        <extensions>
          <ns3:TrackPointExtension>
            <ns3:hr>96</ns3:hr>
          </ns3:TrackPointExtension>
        </extensions>
      </trkpt>
      <trkpt lat="23.17868144251406192779541015625" lon="113.4328788332641124725341796875">
        <ele>27.200000762939453125</ele>
        <time>2024-07-24T22:18:45.000Z</time>
        <extensions>
          <ns3:TrackPointExtension>
            <ns3:hr>96</ns3:hr>
          </ns3:TrackPointExtension>
        </extensions>
      </trkpt>
      <trkpt lat="23.1787153892219066619873046875" lon="113.432886041700839996337890625">
        <ele>27.200000762939453125</ele>
        <time>2024-07-24T22:18:46.000Z</time>
        <extensions>
          <ns3:TrackPointExtension>
            <ns3:hr>96</ns3:hr>
          </ns3:TrackPointExtension>
        </extensions>
      </trkpt>
      <trkpt lat="23.1787502579391002655029296875" lon="113.43289601616561412811279296875">
        <ele>27.200000762939453125</ele>
        <time>2024-07-24T22:18:47.000Z</time>
        <extensions>
          <ns3:TrackPointExtension>
            <ns3:hr>96</ns3:hr>
          </ns3:TrackPointExtension>
        </extensions>
      </trkpt>
      <trkpt lat="23.17878521047532558441162109375" lon="113.43290783464908599853515625">
        <ele>27.3999996185302734375</ele>
        <time>2024-07-24T22:18:48.000Z</time>
        <extensions>
          <ns3:TrackPointExtension>
            <ns3:hr>96</ns3:hr>
          </ns3:TrackPointExtension>
        </extensions>
      </trkpt>
      <trkpt lat="23.1788210012018680572509765625" lon="113.43292200006544589996337890625">
        <ele>27.3999996185302734375</ele>
        <time>2024-07-24T22:18:49.000Z</time>
        <extensions>
          <ns3:TrackPointExtension>
            <ns3:hr>96</ns3:hr>
          </ns3:TrackPointExtension>
        </extensions>
      </trkpt>
      <trkpt lat="23.1788572110235691070556640625" lon="113.43293759040534496307373046875">
        <ele>27.6000003814697265625</ele>
        <time>2024-07-24T22:18:50.000Z</time>
        <extensions>
          <ns3:TrackPointExtension>
            <ns3:hr>95</ns3:hr>
          </ns3:TrackPointExtension>
        </extensions>
      </trkpt>
      <trkpt lat="23.17889249883592128753662109375" lon="113.43295401893556118011474609375">
        <ele>27.6000003814697265625</ele>
        <time>2024-07-24T22:18:51.000Z</time>
        <extensions>
          <ns3:TrackPointExtension>
            <ns3:hr>95</ns3:hr>
          </ns3:TrackPointExtension>
        </extensions>
      </trkpt>
      <trkpt lat="23.17892678081989288330078125" lon="113.4329706989228725433349609375">
        <ele>27.6000003814697265625</ele>
        <time>2024-07-24T22:18:52.000Z</time>
        <extensions>
          <ns3:TrackPointExtension>
            <ns3:hr>95</ns3:hr>
          </ns3:TrackPointExtension>
        </extensions>
      </trkpt>
      <trkpt lat="23.17896374501287937164306640625" lon="113.43298687599599361419677734375">
        <ele>27.6000003814697265625</ele>
        <time>2024-07-24T22:18:53.000Z</time>
        <extensions>
          <ns3:TrackPointExtension>
            <ns3:hr>95</ns3:hr>
          </ns3:TrackPointExtension>
        </extensions>
      </trkpt>
      <trkpt lat="23.17900230176746845245361328125" lon="113.433003723621368408203125">
        <ele>27.3999996185302734375</ele>
        <time>2024-07-24T22:18:54.000Z</time>
        <extensions>
          <ns3:TrackPointExtension>
            <ns3:hr>96</ns3:hr>
          </ns3:TrackPointExtension>
        </extensions>
      </trkpt>
      <trkpt lat="23.17904437892138957977294921875" lon="113.43302191235125064849853515625">
        <ele>27.3999996185302734375</ele>
        <time>2024-07-24T22:18:55.000Z</time>
        <extensions>
          <ns3:TrackPointExtension>
            <ns3:hr>96</ns3:hr>
          </ns3:TrackPointExtension>
        </extensions>
      </trkpt>
      <trkpt lat="23.1790908984839916229248046875" lon="113.43303859233856201171875">
        <ele>27.200000762939453125</ele>
        <time>2024-07-24T22:18:56.000Z</time>
        <extensions>
          <ns3:TrackPointExtension>
            <ns3:hr>97</ns3:hr>
          </ns3:TrackPointExtension>
        </extensions>
      </trkpt>
      <trkpt lat="23.17913674749433994293212890625" lon="113.43305493704974651336669921875">
        <ele>27</ele>
        <time>2024-07-24T22:18:57.000Z</time>
        <extensions>
          <ns3:TrackPointExtension>
            <ns3:hr>97</ns3:hr>
          </ns3:TrackPointExtension>
        </extensions>
      </trkpt>
      <trkpt lat="23.17917832173407077789306640625" lon="113.433075137436389923095703125">
        <ele>27.200000762939453125</ele>
        <time>2024-07-24T22:18:58.000Z</time>
        <extensions>
          <ns3:TrackPointExtension>
            <ns3:hr>96</ns3:hr>
          </ns3:TrackPointExtension>
        </extensions>
      </trkpt>
      <trkpt lat="23.17921578884124755859375" lon="113.433097265660762786865234375">
        <ele>27.200000762939453125</ele>
        <time>2024-07-24T22:18:59.000Z</time>
        <extensions>
          <ns3:TrackPointExtension>
            <ns3:hr>95</ns3:hr>
          </ns3:TrackPointExtension>
        </extensions>
      </trkpt>
      <trkpt lat="23.17925074137747287750244140625" lon="113.43312107026576995849609375">
        <ele>27.3999996185302734375</ele>
        <time>2024-07-24T22:19:00.000Z</time>
        <extensions>
          <ns3:TrackPointExtension>
            <ns3:hr>93</ns3:hr>
          </ns3:TrackPointExtension>
        </extensions>
      </trkpt>
      <trkpt lat="23.17928443662822246551513671875" lon="113.43314512632787227630615234375">
        <ele>27.6000003814697265625</ele>
        <time>2024-07-24T22:19:01.000Z</time>
        <extensions>
          <ns3:TrackPointExtension>
            <ns3:hr>92</ns3:hr>
          </ns3:TrackPointExtension>
        </extensions>
      </trkpt>
      <trkpt lat="23.1793188862502574920654296875" lon="113.433167673647403717041015625">
        <ele>27.6000003814697265625</ele>
        <time>2024-07-24T22:19:02.000Z</time>
        <extensions>
          <ns3:TrackPointExtension>
            <ns3:hr>91</ns3:hr>
          </ns3:TrackPointExtension>
        </extensions>
      </trkpt>
      <trkpt lat="23.17935249768197536468505859375" lon="113.43318837694823741912841796875">
        <ele>27.799999237060546875</ele>
        <time>2024-07-24T22:19:03.000Z</time>
        <extensions>
          <ns3:TrackPointExtension>
            <ns3:hr>90</ns3:hr>
          </ns3:TrackPointExtension>
        </extensions>
      </trkpt>
      <trkpt lat="23.179386444389820098876953125" lon="113.43320832587778568267822265625">
        <ele>27.799999237060546875</ele>
        <time>2024-07-24T22:19:04.000Z</time>
        <extensions>
          <ns3:TrackPointExtension>
            <ns3:hr>90</ns3:hr>
          </ns3:TrackPointExtension>
        </extensions>
      </trkpt>
      <trkpt lat="23.1794208101928234100341796875" lon="113.43322676606476306915283203125">
        <ele>27.799999237060546875</ele>
        <time>2024-07-24T22:19:05.000Z</time>
        <extensions>
          <ns3:TrackPointExtension>
            <ns3:hr>91</ns3:hr>
          </ns3:TrackPointExtension>
        </extensions>
      </trkpt>
      <trkpt lat="23.17945810966193675994873046875" lon="113.43324369750916957855224609375">
        <ele>27.3999996185302734375</ele>
        <time>2024-07-24T22:19:06.000Z</time>
        <extensions>
          <ns3:TrackPointExtension>
            <ns3:hr>92</ns3:hr>
          </ns3:TrackPointExtension>
        </extensions>
      </trkpt>
      <trkpt lat="23.1794975884258747100830078125" lon="113.4332600422203540802001953125">
        <ele>27.200000762939453125</ele>
        <time>2024-07-24T22:19:07.000Z</time>
        <extensions>
          <ns3:TrackPointExtension>
            <ns3:hr>93</ns3:hr>
          </ns3:TrackPointExtension>
        </extensions>
      </trkpt>
      <trkpt lat="23.17953924648463726043701171875" lon="113.433277644217014312744140625">
        <ele>26.6000003814697265625</ele>
        <time>2024-07-24T22:19:08.000Z</time>
        <extensions>
          <ns3:TrackPointExtension>
            <ns3:hr>94</ns3:hr>
          </ns3:TrackPointExtension>
        </extensions>
      </trkpt>
      <trkpt lat="23.17958132363855838775634765625" lon="113.43329583294689655303955078125">
        <ele>26.3999996185302734375</ele>
        <time>2024-07-24T22:19:09.000Z</time>
        <extensions>
          <ns3:TrackPointExtension>
            <ns3:hr>94</ns3:hr>
          </ns3:TrackPointExtension>
        </extensions>
      </trkpt>
      <trkpt lat="23.1796239875257015228271484375" lon="113.4333167038857936859130859375">
        <ele>26.200000762939453125</ele>
        <time>2024-07-24T22:19:10.000Z</time>
        <extensions>
          <ns3:TrackPointExtension>
            <ns3:hr>94</ns3:hr>
          </ns3:TrackPointExtension>
        </extensions>
      </trkpt>
      <trkpt lat="23.1796652264893054962158203125" lon="113.433337323367595672607421875">
        <ele>26</ele>
        <time>2024-07-24T22:19:11.000Z</time>
        <extensions>
          <ns3:TrackPointExtension>
            <ns3:hr>95</ns3:hr>
          </ns3:TrackPointExtension>
        </extensions>
      </trkpt>
      <trkpt lat="23.1797044537961483001708984375" lon="113.43336070887744426727294921875">
        <ele>25.6000003814697265625</ele>
        <time>2024-07-24T22:19:12.000Z</time>
        <extensions>
          <ns3:TrackPointExtension>
            <ns3:hr>95</ns3:hr>
          </ns3:TrackPointExtension>
        </extensions>
      </trkpt>
      <trkpt lat="23.17973772995173931121826171875" lon="113.4333934821188449859619140625">
        <ele>25.3999996185302734375</ele>
        <time>2024-07-24T22:19:13.000Z</time>
        <extensions>
          <ns3:TrackPointExtension>
            <ns3:hr>95</ns3:hr>
          </ns3:TrackPointExtension>
        </extensions>
      </trkpt>
      <trkpt lat="23.17977033555507659912109375" lon="113.433433212339878082275390625">
        <ele>25</ele>
        <time>2024-07-24T22:19:14.000Z</time>
        <extensions>
          <ns3:TrackPointExtension>
            <ns3:hr>95</ns3:hr>
          </ns3:TrackPointExtension>
        </extensions>
      </trkpt>
      <trkpt lat="23.17979983985424041748046875" lon="113.43347218818962574005126953125">
        <ele>24.3999996185302734375</ele>
        <time>2024-07-24T22:19:15.000Z</time>
        <extensions>
          <ns3:TrackPointExtension>
            <ns3:hr>95</ns3:hr>
          </ns3:TrackPointExtension>
        </extensions>
      </trkpt>
      <trkpt lat="23.17983194254338741302490234375" lon="113.43350462615489959716796875">
        <ele>23.6000003814697265625</ele>
        <time>2024-07-24T22:19:16.000Z</time>
        <extensions>
          <ns3:TrackPointExtension>
            <ns3:hr>95</ns3:hr>
          </ns3:TrackPointExtension>
        </extensions>
      </trkpt>
      <trkpt lat="23.1798694096505641937255859375" lon="113.43353203497827053070068359375">
        <ele>23</ele>
        <time>2024-07-24T22:19:17.000Z</time>
        <extensions>
          <ns3:TrackPointExtension>
            <ns3:hr>95</ns3:hr>
          </ns3:TrackPointExtension>
        </extensions>
      </trkpt>
      <trkpt lat="23.1799066253006458282470703125" lon="113.4335540793836116790771484375">
        <ele>22.200000762939453125</ele>
        <time>2024-07-24T22:19:18.000Z</time>
        <extensions>
          <ns3:TrackPointExtension>
            <ns3:hr>95</ns3:hr>
          </ns3:TrackPointExtension>
        </extensions>
      </trkpt>
      <trkpt lat="23.17994744516909122467041015625" lon="113.43357796780765056610107421875">
        <ele>21.6000003814697265625</ele>
        <time>2024-07-24T22:19:19.000Z</time>
        <extensions>
          <ns3:TrackPointExtension>
            <ns3:hr>95</ns3:hr>
          </ns3:TrackPointExtension>
        </extensions>
      </trkpt>
      <trkpt lat="23.17998491227626800537109375" lon="113.43360378406941890716552734375">
        <ele>21</ele>
        <time>2024-07-24T22:19:20.000Z</time>
        <extensions>
          <ns3:TrackPointExtension>
            <ns3:hr>95</ns3:hr>
          </ns3:TrackPointExtension>
        </extensions>
      </trkpt>
      <trkpt lat="23.18002271465957164764404296875" lon="113.43362859450280666351318359375">
        <ele>20.3999996185302734375</ele>
        <time>2024-07-24T22:19:21.000Z</time>
        <extensions>
          <ns3:TrackPointExtension>
            <ns3:hr>95</ns3:hr>
          </ns3:TrackPointExtension>
        </extensions>
      </trkpt>
      <trkpt lat="23.18006378598511219024658203125" lon="113.43365256674587726593017578125">
        <ele>19.799999237060546875</ele>
        <time>2024-07-24T22:19:22.000Z</time>
        <extensions>
          <ns3:TrackPointExtension>
            <ns3:hr>95</ns3:hr>
          </ns3:TrackPointExtension>
        </extensions>
      </trkpt>
      <trkpt lat="23.180105946958065032958984375" lon="113.433674275875091552734375">
        <ele>19.200000762939453125</ele>
        <time>2024-07-24T22:19:23.000Z</time>
        <extensions>
          <ns3:TrackPointExtension>
            <ns3:hr>94</ns3:hr>
          </ns3:TrackPointExtension>
        </extensions>
      </trkpt>
      <trkpt lat="23.180151879787445068359375" lon="113.43369849957525730133056640625">
        <ele>18.799999237060546875</ele>
        <time>2024-07-24T22:19:24.000Z</time>
        <extensions>
          <ns3:TrackPointExtension>
            <ns3:hr>96</ns3:hr>
          </ns3:TrackPointExtension>
        </extensions>
      </trkpt>
      <trkpt lat="23.180197812616825103759765625" lon="113.43372431583702564239501953125">
        <ele>18.799999237060546875</ele>
        <time>2024-07-24T22:19:25.000Z</time>
        <extensions>
          <ns3:TrackPointExtension>
            <ns3:hr>96</ns3:hr>
          </ns3:TrackPointExtension>
        </extensions>
      </trkpt>
      <trkpt lat="23.1802422367036342620849609375" lon="113.4337507188320159912109375">
        <ele>18.799999237060546875</ele>
        <time>2024-07-24T22:19:26.000Z</time>
        <extensions>
          <ns3:TrackPointExtension>
            <ns3:hr>95</ns3:hr>
          </ns3:TrackPointExtension>
        </extensions>
      </trkpt>
      <trkpt lat="23.18028389476239681243896484375" lon="113.43377812765538692474365234375">
        <ele>19</ele>
        <time>2024-07-24T22:19:27.000Z</time>
        <extensions>
          <ns3:TrackPointExtension>
            <ns3:hr>95</ns3:hr>
          </ns3:TrackPointExtension>
        </extensions>
      </trkpt>
      <trkpt lat="23.18032429553568363189697265625" lon="113.433806039392948150634765625">
        <ele>19</ele>
        <time>2024-07-24T22:19:28.000Z</time>
        <extensions>
          <ns3:TrackPointExtension>
            <ns3:hr>95</ns3:hr>
          </ns3:TrackPointExtension>
        </extensions>
      </trkpt>
      <trkpt lat="23.18036234937608242034912109375" lon="113.433834873139858245849609375">
        <ele>19.200000762939453125</ele>
        <time>2024-07-24T22:19:29.000Z</time>
        <extensions>
          <ns3:TrackPointExtension>
            <ns3:hr>96</ns3:hr>
          </ns3:TrackPointExtension>
        </extensions>
      </trkpt>
      <trkpt lat="23.1803999841213226318359375" lon="113.4338625334203243255615234375">
        <ele>19.200000762939453125</ele>
        <time>2024-07-24T22:19:30.000Z</time>
        <extensions>
          <ns3:TrackPointExtension>
            <ns3:hr>96</ns3:hr>
          </ns3:TrackPointExtension>
        </extensions>
      </trkpt>
      <trkpt lat="23.1804390437901020050048828125" lon="113.43388952314853668212890625">
        <ele>19.3999996185302734375</ele>
        <time>2024-07-24T22:19:31.000Z</time>
        <extensions>
          <ns3:TrackPointExtension>
            <ns3:hr>97</ns3:hr>
          </ns3:TrackPointExtension>
        </extensions>
      </trkpt>
      <trkpt lat="23.18048053421080112457275390625" lon="113.43391676433384418487548828125">
        <ele>19.6000003814697265625</ele>
        <time>2024-07-24T22:19:32.000Z</time>
        <extensions>
          <ns3:TrackPointExtension>
            <ns3:hr>98</ns3:hr>
          </ns3:TrackPointExtension>
        </extensions>
      </trkpt>
      <trkpt lat="23.18052529357373714447021484375" lon="113.43394459225237369537353515625">
        <ele>19.799999237060546875</ele>
        <time>2024-07-24T22:19:33.000Z</time>
        <extensions>
          <ns3:TrackPointExtension>
            <ns3:hr>100</ns3:hr>
          </ns3:TrackPointExtension>
        </extensions>
      </trkpt>
      <trkpt lat="23.18057089112699031829833984375" lon="113.43397459946572780609130859375">
        <ele>19.799999237060546875</ele>
        <time>2024-07-24T22:19:34.000Z</time>
        <extensions>
          <ns3:TrackPointExtension>
            <ns3:hr>101</ns3:hr>
          </ns3:TrackPointExtension>
        </extensions>
      </trkpt>
      <trkpt lat="23.18061648868024349212646484375" lon="113.43400510959327220916748046875">
        <ele>19.799999237060546875</ele>
        <time>2024-07-24T22:19:35.000Z</time>
        <extensions>
          <ns3:TrackPointExtension>
            <ns3:hr>102</ns3:hr>
          </ns3:TrackPointExtension>
        </extensions>
      </trkpt>
      <trkpt lat="23.18066191859543323516845703125" lon="113.43403243459761142730712890625">
        <ele>19.799999237060546875</ele>
        <time>2024-07-24T22:19:36.000Z</time>
        <extensions>
          <ns3:TrackPointExtension>
            <ns3:hr>102</ns3:hr>
          </ns3:TrackPointExtension>
        </extensions>
      </trkpt>
      <trkpt lat="23.18070583976805210113525390625" lon="113.43405808322131633758544921875">
        <ele>19.6000003814697265625</ele>
        <time>2024-07-24T22:19:37.000Z</time>
        <extensions>
          <ns3:TrackPointExtension>
            <ns3:hr>101</ns3:hr>
          </ns3:TrackPointExtension>
        </extensions>
      </trkpt>
      <trkpt lat="23.1807498447597026824951171875" lon="113.43408574350178241729736328125">
        <ele>19.6000003814697265625</ele>
        <time>2024-07-24T22:19:38.000Z</time>
        <extensions>
          <ns3:TrackPointExtension>
            <ns3:hr>101</ns3:hr>
          </ns3:TrackPointExtension>
        </extensions>
      </trkpt>
      <trkpt lat="23.18079418502748012542724609375" lon="113.43411826528608798980712890625">
        <ele>19.6000003814697265625</ele>
        <time>2024-07-24T22:19:39.000Z</time>
        <extensions>
          <ns3:TrackPointExtension>
            <ns3:hr>100</ns3:hr>
          </ns3:TrackPointExtension>
        </extensions>
      </trkpt>
      <trkpt lat="23.1808370165526866912841796875" lon="113.43415179289877414703369140625">
        <ele>19.6000003814697265625</ele>
        <time>2024-07-24T22:19:40.000Z</time>
        <extensions>
          <ns3:TrackPointExtension>
            <ns3:hr>100</ns3:hr>
          </ns3:TrackPointExtension>
        </extensions>
      </trkpt>
      <trkpt lat="23.18087783642113208770751953125" lon="113.434184901416301727294921875">
        <ele>19.799999237060546875</ele>
        <time>2024-07-24T22:19:41.000Z</time>
        <extensions>
          <ns3:TrackPointExtension>
            <ns3:hr>100</ns3:hr>
          </ns3:TrackPointExtension>
        </extensions>
      </trkpt>
      <trkpt lat="23.1809178180992603302001953125" lon="113.4342185966670513153076171875">
        <ele>19.799999237060546875</ele>
        <time>2024-07-24T22:19:42.000Z</time>
        <extensions>
          <ns3:TrackPointExtension>
            <ns3:hr>100</ns3:hr>
          </ns3:TrackPointExtension>
        </extensions>
      </trkpt>
      <trkpt lat="23.1809557043015956878662109375" lon="113.4342534653842449188232421875">
        <ele>20</ele>
        <time>2024-07-24T22:19:43.000Z</time>
        <extensions>
          <ns3:TrackPointExtension>
            <ns3:hr>102</ns3:hr>
          </ns3:TrackPointExtension>
        </extensions>
      </trkpt>
      <trkpt lat="23.1809939257800579071044921875" lon="113.434288837015628814697265625">
        <ele>20</ele>
        <time>2024-07-24T22:19:44.000Z</time>
        <extensions>
          <ns3:TrackPointExtension>
            <ns3:hr>103</ns3:hr>
          </ns3:TrackPointExtension>
        </extensions>
      </trkpt>
      <trkpt lat="23.1810328178107738494873046875" lon="113.43432538211345672607421875">
        <ele>20</ele>
        <time>2024-07-24T22:19:45.000Z</time>
        <extensions>
          <ns3:TrackPointExtension>
            <ns3:hr>103</ns3:hr>
          </ns3:TrackPointExtension>
        </extensions>
      </trkpt>
      <trkpt lat="23.1810717098414897918701171875" lon="113.43436217866837978363037109375">
        <ele>20</ele>
        <time>2024-07-24T22:19:46.000Z</time>
        <extensions>
          <ns3:TrackPointExtension>
            <ns3:hr>103</ns3:hr>
          </ns3:TrackPointExtension>
        </extensions>
      </trkpt>
      <trkpt lat="23.18111102096736431121826171875" lon="113.43439972959458827972412109375">
        <ele>20</ele>
        <time>2024-07-24T22:19:47.000Z</time>
        <extensions>
          <ns3:TrackPointExtension>
            <ns3:hr>104</ns3:hr>
          </ns3:TrackPointExtension>
        </extensions>
      </trkpt>
      <trkpt lat="23.18114941008388996124267578125" lon="113.43443711288273334503173828125">
        <ele>19.799999237060546875</ele>
        <time>2024-07-24T22:19:48.000Z</time>
        <extensions>
          <ns3:TrackPointExtension>
            <ns3:hr>104</ns3:hr>
          </ns3:TrackPointExtension>
        </extensions>
      </trkpt>
      <trkpt lat="23.181187547743320465087890625" lon="113.43447424471378326416015625">
        <ele>19.6000003814697265625</ele>
        <time>2024-07-24T22:19:49.000Z</time>
        <extensions>
          <ns3:TrackPointExtension>
            <ns3:hr>105</ns3:hr>
          </ns3:TrackPointExtension>
        </extensions>
      </trkpt>
      <trkpt lat="23.181225098669528961181640625" lon="113.4345116280019283294677734375">
        <ele>19.3999996185302734375</ele>
        <time>2024-07-24T22:19:50.000Z</time>
        <extensions>
          <ns3:TrackPointExtension>
            <ns3:hr>105</ns3:hr>
          </ns3:TrackPointExtension>
        </extensions>
      </trkpt>
      <trkpt lat="23.1812621466815471649169921875" lon="113.43454892747104167938232421875">
        <ele>19.200000762939453125</ele>
        <time>2024-07-24T22:19:51.000Z</time>
        <extensions>
          <ns3:TrackPointExtension>
            <ns3:hr>106</ns3:hr>
          </ns3:TrackPointExtension>
        </extensions>
      </trkpt>
      <trkpt lat="23.181299529969692230224609375" lon="113.434585891664028167724609375">
        <ele>18.6000003814697265625</ele>
        <time>2024-07-24T22:19:52.000Z</time>
        <extensions>
          <ns3:TrackPointExtension>
            <ns3:hr>106</ns3:hr>
          </ns3:TrackPointExtension>
        </extensions>
      </trkpt>
      <trkpt lat="23.181337416172027587890625" lon="113.4346232749521732330322265625">
        <ele>18.200000762939453125</ele>
        <time>2024-07-24T22:19:53.000Z</time>
        <extensions>
          <ns3:TrackPointExtension>
            <ns3:hr>106</ns3:hr>
          </ns3:TrackPointExtension>
        </extensions>
      </trkpt>
      <trkpt lat="23.1813724525272846221923828125" lon="113.43466057442128658294677734375">
        <ele>17.6000003814697265625</ele>
        <time>2024-07-24T22:19:54.000Z</time>
        <extensions>
          <ns3:TrackPointExtension>
            <ns3:hr>106</ns3:hr>
          </ns3:TrackPointExtension>
        </extensions>
      </trkpt>
      <trkpt lat="23.181406147778034210205078125" lon="113.43469820916652679443359375">
        <ele>17.200000762939453125</ele>
        <time>2024-07-24T22:19:55.000Z</time>
        <extensions>
          <ns3:TrackPointExtension>
            <ns3:hr>107</ns3:hr>
          </ns3:TrackPointExtension>
        </extensions>
      </trkpt>
      <trkpt lat="23.1814405135810375213623046875" lon="113.434736765921115875244140625">
        <ele>16.799999237060546875</ele>
        <time>2024-07-24T22:19:56.000Z</time>
        <extensions>
          <ns3:TrackPointExtension>
            <ns3:hr>107</ns3:hr>
          </ns3:TrackPointExtension>
        </extensions>
      </trkpt>
      <trkpt lat="23.18147479556500911712646484375" lon="113.43477666378021240234375">
        <ele>16.3999996185302734375</ele>
        <time>2024-07-24T22:19:57.000Z</time>
        <extensions>
          <ns3:TrackPointExtension>
            <ns3:hr>106</ns3:hr>
          </ns3:TrackPointExtension>
        </extensions>
      </trkpt>
      <trkpt lat="23.18150865845382213592529296875" lon="113.4348170645534992218017578125">
        <ele>16</ele>
        <time>2024-07-24T22:19:58.000Z</time>
        <extensions>
          <ns3:TrackPointExtension>
            <ns3:hr>106</ns3:hr>
          </ns3:TrackPointExtension>
        </extensions>
      </trkpt>
      <trkpt lat="23.18154285661876201629638671875" lon="113.434856794774532318115234375">
        <ele>15.80000019073486328125</ele>
        <time>2024-07-24T22:19:59.000Z</time>
        <extensions>
          <ns3:TrackPointExtension>
            <ns3:hr>106</ns3:hr>
          </ns3:TrackPointExtension>
        </extensions>
      </trkpt>
      <trkpt lat="23.18157671950757503509521484375" lon="113.43489577062427997589111328125">
        <ele>15.6000003814697265625</ele>
        <time>2024-07-24T22:20:00.000Z</time>
        <extensions>
          <ns3:TrackPointExtension>
            <ns3:hr>106</ns3:hr>
          </ns3:TrackPointExtension>
        </extensions>
      </trkpt>
      <trkpt lat="23.1816091574728488922119140625" lon="113.4349344111979007720947265625">
        <ele>15.6000003814697265625</ele>
        <time>2024-07-24T22:20:01.000Z</time>
        <extensions>
          <ns3:TrackPointExtension>
            <ns3:hr>106</ns3:hr>
          </ns3:TrackPointExtension>
        </extensions>
      </trkpt>
      <trkpt lat="23.18163958378136157989501953125" lon="113.43497221358120441436767578125">
        <ele>15.3999996185302734375</ele>
        <time>2024-07-24T22:20:02.000Z</time>
        <extensions>
          <ns3:TrackPointExtension>
            <ns3:hr>106</ns3:hr>
          </ns3:TrackPointExtension>
        </extensions>
      </trkpt>
      <trkpt lat="23.1816688366234302520751953125" lon="113.435010015964508056640625">
        <ele>15.3999996185302734375</ele>
        <time>2024-07-24T22:20:03.000Z</time>
        <extensions>
          <ns3:TrackPointExtension>
            <ns3:hr>106</ns3:hr>
          </ns3:TrackPointExtension>
        </extensions>
      </trkpt>
      <trkpt lat="23.18169624544680118560791015625" lon="113.435048572719097137451171875">
        <ele>15.6000003814697265625</ele>
        <time>2024-07-24T22:20:04.000Z</time>
        <extensions>
          <ns3:TrackPointExtension>
            <ns3:hr>106</ns3:hr>
          </ns3:TrackPointExtension>
        </extensions>
      </trkpt>
      <trkpt lat="23.1817228160798549652099609375" lon="113.43508788384497165679931640625">
        <ele>15.6000003814697265625</ele>
        <time>2024-07-24T22:20:05.000Z</time>
        <extensions>
          <ns3:TrackPointExtension>
            <ns3:hr>106</ns3:hr>
          </ns3:TrackPointExtension>
        </extensions>
      </trkpt>
      <trkpt lat="23.18175056017935276031494140625" lon="113.43512761406600475311279296875">
        <ele>16</ele>
        <time>2024-07-24T22:20:06.000Z</time>
        <extensions>
          <ns3:TrackPointExtension>
            <ns3:hr>106</ns3:hr>
          </ns3:TrackPointExtension>
        </extensions>
      </trkpt>
      <trkpt lat="23.1817804835736751556396484375" lon="113.43516700901091098785400390625">
        <ele>16.200000762939453125</ele>
        <time>2024-07-24T22:20:07.000Z</time>
        <extensions>
          <ns3:TrackPointExtension>
            <ns3:hr>106</ns3:hr>
          </ns3:TrackPointExtension>
        </extensions>
      </trkpt>
      <trkpt lat="23.181810490787029266357421875" lon="113.43520774506032466888427734375">
        <ele>16.6000003814697265625</ele>
        <time>2024-07-24T22:20:08.000Z</time>
        <extensions>
          <ns3:TrackPointExtension>
            <ns3:hr>106</ns3:hr>
          </ns3:TrackPointExtension>
        </extensions>
      </trkpt>
      <trkpt lat="23.18183991126716136932373046875" lon="113.43524848110973834991455078125">
        <ele>17</ele>
        <time>2024-07-24T22:20:09.000Z</time>
        <extensions>
          <ns3:TrackPointExtension>
            <ns3:hr>106</ns3:hr>
          </ns3:TrackPointExtension>
        </extensions>
      </trkpt>
      <trkpt lat="23.18186740390956401824951171875" lon="113.4352877922356128692626953125">
        <ele>17.3999996185302734375</ele>
        <time>2024-07-24T22:20:10.000Z</time>
        <extensions>
          <ns3:TrackPointExtension>
            <ns3:hr>105</ns3:hr>
          </ns3:TrackPointExtension>
        </extensions>
      </trkpt>
      <trkpt lat="23.18189422599971294403076171875" lon="113.4353256784379482269287109375">
        <ele>17.6000003814697265625</ele>
        <time>2024-07-24T22:20:11.000Z</time>
        <extensions>
          <ns3:TrackPointExtension>
            <ns3:hr>105</ns3:hr>
          </ns3:TrackPointExtension>
        </extensions>
      </trkpt>
      <trkpt lat="23.18191953934729099273681640625" lon="113.4353622235357761383056640625">
        <ele>18</ele>
        <time>2024-07-24T22:20:12.000Z</time>
        <extensions>
          <ns3:TrackPointExtension>
            <ns3:hr>104</ns3:hr>
          </ns3:TrackPointExtension>
        </extensions>
      </trkpt>
      <trkpt lat="23.18194367922842502593994140625" lon="113.43539784662425518035888671875">
        <ele>18.200000762939453125</ele>
        <time>2024-07-24T22:20:13.000Z</time>
        <extensions>
          <ns3:TrackPointExtension>
            <ns3:hr>103</ns3:hr>
          </ns3:TrackPointExtension>
        </extensions>
      </trkpt>
      <trkpt lat="23.181967400014400482177734375" lon="113.435434140264987945556640625">
        <ele>18.6000003814697265625</ele>
        <time>2024-07-24T22:20:14.000Z</time>
        <extensions>
          <ns3:TrackPointExtension>
            <ns3:hr>103</ns3:hr>
          </ns3:TrackPointExtension>
        </extensions>
      </trkpt>
      <trkpt lat="23.18198944441974163055419921875" lon="113.43547076918184757232666015625">
        <ele>19</ele>
        <time>2024-07-24T22:20:15.000Z</time>
        <extensions>
          <ns3:TrackPointExtension>
            <ns3:hr>103</ns3:hr>
          </ns3:TrackPointExtension>
        </extensions>
      </trkpt>
      <trkpt lat="23.182011656463146209716796875" lon="113.43550949357450008392333984375">
        <ele>19.3999996185302734375</ele>
        <time>2024-07-24T22:20:16.000Z</time>
        <extensions>
          <ns3:TrackPointExtension>
            <ns3:hr>103</ns3:hr>
          </ns3:TrackPointExtension>
        </extensions>
      </trkpt>
      <trkpt lat="23.18203554488718509674072265625" lon="113.43554838560521602630615234375">
        <ele>19.799999237060546875</ele>
        <time>2024-07-24T22:20:17.000Z</time>
        <extensions>
          <ns3:TrackPointExtension>
            <ns3:hr>104</ns3:hr>
          </ns3:TrackPointExtension>
        </extensions>
      </trkpt>
      <trkpt lat="23.18205901421606540679931640625" lon="113.43558476306498050689697265625">
        <ele>20.200000762939453125</ele>
        <time>2024-07-24T22:20:18.000Z</time>
        <extensions>
          <ns3:TrackPointExtension>
            <ns3:hr>104</ns3:hr>
          </ns3:TrackPointExtension>
        </extensions>
      </trkpt>
      <trkpt lat="23.1820817291736602783203125" lon="113.43562063761055469512939453125">
        <ele>20.3999996185302734375</ele>
        <time>2024-07-24T22:20:19.000Z</time>
        <extensions>
          <ns3:TrackPointExtension>
            <ns3:hr>104</ns3:hr>
          </ns3:TrackPointExtension>
        </extensions>
      </trkpt>
      <trkpt lat="23.18210310302674770355224609375" lon="113.4356565959751605987548828125">
        <ele>20.799999237060546875</ele>
        <time>2024-07-24T22:20:20.000Z</time>
        <extensions>
          <ns3:TrackPointExtension>
            <ns3:hr>104</ns3:hr>
          </ns3:TrackPointExtension>
        </extensions>
      </trkpt>
      <trkpt lat="23.182126320898532867431640625" lon="113.43569406308233737945556640625">
        <ele>21.200000762939453125</ele>
        <time>2024-07-24T22:20:21.000Z</time>
        <extensions>
          <ns3:TrackPointExtension>
            <ns3:hr>104</ns3:hr>
          </ns3:TrackPointExtension>
        </extensions>
      </trkpt>
      <trkpt lat="23.1821499578654766082763671875" lon="113.43573228456079959869384765625">
        <ele>21.6000003814697265625</ele>
        <time>2024-07-24T22:20:22.000Z</time>
        <extensions>
          <ns3:TrackPointExtension>
            <ns3:hr>104</ns3:hr>
          </ns3:TrackPointExtension>
        </extensions>
      </trkpt>
      <trkpt lat="23.1821740977466106414794921875" lon="113.435771428048610687255859375">
        <ele>22</ele>
        <time>2024-07-24T22:20:23.000Z</time>
        <extensions>
          <ns3:TrackPointExtension>
            <ns3:hr>104</ns3:hr>
          </ns3:TrackPointExtension>
        </extensions>
      </trkpt>
      <trkpt lat="23.18219882436096668243408203125" lon="113.4358084760606288909912109375">
        <ele>22.3999996185302734375</ele>
        <time>2024-07-24T22:20:24.000Z</time>
        <extensions>
          <ns3:TrackPointExtension>
            <ns3:hr>105</ns3:hr>
          </ns3:TrackPointExtension>
        </extensions>
      </trkpt>
      <trkpt lat="23.18222179077565670013427734375" lon="113.4358450211584568023681640625">
        <ele>22.799999237060546875</ele>
        <time>2024-07-24T22:20:25.000Z</time>
        <extensions>
          <ns3:TrackPointExtension>
            <ns3:hr>105</ns3:hr>
          </ns3:TrackPointExtension>
        </extensions>
      </trkpt>
      <trkpt lat="23.18224526010453701019287109375" lon="113.43588198535144329071044921875">
        <ele>23.3999996185302734375</ele>
        <time>2024-07-24T22:20:26.000Z</time>
        <extensions>
          <ns3:TrackPointExtension>
            <ns3:hr>105</ns3:hr>
          </ns3:TrackPointExtension>
        </extensions>
      </trkpt>
      <trkpt lat="23.18226738832890987396240234375" lon="113.435920290648937225341796875">
        <ele>24</ele>
        <time>2024-07-24T22:20:27.000Z</time>
        <extensions>
          <ns3:TrackPointExtension>
            <ns3:hr>106</ns3:hr>
          </ns3:TrackPointExtension>
        </extensions>
      </trkpt>
      <trkpt lat="23.18229102529585361480712890625" lon="113.43596077524125576019287109375">
        <ele>24.200000762939453125</ele>
        <time>2024-07-24T22:20:28.000Z</time>
        <extensions>
          <ns3:TrackPointExtension>
            <ns3:hr>106</ns3:hr>
          </ns3:TrackPointExtension>
        </extensions>
      </trkpt>
      <trkpt lat="23.18231482990086078643798828125" lon="113.43600352294743061065673828125">
        <ele>24.200000762939453125</ele>
        <time>2024-07-24T22:20:29.000Z</time>
        <extensions>
          <ns3:TrackPointExtension>
            <ns3:hr>106</ns3:hr>
          </ns3:TrackPointExtension>
        </extensions>
      </trkpt>
      <trkpt lat="23.18233788013458251953125" lon="113.436045683920383453369140625">
        <ele>24.3999996185302734375</ele>
        <time>2024-07-24T22:20:30.000Z</time>
        <extensions>
          <ns3:TrackPointExtension>
            <ns3:hr>106</ns3:hr>
          </ns3:TrackPointExtension>
        </extensions>
      </trkpt>
      <trkpt lat="23.182360343635082244873046875" lon="113.43608818016946315765380859375">
        <ele>24.6000003814697265625</ele>
        <time>2024-07-24T22:20:31.000Z</time>
        <extensions>
          <ns3:TrackPointExtension>
            <ns3:hr>106</ns3:hr>
          </ns3:TrackPointExtension>
        </extensions>
      </trkpt>
      <trkpt lat="23.18238222040235996246337890625" lon="113.43613050878047943115234375">
        <ele>24.799999237060546875</ele>
        <time>2024-07-24T22:20:32.000Z</time>
        <extensions>
          <ns3:TrackPointExtension>
            <ns3:hr>106</ns3:hr>
          </ns3:TrackPointExtension>
        </extensions>
      </trkpt>
      <trkpt lat="23.18240334279835224151611328125" lon="113.43617317266762256622314453125">
        <ele>25</ele>
        <time>2024-07-24T22:20:33.000Z</time>
        <extensions>
          <ns3:TrackPointExtension>
            <ns3:hr>107</ns3:hr>
          </ns3:TrackPointExtension>
        </extensions>
      </trkpt>
      <trkpt lat="23.18242438137531280517578125" lon="113.4362161718308925628662109375">
        <ele>25.200000762939453125</ele>
        <time>2024-07-24T22:20:34.000Z</time>
        <extensions>
          <ns3:TrackPointExtension>
            <ns3:hr>107</ns3:hr>
          </ns3:TrackPointExtension>
        </extensions>
      </trkpt>
      <trkpt lat="23.18244508467614650726318359375" lon="113.43625866807997226715087890625">
        <ele>25.200000762939453125</ele>
        <time>2024-07-24T22:20:35.000Z</time>
        <extensions>
          <ns3:TrackPointExtension>
            <ns3:hr>108</ns3:hr>
          </ns3:TrackPointExtension>
        </extensions>
      </trkpt>
      <trkpt lat="23.1824661232531070709228515625" lon="113.4363026730716228485107421875">
        <ele>25</ele>
        <time>2024-07-24T22:20:36.000Z</time>
        <extensions>
          <ns3:TrackPointExtension>
            <ns3:hr>109</ns3:hr>
          </ns3:TrackPointExtension>
        </extensions>
      </trkpt>
      <trkpt lat="23.18248732946813106536865234375" lon="113.43634751625359058380126953125">
        <ele>24.799999237060546875</ele>
        <time>2024-07-24T22:20:37.000Z</time>
        <extensions>
          <ns3:TrackPointExtension>
            <ns3:hr>111</ns3:hr>
          </ns3:TrackPointExtension>
        </extensions>
      </trkpt>
      <trkpt lat="23.1825082004070281982421875" lon="113.43639311380684375762939453125">
        <ele>24.6000003814697265625</ele>
        <time>2024-07-24T22:20:38.000Z</time>
        <extensions>
          <ns3:TrackPointExtension>
            <ns3:hr>111</ns3:hr>
          </ns3:TrackPointExtension>
        </extensions>
      </trkpt>
      <trkpt lat="23.182528652250766754150390625" lon="113.436439968645572662353515625">
        <ele>24.200000762939453125</ele>
        <time>2024-07-24T22:20:39.000Z</time>
        <extensions>
          <ns3:TrackPointExtension>
            <ns3:hr>112</ns3:hr>
          </ns3:TrackPointExtension>
        </extensions>
      </trkpt>
      <trkpt lat="23.18254952318966388702392578125" lon="113.4364870749413967132568359375">
        <ele>24</ele>
        <time>2024-07-24T22:20:40.000Z</time>
        <extensions>
          <ns3:TrackPointExtension>
            <ns3:hr>112</ns3:hr>
          </ns3:TrackPointExtension>
        </extensions>
      </trkpt>
      <trkpt lat="23.18256880156695842742919921875" lon="113.43653409741818904876708984375">
        <ele>24.200000762939453125</ele>
        <time>2024-07-24T22:20:41.000Z</time>
        <extensions>
          <ns3:TrackPointExtension>
            <ns3:hr>112</ns3:hr>
          </ns3:TrackPointExtension>
        </extensions>
      </trkpt>
      <trkpt lat="23.1825854815542697906494140625" lon="113.4365816228091716766357421875">
        <ele>24.6000003814697265625</ele>
        <time>2024-07-24T22:20:42.000Z</time>
        <extensions>
          <ns3:TrackPointExtension>
            <ns3:hr>113</ns3:hr>
          </ns3:TrackPointExtension>
        </extensions>
      </trkpt>
      <trkpt lat="23.18260031752288341522216796875" lon="113.4366282261908054351806640625">
        <ele>24.799999237060546875</ele>
        <time>2024-07-24T22:20:43.000Z</time>
        <extensions>
          <ns3:TrackPointExtension>
            <ns3:hr>113</ns3:hr>
          </ns3:TrackPointExtension>
        </extensions>
      </trkpt>
      <trkpt lat="23.182614147663116455078125" lon="113.43667407520115375518798828125">
        <ele>25.200000762939453125</ele>
        <time>2024-07-24T22:20:44.000Z</time>
        <extensions>
          <ns3:TrackPointExtension>
            <ns3:hr>113</ns3:hr>
          </ns3:TrackPointExtension>
        </extensions>
      </trkpt>
      <trkpt lat="23.18262755870819091796875" lon="113.436717577278614044189453125">
        <ele>25.6000003814697265625</ele>
        <time>2024-07-24T22:20:45.000Z</time>
        <extensions>
          <ns3:TrackPointExtension>
            <ns3:hr>113</ns3:hr>
          </ns3:TrackPointExtension>
        </extensions>
      </trkpt>
      <trkpt lat="23.182642646133899688720703125" lon="113.43675906769931316375732421875">
        <ele>26</ele>
        <time>2024-07-24T22:20:46.000Z</time>
        <extensions>
          <ns3:TrackPointExtension>
            <ns3:hr>114</ns3:hr>
          </ns3:TrackPointExtension>
        </extensions>
      </trkpt>
      <trkpt lat="23.18265563808381557464599609375" lon="113.4367965348064899444580078125">
        <ele>26</ele>
        <time>2024-07-24T22:20:47.000Z</time>
        <extensions>
          <ns3:TrackPointExtension>
            <ns3:hr>114</ns3:hr>
          </ns3:TrackPointExtension>
        </extensions>
      </trkpt>
      <trkpt lat="23.1826669536530971527099609375" lon="113.43682629056274890899658203125">
        <ele>25.799999237060546875</ele>
        <time>2024-07-24T22:20:48.000Z</time>
        <extensions>
          <ns3:TrackPointExtension>
            <ns3:hr>114</ns3:hr>
          </ns3:TrackPointExtension>
        </extensions>
      </trkpt>
      <trkpt lat="23.182675503194332122802734375" lon="113.436850011348724365234375">
        <ele>25.799999237060546875</ele>
        <time>2024-07-24T22:20:49.000Z</time>
        <extensions>
          <ns3:TrackPointExtension>
            <ns3:hr>114</ns3:hr>
          </ns3:TrackPointExtension>
        </extensions>
      </trkpt>
      <trkpt lat="23.18267961032688617706298828125" lon="113.436860404908657073974609375">
        <ele>25.799999237060546875</ele>
        <time>2024-07-24T22:20:50.000Z</time>
        <extensions>
          <ns3:TrackPointExtension>
            <ns3:hr>114</ns3:hr>
          </ns3:TrackPointExtension>
        </extensions>
      </trkpt>
      <trkpt lat="23.182684890925884246826171875" lon="113.436874486505985260009765625">
        <ele>25.6000003814697265625</ele>
        <time>2024-07-24T22:20:51.000Z</time>
        <extensions>
          <ns3:TrackPointExtension>
            <ns3:hr>115</ns3:hr>
          </ns3:TrackPointExtension>
        </extensions>
      </trkpt>
      <trkpt lat="23.18268950097262859344482421875" lon="113.4368867240846157073974609375">
        <ele>25.6000003814697265625</ele>
        <time>2024-07-24T22:20:52.000Z</time>
        <extensions>
          <ns3:TrackPointExtension>
            <ns3:hr>117</ns3:hr>
          </ns3:TrackPointExtension>
        </extensions>
      </trkpt>
      <trkpt lat="23.18269788287580013275146484375" lon="113.4369095228612422943115234375">
        <ele>25.6000003814697265625</ele>
        <time>2024-07-24T22:20:53.000Z</time>
        <extensions>
          <ns3:TrackPointExtension>
            <ns3:hr>117</ns3:hr>
          </ns3:TrackPointExtension>
        </extensions>
      </trkpt>
      <trkpt lat="23.18270743824541568756103515625" lon="113.4369339980185031890869140625">
        <ele>25.3999996185302734375</ele>
        <time>2024-07-24T22:20:54.000Z</time>
        <extensions>
          <ns3:TrackPointExtension>
            <ns3:hr>117</ns3:hr>
          </ns3:TrackPointExtension>
        </extensions>
      </trkpt>
      <trkpt lat="23.1827192567288875579833984375" lon="113.436959646642208099365234375">
        <ele>25.3999996185302734375</ele>
        <time>2024-07-24T22:20:55.000Z</time>
        <extensions>
          <ns3:TrackPointExtension>
            <ns3:hr>117</ns3:hr>
          </ns3:TrackPointExtension>
        </extensions>
      </trkpt>
      <trkpt lat="23.18274079822003841400146484375" lon="113.4370007179677486419677734375">
        <ele>25.200000762939453125</ele>
        <time>2024-07-24T22:20:56.000Z</time>
        <extensions>
          <ns3:TrackPointExtension>
            <ns3:hr>117</ns3:hr>
          </ns3:TrackPointExtension>
        </extensions>
      </trkpt>
      <trkpt lat="23.18276141770184040069580078125" lon="113.43702812679111957550048828125">
        <ele>24.799999237060546875</ele>
        <time>2024-07-24T22:20:57.000Z</time>
        <extensions>
          <ns3:TrackPointExtension>
            <ns3:hr>119</ns3:hr>
          </ns3:TrackPointExtension>
        </extensions>
      </trkpt>
      <trkpt lat="23.18278555758297443389892578125" lon="113.43705008737742900848388671875">
        <ele>24.6000003814697265625</ele>
        <time>2024-07-24T22:20:58.000Z</time>
        <extensions>
          <ns3:TrackPointExtension>
            <ns3:hr>120</ns3:hr>
          </ns3:TrackPointExtension>
        </extensions>
      </trkpt>
      <trkpt lat="23.18281330168247222900390625" lon="113.43706651590764522552490234375">
        <ele>24.200000762939453125</ele>
        <time>2024-07-24T22:20:59.000Z</time>
        <extensions>
          <ns3:TrackPointExtension>
            <ns3:hr>120</ns3:hr>
          </ns3:TrackPointExtension>
        </extensions>
      </trkpt>
      <trkpt lat="23.18284423090517520904541015625" lon="113.43707858584821224212646484375">
        <ele>23.799999237060546875</ele>
        <time>2024-07-24T22:21:00.000Z</time>
        <extensions>
          <ns3:TrackPointExtension>
            <ns3:hr>121</ns3:hr>
          </ns3:TrackPointExtension>
        </extensions>
      </trkpt>
      <trkpt lat="23.182879351079463958740234375" lon="113.43708629719913005828857421875">
        <ele>23.3999996185302734375</ele>
        <time>2024-07-24T22:21:01.000Z</time>
        <extensions>
          <ns3:TrackPointExtension>
            <ns3:hr>118</ns3:hr>
          </ns3:TrackPointExtension>
        </extensions>
      </trkpt>
      <trkpt lat="23.18291723728179931640625" lon="113.4370900690555572509765625">
        <ele>22.799999237060546875</ele>
        <time>2024-07-24T22:21:02.000Z</time>
        <extensions>
          <ns3:TrackPointExtension>
            <ns3:hr>117</ns3:hr>
          </ns3:TrackPointExtension>
        </extensions>
      </trkpt>
      <trkpt lat="23.1829566322267055511474609375" lon="113.4370902366936206817626953125">
        <ele>22.3999996185302734375</ele>
        <time>2024-07-24T22:21:03.000Z</time>
        <extensions>
          <ns3:TrackPointExtension>
            <ns3:hr>116</ns3:hr>
          </ns3:TrackPointExtension>
        </extensions>
      </trkpt>
      <trkpt lat="23.18299795500934123992919921875" lon="113.43708747066557407379150390625">
        <ele>22</ele>
        <time>2024-07-24T22:21:04.000Z</time>
        <extensions>
          <ns3:TrackPointExtension>
            <ns3:hr>115</ns3:hr>
          </ns3:TrackPointExtension>
        </extensions>
      </trkpt>
      <trkpt lat="23.18304103799164295196533203125" lon="113.43708193860948085784912109375">
        <ele>21.6000003814697265625</ele>
        <time>2024-07-24T22:21:05.000Z</time>
        <extensions>
          <ns3:TrackPointExtension>
            <ns3:hr>115</ns3:hr>
          </ns3:TrackPointExtension>
        </extensions>
      </trkpt>
      <trkpt lat="23.18308529444038867950439453125" lon="113.4370739758014678955078125">
        <ele>21.6000003814697265625</ele>
        <time>2024-07-24T22:21:06.000Z</time>
        <extensions>
          <ns3:TrackPointExtension>
            <ns3:hr>113</ns3:hr>
          </ns3:TrackPointExtension>
        </extensions>
      </trkpt>
      <trkpt lat="23.1831296347081661224365234375" lon="113.43706601299345493316650390625">
        <ele>21.3999996185302734375</ele>
        <time>2024-07-24T22:21:07.000Z</time>
        <extensions>
          <ns3:TrackPointExtension>
            <ns3:hr>112</ns3:hr>
          </ns3:TrackPointExtension>
        </extensions>
      </trkpt>
      <trkpt lat="23.18317280150949954986572265625" lon="113.43705897219479084014892578125">
        <ele>21.3999996185302734375</ele>
        <time>2024-07-24T22:21:08.000Z</time>
        <extensions>
          <ns3:TrackPointExtension>
            <ns3:hr>112</ns3:hr>
          </ns3:TrackPointExtension>
        </extensions>
      </trkpt>
      <trkpt lat="23.18321588449180126190185546875" lon="113.4370536915957927703857421875">
        <ele>21.200000762939453125</ele>
        <time>2024-07-24T22:21:09.000Z</time>
        <extensions>
          <ns3:TrackPointExtension>
            <ns3:hr>112</ns3:hr>
          </ns3:TrackPointExtension>
        </extensions>
      </trkpt>
      <trkpt lat="23.18326030857861042022705078125" lon="113.43704891391098499298095703125">
        <ele>21.200000762939453125</ele>
        <time>2024-07-24T22:21:10.000Z</time>
        <extensions>
          <ns3:TrackPointExtension>
            <ns3:hr>112</ns3:hr>
          </ns3:TrackPointExtension>
        </extensions>
      </trkpt>
      <trkpt lat="23.18330523557960987091064453125" lon="113.43704472295939922332763671875">
        <ele>21</ele>
        <time>2024-07-24T22:21:11.000Z</time>
        <extensions>
          <ns3:TrackPointExtension>
            <ns3:hr>112</ns3:hr>
          </ns3:TrackPointExtension>
        </extensions>
      </trkpt>
      <trkpt lat="23.18335033021867275238037109375" lon="113.43704170547425746917724609375">
        <ele>21</ele>
        <time>2024-07-24T22:21:12.000Z</time>
        <extensions>
          <ns3:TrackPointExtension>
            <ns3:hr>112</ns3:hr>
          </ns3:TrackPointExtension>
        </extensions>
      </trkpt>
      <trkpt lat="23.1833960115909576416015625" lon="113.437038771808147430419921875">
        <ele>21</ele>
        <time>2024-07-24T22:21:13.000Z</time>
        <extensions>
          <ns3:TrackPointExtension>
            <ns3:hr>112</ns3:hr>
          </ns3:TrackPointExtension>
        </extensions>
      </trkpt>
      <trkpt lat="23.1834416091442108154296875" lon="113.4370364248752593994140625">
        <ele>21</ele>
        <time>2024-07-24T22:21:14.000Z</time>
        <extensions>
          <ns3:TrackPointExtension>
            <ns3:hr>112</ns3:hr>
          </ns3:TrackPointExtension>
        </extensions>
      </trkpt>
      <trkpt lat="23.18348762579262256622314453125" lon="113.4370332397520542144775390625">
        <ele>21</ele>
        <time>2024-07-24T22:21:15.000Z</time>
        <extensions>
          <ns3:TrackPointExtension>
            <ns3:hr>112</ns3:hr>
          </ns3:TrackPointExtension>
        </extensions>
      </trkpt>
      <trkpt lat="23.18353272043168544769287109375" lon="113.43702971935272216796875">
        <ele>21</ele>
        <time>2024-07-24T22:21:16.000Z</time>
        <extensions>
          <ns3:TrackPointExtension>
            <ns3:hr>112</ns3:hr>
          </ns3:TrackPointExtension>
        </extensions>
      </trkpt>
      <trkpt lat="23.18357815034687519073486328125" lon="113.43702502548694610595703125">
        <ele>21.200000762939453125</ele>
        <time>2024-07-24T22:21:17.000Z</time>
        <extensions>
          <ns3:TrackPointExtension>
            <ns3:hr>112</ns3:hr>
          </ns3:TrackPointExtension>
        </extensions>
      </trkpt>
      <trkpt lat="23.1836234964430332183837890625" lon="113.437021672725677490234375">
        <ele>21.3999996185302734375</ele>
        <time>2024-07-24T22:21:18.000Z</time>
        <extensions>
          <ns3:TrackPointExtension>
            <ns3:hr>112</ns3:hr>
          </ns3:TrackPointExtension>
        </extensions>
      </trkpt>
      <trkpt lat="23.18366934545338153839111328125" lon="113.437019996345043182373046875">
        <ele>21.6000003814697265625</ele>
        <time>2024-07-24T22:21:19.000Z</time>
        <extensions>
          <ns3:TrackPointExtension>
            <ns3:hr>112</ns3:hr>
          </ns3:TrackPointExtension>
        </extensions>
      </trkpt>
      <trkpt lat="23.18371561355888843536376953125" lon="113.4370174817740917205810546875">
        <ele>21.799999237060546875</ele>
        <time>2024-07-24T22:21:20.000Z</time>
        <extensions>
          <ns3:TrackPointExtension>
            <ns3:hr>113</ns3:hr>
          </ns3:TrackPointExtension>
        </extensions>
      </trkpt>
      <trkpt lat="23.183762133121490478515625" lon="113.43701572157442569732666015625">
        <ele>22</ele>
        <time>2024-07-24T22:21:21.000Z</time>
        <extensions>
          <ns3:TrackPointExtension>
            <ns3:hr>113</ns3:hr>
          </ns3:TrackPointExtension>
        </extensions>
      </trkpt>
      <trkpt lat="23.18380747921764850616455078125" lon="113.4370141290128231048583984375">
        <ele>22.200000762939453125</ele>
        <time>2024-07-24T22:21:22.000Z</time>
        <extensions>
          <ns3:TrackPointExtension>
            <ns3:hr>113</ns3:hr>
          </ns3:TrackPointExtension>
        </extensions>
      </trkpt>
      <trkpt lat="23.18385441787540912628173828125" lon="113.43701320700347423553466796875">
        <ele>22.3999996185302734375</ele>
        <time>2024-07-24T22:21:23.000Z</time>
        <extensions>
          <ns3:TrackPointExtension>
            <ns3:hr>113</ns3:hr>
          </ns3:TrackPointExtension>
        </extensions>
      </trkpt>
      <trkpt lat="23.18390152417123317718505859375" lon="113.437010943889617919921875">
        <ele>22.6000003814697265625</ele>
        <time>2024-07-24T22:21:24.000Z</time>
        <extensions>
          <ns3:TrackPointExtension>
            <ns3:hr>113</ns3:hr>
          </ns3:TrackPointExtension>
        </extensions>
      </trkpt>
      <trkpt lat="23.18394921720027923583984375" lon="113.4370097704231739044189453125">
        <ele>22.799999237060546875</ele>
        <time>2024-07-24T22:21:25.000Z</time>
        <extensions>
          <ns3:TrackPointExtension>
            <ns3:hr>113</ns3:hr>
          </ns3:TrackPointExtension>
        </extensions>
      </trkpt>
      <trkpt lat="23.1839966587722301483154296875" lon="113.4370080940425395965576171875">
        <ele>23</ele>
        <time>2024-07-24T22:21:26.000Z</time>
        <extensions>
          <ns3:TrackPointExtension>
            <ns3:hr>113</ns3:hr>
          </ns3:TrackPointExtension>
        </extensions>
      </trkpt>
      <trkpt lat="23.18404435180127620697021484375" lon="113.43700633384287357330322265625">
        <ele>23.200000762939453125</ele>
        <time>2024-07-24T22:21:27.000Z</time>
        <extensions>
          <ns3:TrackPointExtension>
            <ns3:hr>113</ns3:hr>
          </ns3:TrackPointExtension>
        </extensions>
      </trkpt>
      <trkpt lat="23.18409598432481288909912109375" lon="113.43700448982417583465576171875">
        <ele>23.3999996185302734375</ele>
        <time>2024-07-24T22:21:28.000Z</time>
        <extensions>
          <ns3:TrackPointExtension>
            <ns3:hr>112</ns3:hr>
          </ns3:TrackPointExtension>
        </extensions>
      </trkpt>
      <trkpt lat="23.18414811976253986358642578125" lon="113.4370034001767635345458984375">
        <ele>23.200000762939453125</ele>
        <time>2024-07-24T22:21:29.000Z</time>
        <extensions>
          <ns3:TrackPointExtension>
            <ns3:hr>109</ns3:hr>
          </ns3:TrackPointExtension>
        </extensions>
      </trkpt>
      <trkpt lat="23.184198327362537384033203125" lon="113.43700281344354152679443359375">
        <ele>23</ele>
        <time>2024-07-24T22:21:30.000Z</time>
        <extensions>
          <ns3:TrackPointExtension>
            <ns3:hr>108</ns3:hr>
          </ns3:TrackPointExtension>
        </extensions>
      </trkpt>
      <trkpt lat="23.184247948229312896728515625" lon="113.4370013885200023651123046875">
        <ele>22.799999237060546875</ele>
        <time>2024-07-24T22:21:31.000Z</time>
        <extensions>
          <ns3:TrackPointExtension>
            <ns3:hr>107</ns3:hr>
          </ns3:TrackPointExtension>
        </extensions>
      </trkpt>
      <trkpt lat="23.184296898543834686279296875" lon="113.43700029887259006500244140625">
        <ele>22.799999237060546875</ele>
        <time>2024-07-24T22:21:32.000Z</time>
        <extensions>
          <ns3:TrackPointExtension>
            <ns3:hr>106</ns3:hr>
          </ns3:TrackPointExtension>
        </extensions>
      </trkpt>
      <trkpt lat="23.18434492684900760650634765625" lon="113.4369983710348606109619140625">
        <ele>22.6000003814697265625</ele>
        <time>2024-07-24T22:21:33.000Z</time>
        <extensions>
          <ns3:TrackPointExtension>
            <ns3:hr>104</ns3:hr>
          </ns3:TrackPointExtension>
        </extensions>
      </trkpt>
      <trkpt lat="23.184393458068370819091796875" lon="113.436995185911655426025390625">
        <ele>22.3999996185302734375</ele>
        <time>2024-07-24T22:21:34.000Z</time>
        <extensions>
          <ns3:TrackPointExtension>
            <ns3:hr>103</ns3:hr>
          </ns3:TrackPointExtension>
        </extensions>
      </trkpt>
      <trkpt lat="23.18444265983998775482177734375" lon="113.4369903244078159332275390625">
        <ele>22.200000762939453125</ele>
        <time>2024-07-24T22:21:35.000Z</time>
        <extensions>
          <ns3:TrackPointExtension>
            <ns3:hr>102</ns3:hr>
          </ns3:TrackPointExtension>
        </extensions>
      </trkpt>
      <trkpt lat="23.18449278362095355987548828125" lon="113.4369863010942935943603515625">
        <ele>22.200000762939453125</ele>
        <time>2024-07-24T22:21:36.000Z</time>
        <extensions>
          <ns3:TrackPointExtension>
            <ns3:hr>101</ns3:hr>
          </ns3:TrackPointExtension>
        </extensions>
      </trkpt>
      <trkpt lat="23.18454265594482421875" lon="113.43698211014270782470703125">
        <ele>22.200000762939453125</ele>
        <time>2024-07-24T22:21:37.000Z</time>
        <extensions>
          <ns3:TrackPointExtension>
            <ns3:hr>99</ns3:hr>
          </ns3:TrackPointExtension>
        </extensions>
      </trkpt>
      <trkpt lat="23.18459118716418743133544921875" lon="113.43697867356240749359130859375">
        <ele>22.200000762939453125</ele>
        <time>2024-07-24T22:21:38.000Z</time>
        <extensions>
          <ns3:TrackPointExtension>
            <ns3:hr>98</ns3:hr>
          </ns3:TrackPointExtension>
        </extensions>
      </trkpt>
      <trkpt lat="23.18463745526969432830810546875" lon="113.4369769133627414703369140625">
        <ele>22.200000762939453125</ele>
        <time>2024-07-24T22:21:39.000Z</time>
        <extensions>
          <ns3:TrackPointExtension>
            <ns3:hr>97</ns3:hr>
          </ns3:TrackPointExtension>
        </extensions>
      </trkpt>
      <trkpt lat="23.18468204699456691741943359375" lon="113.43697674572467803955078125">
        <ele>22</ele>
        <time>2024-07-24T22:21:40.000Z</time>
        <extensions>
          <ns3:TrackPointExtension>
            <ns3:hr>96</ns3:hr>
          </ns3:TrackPointExtension>
        </extensions>
      </trkpt>
      <trkpt lat="23.1847245432436466217041015625" lon="113.436976410448551177978515625">
        <ele>21.6000003814697265625</ele>
        <time>2024-07-24T22:21:41.000Z</time>
        <extensions>
          <ns3:TrackPointExtension>
            <ns3:hr>95</ns3:hr>
          </ns3:TrackPointExtension>
        </extensions>
      </trkpt>
      <trkpt lat="23.1847667880356311798095703125" lon="113.43697548843920230865478515625">
        <ele>21</ele>
        <time>2024-07-24T22:21:42.000Z</time>
        <extensions>
          <ns3:TrackPointExtension>
            <ns3:hr>95</ns3:hr>
          </ns3:TrackPointExtension>
        </extensions>
      </trkpt>
      <trkpt lat="23.1848100386559963226318359375" lon="113.43697431497275829315185546875">
        <ele>20.6000003814697265625</ele>
        <time>2024-07-24T22:21:43.000Z</time>
        <extensions>
          <ns3:TrackPointExtension>
            <ns3:hr>95</ns3:hr>
          </ns3:TrackPointExtension>
        </extensions>
      </trkpt>
      <trkpt lat="23.18485471419990062713623046875" lon="113.43697146512567996978759765625">
        <ele>20</ele>
        <time>2024-07-24T22:21:44.000Z</time>
        <extensions>
          <ns3:TrackPointExtension>
            <ns3:hr>95</ns3:hr>
          </ns3:TrackPointExtension>
        </extensions>
      </trkpt>
      <trkpt lat="23.18490006029605865478515625" lon="113.4369675256311893463134765625">
        <ele>19.6000003814697265625</ele>
        <time>2024-07-24T22:21:45.000Z</time>
        <extensions>
          <ns3:TrackPointExtension>
            <ns3:hr>95</ns3:hr>
          </ns3:TrackPointExtension>
        </extensions>
      </trkpt>
      <trkpt lat="23.18494523875415325164794921875" lon="113.43696467578411102294921875">
        <ele>19</ele>
        <time>2024-07-24T22:21:46.000Z</time>
        <extensions>
          <ns3:TrackPointExtension>
            <ns3:hr>95</ns3:hr>
          </ns3:TrackPointExtension>
        </extensions>
      </trkpt>
      <trkpt lat="23.1849904172122478485107421875" lon="113.43696258030831813812255859375">
        <ele>18.6000003814697265625</ele>
        <time>2024-07-24T22:21:47.000Z</time>
        <extensions>
          <ns3:TrackPointExtension>
            <ns3:hr>95</ns3:hr>
          </ns3:TrackPointExtension>
        </extensions>
      </trkpt>
      <trkpt lat="23.18503551185131072998046875" lon="113.4369614906609058380126953125">
        <ele>18.6000003814697265625</ele>
        <time>2024-07-24T22:21:48.000Z</time>
        <extensions>
          <ns3:TrackPointExtension>
            <ns3:hr>95</ns3:hr>
          </ns3:TrackPointExtension>
        </extensions>
      </trkpt>
      <trkpt lat="23.1850799359381198883056640625" lon="113.43696174211800098419189453125">
        <ele>18.3999996185302734375</ele>
        <time>2024-07-24T22:21:49.000Z</time>
        <extensions>
          <ns3:TrackPointExtension>
            <ns3:hr>95</ns3:hr>
          </ns3:TrackPointExtension>
        </extensions>
      </trkpt>
      <trkpt lat="23.185123689472675323486328125" lon="113.4369608201086521148681640625">
        <ele>18.200000762939453125</ele>
        <time>2024-07-24T22:21:50.000Z</time>
        <extensions>
          <ns3:TrackPointExtension>
            <ns3:hr>95</ns3:hr>
          </ns3:TrackPointExtension>
        </extensions>
      </trkpt>
      <trkpt lat="23.185166604816913604736328125" lon="113.43695822171866893768310546875">
        <ele>18</ele>
        <time>2024-07-24T22:21:51.000Z</time>
        <extensions>
          <ns3:TrackPointExtension>
            <ns3:hr>93</ns3:hr>
          </ns3:TrackPointExtension>
        </extensions>
      </trkpt>
      <trkpt lat="23.18520809523761272430419921875" lon="113.43695486895740032196044921875">
        <ele>18</ele>
        <time>2024-07-24T22:21:52.000Z</time>
        <extensions>
          <ns3:TrackPointExtension>
            <ns3:hr>92</ns3:hr>
          </ns3:TrackPointExtension>
        </extensions>
      </trkpt>
      <trkpt lat="23.1852494180202484130859375" lon="113.4369514323770999908447265625">
        <ele>18</ele>
        <time>2024-07-24T22:21:53.000Z</time>
        <extensions>
          <ns3:TrackPointExtension>
            <ns3:hr>91</ns3:hr>
          </ns3:TrackPointExtension>
        </extensions>
      </trkpt>
      <trkpt lat="23.1852894835174083709716796875" lon="113.4369479119777679443359375">
        <ele>18</ele>
        <time>2024-07-24T22:21:54.000Z</time>
        <extensions>
          <ns3:TrackPointExtension>
            <ns3:hr>90</ns3:hr>
          </ns3:TrackPointExtension>
        </extensions>
      </trkpt>
      <trkpt lat="23.1853287108242511749267578125" lon="113.43694514594972133636474609375">
        <ele>18</ele>
        <time>2024-07-24T22:21:55.000Z</time>
        <extensions>
          <ns3:TrackPointExtension>
            <ns3:hr>88</ns3:hr>
          </ns3:TrackPointExtension>
        </extensions>
      </trkpt>
      <trkpt lat="23.18536852486431598663330078125" lon="113.43694279901683330535888671875">
        <ele>18</ele>
        <time>2024-07-24T22:21:56.000Z</time>
        <extensions>
          <ns3:TrackPointExtension>
            <ns3:hr>87</ns3:hr>
          </ns3:TrackPointExtension>
        </extensions>
      </trkpt>
      <trkpt lat="23.18540859036147594451904296875" lon="113.4369410388171672821044921875">
        <ele>18</ele>
        <time>2024-07-24T22:21:57.000Z</time>
        <extensions>
          <ns3:TrackPointExtension>
            <ns3:hr>87</ns3:hr>
          </ns3:TrackPointExtension>
        </extensions>
      </trkpt>
      <trkpt lat="23.1854487396776676177978515625" lon="113.43693927861750125885009765625">
        <ele>18.200000762939453125</ele>
        <time>2024-07-24T22:21:58.000Z</time>
        <extensions>
          <ns3:TrackPointExtension>
            <ns3:hr>86</ns3:hr>
          </ns3:TrackPointExtension>
        </extensions>
      </trkpt>
      <trkpt lat="23.18548754788935184478759765625" lon="113.43693642877042293548583984375">
        <ele>18.3999996185302734375</ele>
        <time>2024-07-24T22:21:59.000Z</time>
        <extensions>
          <ns3:TrackPointExtension>
            <ns3:hr>84</ns3:hr>
          </ns3:TrackPointExtension>
        </extensions>
      </trkpt>
      <trkpt lat="23.1855258531868457794189453125" lon="113.43693240545690059661865234375">
        <ele>18.799999237060546875</ele>
        <time>2024-07-24T22:22:00.000Z</time>
        <extensions>
          <ns3:TrackPointExtension>
            <ns3:hr>83</ns3:hr>
          </ns3:TrackPointExtension>
        </extensions>
      </trkpt>
      <trkpt lat="23.1855647452175617218017578125" lon="113.43692838214337825775146484375">
        <ele>18.799999237060546875</ele>
        <time>2024-07-24T22:22:01.000Z</time>
        <extensions>
          <ns3:TrackPointExtension>
            <ns3:hr>84</ns3:hr>
          </ns3:TrackPointExtension>
        </extensions>
      </trkpt>
      <trkpt lat="23.18560405634343624114990234375" lon="113.4369252808392047882080078125">
        <ele>18.799999237060546875</ele>
        <time>2024-07-24T22:22:02.000Z</time>
        <extensions>
          <ns3:TrackPointExtension>
            <ns3:hr>84</ns3:hr>
          </ns3:TrackPointExtension>
        </extensions>
      </trkpt>
      <trkpt lat="23.18564445711672306060791015625" lon="113.4369222633540630340576171875">
        <ele>18.799999237060546875</ele>
        <time>2024-07-24T22:22:03.000Z</time>
        <extensions>
          <ns3:TrackPointExtension>
            <ns3:hr>84</ns3:hr>
          </ns3:TrackPointExtension>
        </extensions>
      </trkpt>
      <trkpt lat="23.18568619899451732635498046875" lon="113.43692050315439701080322265625">
        <ele>18.799999237060546875</ele>
        <time>2024-07-24T22:22:04.000Z</time>
        <extensions>
          <ns3:TrackPointExtension>
            <ns3:hr>84</ns3:hr>
          </ns3:TrackPointExtension>
        </extensions>
      </trkpt>
      <trkpt lat="23.1857270188629627227783203125" lon="113.4369195811450481414794921875">
        <ele>18.799999237060546875</ele>
        <time>2024-07-24T22:22:05.000Z</time>
        <extensions>
          <ns3:TrackPointExtension>
            <ns3:hr>84</ns3:hr>
          </ns3:TrackPointExtension>
        </extensions>
      </trkpt>
      <trkpt lat="23.185765407979488372802734375" lon="113.43691932968795299530029296875">
        <ele>18.799999237060546875</ele>
        <time>2024-07-24T22:22:06.000Z</time>
        <extensions>
          <ns3:TrackPointExtension>
            <ns3:hr>84</ns3:hr>
          </ns3:TrackPointExtension>
        </extensions>
      </trkpt>
      <trkpt lat="23.18580128252506256103515625" lon="113.4369185753166675567626953125">
        <ele>18.799999237060546875</ele>
        <time>2024-07-24T22:22:07.000Z</time>
        <extensions>
          <ns3:TrackPointExtension>
            <ns3:hr>83</ns3:hr>
          </ns3:TrackPointExtension>
        </extensions>
      </trkpt>
      <trkpt lat="23.185833133757114410400390625" lon="113.43691564165055751800537109375">
        <ele>18.799999237060546875</ele>
        <time>2024-07-24T22:22:08.000Z</time>
        <extensions>
          <ns3:TrackPointExtension>
            <ns3:hr>83</ns3:hr>
          </ns3:TrackPointExtension>
        </extensions>
      </trkpt>
      <trkpt lat="23.18586699664592742919921875" lon="113.436910025775432586669921875">
        <ele>18.799999237060546875</ele>
        <time>2024-07-24T22:22:09.000Z</time>
        <extensions>
          <ns3:TrackPointExtension>
            <ns3:hr>83</ns3:hr>
          </ns3:TrackPointExtension>
        </extensions>
      </trkpt>
      <trkpt lat="23.18590178154408931732177734375" lon="113.436905331909656524658203125">
        <ele>18.6000003814697265625</ele>
        <time>2024-07-24T22:22:10.000Z</time>
        <extensions>
          <ns3:TrackPointExtension>
            <ns3:hr>83</ns3:hr>
          </ns3:TrackPointExtension>
        </extensions>
      </trkpt>
      <trkpt lat="23.18593564443290233612060546875" lon="113.43690189532935619354248046875">
        <ele>18.6000003814697265625</ele>
        <time>2024-07-24T22:22:11.000Z</time>
        <extensions>
          <ns3:TrackPointExtension>
            <ns3:hr>83</ns3:hr>
          </ns3:TrackPointExtension>
        </extensions>
      </trkpt>
      <trkpt lat="23.18596783094108104705810546875" lon="113.4369001351296901702880859375">
        <ele>18.200000762939453125</ele>
        <time>2024-07-24T22:22:12.000Z</time>
        <extensions>
          <ns3:TrackPointExtension>
            <ns3:hr>83</ns3:hr>
          </ns3:TrackPointExtension>
        </extensions>
      </trkpt>
      <trkpt lat="23.185998089611530303955078125" lon="113.43689753673970699310302734375">
        <ele>18</ele>
        <time>2024-07-24T22:22:13.000Z</time>
        <extensions>
          <ns3:TrackPointExtension>
            <ns3:hr>83</ns3:hr>
          </ns3:TrackPointExtension>
        </extensions>
      </trkpt>
      <trkpt lat="23.1860254146158695220947265625" lon="113.43689368106424808502197265625">
        <ele>17.6000003814697265625</ele>
        <time>2024-07-24T22:22:14.000Z</time>
        <extensions>
          <ns3:TrackPointExtension>
            <ns3:hr>83</ns3:hr>
          </ns3:TrackPointExtension>
        </extensions>
      </trkpt>
      <trkpt lat="23.186052739620208740234375" lon="113.436889909207820892333984375">
        <ele>17.3999996185302734375</ele>
        <time>2024-07-24T22:22:15.000Z</time>
        <extensions>
          <ns3:TrackPointExtension>
            <ns3:hr>83</ns3:hr>
          </ns3:TrackPointExtension>
        </extensions>
      </trkpt>
      <trkpt lat="23.186067827045917510986328125" lon="113.43688731081783771514892578125">
        <ele>17.200000762939453125</ele>
        <time>2024-07-24T22:22:16.000Z</time>
        <extensions>
          <ns3:TrackPointExtension>
            <ns3:hr>83</ns3:hr>
          </ns3:TrackPointExtension>
        </extensions>
      </trkpt>
      <trkpt lat="23.1860884465277194976806640625" lon="113.436884544789791107177734375">
        <ele>17</ele>
        <time>2024-07-24T22:22:17.000Z</time>
        <extensions>
          <ns3:TrackPointExtension>
            <ns3:hr>83</ns3:hr>
          </ns3:TrackPointExtension>
        </extensions>
      </trkpt>
      <trkpt lat="23.1861104071140289306640625" lon="113.4368837065994739532470703125">
        <ele>17</ele>
        <time>2024-07-24T22:22:18.000Z</time>
        <extensions>
          <ns3:TrackPointExtension>
            <ns3:hr>82</ns3:hr>
          </ns3:TrackPointExtension>
        </extensions>
      </trkpt>
      <trkpt lat="23.18613119423389434814453125" lon="113.43688546679913997650146484375">
        <ele>17.200000762939453125</ele>
        <time>2024-07-24T22:22:19.000Z</time>
        <extensions>
          <ns3:TrackPointExtension>
            <ns3:hr>83</ns3:hr>
          </ns3:TrackPointExtension>
        </extensions>
      </trkpt>
      <trkpt lat="23.186149634420871734619140625" lon="113.4368884004652500152587890625">
        <ele>17.200000762939453125</ele>
        <time>2024-07-24T22:22:20.000Z</time>
        <extensions>
          <ns3:TrackPointExtension>
            <ns3:hr>81</ns3:hr>
          </ns3:TrackPointExtension>
        </extensions>
      </trkpt>
      <trkpt lat="23.18616212345659732818603515625" lon="113.43689183704555034637451171875">
        <ele>17.200000762939453125</ele>
        <time>2024-07-24T22:22:21.000Z</time>
        <extensions>
          <ns3:TrackPointExtension>
            <ns3:hr>81</ns3:hr>
          </ns3:TrackPointExtension>
        </extensions>
      </trkpt>
      <trkpt lat="23.186176456511020660400390625" lon="113.4368951059877872467041015625">
        <ele>17.3999996185302734375</ele>
        <time>2024-07-24T22:22:22.000Z</time>
        <extensions>
          <ns3:TrackPointExtension>
            <ns3:hr>81</ns3:hr>
          </ns3:TrackPointExtension>
        </extensions>
      </trkpt>
      <trkpt lat="23.18619045428931713104248046875" lon="113.43689837493002414703369140625">
        <ele>17.3999996185302734375</ele>
        <time>2024-07-24T22:22:23.000Z</time>
        <extensions>
          <ns3:TrackPointExtension>
            <ns3:hr>81</ns3:hr>
          </ns3:TrackPointExtension>
        </extensions>
      </trkpt>
      <trkpt lat="23.18620135076344013214111328125" lon="113.436901979148387908935546875">
        <ele>17.3999996185302734375</ele>
        <time>2024-07-24T22:22:24.000Z</time>
        <extensions>
          <ns3:TrackPointExtension>
            <ns3:hr>81</ns3:hr>
          </ns3:TrackPointExtension>
        </extensions>
      </trkpt>
      <trkpt lat="23.18620939739048480987548828125" lon="113.43690608628094196319580078125">
        <ele>17.3999996185302734375</ele>
        <time>2024-07-24T22:23:28.000Z</time>
        <extensions>
          <ns3:TrackPointExtension>
            <ns3:hr>81</ns3:hr>
          </ns3:TrackPointExtension>
        </extensions>
      </trkpt>
      <trkpt lat="23.1862155161798000335693359375" lon="113.436910025775432586669921875">
        <ele>17.3999996185302734375</ele>
        <time>2024-07-24T22:23:29.000Z</time>
        <extensions>
          <ns3:TrackPointExtension>
            <ns3:hr>81</ns3:hr>
          </ns3:TrackPointExtension>
        </extensions>
      </trkpt>
      <trkpt lat="23.186222054064273834228515625" lon="113.43691362999379634857177734375">
        <ele>17.3999996185302734375</ele>
        <time>2024-07-24T22:23:30.000Z</time>
        <extensions>
          <ns3:TrackPointExtension>
            <ns3:hr>80</ns3:hr>
          </ns3:TrackPointExtension>
        </extensions>
      </trkpt>
      <trkpt lat="23.1862285919487476348876953125" lon="113.436916731297969818115234375">
        <ele>17.6000003814697265625</ele>
        <time>2024-07-24T22:23:31.000Z</time>
        <extensions>
          <ns3:TrackPointExtension>
            <ns3:hr>80</ns3:hr>
          </ns3:TrackPointExtension>
        </extensions>
      </trkpt>
      <trkpt lat="23.18623621948063373565673828125" lon="113.43692016787827014923095703125">
        <ele>17.6000003814697265625</ele>
        <time>2024-07-24T22:23:32.000Z</time>
        <extensions>
          <ns3:TrackPointExtension>
            <ns3:hr>79</ns3:hr>
          </ns3:TrackPointExtension>
        </extensions>
      </trkpt>
      <trkpt lat="23.18624342791736125946044921875" lon="113.43692352063953876495361328125">
        <ele>17.6000003814697265625</ele>
        <time>2024-07-24T22:23:33.000Z</time>
        <extensions>
          <ns3:TrackPointExtension>
            <ns3:hr>78</ns3:hr>
          </ns3:TrackPointExtension>
        </extensions>
      </trkpt>
      <trkpt lat="23.18625013343989849090576171875" lon="113.4369256161153316497802734375">
        <ele>17.6000003814697265625</ele>
        <time>2024-07-24T22:23:34.000Z</time>
        <extensions>
          <ns3:TrackPointExtension>
            <ns3:hr>76</ns3:hr>
          </ns3:TrackPointExtension>
        </extensions>
      </trkpt>
      <trkpt lat="23.18625784479081630706787109375" lon="113.43692771159112453460693359375">
        <ele>17.6000003814697265625</ele>
        <time>2024-07-24T22:23:47.000Z</time>
        <extensions>
          <ns3:TrackPointExtension>
            <ns3:hr>72</ns3:hr>
          </ns3:TrackPointExtension>
        </extensions>
      </trkpt>
      <trkpt lat="23.18626455031335353851318359375" lon="113.43692922033369541168212890625">
        <ele>17.6000003814697265625</ele>
        <time>2024-07-24T22:23:48.000Z</time>
        <extensions>
          <ns3:TrackPointExtension>
            <ns3:hr>70</ns3:hr>
          </ns3:TrackPointExtension>
        </extensions>
      </trkpt>
      <trkpt lat="23.1862715072929859161376953125" lon="113.4369313158094882965087890625">
        <ele>17.3999996185302734375</ele>
        <time>2024-07-24T22:23:49.000Z</time>
        <extensions>
          <ns3:TrackPointExtension>
            <ns3:hr>70</ns3:hr>
          </ns3:TrackPointExtension>
        </extensions>
      </trkpt>
      <trkpt lat="23.1862802244722843170166015625" lon="113.4369346685707569122314453125">
        <ele>17.3999996185302734375</ele>
        <time>2024-07-24T22:23:50.000Z</time>
        <extensions>
          <ns3:TrackPointExtension>
            <ns3:hr>69</ns3:hr>
          </ns3:TrackPointExtension>
        </extensions>
      </trkpt>
      <trkpt lat="23.1862899474799633026123046875" lon="113.43693919479846954345703125">
        <ele>17.3999996185302734375</ele>
        <time>2024-07-24T22:23:51.000Z</time>
        <extensions>
          <ns3:TrackPointExtension>
            <ns3:hr>69</ns3:hr>
          </ns3:TrackPointExtension>
        </extensions>
      </trkpt>
      <trkpt lat="23.18629908375442028045654296875" lon="113.43694380484521389007568359375">
        <ele>17.3999996185302734375</ele>
        <time>2024-07-24T22:23:52.000Z</time>
        <extensions>
          <ns3:TrackPointExtension>
            <ns3:hr>69</ns3:hr>
          </ns3:TrackPointExtension>
        </extensions>
      </trkpt>
      <trkpt lat="23.1863077171146869659423828125" lon="113.43694883398711681365966796875">
        <ele>17.3999996185302734375</ele>
        <time>2024-07-24T22:23:53.000Z</time>
        <extensions>
          <ns3:TrackPointExtension>
            <ns3:hr>69</ns3:hr>
          </ns3:TrackPointExtension>
        </extensions>
      </trkpt>
      <trkpt lat="23.1863142549991607666015625" lon="113.4369551204144954681396484375">
        <ele>17.3999996185302734375</ele>
        <time>2024-07-24T22:23:59.000Z</time>
        <extensions>
          <ns3:TrackPointExtension>
            <ns3:hr>72</ns3:hr>
          </ns3:TrackPointExtension>
        </extensions>
      </trkpt>
      <trkpt lat="23.1863194517791271209716796875" lon="113.43696090392768383026123046875">
        <ele>17.3999996185302734375</ele>
        <time>2024-07-24T22:24:00.000Z</time>
        <extensions>
          <ns3:TrackPointExtension>
            <ns3:hr>72</ns3:hr>
          </ns3:TrackPointExtension>
        </extensions>
      </trkpt>
      <trkpt lat="23.186323978006839752197265625" lon="113.43696693889796733856201171875">
        <ele>17.3999996185302734375</ele>
        <time>2024-07-24T22:24:01.000Z</time>
        <extensions>
          <ns3:TrackPointExtension>
            <ns3:hr>72</ns3:hr>
          </ns3:TrackPointExtension>
        </extensions>
      </trkpt>
      <trkpt lat="23.186329342424869537353515625" lon="113.4369728900492191314697265625">
        <ele>17.3999996185302734375</ele>
        <time>2024-07-24T22:24:02.000Z</time>
        <extensions>
          <ns3:TrackPointExtension>
            <ns3:hr>72</ns3:hr>
          </ns3:TrackPointExtension>
        </extensions>
      </trkpt>
      <trkpt lat="23.18633495829999446868896484375" lon="113.436978422105312347412109375">
        <ele>17.3999996185302734375</ele>
        <time>2024-07-24T22:24:03.000Z</time>
        <extensions>
          <ns3:TrackPointExtension>
            <ns3:hr>72</ns3:hr>
          </ns3:TrackPointExtension>
        </extensions>
      </trkpt>
      <trkpt lat="23.18634065799415111541748046875" lon="113.436979763209819793701171875">
        <ele>17.3999996185302734375</ele>
        <time>2024-07-24T22:24:17.000Z</time>
        <extensions>
          <ns3:TrackPointExtension>
            <ns3:hr>66</ns3:hr>
          </ns3:TrackPointExtension>
        </extensions>
      </trkpt>
      <trkpt lat="23.18634635768830776214599609375" lon="113.4369822777807712554931640625">
        <ele>17.3999996185302734375</ele>
        <time>2024-07-24T22:24:18.000Z</time>
        <extensions>
          <ns3:TrackPointExtension>
            <ns3:hr>66</ns3:hr>
          </ns3:TrackPointExtension>
        </extensions>
      </trkpt>
      <trkpt lat="23.186354152858257293701171875" lon="113.436985798180103302001953125">
        <ele>17.3999996185302734375</ele>
        <time>2024-07-24T22:24:19.000Z</time>
        <extensions>
          <ns3:TrackPointExtension>
            <ns3:hr>66</ns3:hr>
          </ns3:TrackPointExtension>
        </extensions>
      </trkpt>
      <trkpt lat="23.18636588752269744873046875" lon="113.43698822893202304840087890625">
        <ele>17.200000762939453125</ele>
        <time>2024-07-24T22:24:20.000Z</time>
        <extensions>
          <ns3:TrackPointExtension>
            <ns3:hr>66</ns3:hr>
          </ns3:TrackPointExtension>
        </extensions>
      </trkpt>
      <trkpt lat="23.18638189695775508880615234375" lon="113.4369889833033084869384765625">
        <ele>17.3999996185302734375</ele>
        <time>2024-07-24T22:24:21.000Z</time>
        <extensions>
          <ns3:TrackPointExtension>
            <ns3:hr>67</ns3:hr>
          </ns3:TrackPointExtension>
        </extensions>
      </trkpt>
      <trkpt lat="23.18640838377177715301513671875" lon="113.43698772601783275604248046875">
        <ele>17.3999996185302734375</ele>
        <time>2024-07-24T22:24:22.000Z</time>
        <extensions>
          <ns3:TrackPointExtension>
            <ns3:hr>67</ns3:hr>
          </ns3:TrackPointExtension>
        </extensions>
      </trkpt>
      <trkpt lat="23.18643369711935520172119140625" lon="113.43698588199913501739501953125">
        <ele>17.3999996185302734375</ele>
        <time>2024-07-24T22:24:23.000Z</time>
        <extensions>
          <ns3:TrackPointExtension>
            <ns3:hr>67</ns3:hr>
          </ns3:TrackPointExtension>
        </extensions>
      </trkpt>
      <trkpt lat="23.1864590942859649658203125" lon="113.4369836188852787017822265625">
        <ele>17.6000003814697265625</ele>
        <time>2024-07-24T22:24:24.000Z</time>
        <extensions>
          <ns3:TrackPointExtension>
            <ns3:hr>67</ns3:hr>
          </ns3:TrackPointExtension>
        </extensions>
      </trkpt>
      <trkpt lat="23.18648482672870159149169921875" lon="113.43697951175272464752197265625">
        <ele>17.6000003814697265625</ele>
        <time>2024-07-24T22:24:25.000Z</time>
        <extensions>
          <ns3:TrackPointExtension>
            <ns3:hr>67</ns3:hr>
          </ns3:TrackPointExtension>
        </extensions>
      </trkpt>
      <trkpt lat="23.1865263171494007110595703125" lon="113.4369688667356967926025390625">
        <ele>17.6000003814697265625</ele>
        <time>2024-07-24T22:24:26.000Z</time>
        <extensions>
          <ns3:TrackPointExtension>
            <ns3:hr>67</ns3:hr>
          </ns3:TrackPointExtension>
        </extensions>
      </trkpt>
      <trkpt lat="23.18655473180115222930908203125" lon="113.43695797026157379150390625">
        <ele>17.6000003814697265625</ele>
        <time>2024-07-24T22:24:27.000Z</time>
        <extensions>
          <ns3:TrackPointExtension>
            <ns3:hr>68</ns3:hr>
          </ns3:TrackPointExtension>
        </extensions>
      </trkpt>
      <trkpt lat="23.1865797936916351318359375" lon="113.4369452297687530517578125">
        <ele>17.6000003814697265625</ele>
        <time>2024-07-24T22:24:28.000Z</time>
        <extensions>
          <ns3:TrackPointExtension>
            <ns3:hr>68</ns3:hr>
          </ns3:TrackPointExtension>
        </extensions>
      </trkpt>
      <trkpt lat="23.18660250864923000335693359375" lon="113.4369323216378688812255859375">
        <ele>17.6000003814697265625</ele>
        <time>2024-07-24T22:24:29.000Z</time>
        <extensions>
          <ns3:TrackPointExtension>
            <ns3:hr>69</ns3:hr>
          </ns3:TrackPointExtension>
        </extensions>
      </trkpt>
      <trkpt lat="23.18661390803754329681396484375" lon="113.4369256161153316497802734375">
        <ele>17.6000003814697265625</ele>
        <time>2024-07-24T22:24:30.000Z</time>
        <extensions>
          <ns3:TrackPointExtension>
            <ns3:hr>70</ns3:hr>
          </ns3:TrackPointExtension>
        </extensions>
      </trkpt>
      <trkpt lat="23.18662731908261775970458984375" lon="113.43691681511700153350830078125">
        <ele>17.6000003814697265625</ele>
        <time>2024-07-24T22:24:31.000Z</time>
        <extensions>
          <ns3:TrackPointExtension>
            <ns3:hr>70</ns3:hr>
          </ns3:TrackPointExtension>
        </extensions>
      </trkpt>
      <trkpt lat="23.18663922138512134552001953125" lon="113.43690759502351284027099609375">
        <ele>17.6000003814697265625</ele>
        <time>2024-07-24T22:24:32.000Z</time>
        <extensions>
          <ns3:TrackPointExtension>
            <ns3:hr>70</ns3:hr>
          </ns3:TrackPointExtension>
        </extensions>
      </trkpt>
      <trkpt lat="23.186645843088626861572265625" lon="113.4369021467864513397216796875">
        <ele>17.6000003814697265625</ele>
        <time>2024-07-24T22:24:33.000Z</time>
        <extensions>
          <ns3:TrackPointExtension>
            <ns3:hr>70</ns3:hr>
          </ns3:TrackPointExtension>
        </extensions>
      </trkpt>
      <trkpt lat="23.18664860911667346954345703125" lon="113.43689938075840473175048828125">
        <ele>17.6000003814697265625</ele>
        <time>2024-07-24T22:24:34.000Z</time>
        <extensions>
          <ns3:TrackPointExtension>
            <ns3:hr>70</ns3:hr>
          </ns3:TrackPointExtension>
        </extensions>
      </trkpt>
      <trkpt lat="23.18665145896375179290771484375" lon="113.4368967823684215545654296875">
        <ele>17.6000003814697265625</ele>
        <time>2024-07-24T22:24:35.000Z</time>
        <extensions>
          <ns3:TrackPointExtension>
            <ns3:hr>70</ns3:hr>
          </ns3:TrackPointExtension>
        </extensions>
      </trkpt>
      <trkpt lat="23.1866548955440521240234375" lon="113.4368910826742649078369140625">
        <ele>17.799999237060546875</ele>
        <time>2024-07-24T22:24:36.000Z</time>
        <extensions>
          <ns3:TrackPointExtension>
            <ns3:hr>70</ns3:hr>
          </ns3:TrackPointExtension>
        </extensions>
      </trkpt>
      <trkpt lat="23.1866562366485595703125" lon="113.436883203685283660888671875">
        <ele>17.6000003814697265625</ele>
        <time>2024-07-24T22:24:37.000Z</time>
        <extensions>
          <ns3:TrackPointExtension>
            <ns3:hr>70</ns3:hr>
          </ns3:TrackPointExtension>
        </extensions>
      </trkpt>
      <trkpt lat="23.186653554439544677734375" lon="113.4368729777634143829345703125">
        <ele>17.3999996185302734375</ele>
        <time>2024-07-24T22:24:38.000Z</time>
        <extensions>
          <ns3:TrackPointExtension>
            <ns3:hr>69</ns3:hr>
          </ns3:TrackPointExtension>
        </extensions>
      </trkpt>
      <trkpt lat="23.18664575926959514617919921875" lon="113.43686032108962535858154296875">
        <ele>17.200000762939453125</ele>
        <time>2024-07-24T22:24:39.000Z</time>
        <extensions>
          <ns3:TrackPointExtension>
            <ns3:hr>68</ns3:hr>
          </ns3:TrackPointExtension>
        </extensions>
      </trkpt>
      <trkpt lat="23.18662933073937892913818359375" lon="113.43684037216007709503173828125">
        <ele>16.799999237060546875</ele>
        <time>2024-07-24T22:24:40.000Z</time>
        <extensions>
          <ns3:TrackPointExtension>
            <ns3:hr>68</ns3:hr>
          </ns3:TrackPointExtension>
        </extensions>
      </trkpt>
      <trkpt lat="23.186610303819179534912109375" lon="113.43682209961116313934326171875">
        <ele>16.3999996185302734375</ele>
        <time>2024-07-24T22:24:41.000Z</time>
        <extensions>
          <ns3:TrackPointExtension>
            <ns3:hr>67</ns3:hr>
          </ns3:TrackPointExtension>
        </extensions>
      </trkpt>
      <trkpt lat="23.186577446758747100830078125" lon="113.43679309822618961334228515625">
        <ele>15.80000019073486328125</ele>
        <time>2024-07-24T22:24:42.000Z</time>
        <extensions>
          <ns3:TrackPointExtension>
            <ns3:hr>67</ns3:hr>
          </ns3:TrackPointExtension>
        </extensions>
      </trkpt>
      <trkpt lat="23.1865531392395496368408203125" lon="113.43677097000181674957275390625">
        <ele>15.3999996185302734375</ele>
        <time>2024-07-24T22:24:43.000Z</time>
        <extensions>
          <ns3:TrackPointExtension>
            <ns3:hr>67</ns3:hr>
          </ns3:TrackPointExtension>
        </extensions>
      </trkpt>
      <trkpt lat="23.1865300051867961883544921875" lon="113.4367475844919681549072265625">
        <ele>15.3999996185302734375</ele>
        <time>2024-07-24T22:24:44.000Z</time>
        <extensions>
          <ns3:TrackPointExtension>
            <ns3:hr>67</ns3:hr>
          </ns3:TrackPointExtension>
        </extensions>
      </trkpt>
      <trkpt lat="23.1865075416862964630126953125" lon="113.43672369606792926788330078125">
        <ele>15.3999996185302734375</ele>
        <time>2024-07-24T22:24:45.000Z</time>
        <extensions>
          <ns3:TrackPointExtension>
            <ns3:hr>67</ns3:hr>
          </ns3:TrackPointExtension>
        </extensions>
      </trkpt>
      <trkpt lat="23.18648482672870159149169921875" lon="113.4366979636251926422119140625">
        <ele>15.6000003814697265625</ele>
        <time>2024-07-24T22:24:46.000Z</time>
        <extensions>
          <ns3:TrackPointExtension>
            <ns3:hr>67</ns3:hr>
          </ns3:TrackPointExtension>
        </extensions>
      </trkpt>
      <trkpt lat="23.18646253086626529693603515625" lon="113.43666963279247283935546875">
        <ele>15.6000003814697265625</ele>
        <time>2024-07-24T22:24:47.000Z</time>
        <extensions>
          <ns3:TrackPointExtension>
            <ns3:hr>67</ns3:hr>
          </ns3:TrackPointExtension>
        </extensions>
      </trkpt>
      <trkpt lat="23.18644308485090732574462890625" lon="113.43663870356976985931396484375">
        <ele>15.80000019073486328125</ele>
        <time>2024-07-24T22:24:48.000Z</time>
        <extensions>
          <ns3:TrackPointExtension>
            <ns3:hr>71</ns3:hr>
          </ns3:TrackPointExtension>
        </extensions>
      </trkpt>
      <trkpt lat="23.186425901949405670166015625" lon="113.4366044215857982635498046875">
        <ele>16.200000762939453125</ele>
        <time>2024-07-24T22:24:49.000Z</time>
        <extensions>
          <ns3:TrackPointExtension>
            <ns3:hr>74</ns3:hr>
          </ns3:TrackPointExtension>
        </extensions>
      </trkpt>
      <trkpt lat="23.18641148507595062255859375" lon="113.43656829558312892913818359375">
        <ele>16.3999996185302734375</ele>
        <time>2024-07-24T22:24:50.000Z</time>
        <extensions>
          <ns3:TrackPointExtension>
            <ns3:hr>84</ns3:hr>
          </ns3:TrackPointExtension>
        </extensions>
      </trkpt>
      <trkpt lat="23.18639933131635189056396484375" lon="113.4365303255617618560791015625">
        <ele>16.799999237060546875</ele>
        <time>2024-07-24T22:24:51.000Z</time>
        <extensions>
          <ns3:TrackPointExtension>
            <ns3:hr>89</ns3:hr>
          </ns3:TrackPointExtension>
        </extensions>
      </trkpt>
      <trkpt lat="23.1863885186612606048583984375" lon="113.4364910982549190521240234375">
        <ele>17</ele>
        <time>2024-07-24T22:24:52.000Z</time>
        <extensions>
          <ns3:TrackPointExtension>
            <ns3:hr>89</ns3:hr>
          </ns3:TrackPointExtension>
        </extensions>
      </trkpt>
      <trkpt lat="23.1863784603774547576904296875" lon="113.43645128421485424041748046875">
        <ele>17.3999996185302734375</ele>
        <time>2024-07-24T22:24:53.000Z</time>
        <extensions>
          <ns3:TrackPointExtension>
            <ns3:hr>88</ns3:hr>
          </ns3:TrackPointExtension>
        </extensions>
      </trkpt>
      <trkpt lat="23.18636915646493434906005859375" lon="113.436412476003170013427734375">
        <ele>18.200000762939453125</ele>
        <time>2024-07-24T22:24:54.000Z</time>
        <extensions>
          <ns3:TrackPointExtension>
            <ns3:hr>88</ns3:hr>
          </ns3:TrackPointExtension>
        </extensions>
      </trkpt>
      <trkpt lat="23.18636110983788967132568359375" lon="113.43637668527662754058837890625">
        <ele>19</ele>
        <time>2024-07-24T22:24:55.000Z</time>
        <extensions>
          <ns3:TrackPointExtension>
            <ns3:hr>88</ns3:hr>
          </ns3:TrackPointExtension>
        </extensions>
      </trkpt>
      <trkpt lat="23.18635515868663787841796875" lon="113.43634433113038539886474609375">
        <ele>19.6000003814697265625</ele>
        <time>2024-07-24T22:24:56.000Z</time>
        <extensions>
          <ns3:TrackPointExtension>
            <ns3:hr>88</ns3:hr>
          </ns3:TrackPointExtension>
        </extensions>
      </trkpt>
      <trkpt lat="23.1863549910485744476318359375" lon="113.43631692230701446533203125">
        <ele>20</ele>
        <time>2024-07-24T22:24:57.000Z</time>
        <extensions>
          <ns3:TrackPointExtension>
            <ns3:hr>88</ns3:hr>
          </ns3:TrackPointExtension>
        </extensions>
      </trkpt>
      <trkpt lat="23.18635792471468448638916015625" lon="113.43630409799516201019287109375">
        <ele>20.200000762939453125</ele>
        <time>2024-07-24T22:24:58.000Z</time>
        <extensions>
          <ns3:TrackPointExtension>
            <ns3:hr>88</ns3:hr>
          </ns3:TrackPointExtension>
        </extensions>
      </trkpt>
      <trkpt lat="23.18636563606560230255126953125" lon="113.436289094388484954833984375">
        <ele>20.3999996185302734375</ele>
        <time>2024-07-24T22:24:59.000Z</time>
        <extensions>
          <ns3:TrackPointExtension>
            <ns3:hr>87</ns3:hr>
          </ns3:TrackPointExtension>
        </extensions>
      </trkpt>
      <trkpt lat="23.1863772869110107421875" lon="113.43627409078180789947509765625">
        <ele>20.6000003814697265625</ele>
        <time>2024-07-24T22:25:00.000Z</time>
        <extensions>
          <ns3:TrackPointExtension>
            <ns3:hr>87</ns3:hr>
          </ns3:TrackPointExtension>
        </extensions>
      </trkpt>
      <trkpt lat="23.18639245815575122833251953125" lon="113.43626059591770172119140625">
        <ele>20.799999237060546875</ele>
        <time>2024-07-24T22:25:01.000Z</time>
        <extensions>
          <ns3:TrackPointExtension>
            <ns3:hr>87</ns3:hr>
          </ns3:TrackPointExtension>
        </extensions>
      </trkpt>
      <trkpt lat="23.186410479247570037841796875" lon="113.43624978326261043548583984375">
        <ele>21</ele>
        <time>2024-07-24T22:25:02.000Z</time>
        <extensions>
          <ns3:TrackPointExtension>
            <ns3:hr>88</ns3:hr>
          </ns3:TrackPointExtension>
        </extensions>
      </trkpt>
      <trkpt lat="23.18643135018646717071533203125" lon="113.43624207191169261932373046875">
        <ele>21</ele>
        <time>2024-07-24T22:25:03.000Z</time>
        <extensions>
          <ns3:TrackPointExtension>
            <ns3:hr>92</ns3:hr>
          </ns3:TrackPointExtension>
        </extensions>
      </trkpt>
      <trkpt lat="23.18645264022052288055419921875" lon="113.43623737804591655731201171875">
        <ele>20.799999237060546875</ele>
        <time>2024-07-24T22:25:04.000Z</time>
        <extensions>
          <ns3:TrackPointExtension>
            <ns3:hr>92</ns3:hr>
          </ns3:TrackPointExtension>
        </extensions>
      </trkpt>
      <trkpt lat="23.1864740140736103057861328125" lon="113.43623469583690166473388671875">
        <ele>20.799999237060546875</ele>
        <time>2024-07-24T22:25:05.000Z</time>
        <extensions>
          <ns3:TrackPointExtension>
            <ns3:hr>91</ns3:hr>
          </ns3:TrackPointExtension>
        </extensions>
      </trkpt>
      <trkpt lat="23.18649555556476116180419921875" lon="113.43623268418014049530029296875">
        <ele>20.6000003814697265625</ele>
        <time>2024-07-24T22:25:06.000Z</time>
        <extensions>
          <ns3:TrackPointExtension>
            <ns3:hr>91</ns3:hr>
          </ns3:TrackPointExtension>
        </extensions>
      </trkpt>
      <trkpt lat="23.1865179352462291717529296875" lon="113.43623100779950618743896484375">
        <ele>20.3999996185302734375</ele>
        <time>2024-07-24T22:25:07.000Z</time>
        <extensions>
          <ns3:TrackPointExtension>
            <ns3:hr>91</ns3:hr>
          </ns3:TrackPointExtension>
        </extensions>
      </trkpt>
      <trkpt lat="23.186541236937046051025390625" lon="113.43622966669499874114990234375">
        <ele>20.3999996185302734375</ele>
        <time>2024-07-24T22:25:08.000Z</time>
        <extensions>
          <ns3:TrackPointExtension>
            <ns3:hr>91</ns3:hr>
          </ns3:TrackPointExtension>
        </extensions>
      </trkpt>
      <trkpt lat="23.18656571209430694580078125" lon="113.4362289123237133026123046875">
        <ele>20.200000762939453125</ele>
        <time>2024-07-24T22:25:09.000Z</time>
        <extensions>
          <ns3:TrackPointExtension>
            <ns3:hr>91</ns3:hr>
          </ns3:TrackPointExtension>
        </extensions>
      </trkpt>
      <trkpt lat="23.1865920312702655792236328125" lon="113.4362289123237133026123046875">
        <ele>20</ele>
        <time>2024-07-24T22:25:10.000Z</time>
        <extensions>
          <ns3:TrackPointExtension>
            <ns3:hr>91</ns3:hr>
          </ns3:TrackPointExtension>
        </extensions>
      </trkpt>
      <trkpt lat="23.1866386346518993377685546875" lon="113.43622916378080844879150390625">
        <ele>19.6000003814697265625</ele>
        <time>2024-07-24T22:25:11.000Z</time>
        <extensions>
          <ns3:TrackPointExtension>
            <ns3:hr>92</ns3:hr>
          </ns3:TrackPointExtension>
        </extensions>
      </trkpt>
      <trkpt lat="23.1866735033690929412841796875" lon="113.436228744685649871826171875">
        <ele>20</ele>
        <time>2024-07-24T22:25:12.000Z</time>
        <extensions>
          <ns3:TrackPointExtension>
            <ns3:hr>94</ns3:hr>
          </ns3:TrackPointExtension>
        </extensions>
      </trkpt>
      <trkpt lat="23.1867070309817790985107421875" lon="113.4362282417714595794677734375">
        <ele>20.200000762939453125</ele>
        <time>2024-07-24T22:25:13.000Z</time>
        <extensions>
          <ns3:TrackPointExtension>
            <ns3:hr>95</ns3:hr>
          </ns3:TrackPointExtension>
        </extensions>
      </trkpt>
      <trkpt lat="23.18674030713737010955810546875" lon="113.43622731976211071014404296875">
        <ele>20.200000762939453125</ele>
        <time>2024-07-24T22:25:14.000Z</time>
        <extensions>
          <ns3:TrackPointExtension>
            <ns3:hr>96</ns3:hr>
          </ns3:TrackPointExtension>
        </extensions>
      </trkpt>
      <trkpt lat="23.1867737509310245513916015625" lon="113.4362265653908252716064453125">
        <ele>20.3999996185302734375</ele>
        <time>2024-07-24T22:25:15.000Z</time>
        <extensions>
          <ns3:TrackPointExtension>
            <ns3:hr>96</ns3:hr>
          </ns3:TrackPointExtension>
        </extensions>
      </trkpt>
      <trkpt lat="23.18680711090564727783203125" lon="113.4362248890101909637451171875">
        <ele>20.6000003814697265625</ele>
        <time>2024-07-24T22:25:16.000Z</time>
        <extensions>
          <ns3:TrackPointExtension>
            <ns3:hr>96</ns3:hr>
          </ns3:TrackPointExtension>
        </extensions>
      </trkpt>
      <trkpt lat="23.18684055469930171966552734375" lon="113.43622312881052494049072265625">
        <ele>20.6000003814697265625</ele>
        <time>2024-07-24T22:25:17.000Z</time>
        <extensions>
          <ns3:TrackPointExtension>
            <ns3:hr>97</ns3:hr>
          </ns3:TrackPointExtension>
        </extensions>
      </trkpt>
      <trkpt lat="23.18687441758811473846435546875" lon="113.4362212009727954864501953125">
        <ele>20.799999237060546875</ele>
        <time>2024-07-24T22:25:18.000Z</time>
        <extensions>
          <ns3:TrackPointExtension>
            <ns3:hr>92</ns3:hr>
          </ns3:TrackPointExtension>
        </extensions>
      </trkpt>
      <trkpt lat="23.18690895102918148040771484375" lon="113.43621944077312946319580078125">
        <ele>21</ele>
        <time>2024-07-24T22:25:19.000Z</time>
        <extensions>
          <ns3:TrackPointExtension>
            <ns3:hr>91</ns3:hr>
          </ns3:TrackPointExtension>
        </extensions>
      </trkpt>
      <trkpt lat="23.186943233013153076171875" lon="113.4362165071070194244384765625">
        <ele>21</ele>
        <time>2024-07-24T22:25:20.000Z</time>
        <extensions>
          <ns3:TrackPointExtension>
            <ns3:hr>90</ns3:hr>
          </ns3:TrackPointExtension>
        </extensions>
      </trkpt>
      <trkpt lat="23.18697701208293437957763671875" lon="113.43621307052671909332275390625">
        <ele>20.799999237060546875</ele>
        <time>2024-07-24T22:25:21.000Z</time>
        <extensions>
          <ns3:TrackPointExtension>
            <ns3:hr>90</ns3:hr>
          </ns3:TrackPointExtension>
        </extensions>
      </trkpt>
      <trkpt lat="23.187010623514652252197265625" lon="113.4362089633941650390625">
        <ele>20.6000003814697265625</ele>
        <time>2024-07-24T22:25:22.000Z</time>
        <extensions>
          <ns3:TrackPointExtension>
            <ns3:hr>89</ns3:hr>
          </ns3:TrackPointExtension>
        </extensions>
      </trkpt>
      <trkpt lat="23.18704574368894100189208984375" lon="113.436203263700008392333984375">
        <ele>20.6000003814697265625</ele>
        <time>2024-07-24T22:25:23.000Z</time>
        <extensions>
          <ns3:TrackPointExtension>
            <ns3:hr>88</ns3:hr>
          </ns3:TrackPointExtension>
        </extensions>
      </trkpt>
      <trkpt lat="23.18708078004419803619384765625" lon="113.4361977316439151763916015625">
        <ele>20.3999996185302734375</ele>
        <time>2024-07-24T22:25:24.000Z</time>
        <extensions>
          <ns3:TrackPointExtension>
            <ns3:hr>88</ns3:hr>
          </ns3:TrackPointExtension>
        </extensions>
      </trkpt>
      <trkpt lat="23.18711648695170879364013671875" lon="113.436190523207187652587890625">
        <ele>20.200000762939453125</ele>
        <time>2024-07-24T22:25:25.000Z</time>
        <extensions>
          <ns3:TrackPointExtension>
            <ns3:hr>88</ns3:hr>
          </ns3:TrackPointExtension>
        </extensions>
      </trkpt>
      <trkpt lat="23.1871519424021244049072265625" lon="113.43618214130401611328125">
        <ele>20</ele>
        <time>2024-07-24T22:25:26.000Z</time>
        <extensions>
          <ns3:TrackPointExtension>
            <ns3:hr>89</ns3:hr>
          </ns3:TrackPointExtension>
        </extensions>
      </trkpt>
      <trkpt lat="23.18718588910996913909912109375" lon="113.43617082573473453521728515625">
        <ele>19.799999237060546875</ele>
        <time>2024-07-24T22:25:27.000Z</time>
        <extensions>
          <ns3:TrackPointExtension>
            <ns3:hr>89</ns3:hr>
          </ns3:TrackPointExtension>
        </extensions>
      </trkpt>
      <trkpt lat="23.18721857853233814239501953125" lon="113.43615691177546977996826171875">
        <ele>19.799999237060546875</ele>
        <time>2024-07-24T22:25:28.000Z</time>
        <extensions>
          <ns3:TrackPointExtension>
            <ns3:hr>90</ns3:hr>
          </ns3:TrackPointExtension>
        </extensions>
      </trkpt>
      <trkpt lat="23.18725059740245342254638671875" lon="113.4361393935978412628173828125">
        <ele>19.6000003814697265625</ele>
        <time>2024-07-24T22:25:29.000Z</time>
        <extensions>
          <ns3:TrackPointExtension>
            <ns3:hr>92</ns3:hr>
          </ns3:TrackPointExtension>
        </extensions>
      </trkpt>
      <trkpt lat="23.18728244863450527191162109375" lon="113.43612003140151500701904296875">
        <ele>19.3999996185302734375</ele>
        <time>2024-07-24T22:25:30.000Z</time>
        <extensions>
          <ns3:TrackPointExtension>
            <ns3:hr>92</ns3:hr>
          </ns3:TrackPointExtension>
        </extensions>
      </trkpt>
      <trkpt lat="23.18731270730495452880859375" lon="113.43609874136745929718017578125">
        <ele>19.200000762939453125</ele>
        <time>2024-07-24T22:25:31.000Z</time>
        <extensions>
          <ns3:TrackPointExtension>
            <ns3:hr>92</ns3:hr>
          </ns3:TrackPointExtension>
        </extensions>
      </trkpt>
      <trkpt lat="23.1873420439660549163818359375" lon="113.43607552349567413330078125">
        <ele>19</ele>
        <time>2024-07-24T22:25:32.000Z</time>
        <extensions>
          <ns3:TrackPointExtension>
            <ns3:hr>93</ns3:hr>
          </ns3:TrackPointExtension>
        </extensions>
      </trkpt>
      <trkpt lat="23.18736945278942584991455078125" lon="113.43605004251003265380859375">
        <ele>19.3999996185302734375</ele>
        <time>2024-07-24T22:25:33.000Z</time>
        <extensions>
          <ns3:TrackPointExtension>
            <ns3:hr>92</ns3:hr>
          </ns3:TrackPointExtension>
        </extensions>
      </trkpt>
      <trkpt lat="23.187394179403781890869140625" lon="113.43602213077247142791748046875">
        <ele>19.799999237060546875</ele>
        <time>2024-07-24T22:25:34.000Z</time>
        <extensions>
          <ns3:TrackPointExtension>
            <ns3:hr>93</ns3:hr>
          </ns3:TrackPointExtension>
        </extensions>
      </trkpt>
      <trkpt lat="23.18741471506655216217041015625" lon="113.435991704463958740234375">
        <ele>20</ele>
        <time>2024-07-24T22:25:35.000Z</time>
        <extensions>
          <ns3:TrackPointExtension>
            <ns3:hr>93</ns3:hr>
          </ns3:TrackPointExtension>
        </extensions>
      </trkpt>
      <trkpt lat="23.187431395053863525390625" lon="113.435959517955780029296875">
        <ele>20.3999996185302734375</ele>
        <time>2024-07-24T22:25:36.000Z</time>
        <extensions>
          <ns3:TrackPointExtension>
            <ns3:hr>93</ns3:hr>
          </ns3:TrackPointExtension>
        </extensions>
      </trkpt>
      <trkpt lat="23.18744472227990627288818359375" lon="113.4359258227050304412841796875">
        <ele>20.799999237060546875</ele>
        <time>2024-07-24T22:25:37.000Z</time>
        <extensions>
          <ns3:TrackPointExtension>
            <ns3:hr>93</ns3:hr>
          </ns3:TrackPointExtension>
        </extensions>
      </trkpt>
      <trkpt lat="23.187456540763378143310546875" lon="113.43589120544493198394775390625">
        <ele>21.200000762939453125</ele>
        <time>2024-07-24T22:25:38.000Z</time>
        <extensions>
          <ns3:TrackPointExtension>
            <ns3:hr>93</ns3:hr>
          </ns3:TrackPointExtension>
        </extensions>
      </trkpt>
      <trkpt lat="23.18746718578040599822998046875" lon="113.43585633672773838043212890625">
        <ele>21.799999237060546875</ele>
        <time>2024-07-24T22:25:39.000Z</time>
        <extensions>
          <ns3:TrackPointExtension>
            <ns3:hr>93</ns3:hr>
          </ns3:TrackPointExtension>
        </extensions>
      </trkpt>
      <trkpt lat="23.1874756515026092529296875" lon="113.43582062982022762298583984375">
        <ele>22.3999996185302734375</ele>
        <time>2024-07-24T22:25:40.000Z</time>
        <extensions>
          <ns3:TrackPointExtension>
            <ns3:hr>93</ns3:hr>
          </ns3:TrackPointExtension>
        </extensions>
      </trkpt>
      <trkpt lat="23.18748394958674907684326171875" lon="113.43578441999852657318115234375">
        <ele>23</ele>
        <time>2024-07-24T22:25:41.000Z</time>
        <extensions>
          <ns3:TrackPointExtension>
            <ns3:hr>93</ns3:hr>
          </ns3:TrackPointExtension>
        </extensions>
      </trkpt>
      <trkpt lat="23.1874922476708889007568359375" lon="113.43574720434844493865966796875">
        <ele>23.6000003814697265625</ele>
        <time>2024-07-24T22:25:42.000Z</time>
        <extensions>
          <ns3:TrackPointExtension>
            <ns3:hr>95</ns3:hr>
          </ns3:TrackPointExtension>
        </extensions>
      </trkpt>
      <trkpt lat="23.1874999590218067169189453125" lon="113.43570931814610958099365234375">
        <ele>24.200000762939453125</ele>
        <time>2024-07-24T22:25:43.000Z</time>
        <extensions>
          <ns3:TrackPointExtension>
            <ns3:hr>95</ns3:hr>
          </ns3:TrackPointExtension>
        </extensions>
      </trkpt>
      <trkpt lat="23.187506496906280517578125" lon="113.4356711804866790771484375">
        <ele>24.6000003814697265625</ele>
        <time>2024-07-24T22:25:44.000Z</time>
        <extensions>
          <ns3:TrackPointExtension>
            <ns3:hr>95</ns3:hr>
          </ns3:TrackPointExtension>
        </extensions>
      </trkpt>
      <trkpt lat="23.18751345388591289520263671875" lon="113.4356327913701534271240234375">
        <ele>24.799999237060546875</ele>
        <time>2024-07-24T22:25:45.000Z</time>
        <extensions>
          <ns3:TrackPointExtension>
            <ns3:hr>95</ns3:hr>
          </ns3:TrackPointExtension>
        </extensions>
      </trkpt>
      <trkpt lat="23.18752032704651355743408203125" lon="113.435594402253627777099609375">
        <ele>25.200000762939453125</ele>
        <time>2024-07-24T22:25:46.000Z</time>
        <extensions>
          <ns3:TrackPointExtension>
            <ns3:hr>96</ns3:hr>
          </ns3:TrackPointExtension>
        </extensions>
      </trkpt>
      <trkpt lat="23.18752585910260677337646484375" lon="113.4355566836893558502197265625">
        <ele>25.6000003814697265625</ele>
        <time>2024-07-24T22:25:47.000Z</time>
        <extensions>
          <ns3:TrackPointExtension>
            <ns3:hr>96</ns3:hr>
          </ns3:TrackPointExtension>
        </extensions>
      </trkpt>
      <trkpt lat="23.18753155879676342010498046875" lon="113.4355182945728302001953125">
        <ele>26</ele>
        <time>2024-07-24T22:25:48.000Z</time>
        <extensions>
          <ns3:TrackPointExtension>
            <ns3:hr>96</ns3:hr>
          </ns3:TrackPointExtension>
        </extensions>
      </trkpt>
      <trkpt lat="23.18753692321479320526123046875" lon="113.435479067265987396240234375">
        <ele>26.3999996185302734375</ele>
        <time>2024-07-24T22:25:49.000Z</time>
        <extensions>
          <ns3:TrackPointExtension>
            <ns3:hr>96</ns3:hr>
          </ns3:TrackPointExtension>
        </extensions>
      </trkpt>
      <trkpt lat="23.187544047832489013671875" lon="113.4354400075972080230712890625">
        <ele>26.799999237060546875</ele>
        <time>2024-07-24T22:25:50.000Z</time>
        <extensions>
          <ns3:TrackPointExtension>
            <ns3:hr>94</ns3:hr>
          </ns3:TrackPointExtension>
        </extensions>
      </trkpt>
      <trkpt lat="23.18755201064050197601318359375" lon="113.43540002591907978057861328125">
        <ele>27.3999996185302734375</ele>
        <time>2024-07-24T22:25:51.000Z</time>
        <extensions>
          <ns3:TrackPointExtension>
            <ns3:hr>93</ns3:hr>
          </ns3:TrackPointExtension>
        </extensions>
      </trkpt>
      <trkpt lat="23.1875603087246417999267578125" lon="113.43535979278385639190673828125">
        <ele>28</ele>
        <time>2024-07-24T22:25:52.000Z</time>
        <extensions>
          <ns3:TrackPointExtension>
            <ns3:hr>93</ns3:hr>
          </ns3:TrackPointExtension>
        </extensions>
      </trkpt>
      <trkpt lat="23.1875686906278133392333984375" lon="113.4353189729154109954833984375">
        <ele>28</ele>
        <time>2024-07-24T22:25:53.000Z</time>
        <extensions>
          <ns3:TrackPointExtension>
            <ns3:hr>92</ns3:hr>
          </ns3:TrackPointExtension>
        </extensions>
      </trkpt>
      <trkpt lat="23.18757581524550914764404296875" lon="113.43527832068502902984619140625">
        <ele>28</ele>
        <time>2024-07-24T22:25:54.000Z</time>
        <extensions>
          <ns3:TrackPointExtension>
            <ns3:hr>91</ns3:hr>
          </ns3:TrackPointExtension>
        </extensions>
      </trkpt>
      <trkpt lat="23.187581934034824371337890625" lon="113.43523909337818622589111328125">
        <ele>28</ele>
        <time>2024-07-24T22:25:55.000Z</time>
        <extensions>
          <ns3:TrackPointExtension>
            <ns3:hr>90</ns3:hr>
          </ns3:TrackPointExtension>
        </extensions>
      </trkpt>
      <trkpt lat="23.187587298452854156494140625" lon="113.4352012909948825836181640625">
        <ele>28</ele>
        <time>2024-07-24T22:25:56.000Z</time>
        <extensions>
          <ns3:TrackPointExtension>
            <ns3:hr>89</ns3:hr>
          </ns3:TrackPointExtension>
        </extensions>
      </trkpt>
      <trkpt lat="23.18759358488023281097412109375" lon="113.43516114167869091033935546875">
        <ele>28</ele>
        <time>2024-07-24T22:25:57.000Z</time>
        <extensions>
          <ns3:TrackPointExtension>
            <ns3:hr>88</ns3:hr>
          </ns3:TrackPointExtension>
        </extensions>
      </trkpt>
      <trkpt lat="23.18759961985051631927490234375" lon="113.43512292020022869110107421875">
        <ele>28</ele>
        <time>2024-07-24T22:25:58.000Z</time>
        <extensions>
          <ns3:TrackPointExtension>
            <ns3:hr>86</ns3:hr>
          </ns3:TrackPointExtension>
        </extensions>
      </trkpt>
      <trkpt lat="23.1876059062778949737548828125" lon="113.43508520163595676422119140625">
        <ele>28</ele>
        <time>2024-07-24T22:25:59.000Z</time>
        <extensions>
          <ns3:TrackPointExtension>
            <ns3:hr>86</ns3:hr>
          </ns3:TrackPointExtension>
        </extensions>
      </trkpt>
      <trkpt lat="23.18761168979108333587646484375" lon="113.435047902166843414306640625">
        <ele>27.6000003814697265625</ele>
        <time>2024-07-24T22:26:00.000Z</time>
        <extensions>
          <ns3:TrackPointExtension>
            <ns3:hr>86</ns3:hr>
          </ns3:TrackPointExtension>
        </extensions>
      </trkpt>
      <trkpt lat="23.18761772476136684417724609375" lon="113.43500909395515918731689453125">
        <ele>27.200000762939453125</ele>
        <time>2024-07-24T22:26:01.000Z</time>
        <extensions>
          <ns3:TrackPointExtension>
            <ns3:hr>85</ns3:hr>
          </ns3:TrackPointExtension>
        </extensions>
      </trkpt>
      <trkpt lat="23.1876233406364917755126953125" lon="113.43497137539088726043701171875">
        <ele>26.799999237060546875</ele>
        <time>2024-07-24T22:26:02.000Z</time>
        <extensions>
          <ns3:TrackPointExtension>
            <ns3:hr>85</ns3:hr>
          </ns3:TrackPointExtension>
        </extensions>
      </trkpt>
      <trkpt lat="23.18762929178774356842041015625" lon="113.4349330700933933258056640625">
        <ele>26.3999996185302734375</ele>
        <time>2024-07-24T22:26:03.000Z</time>
        <extensions>
          <ns3:TrackPointExtension>
            <ns3:hr>85</ns3:hr>
          </ns3:TrackPointExtension>
        </extensions>
      </trkpt>
      <trkpt lat="23.187635578215122222900390625" lon="113.43489593826234340667724609375">
        <ele>26</ele>
        <time>2024-07-24T22:26:04.000Z</time>
        <extensions>
          <ns3:TrackPointExtension>
            <ns3:hr>85</ns3:hr>
          </ns3:TrackPointExtension>
        </extensions>
      </trkpt>
      <trkpt lat="23.187641613185405731201171875" lon="113.43485788442194461822509765625">
        <ele>25.6000003814697265625</ele>
        <time>2024-07-24T22:26:05.000Z</time>
        <extensions>
          <ns3:TrackPointExtension>
            <ns3:hr>86</ns3:hr>
          </ns3:TrackPointExtension>
        </extensions>
      </trkpt>
      <trkpt lat="23.187647648155689239501953125" lon="113.43481957912445068359375">
        <ele>25</ele>
        <time>2024-07-24T22:26:06.000Z</time>
        <extensions>
          <ns3:TrackPointExtension>
            <ns3:hr>87</ns3:hr>
          </ns3:TrackPointExtension>
        </extensions>
      </trkpt>
      <trkpt lat="23.187654018402099609375" lon="113.43477993272244930267333984375">
        <ele>25</ele>
        <time>2024-07-24T22:26:07.000Z</time>
        <extensions>
          <ns3:TrackPointExtension>
            <ns3:hr>87</ns3:hr>
          </ns3:TrackPointExtension>
        </extensions>
      </trkpt>
      <trkpt lat="23.18766114301979541778564453125" lon="113.43473978340625762939453125">
        <ele>25</ele>
        <time>2024-07-24T22:26:08.000Z</time>
        <extensions>
          <ns3:TrackPointExtension>
            <ns3:hr>85</ns3:hr>
          </ns3:TrackPointExtension>
        </extensions>
      </trkpt>
      <trkpt lat="23.18766835145652294158935546875" lon="113.4346997179090976715087890625">
        <ele>24.799999237060546875</ele>
        <time>2024-07-24T22:26:09.000Z</time>
        <extensions>
          <ns3:TrackPointExtension>
            <ns3:hr>85</ns3:hr>
          </ns3:TrackPointExtension>
        </extensions>
      </trkpt>
      <trkpt lat="23.1876753084361553192138671875" lon="113.4346594847738742828369140625">
        <ele>24.799999237060546875</ele>
        <time>2024-07-24T22:26:10.000Z</time>
        <extensions>
          <ns3:TrackPointExtension>
            <ns3:hr>84</ns3:hr>
          </ns3:TrackPointExtension>
        </extensions>
      </trkpt>
      <trkpt lat="23.18768343888223171234130859375" lon="113.434619419276714324951171875">
        <ele>24.6000003814697265625</ele>
        <time>2024-07-24T22:26:11.000Z</time>
        <extensions>
          <ns3:TrackPointExtension>
            <ns3:hr>84</ns3:hr>
          </ns3:TrackPointExtension>
        </extensions>
      </trkpt>
      <trkpt lat="23.18769064731895923614501953125" lon="113.43457809649407863616943359375">
        <ele>24.3999996185302734375</ele>
        <time>2024-07-24T22:26:12.000Z</time>
        <extensions>
          <ns3:TrackPointExtension>
            <ns3:hr>83</ns3:hr>
          </ns3:TrackPointExtension>
        </extensions>
      </trkpt>
      <trkpt lat="23.1876960955560207366943359375" lon="113.4345364384353160858154296875">
        <ele>24.200000762939453125</ele>
        <time>2024-07-24T22:26:13.000Z</time>
        <extensions>
          <ns3:TrackPointExtension>
            <ns3:hr>82</ns3:hr>
          </ns3:TrackPointExtension>
        </extensions>
      </trkpt>
      <trkpt lat="23.1877004541456699371337890625" lon="113.434494026005268096923828125">
        <ele>24</ele>
        <time>2024-07-24T22:26:14.000Z</time>
        <extensions>
          <ns3:TrackPointExtension>
            <ns3:hr>82</ns3:hr>
          </ns3:TrackPointExtension>
        </extensions>
      </trkpt>
      <trkpt lat="23.187705315649509429931640625" lon="113.43445220030844211578369140625">
        <ele>24</ele>
        <time>2024-07-24T22:26:15.000Z</time>
        <extensions>
          <ns3:TrackPointExtension>
            <ns3:hr>82</ns3:hr>
          </ns3:TrackPointExtension>
        </extensions>
      </trkpt>
      <trkpt lat="23.18771160207688808441162109375" lon="113.43441079370677471160888671875">
        <ele>24</ele>
        <time>2024-07-24T22:26:16.000Z</time>
        <extensions>
          <ns3:TrackPointExtension>
            <ns3:hr>82</ns3:hr>
          </ns3:TrackPointExtension>
        </extensions>
      </trkpt>
      <trkpt lat="23.1877202354371547698974609375" lon="113.43437173403799533843994140625">
        <ele>24</ele>
        <time>2024-07-24T22:26:17.000Z</time>
        <extensions>
          <ns3:TrackPointExtension>
            <ns3:hr>82</ns3:hr>
          </ns3:TrackPointExtension>
        </extensions>
      </trkpt>
      <trkpt lat="23.1877306289970874786376953125" lon="113.4343335963785648345947265625">
        <ele>24</ele>
        <time>2024-07-24T22:26:18.000Z</time>
        <extensions>
          <ns3:TrackPointExtension>
            <ns3:hr>82</ns3:hr>
          </ns3:TrackPointExtension>
        </extensions>
      </trkpt>
      <trkpt lat="23.1877413578331470489501953125" lon="113.43429562635719776153564453125">
        <ele>24</ele>
        <time>2024-07-24T22:26:19.000Z</time>
        <extensions>
          <ns3:TrackPointExtension>
            <ns3:hr>82</ns3:hr>
          </ns3:TrackPointExtension>
        </extensions>
      </trkpt>
      <trkpt lat="23.18775049410760402679443359375" lon="113.4342568181455135345458984375">
        <ele>24</ele>
        <time>2024-07-24T22:26:20.000Z</time>
        <extensions>
          <ns3:TrackPointExtension>
            <ns3:hr>82</ns3:hr>
          </ns3:TrackPointExtension>
        </extensions>
      </trkpt>
      <trkpt lat="23.1877584569156169891357421875" lon="113.43421750701963901519775390625">
        <ele>23.6000003814697265625</ele>
        <time>2024-07-24T22:26:21.000Z</time>
        <extensions>
          <ns3:TrackPointExtension>
            <ns3:hr>82</ns3:hr>
          </ns3:TrackPointExtension>
        </extensions>
      </trkpt>
      <trkpt lat="23.18776625208556652069091796875" lon="113.4341776929795742034912109375">
        <ele>23</ele>
        <time>2024-07-24T22:26:22.000Z</time>
        <extensions>
          <ns3:TrackPointExtension>
            <ns3:hr>82</ns3:hr>
          </ns3:TrackPointExtension>
        </extensions>
      </trkpt>
      <trkpt lat="23.1877735443413257598876953125" lon="113.4341371245682239532470703125">
        <ele>22.3999996185302734375</ele>
        <time>2024-07-24T22:26:23.000Z</time>
        <extensions>
          <ns3:TrackPointExtension>
            <ns3:hr>82</ns3:hr>
          </ns3:TrackPointExtension>
        </extensions>
      </trkpt>
      <trkpt lat="23.18777983076870441436767578125" lon="113.4340972267091274261474609375">
        <ele>22</ele>
        <time>2024-07-24T22:26:24.000Z</time>
        <extensions>
          <ns3:TrackPointExtension>
            <ns3:hr>83</ns3:hr>
          </ns3:TrackPointExtension>
        </extensions>
      </trkpt>
      <trkpt lat="23.18778670392930507659912109375" lon="113.43405741266906261444091796875">
        <ele>21.3999996185302734375</ele>
        <time>2024-07-24T22:26:25.000Z</time>
        <extensions>
          <ns3:TrackPointExtension>
            <ns3:hr>86</ns3:hr>
          </ns3:TrackPointExtension>
        </extensions>
      </trkpt>
      <trkpt lat="23.1877936609089374542236328125" lon="113.43401818536221981048583984375">
        <ele>21</ele>
        <time>2024-07-24T22:26:26.000Z</time>
        <extensions>
          <ns3:TrackPointExtension>
            <ns3:hr>88</ns3:hr>
          </ns3:TrackPointExtension>
        </extensions>
      </trkpt>
      <trkpt lat="23.1878010369837284088134765625" lon="113.4339795447885990142822265625">
        <ele>20.200000762939453125</ele>
        <time>2024-07-24T22:26:27.000Z</time>
        <extensions>
          <ns3:TrackPointExtension>
            <ns3:hr>89</ns3:hr>
          </ns3:TrackPointExtension>
        </extensions>
      </trkpt>
      <trkpt lat="23.18780832923948764801025390625" lon="113.4339409880340099334716796875">
        <ele>20</ele>
        <time>2024-07-24T22:26:28.000Z</time>
        <extensions>
          <ns3:TrackPointExtension>
            <ns3:hr>89</ns3:hr>
          </ns3:TrackPointExtension>
        </extensions>
      </trkpt>
      <trkpt lat="23.187815286219120025634765625" lon="113.433902598917484283447265625">
        <ele>20</ele>
        <time>2024-07-24T22:26:29.000Z</time>
        <extensions>
          <ns3:TrackPointExtension>
            <ns3:hr>90</ns3:hr>
          </ns3:TrackPointExtension>
        </extensions>
      </trkpt>
      <trkpt lat="23.1878228299319744110107421875" lon="113.433863706886768341064453125">
        <ele>19.799999237060546875</ele>
        <time>2024-07-24T22:26:30.000Z</time>
        <extensions>
          <ns3:TrackPointExtension>
            <ns3:hr>89</ns3:hr>
          </ns3:TrackPointExtension>
        </extensions>
      </trkpt>
      <trkpt lat="23.1878318823873996734619140625" lon="113.43382422812283039093017578125">
        <ele>19.799999237060546875</ele>
        <time>2024-07-24T22:26:31.000Z</time>
        <extensions>
          <ns3:TrackPointExtension>
            <ns3:hr>88</ns3:hr>
          </ns3:TrackPointExtension>
        </extensions>
      </trkpt>
      <trkpt lat="23.18784118629992008209228515625" lon="113.43378500081598758697509765625">
        <ele>19.6000003814697265625</ele>
        <time>2024-07-24T22:26:32.000Z</time>
        <extensions>
          <ns3:TrackPointExtension>
            <ns3:hr>88</ns3:hr>
          </ns3:TrackPointExtension>
        </extensions>
      </trkpt>
      <trkpt lat="23.187850154936313629150390625" lon="113.4337461926043033599853515625">
        <ele>19.200000762939453125</ele>
        <time>2024-07-24T22:26:33.000Z</time>
        <extensions>
          <ns3:TrackPointExtension>
            <ns3:hr>88</ns3:hr>
          </ns3:TrackPointExtension>
        </extensions>
      </trkpt>
      <trkpt lat="23.18785811774432659149169921875" lon="113.43370771966874599456787109375">
        <ele>18.799999237060546875</ele>
        <time>2024-07-24T22:26:34.000Z</time>
        <extensions>
          <ns3:TrackPointExtension>
            <ns3:hr>87</ns3:hr>
          </ns3:TrackPointExtension>
        </extensions>
      </trkpt>
      <trkpt lat="23.18786658346652984619140625" lon="113.433670587837696075439453125">
        <ele>18.3999996185302734375</ele>
        <time>2024-07-24T22:26:35.000Z</time>
        <extensions>
          <ns3:TrackPointExtension>
            <ns3:hr>85</ns3:hr>
          </ns3:TrackPointExtension>
        </extensions>
      </trkpt>
      <trkpt lat="23.1878758035600185394287109375" lon="113.4336340427398681640625">
        <ele>18</ele>
        <time>2024-07-24T22:26:36.000Z</time>
        <extensions>
          <ns3:TrackPointExtension>
            <ns3:hr>84</ns3:hr>
          </ns3:TrackPointExtension>
        </extensions>
      </trkpt>
      <trkpt lat="23.18788611330091953277587890625" lon="113.433596827089786529541015625">
        <ele>17.799999237060546875</ele>
        <time>2024-07-24T22:26:37.000Z</time>
        <extensions>
          <ns3:TrackPointExtension>
            <ns3:hr>84</ns3:hr>
          </ns3:TrackPointExtension>
        </extensions>
      </trkpt>
      <trkpt lat="23.18789851851761341094970703125" lon="113.43356229364871978759765625">
        <ele>17.6000003814697265625</ele>
        <time>2024-07-24T22:26:38.000Z</time>
        <extensions>
          <ns3:TrackPointExtension>
            <ns3:hr>84</ns3:hr>
          </ns3:TrackPointExtension>
        </extensions>
      </trkpt>
      <trkpt lat="23.1879123486578464508056640625" lon="113.433529436588287353515625">
        <ele>17.799999237060546875</ele>
        <time>2024-07-24T22:26:39.000Z</time>
        <extensions>
          <ns3:TrackPointExtension>
            <ns3:hr>84</ns3:hr>
          </ns3:TrackPointExtension>
        </extensions>
      </trkpt>
      <trkpt lat="23.18792634643614292144775390625" lon="113.4334974177181720733642578125">
        <ele>18</ele>
        <time>2024-07-24T22:26:40.000Z</time>
        <extensions>
          <ns3:TrackPointExtension>
            <ns3:hr>84</ns3:hr>
          </ns3:TrackPointExtension>
        </extensions>
      </trkpt>
      <trkpt lat="23.18793891929090023040771484375" lon="113.433465063571929931640625">
        <ele>18.200000762939453125</ele>
        <time>2024-07-24T22:26:41.000Z</time>
        <extensions>
          <ns3:TrackPointExtension>
            <ns3:hr>86</ns3:hr>
          </ns3:TrackPointExtension>
        </extensions>
      </trkpt>
      <trkpt lat="23.187951408326625823974609375" lon="113.4334323741495609283447265625">
        <ele>18.3999996185302734375</ele>
        <time>2024-07-24T22:26:42.000Z</time>
        <extensions>
          <ns3:TrackPointExtension>
            <ns3:hr>87</ns3:hr>
          </ns3:TrackPointExtension>
        </extensions>
      </trkpt>
      <trkpt lat="23.187963478267192840576171875" lon="113.43339993618428707122802734375">
        <ele>19.200000762939453125</ele>
        <time>2024-07-24T22:26:43.000Z</time>
        <extensions>
          <ns3:TrackPointExtension>
            <ns3:hr>87</ns3:hr>
          </ns3:TrackPointExtension>
        </extensions>
      </trkpt>
      <trkpt lat="23.187975548207759857177734375" lon="113.43336657620966434478759765625">
        <ele>20.3999996185302734375</ele>
        <time>2024-07-24T22:26:44.000Z</time>
        <extensions>
          <ns3:TrackPointExtension>
            <ns3:hr>87</ns3:hr>
          </ns3:TrackPointExtension>
        </extensions>
      </trkpt>
      <trkpt lat="23.18798719905316829681396484375" lon="113.43333120457828044891357421875">
        <ele>20.6000003814697265625</ele>
        <time>2024-07-24T22:26:45.000Z</time>
        <extensions>
          <ns3:TrackPointExtension>
            <ns3:hr>87</ns3:hr>
          </ns3:TrackPointExtension>
        </extensions>
      </trkpt>
      <trkpt lat="23.18799893371760845184326171875" lon="113.43329482711851596832275390625">
        <ele>20.799999237060546875</ele>
        <time>2024-07-24T22:26:46.000Z</time>
        <extensions>
          <ns3:TrackPointExtension>
            <ns3:hr>86</ns3:hr>
          </ns3:TrackPointExtension>
        </extensions>
      </trkpt>
      <trkpt lat="23.1880099140107631683349609375" lon="113.43325677327811717987060546875">
        <ele>21</ele>
        <time>2024-07-24T22:26:47.000Z</time>
        <extensions>
          <ns3:TrackPointExtension>
            <ns3:hr>86</ns3:hr>
          </ns3:TrackPointExtension>
        </extensions>
      </trkpt>
      <trkpt lat="23.1880223192274570465087890625" lon="113.43321771360933780670166015625">
        <ele>21.200000762939453125</ele>
        <time>2024-07-24T22:26:48.000Z</time>
        <extensions>
          <ns3:TrackPointExtension>
            <ns3:hr>87</ns3:hr>
          </ns3:TrackPointExtension>
        </extensions>
      </trkpt>
      <trkpt lat="23.1880347244441509246826171875" lon="113.4331778995692729949951171875">
        <ele>21.6000003814697265625</ele>
        <time>2024-07-24T22:26:49.000Z</time>
        <extensions>
          <ns3:TrackPointExtension>
            <ns3:hr>87</ns3:hr>
          </ns3:TrackPointExtension>
        </extensions>
      </trkpt>
      <trkpt lat="23.18804754875600337982177734375" lon="113.43313984572887420654296875">
        <ele>22.200000762939453125</ele>
        <time>2024-07-24T22:26:50.000Z</time>
        <extensions>
          <ns3:TrackPointExtension>
            <ns3:hr>88</ns3:hr>
          </ns3:TrackPointExtension>
        </extensions>
      </trkpt>
      <trkpt lat="23.18805928342044353485107421875" lon="113.43310321681201457977294921875">
        <ele>22.6000003814697265625</ele>
        <time>2024-07-24T22:26:51.000Z</time>
        <extensions>
          <ns3:TrackPointExtension>
            <ns3:hr>88</ns3:hr>
          </ns3:TrackPointExtension>
        </extensions>
      </trkpt>
      <trkpt lat="23.188072107732295989990234375" lon="113.43306566588580608367919921875">
        <ele>22.799999237060546875</ele>
        <time>2024-07-24T22:26:52.000Z</time>
        <extensions>
          <ns3:TrackPointExtension>
            <ns3:hr>89</ns3:hr>
          </ns3:TrackPointExtension>
        </extensions>
      </trkpt>
      <trkpt lat="23.1880846805870532989501953125" lon="113.4330276958644390106201171875">
        <ele>23.200000762939453125</ele>
        <time>2024-07-24T22:26:53.000Z</time>
        <extensions>
          <ns3:TrackPointExtension>
            <ns3:hr>89</ns3:hr>
          </ns3:TrackPointExtension>
        </extensions>
      </trkpt>
      <trkpt lat="23.188098259270191192626953125" lon="113.43298704363405704498291015625">
        <ele>23.6000003814697265625</ele>
        <time>2024-07-24T22:26:54.000Z</time>
        <extensions>
          <ns3:TrackPointExtension>
            <ns3:hr>89</ns3:hr>
          </ns3:TrackPointExtension>
        </extensions>
      </trkpt>
      <trkpt lat="23.1881104968488216400146484375" lon="113.43294898979365825653076171875">
        <ele>24</ele>
        <time>2024-07-24T22:26:55.000Z</time>
        <extensions>
          <ns3:TrackPointExtension>
            <ns3:hr>89</ns3:hr>
          </ns3:TrackPointExtension>
        </extensions>
      </trkpt>
      <trkpt lat="23.18812298588454723358154296875" lon="113.43291093595325946807861328125">
        <ele>24.200000762939453125</ele>
        <time>2024-07-24T22:26:56.000Z</time>
        <extensions>
          <ns3:TrackPointExtension>
            <ns3:hr>88</ns3:hr>
          </ns3:TrackPointExtension>
        </extensions>
      </trkpt>
      <trkpt lat="23.18813455291092395782470703125" lon="113.43287137337028980255126953125">
        <ele>24.3999996185302734375</ele>
        <time>2024-07-24T22:26:57.000Z</time>
        <extensions>
          <ns3:TrackPointExtension>
            <ns3:hr>87</ns3:hr>
          </ns3:TrackPointExtension>
        </extensions>
      </trkpt>
      <trkpt lat="23.188146539032459259033203125" lon="113.43283197842538356781005859375">
        <ele>24.6000003814697265625</ele>
        <time>2024-07-24T22:26:58.000Z</time>
        <extensions>
          <ns3:TrackPointExtension>
            <ns3:hr>86</ns3:hr>
          </ns3:TrackPointExtension>
        </extensions>
      </trkpt>
      <trkpt lat="23.188157938420772552490234375" lon="113.43279308639466762542724609375">
        <ele>25</ele>
        <time>2024-07-24T22:26:59.000Z</time>
        <extensions>
          <ns3:TrackPointExtension>
            <ns3:hr>85</ns3:hr>
          </ns3:TrackPointExtension>
        </extensions>
      </trkpt>
      <trkpt lat="23.18817042745649814605712890625" lon="113.4327551163733005523681640625">
        <ele>25.200000762939453125</ele>
        <time>2024-07-24T22:27:00.000Z</time>
        <extensions>
          <ns3:TrackPointExtension>
            <ns3:hr>84</ns3:hr>
          </ns3:TrackPointExtension>
        </extensions>
      </trkpt>
      <trkpt lat="23.18818300031125545501708984375" lon="113.4327158890664577484130859375">
        <ele>25.200000762939453125</ele>
        <time>2024-07-24T22:27:01.000Z</time>
        <extensions>
          <ns3:TrackPointExtension>
            <ns3:hr>85</ns3:hr>
          </ns3:TrackPointExtension>
        </extensions>
      </trkpt>
      <trkpt lat="23.18819523788988590240478515625" lon="113.432676829397678375244140625">
        <ele>24.6000003814697265625</ele>
        <time>2024-07-24T22:27:02.000Z</time>
        <extensions>
          <ns3:TrackPointExtension>
            <ns3:hr>86</ns3:hr>
          </ns3:TrackPointExtension>
        </extensions>
      </trkpt>
      <trkpt lat="23.18820714019238948822021484375" lon="113.432638607919216156005859375">
        <ele>24</ele>
        <time>2024-07-24T22:27:03.000Z</time>
        <extensions>
          <ns3:TrackPointExtension>
            <ns3:hr>89</ns3:hr>
          </ns3:TrackPointExtension>
        </extensions>
      </trkpt>
      <trkpt lat="23.1882201321423053741455078125" lon="113.4326012246310710906982421875">
        <ele>23.3999996185302734375</ele>
        <time>2024-07-24T22:27:04.000Z</time>
        <extensions>
          <ns3:TrackPointExtension>
            <ns3:hr>91</ns3:hr>
          </ns3:TrackPointExtension>
        </extensions>
      </trkpt>
      <trkpt lat="23.1882335431873798370361328125" lon="113.4325636737048625946044921875">
        <ele>22.799999237060546875</ele>
        <time>2024-07-24T22:27:05.000Z</time>
        <extensions>
          <ns3:TrackPointExtension>
            <ns3:hr>93</ns3:hr>
          </ns3:TrackPointExtension>
        </extensions>
      </trkpt>
      <trkpt lat="23.18824703805148601531982421875" lon="113.4325251169502735137939453125">
        <ele>22.3999996185302734375</ele>
        <time>2024-07-24T22:27:06.000Z</time>
        <extensions>
          <ns3:TrackPointExtension>
            <ns3:hr>94</ns3:hr>
          </ns3:TrackPointExtension>
        </extensions>
      </trkpt>
      <trkpt lat="23.18826044909656047821044921875" lon="113.43248580582439899444580078125">
        <ele>22.3999996185302734375</ele>
        <time>2024-07-24T22:27:07.000Z</time>
        <extensions>
          <ns3:TrackPointExtension>
            <ns3:hr>95</ns3:hr>
          </ns3:TrackPointExtension>
        </extensions>
      </trkpt>
      <trkpt lat="23.1882744468748569488525390625" lon="113.43244741670787334442138671875">
        <ele>22.200000762939453125</ele>
        <time>2024-07-24T22:27:08.000Z</time>
        <extensions>
          <ns3:TrackPointExtension>
            <ns3:hr>96</ns3:hr>
          </ns3:TrackPointExtension>
        </extensions>
      </trkpt>
      <trkpt lat="23.188292719423770904541015625" lon="113.432407937943935394287109375">
        <ele>22</ele>
        <time>2024-07-24T22:27:09.000Z</time>
        <extensions>
          <ns3:TrackPointExtension>
            <ns3:hr>96</ns3:hr>
          </ns3:TrackPointExtension>
        </extensions>
      </trkpt>
      <trkpt lat="23.188310824334621429443359375" lon="113.4323735721409320831298828125">
        <ele>22</ele>
        <time>2024-07-24T22:27:10.000Z</time>
        <extensions>
          <ns3:TrackPointExtension>
            <ns3:hr>97</ns3:hr>
          </ns3:TrackPointExtension>
        </extensions>
      </trkpt>
      <trkpt lat="23.188327588140964508056640625" lon="113.43234146945178508758544921875">
        <ele>22.200000762939453125</ele>
        <time>2024-07-24T22:27:11.000Z</time>
        <extensions>
          <ns3:TrackPointExtension>
            <ns3:hr>97</ns3:hr>
          </ns3:TrackPointExtension>
        </extensions>
      </trkpt>
      <trkpt lat="23.18834611214697360992431640625" lon="113.432311378419399261474609375">
        <ele>22</ele>
        <time>2024-07-24T22:27:12.000Z</time>
        <extensions>
          <ns3:TrackPointExtension>
            <ns3:hr>97</ns3:hr>
          </ns3:TrackPointExtension>
        </extensions>
      </trkpt>
      <trkpt lat="23.1883661448955535888671875" lon="113.432282544672489166259765625">
        <ele>22.200000762939453125</ele>
        <time>2024-07-24T22:27:13.000Z</time>
        <extensions>
          <ns3:TrackPointExtension>
            <ns3:hr>96</ns3:hr>
          </ns3:TrackPointExtension>
        </extensions>
      </trkpt>
      <trkpt lat="23.188385255634784698486328125" lon="113.43225161544978618621826171875">
        <ele>22.6000003814697265625</ele>
        <time>2024-07-24T22:27:14.000Z</time>
        <extensions>
          <ns3:TrackPointExtension>
            <ns3:hr>96</ns3:hr>
          </ns3:TrackPointExtension>
        </extensions>
      </trkpt>
      <trkpt lat="23.18840629421174526214599609375" lon="113.43221859075129032135009765625">
        <ele>23</ele>
        <time>2024-07-24T22:27:15.000Z</time>
        <extensions>
          <ns3:TrackPointExtension>
            <ns3:hr>96</ns3:hr>
          </ns3:TrackPointExtension>
        </extensions>
      </trkpt>
      <trkpt lat="23.18842942826449871063232421875" lon="113.43218573369085788726806640625">
        <ele>23.200000762939453125</ele>
        <time>2024-07-24T22:27:16.000Z</time>
        <extensions>
          <ns3:TrackPointExtension>
            <ns3:hr>96</ns3:hr>
          </ns3:TrackPointExtension>
        </extensions>
      </trkpt>
      <trkpt lat="23.1884531490504741668701171875" lon="113.43215203844010829925537109375">
        <ele>23.6000003814697265625</ele>
        <time>2024-07-24T22:27:17.000Z</time>
        <extensions>
          <ns3:TrackPointExtension>
            <ns3:hr>96</ns3:hr>
          </ns3:TrackPointExtension>
        </extensions>
      </trkpt>
      <trkpt lat="23.1884793005883693695068359375" lon="113.432116918265819549560546875">
        <ele>23.799999237060546875</ele>
        <time>2024-07-24T22:27:18.000Z</time>
        <extensions>
          <ns3:TrackPointExtension>
            <ns3:hr>96</ns3:hr>
          </ns3:TrackPointExtension>
        </extensions>
      </trkpt>
      <trkpt lat="23.1885044462978839874267578125" lon="113.43208531849086284637451171875">
        <ele>23.799999237060546875</ele>
        <time>2024-07-24T22:27:19.000Z</time>
        <extensions>
          <ns3:TrackPointExtension>
            <ns3:hr>98</ns3:hr>
          </ns3:TrackPointExtension>
        </extensions>
      </trkpt>
      <trkpt lat="23.1885292567312717437744140625" lon="113.432053886353969573974609375">
        <ele>24</ele>
        <time>2024-07-24T22:27:20.000Z</time>
        <extensions>
          <ns3:TrackPointExtension>
            <ns3:hr>99</ns3:hr>
          </ns3:TrackPointExtension>
        </extensions>
      </trkpt>
      <trkpt lat="23.1885577552020549774169921875" lon="113.43201943673193454742431640625">
        <ele>24.200000762939453125</ele>
        <time>2024-07-24T22:27:21.000Z</time>
        <extensions>
          <ns3:TrackPointExtension>
            <ns3:hr>99</ns3:hr>
          </ns3:TrackPointExtension>
        </extensions>
      </trkpt>
      <trkpt lat="23.18858533166348934173583984375" lon="113.4319869987666606903076171875">
        <ele>24.200000762939453125</ele>
        <time>2024-07-24T22:27:22.000Z</time>
        <extensions>
          <ns3:TrackPointExtension>
            <ns3:hr>99</ns3:hr>
          </ns3:TrackPointExtension>
        </extensions>
      </trkpt>
      <trkpt lat="23.1886129081249237060546875" lon="113.4319548122584819793701171875">
        <ele>24</ele>
        <time>2024-07-24T22:27:23.000Z</time>
        <extensions>
          <ns3:TrackPointExtension>
            <ns3:hr>98</ns3:hr>
          </ns3:TrackPointExtension>
        </extensions>
      </trkpt>
      <trkpt lat="23.1886425800621509552001953125" lon="113.431918434798717498779296875">
        <ele>24</ele>
        <time>2024-07-24T22:27:24.000Z</time>
        <extensions>
          <ns3:TrackPointExtension>
            <ns3:hr>97</ns3:hr>
          </ns3:TrackPointExtension>
        </extensions>
      </trkpt>
      <trkpt lat="23.18866990506649017333984375" lon="113.43188348226249217987060546875">
        <ele>23.799999237060546875</ele>
        <time>2024-07-24T22:27:25.000Z</time>
        <extensions>
          <ns3:TrackPointExtension>
            <ns3:hr>96</ns3:hr>
          </ns3:TrackPointExtension>
        </extensions>
      </trkpt>
      <trkpt lat="23.1886982358992099761962890625" lon="113.4318445064127445220947265625">
        <ele>23.799999237060546875</ele>
        <time>2024-07-24T22:27:26.000Z</time>
        <extensions>
          <ns3:TrackPointExtension>
            <ns3:hr>96</ns3:hr>
          </ns3:TrackPointExtension>
        </extensions>
      </trkpt>
      <trkpt lat="23.18872245959937572479248046875" lon="113.43180720694363117218017578125">
        <ele>23.3999996185302734375</ele>
        <time>2024-07-24T22:27:27.000Z</time>
        <extensions>
          <ns3:TrackPointExtension>
            <ns3:hr>95</ns3:hr>
          </ns3:TrackPointExtension>
        </extensions>
      </trkpt>
      <trkpt lat="23.18874458782374858856201171875" lon="113.43176932074129581451416015625">
        <ele>23.200000762939453125</ele>
        <time>2024-07-24T22:27:28.000Z</time>
        <extensions>
          <ns3:TrackPointExtension>
            <ns3:hr>95</ns3:hr>
          </ns3:TrackPointExtension>
        </extensions>
      </trkpt>
      <trkpt lat="23.1887642852962017059326171875" lon="113.43172607012093067169189453125">
        <ele>22.6000003814697265625</ele>
        <time>2024-07-24T22:27:29.000Z</time>
        <extensions>
          <ns3:TrackPointExtension>
            <ns3:hr>95</ns3:hr>
          </ns3:TrackPointExtension>
        </extensions>
      </trkpt>
      <trkpt lat="23.18877912126481533050537109375" lon="113.4316822327673435211181640625">
        <ele>21.799999237060546875</ele>
        <time>2024-07-24T22:27:30.000Z</time>
        <extensions>
          <ns3:TrackPointExtension>
            <ns3:hr>95</ns3:hr>
          </ns3:TrackPointExtension>
        </extensions>
      </trkpt>
      <trkpt lat="23.188789598643779754638671875" lon="113.43164023943245410919189453125">
        <ele>20.799999237060546875</ele>
        <time>2024-07-24T22:27:31.000Z</time>
        <extensions>
          <ns3:TrackPointExtension>
            <ns3:hr>95</ns3:hr>
          </ns3:TrackPointExtension>
        </extensions>
      </trkpt>
      <trkpt lat="23.188798315823078155517578125" lon="113.4315994195640087127685546875">
        <ele>19.799999237060546875</ele>
        <time>2024-07-24T22:27:32.000Z</time>
        <extensions>
          <ns3:TrackPointExtension>
            <ns3:hr>95</ns3:hr>
          </ns3:TrackPointExtension>
        </extensions>
      </trkpt>
      <trkpt lat="23.18880694918334484100341796875" lon="113.43156044371426105499267578125">
        <ele>18.799999237060546875</ele>
        <time>2024-07-24T22:27:33.000Z</time>
        <extensions>
          <ns3:TrackPointExtension>
            <ns3:hr>95</ns3:hr>
          </ns3:TrackPointExtension>
        </extensions>
      </trkpt>
      <trkpt lat="23.18881365470588207244873046875" lon="113.43152222223579883575439453125">
        <ele>17.799999237060546875</ele>
        <time>2024-07-24T22:27:34.000Z</time>
        <extensions>
          <ns3:TrackPointExtension>
            <ns3:hr>95</ns3:hr>
          </ns3:TrackPointExtension>
        </extensions>
      </trkpt>
      <trkpt lat="23.1888122297823429107666015625" lon="113.4314797259867191314697265625">
        <ele>17</ele>
        <time>2024-07-24T22:27:35.000Z</time>
        <extensions>
          <ns3:TrackPointExtension>
            <ns3:hr>97</ns3:hr>
          </ns3:TrackPointExtension>
        </extensions>
      </trkpt>
      <trkpt lat="23.18879999220371246337890625" lon="113.43143270350992679595947265625">
        <ele>16.799999237060546875</ele>
        <time>2024-07-24T22:27:36.000Z</time>
        <extensions>
          <ns3:TrackPointExtension>
            <ns3:hr>98</ns3:hr>
          </ns3:TrackPointExtension>
        </extensions>
      </trkpt>
      <trkpt lat="23.18878347985446453094482421875" lon="113.43138727359473705291748046875">
        <ele>16.6000003814697265625</ele>
        <time>2024-07-24T22:27:37.000Z</time>
        <extensions>
          <ns3:TrackPointExtension>
            <ns3:hr>98</ns3:hr>
          </ns3:TrackPointExtension>
        </extensions>
      </trkpt>
      <trkpt lat="23.18876654841005802154541015625" lon="113.4313379041850566864013671875">
        <ele>16.3999996185302734375</ele>
        <time>2024-07-24T22:27:38.000Z</time>
        <extensions>
          <ns3:TrackPointExtension>
            <ns3:hr>98</ns3:hr>
          </ns3:TrackPointExtension>
        </extensions>
      </trkpt>
      <trkpt lat="23.1887532211840152740478515625" lon="113.4312892891466617584228515625">
        <ele>16</ele>
        <time>2024-07-24T22:27:39.000Z</time>
        <extensions>
          <ns3:TrackPointExtension>
            <ns3:hr>98</ns3:hr>
          </ns3:TrackPointExtension>
        </extensions>
      </trkpt>
      <trkpt lat="23.18874324671924114227294921875" lon="113.43124218285083770751953125">
        <ele>15.6000003814697265625</ele>
        <time>2024-07-24T22:27:40.000Z</time>
        <extensions>
          <ns3:TrackPointExtension>
            <ns3:hr>98</ns3:hr>
          </ns3:TrackPointExtension>
        </extensions>
      </trkpt>
      <trkpt lat="23.18873469717800617218017578125" lon="113.43119926750659942626953125">
        <ele>15.19999980926513671875</ele>
        <time>2024-07-24T22:27:41.000Z</time>
        <extensions>
          <ns3:TrackPointExtension>
            <ns3:hr>97</ns3:hr>
          </ns3:TrackPointExtension>
        </extensions>
      </trkpt>
      <trkpt lat="23.18872530944645404815673828125" lon="113.431152999401092529296875">
        <ele>16</ele>
        <time>2024-07-24T22:27:42.000Z</time>
        <extensions>
          <ns3:TrackPointExtension>
            <ns3:hr>98</ns3:hr>
          </ns3:TrackPointExtension>
        </extensions>
      </trkpt>
      <trkpt lat="23.18871625699102878570556640625" lon="113.43110631220042705535888671875">
        <ele>17.200000762939453125</ele>
        <time>2024-07-24T22:27:43.000Z</time>
        <extensions>
          <ns3:TrackPointExtension>
            <ns3:hr>99</ns3:hr>
          </ns3:TrackPointExtension>
        </extensions>
      </trkpt>
      <trkpt lat="23.18870804272592067718505859375" lon="113.43105954118072986602783203125">
        <ele>18.200000762939453125</ele>
        <time>2024-07-24T22:27:44.000Z</time>
        <extensions>
          <ns3:TrackPointExtension>
            <ns3:hr>99</ns3:hr>
          </ns3:TrackPointExtension>
        </extensions>
      </trkpt>
      <trkpt lat="23.1887005828320980072021484375" lon="113.43101277016103267669677734375">
        <ele>19.3999996185302734375</ele>
        <time>2024-07-24T22:27:45.000Z</time>
        <extensions>
          <ns3:TrackPointExtension>
            <ns3:hr>100</ns3:hr>
          </ns3:TrackPointExtension>
        </extensions>
      </trkpt>
      <trkpt lat="23.188693709671497344970703125" lon="113.43096666969358921051025390625">
        <ele>20.6000003814697265625</ele>
        <time>2024-07-24T22:27:46.000Z</time>
        <extensions>
          <ns3:TrackPointExtension>
            <ns3:hr>101</ns3:hr>
          </ns3:TrackPointExtension>
        </extensions>
      </trkpt>
      <trkpt lat="23.18868641741573810577392578125" lon="113.43091989867389202117919921875">
        <ele>22</ele>
        <time>2024-07-24T22:27:47.000Z</time>
        <extensions>
          <ns3:TrackPointExtension>
            <ns3:hr>101</ns3:hr>
          </ns3:TrackPointExtension>
        </extensions>
      </trkpt>
      <trkpt lat="23.1886797957122325897216796875" lon="113.430872373282909393310546875">
        <ele>21.799999237060546875</ele>
        <time>2024-07-24T22:27:48.000Z</time>
        <extensions>
          <ns3:TrackPointExtension>
            <ns3:hr>101</ns3:hr>
          </ns3:TrackPointExtension>
        </extensions>
      </trkpt>
      <trkpt lat="23.1886740960180759429931640625" lon="113.4308244287967681884765625">
        <ele>21.3999996185302734375</ele>
        <time>2024-07-24T22:27:49.000Z</time>
        <extensions>
          <ns3:TrackPointExtension>
            <ns3:hr>100</ns3:hr>
          </ns3:TrackPointExtension>
        </extensions>
      </trkpt>
      <trkpt lat="23.18867065943777561187744140625" lon="113.43077992089092731475830078125">
        <ele>20.799999237060546875</ele>
        <time>2024-07-24T22:27:50.000Z</time>
        <extensions>
          <ns3:TrackPointExtension>
            <ns3:hr>99</ns3:hr>
          </ns3:TrackPointExtension>
        </extensions>
      </trkpt>
      <trkpt lat="23.18866722285747528076171875" lon="113.43073097057640552520751953125">
        <ele>20.3999996185302734375</ele>
        <time>2024-07-24T22:27:51.000Z</time>
        <extensions>
          <ns3:TrackPointExtension>
            <ns3:hr>97</ns3:hr>
          </ns3:TrackPointExtension>
        </extensions>
      </trkpt>
      <trkpt lat="23.18866445682942867279052734375" lon="113.43068202026188373565673828125">
        <ele>20.799999237060546875</ele>
        <time>2024-07-24T22:27:52.000Z</time>
        <extensions>
          <ns3:TrackPointExtension>
            <ns3:hr>95</ns3:hr>
          </ns3:TrackPointExtension>
        </extensions>
      </trkpt>
      <trkpt lat="23.188663534820079803466796875" lon="113.43063306994736194610595703125">
        <ele>21.200000762939453125</ele>
        <time>2024-07-24T22:27:53.000Z</time>
        <extensions>
          <ns3:TrackPointExtension>
            <ns3:hr>94</ns3:hr>
          </ns3:TrackPointExtension>
        </extensions>
      </trkpt>
      <trkpt lat="23.18866345100104808807373046875" lon="113.43058328144252300262451171875">
        <ele>20.3999996185302734375</ele>
        <time>2024-07-24T22:27:54.000Z</time>
        <extensions>
          <ns3:TrackPointExtension>
            <ns3:hr>94</ns3:hr>
          </ns3:TrackPointExtension>
        </extensions>
      </trkpt>
      <trkpt lat="23.188663534820079803466796875" lon="113.43053248710930347442626953125">
        <ele>19.3999996185302734375</ele>
        <time>2024-07-24T22:27:55.000Z</time>
        <extensions>
          <ns3:TrackPointExtension>
            <ns3:hr>94</ns3:hr>
          </ns3:TrackPointExtension>
        </extensions>
      </trkpt>
      <trkpt lat="23.18866680376231670379638671875" lon="113.43048303388059139251708984375">
        <ele>18.6000003814697265625</ele>
        <time>2024-07-24T22:27:56.000Z</time>
        <extensions>
          <ns3:TrackPointExtension>
            <ns3:hr>94</ns3:hr>
          </ns3:TrackPointExtension>
        </extensions>
      </trkpt>
      <trkpt lat="23.188670240342617034912109375" lon="113.43043928034603595733642578125">
        <ele>17.799999237060546875</ele>
        <time>2024-07-24T22:27:57.000Z</time>
        <extensions>
          <ns3:TrackPointExtension>
            <ns3:hr>94</ns3:hr>
          </ns3:TrackPointExtension>
        </extensions>
      </trkpt>
      <trkpt lat="23.18867434747517108917236328125" lon="113.430390916764736175537109375">
        <ele>17.3999996185302734375</ele>
        <time>2024-07-24T22:27:58.000Z</time>
        <extensions>
          <ns3:TrackPointExtension>
            <ns3:hr>95</ns3:hr>
          </ns3:TrackPointExtension>
        </extensions>
      </trkpt>
      <trkpt lat="23.18867820315062999725341796875" lon="113.43034573830664157867431640625">
        <ele>17</ele>
        <time>2024-07-24T22:27:59.000Z</time>
        <extensions>
          <ns3:TrackPointExtension>
            <ns3:hr>95</ns3:hr>
          </ns3:TrackPointExtension>
        </extensions>
      </trkpt>
      <trkpt lat="23.18868205882608890533447265625" lon="113.4303002245724201202392578125">
        <ele>17.200000762939453125</ele>
        <time>2024-07-24T22:28:00.000Z</time>
        <extensions>
          <ns3:TrackPointExtension>
            <ns3:hr>96</ns3:hr>
          </ns3:TrackPointExtension>
        </extensions>
      </trkpt>
      <trkpt lat="23.18868541158735752105712890625" lon="113.43025353737175464630126953125">
        <ele>17.200000762939453125</ele>
        <time>2024-07-24T22:28:01.000Z</time>
        <extensions>
          <ns3:TrackPointExtension>
            <ns3:hr>96</ns3:hr>
          </ns3:TrackPointExtension>
        </extensions>
      </trkpt>
      <trkpt lat="23.18869010545313358306884765625" lon="113.430206514894962310791015625">
        <ele>17.200000762939453125</ele>
        <time>2024-07-24T22:28:02.000Z</time>
        <extensions>
          <ns3:TrackPointExtension>
            <ns3:hr>97</ns3:hr>
          </ns3:TrackPointExtension>
        </extensions>
      </trkpt>
      <trkpt lat="23.188696391880512237548828125" lon="113.43015580438077449798583984375">
        <ele>17.3999996185302734375</ele>
        <time>2024-07-24T22:28:03.000Z</time>
        <extensions>
          <ns3:TrackPointExtension>
            <ns3:hr>97</ns3:hr>
          </ns3:TrackPointExtension>
        </extensions>
      </trkpt>
      <trkpt lat="23.18870200775563716888427734375" lon="113.43010886572301387786865234375">
        <ele>17.6000003814697265625</ele>
        <time>2024-07-24T22:28:04.000Z</time>
        <extensions>
          <ns3:TrackPointExtension>
            <ns3:hr>98</ns3:hr>
          </ns3:TrackPointExtension>
        </extensions>
      </trkpt>
      <trkpt lat="23.18870720453560352325439453125" lon="113.430063016712665557861328125">
        <ele>18.200000762939453125</ele>
        <time>2024-07-24T22:28:05.000Z</time>
        <extensions>
          <ns3:TrackPointExtension>
            <ns3:hr>98</ns3:hr>
          </ns3:TrackPointExtension>
        </extensions>
      </trkpt>
      <trkpt lat="23.188713490962982177734375" lon="113.4300175867974758148193359375">
        <ele>19.200000762939453125</ele>
        <time>2024-07-24T22:28:06.000Z</time>
        <extensions>
          <ns3:TrackPointExtension>
            <ns3:hr>99</ns3:hr>
          </ns3:TrackPointExtension>
        </extensions>
      </trkpt>
      <trkpt lat="23.18872078321874141693115234375" lon="113.42997324652969837188720703125">
        <ele>20.3999996185302734375</ele>
        <time>2024-07-24T22:28:07.000Z</time>
        <extensions>
          <ns3:TrackPointExtension>
            <ns3:hr>99</ns3:hr>
          </ns3:TrackPointExtension>
        </extensions>
      </trkpt>
      <trkpt lat="23.18872564472258090972900390625" lon="113.429926894605159759521484375">
        <ele>21.200000762939453125</ele>
        <time>2024-07-24T22:28:08.000Z</time>
        <extensions>
          <ns3:TrackPointExtension>
            <ns3:hr>100</ns3:hr>
          </ns3:TrackPointExtension>
        </extensions>
      </trkpt>
      <trkpt lat="23.1887287460267543792724609375" lon="113.4298781119287014007568359375">
        <ele>21.799999237060546875</ele>
        <time>2024-07-24T22:28:09.000Z</time>
        <extensions>
          <ns3:TrackPointExtension>
            <ns3:hr>100</ns3:hr>
          </ns3:TrackPointExtension>
        </extensions>
      </trkpt>
      <trkpt lat="23.18873084150254726409912109375" lon="113.429828323423862457275390625">
        <ele>22.200000762939453125</ele>
        <time>2024-07-24T22:28:10.000Z</time>
        <extensions>
          <ns3:TrackPointExtension>
            <ns3:hr>100</ns3:hr>
          </ns3:TrackPointExtension>
        </extensions>
      </trkpt>
      <trkpt lat="23.188731260597705841064453125" lon="113.42977811582386493682861328125">
        <ele>22.6000003814697265625</ele>
        <time>2024-07-24T22:28:11.000Z</time>
        <extensions>
          <ns3:TrackPointExtension>
            <ns3:hr>100</ns3:hr>
          </ns3:TrackPointExtension>
        </extensions>
      </trkpt>
      <trkpt lat="23.1887304224073886871337890625" lon="113.4297285787761211395263671875">
        <ele>22.799999237060546875</ele>
        <time>2024-07-24T22:28:12.000Z</time>
        <extensions>
          <ns3:TrackPointExtension>
            <ns3:hr>100</ns3:hr>
          </ns3:TrackPointExtension>
        </extensions>
      </trkpt>
      <trkpt lat="23.18873218260705471038818359375" lon="113.4296796284615993499755859375">
        <ele>23</ele>
        <time>2024-07-24T22:28:13.000Z</time>
        <extensions>
          <ns3:TrackPointExtension>
            <ns3:hr>100</ns3:hr>
          </ns3:TrackPointExtension>
        </extensions>
      </trkpt>
      <trkpt lat="23.18873704411089420318603515625" lon="113.42963042668998241424560546875">
        <ele>23</ele>
        <time>2024-07-24T22:28:14.000Z</time>
        <extensions>
          <ns3:TrackPointExtension>
            <ns3:hr>100</ns3:hr>
          </ns3:TrackPointExtension>
        </extensions>
      </trkpt>
      <trkpt lat="23.188742659986019134521484375" lon="113.42957963235676288604736328125">
        <ele>23</ele>
        <time>2024-07-24T22:28:15.000Z</time>
        <extensions>
          <ns3:TrackPointExtension>
            <ns3:hr>100</ns3:hr>
          </ns3:TrackPointExtension>
        </extensions>
      </trkpt>
      <trkpt lat="23.18874760530889034271240234375" lon="113.42953369952738285064697265625">
        <ele>23</ele>
        <time>2024-07-24T22:28:16.000Z</time>
        <extensions>
          <ns3:TrackPointExtension>
            <ns3:hr>100</ns3:hr>
          </ns3:TrackPointExtension>
        </extensions>
      </trkpt>
      <trkpt lat="23.1887523829936981201171875" lon="113.42948927544057369232177734375">
        <ele>23</ele>
        <time>2024-07-24T22:28:17.000Z</time>
        <extensions>
          <ns3:TrackPointExtension>
            <ns3:hr>100</ns3:hr>
          </ns3:TrackPointExtension>
        </extensions>
      </trkpt>
      <trkpt lat="23.1887579150497913360595703125" lon="113.42944510281085968017578125">
        <ele>23</ele>
        <time>2024-07-24T22:28:18.000Z</time>
        <extensions>
          <ns3:TrackPointExtension>
            <ns3:hr>99</ns3:hr>
          </ns3:TrackPointExtension>
        </extensions>
      </trkpt>
      <trkpt lat="23.188762106001377105712890625" lon="113.4293993376195430755615234375">
        <ele>23</ele>
        <time>2024-07-24T22:28:19.000Z</time>
        <extensions>
          <ns3:TrackPointExtension>
            <ns3:hr>99</ns3:hr>
          </ns3:TrackPointExtension>
        </extensions>
      </trkpt>
      <trkpt lat="23.18876571021974086761474609375" lon="113.42934787273406982421875">
        <ele>23</ele>
        <time>2024-07-24T22:28:20.000Z</time>
        <extensions>
          <ns3:TrackPointExtension>
            <ns3:hr>98</ns3:hr>
          </ns3:TrackPointExtension>
        </extensions>
      </trkpt>
      <trkpt lat="23.1887696497142314910888671875" lon="113.42929883860051631927490234375">
        <ele>23</ele>
        <time>2024-07-24T22:28:21.000Z</time>
        <extensions>
          <ns3:TrackPointExtension>
            <ns3:hr>98</ns3:hr>
          </ns3:TrackPointExtension>
        </extensions>
      </trkpt>
      <trkpt lat="23.1887746788561344146728515625" lon="113.42925173230469226837158203125">
        <ele>23</ele>
        <time>2024-07-24T22:28:22.000Z</time>
        <extensions>
          <ns3:TrackPointExtension>
            <ns3:hr>98</ns3:hr>
          </ns3:TrackPointExtension>
        </extensions>
      </trkpt>
      <trkpt lat="23.18878121674060821533203125" lon="113.42920160852372646331787109375">
        <ele>22.799999237060546875</ele>
        <time>2024-07-24T22:28:23.000Z</time>
        <extensions>
          <ns3:TrackPointExtension>
            <ns3:hr>98</ns3:hr>
          </ns3:TrackPointExtension>
        </extensions>
      </trkpt>
      <trkpt lat="23.188788257539272308349609375" lon="113.429155088961124420166015625">
        <ele>22.799999237060546875</ele>
        <time>2024-07-24T22:28:24.000Z</time>
        <extensions>
          <ns3:TrackPointExtension>
            <ns3:hr>98</ns3:hr>
          </ns3:TrackPointExtension>
        </extensions>
      </trkpt>
      <trkpt lat="23.18879890255630016326904296875" lon="113.42910689301788806915283203125">
        <ele>22.799999237060546875</ele>
        <time>2024-07-24T22:28:25.000Z</time>
        <extensions>
          <ns3:TrackPointExtension>
            <ns3:hr>99</ns3:hr>
          </ns3:TrackPointExtension>
        </extensions>
      </trkpt>
      <trkpt lat="23.1888122297823429107666015625" lon="113.42906330712139606475830078125">
        <ele>22.799999237060546875</ele>
        <time>2024-07-24T22:28:26.000Z</time>
        <extensions>
          <ns3:TrackPointExtension>
            <ns3:hr>99</ns3:hr>
          </ns3:TrackPointExtension>
        </extensions>
      </trkpt>
      <trkpt lat="23.1888286583125591278076171875" lon="113.42902089469134807586669921875">
        <ele>23</ele>
        <time>2024-07-24T22:28:27.000Z</time>
        <extensions>
          <ns3:TrackPointExtension>
            <ns3:hr>100</ns3:hr>
          </ns3:TrackPointExtension>
        </extensions>
      </trkpt>
      <trkpt lat="23.188845925033092498779296875" lon="113.42897839844226837158203125">
        <ele>23</ele>
        <time>2024-07-24T22:28:28.000Z</time>
        <extensions>
          <ns3:TrackPointExtension>
            <ns3:hr>100</ns3:hr>
          </ns3:TrackPointExtension>
        </extensions>
      </trkpt>
      <trkpt lat="23.18886570632457733154296875" lon="113.428933136165142059326171875">
        <ele>23</ele>
        <time>2024-07-24T22:28:29.000Z</time>
        <extensions>
          <ns3:TrackPointExtension>
            <ns3:hr>100</ns3:hr>
          </ns3:TrackPointExtension>
        </extensions>
      </trkpt>
      <trkpt lat="23.18888674490153789520263671875" lon="113.428892903029918670654296875">
        <ele>23</ele>
        <time>2024-07-24T22:28:30.000Z</time>
        <extensions>
          <ns3:TrackPointExtension>
            <ns3:hr>100</ns3:hr>
          </ns3:TrackPointExtension>
        </extensions>
      </trkpt>
      <trkpt lat="23.188910298049449920654296875" lon="113.42885593883693218231201171875">
        <ele>23</ele>
        <time>2024-07-24T22:28:31.000Z</time>
        <extensions>
          <ns3:TrackPointExtension>
            <ns3:hr>99</ns3:hr>
          </ns3:TrackPointExtension>
        </extensions>
      </trkpt>
      <trkpt lat="23.18893753923475742340087890625" lon="113.42882291413843631744384765625">
        <ele>23</ele>
        <time>2024-07-24T22:28:32.000Z</time>
        <extensions>
          <ns3:TrackPointExtension>
            <ns3:hr>98</ns3:hr>
          </ns3:TrackPointExtension>
        </extensions>
      </trkpt>
      <trkpt lat="23.188966624438762664794921875" lon="113.42879198491573333740234375">
        <ele>23.200000762939453125</ele>
        <time>2024-07-24T22:28:33.000Z</time>
        <extensions>
          <ns3:TrackPointExtension>
            <ns3:hr>97</ns3:hr>
          </ns3:TrackPointExtension>
        </extensions>
      </trkpt>
      <trkpt lat="23.188997805118560791015625" lon="113.4287619777023792266845703125">
        <ele>23.200000762939453125</ele>
        <time>2024-07-24T22:28:34.000Z</time>
        <extensions>
          <ns3:TrackPointExtension>
            <ns3:hr>97</ns3:hr>
          </ns3:TrackPointExtension>
        </extensions>
      </trkpt>
      <trkpt lat="23.18903292529284954071044921875" lon="113.42873289249837398529052734375">
        <ele>23.3999996185302734375</ele>
        <time>2024-07-24T22:28:35.000Z</time>
        <extensions>
          <ns3:TrackPointExtension>
            <ns3:hr>96</ns3:hr>
          </ns3:TrackPointExtension>
        </extensions>
      </trkpt>
      <trkpt lat="23.18906821310520172119140625" lon="113.4287029691040515899658203125">
        <ele>23.6000003814697265625</ele>
        <time>2024-07-24T22:28:36.000Z</time>
        <extensions>
          <ns3:TrackPointExtension>
            <ns3:hr>96</ns3:hr>
          </ns3:TrackPointExtension>
        </extensions>
      </trkpt>
      <trkpt lat="23.1891022436320781707763671875" lon="113.42867421917617321014404296875">
        <ele>23.799999237060546875</ele>
        <time>2024-07-24T22:28:37.000Z</time>
        <extensions>
          <ns3:TrackPointExtension>
            <ns3:hr>97</ns3:hr>
          </ns3:TrackPointExtension>
        </extensions>
      </trkpt>
      <trkpt lat="23.18913384340703487396240234375" lon="113.428641445934772491455078125">
        <ele>23.6000003814697265625</ele>
        <time>2024-07-24T22:28:38.000Z</time>
        <extensions>
          <ns3:TrackPointExtension>
            <ns3:hr>97</ns3:hr>
          </ns3:TrackPointExtension>
        </extensions>
      </trkpt>
      <trkpt lat="23.189161755144596099853515625" lon="113.4286117739975452423095703125">
        <ele>23.3999996185302734375</ele>
        <time>2024-07-24T22:28:39.000Z</time>
        <extensions>
          <ns3:TrackPointExtension>
            <ns3:hr>97</ns3:hr>
          </ns3:TrackPointExtension>
        </extensions>
      </trkpt>
      <trkpt lat="23.1891877390444278717041015625" lon="113.4285822696983814239501953125">
        <ele>23.200000762939453125</ele>
        <time>2024-07-24T22:28:40.000Z</time>
        <extensions>
          <ns3:TrackPointExtension>
            <ns3:hr>97</ns3:hr>
          </ns3:TrackPointExtension>
        </extensions>
      </trkpt>
      <trkpt lat="23.1892152316868305206298828125" lon="113.4285544417798519134521484375">
        <ele>23</ele>
        <time>2024-07-24T22:28:41.000Z</time>
        <extensions>
          <ns3:TrackPointExtension>
            <ns3:hr>97</ns3:hr>
          </ns3:TrackPointExtension>
        </extensions>
      </trkpt>
      <trkpt lat="23.189242891967296600341796875" lon="113.42852736823260784149169921875">
        <ele>22.799999237060546875</ele>
        <time>2024-07-24T22:28:42.000Z</time>
        <extensions>
          <ns3:TrackPointExtension>
            <ns3:hr>97</ns3:hr>
          </ns3:TrackPointExtension>
        </extensions>
      </trkpt>
      <trkpt lat="23.18927071988582611083984375" lon="113.42849954031407833099365234375">
        <ele>23.200000762939453125</ele>
        <time>2024-07-24T22:28:43.000Z</time>
        <extensions>
          <ns3:TrackPointExtension>
            <ns3:hr>97</ns3:hr>
          </ns3:TrackPointExtension>
        </extensions>
      </trkpt>
      <trkpt lat="23.1892970390617847442626953125" lon="113.42847003601491451263427734375">
        <ele>23.6000003814697265625</ele>
        <time>2024-07-24T22:28:44.000Z</time>
        <extensions>
          <ns3:TrackPointExtension>
            <ns3:hr>96</ns3:hr>
          </ns3:TrackPointExtension>
        </extensions>
      </trkpt>
      <trkpt lat="23.18932109512388706207275390625" lon="113.4284374304115772247314453125">
        <ele>24</ele>
        <time>2024-07-24T22:28:45.000Z</time>
        <extensions>
          <ns3:TrackPointExtension>
            <ns3:hr>94</ns3:hr>
          </ns3:TrackPointExtension>
        </extensions>
      </trkpt>
      <trkpt lat="23.1893412955105304718017578125" lon="113.4284012205898761749267578125">
        <ele>24.200000762939453125</ele>
        <time>2024-07-24T22:28:46.000Z</time>
        <extensions>
          <ns3:TrackPointExtension>
            <ns3:hr>93</ns3:hr>
          </ns3:TrackPointExtension>
        </extensions>
      </trkpt>
      <trkpt lat="23.18935864605009555816650390625" lon="113.42836341820657253265380859375">
        <ele>24.200000762939453125</ele>
        <time>2024-07-24T22:28:47.000Z</time>
        <extensions>
          <ns3:TrackPointExtension>
            <ns3:hr>92</ns3:hr>
          </ns3:TrackPointExtension>
        </extensions>
      </trkpt>
      <trkpt lat="23.1893718056380748748779296875" lon="113.42832502909004688262939453125">
        <ele>24.6000003814697265625</ele>
        <time>2024-07-24T22:28:48.000Z</time>
        <extensions>
          <ns3:TrackPointExtension>
            <ns3:hr>92</ns3:hr>
          </ns3:TrackPointExtension>
        </extensions>
      </trkpt>
      <trkpt lat="23.18938471376895904541015625" lon="113.42828697524964809417724609375">
        <ele>25.200000762939453125</ele>
        <time>2024-07-24T22:28:49.000Z</time>
        <extensions>
          <ns3:TrackPointExtension>
            <ns3:hr>91</ns3:hr>
          </ns3:TrackPointExtension>
        </extensions>
      </trkpt>
      <trkpt lat="23.189395107328891754150390625" lon="113.4282503463327884674072265625">
        <ele>25.799999237060546875</ele>
        <time>2024-07-24T22:28:50.000Z</time>
        <extensions>
          <ns3:TrackPointExtension>
            <ns3:hr>92</ns3:hr>
          </ns3:TrackPointExtension>
        </extensions>
      </trkpt>
      <trkpt lat="23.18940474651753902435302734375" lon="113.428213298320770263671875">
        <ele>26.3999996185302734375</ele>
        <time>2024-07-24T22:28:51.000Z</time>
        <extensions>
          <ns3:TrackPointExtension>
            <ns3:hr>92</ns3:hr>
          </ns3:TrackPointExtension>
        </extensions>
      </trkpt>
      <trkpt lat="23.1894137151539325714111328125" lon="113.42817247845232486724853515625">
        <ele>26.799999237060546875</ele>
        <time>2024-07-24T22:28:52.000Z</time>
        <extensions>
          <ns3:TrackPointExtension>
            <ns3:hr>92</ns3:hr>
          </ns3:TrackPointExtension>
        </extensions>
      </trkpt>
      <trkpt lat="23.189421594142913818359375" lon="113.42813123948872089385986328125">
        <ele>27.200000762939453125</ele>
        <time>2024-07-24T22:28:53.000Z</time>
        <extensions>
          <ns3:TrackPointExtension>
            <ns3:hr>92</ns3:hr>
          </ns3:TrackPointExtension>
        </extensions>
      </trkpt>
      <trkpt lat="23.1894288025796413421630859375" lon="113.42809402383863925933837890625">
        <ele>27.6000003814697265625</ele>
        <time>2024-07-24T22:28:54.000Z</time>
        <extensions>
          <ns3:TrackPointExtension>
            <ns3:hr>93</ns3:hr>
          </ns3:TrackPointExtension>
        </extensions>
      </trkpt>
      <trkpt lat="23.18943693302571773529052734375" lon="113.42805479653179645538330078125">
        <ele>28.3999996185302734375</ele>
        <time>2024-07-24T22:28:55.000Z</time>
        <extensions>
          <ns3:TrackPointExtension>
            <ns3:hr>93</ns3:hr>
          </ns3:TrackPointExtension>
        </extensions>
      </trkpt>
      <trkpt lat="23.189444728195667266845703125" lon="113.42801489867269992828369140625">
        <ele>29</ele>
        <time>2024-07-24T22:28:56.000Z</time>
        <extensions>
          <ns3:TrackPointExtension>
            <ns3:hr>93</ns3:hr>
          </ns3:TrackPointExtension>
        </extensions>
      </trkpt>
      <trkpt lat="23.18945067934691905975341796875" lon="113.4279740788042545318603515625">
        <ele>29.6000003814697265625</ele>
        <time>2024-07-24T22:28:57.000Z</time>
        <extensions>
          <ns3:TrackPointExtension>
            <ns3:hr>93</ns3:hr>
          </ns3:TrackPointExtension>
        </extensions>
      </trkpt>
      <trkpt lat="23.1894559599459171295166015625" lon="113.42793342657387256622314453125">
        <ele>30.200000762939453125</ele>
        <time>2024-07-24T22:28:58.000Z</time>
        <extensions>
          <ns3:TrackPointExtension>
            <ns3:hr>93</ns3:hr>
          </ns3:TrackPointExtension>
        </extensions>
      </trkpt>
      <trkpt lat="23.18946140818297863006591796875" lon="113.42789612710475921630859375">
        <ele>30.6000003814697265625</ele>
        <time>2024-07-24T22:28:59.000Z</time>
        <extensions>
          <ns3:TrackPointExtension>
            <ns3:hr>93</ns3:hr>
          </ns3:TrackPointExtension>
        </extensions>
      </trkpt>
      <trkpt lat="23.18946811370551586151123046875" lon="113.42785798944532871246337890625">
        <ele>31</ele>
        <time>2024-07-24T22:29:00.000Z</time>
        <extensions>
          <ns3:TrackPointExtension>
            <ns3:hr>93</ns3:hr>
          </ns3:TrackPointExtension>
        </extensions>
      </trkpt>
      <trkpt lat="23.18947750143706798553466796875" lon="113.42781524173915386199951171875">
        <ele>31</ele>
        <time>2024-07-24T22:29:01.000Z</time>
        <extensions>
          <ns3:TrackPointExtension>
            <ns3:hr>93</ns3:hr>
          </ns3:TrackPointExtension>
        </extensions>
      </trkpt>
      <trkpt lat="23.18948722444474697113037109375" lon="113.4277698956429958343505859375">
        <ele>31</ele>
        <time>2024-07-24T22:29:02.000Z</time>
        <extensions>
          <ns3:TrackPointExtension>
            <ns3:hr>93</ns3:hr>
          </ns3:TrackPointExtension>
        </extensions>
      </trkpt>
      <trkpt lat="23.18949594162404537200927734375" lon="113.42772706411778926849365234375">
        <ele>31</ele>
        <time>2024-07-24T22:29:03.000Z</time>
        <extensions>
          <ns3:TrackPointExtension>
            <ns3:hr>94</ns3:hr>
          </ns3:TrackPointExtension>
        </extensions>
      </trkpt>
      <trkpt lat="23.18950415588915348052978515625" lon="113.42768230475485324859619140625">
        <ele>31</ele>
        <time>2024-07-24T22:29:04.000Z</time>
        <extensions>
          <ns3:TrackPointExtension>
            <ns3:hr>94</ns3:hr>
          </ns3:TrackPointExtension>
        </extensions>
      </trkpt>
      <trkpt lat="23.1895122863352298736572265625" lon="113.42763368971645832061767578125">
        <ele>30.6000003814697265625</ele>
        <time>2024-07-24T22:29:05.000Z</time>
        <extensions>
          <ns3:TrackPointExtension>
            <ns3:hr>94</ns3:hr>
          </ns3:TrackPointExtension>
        </extensions>
      </trkpt>
      <trkpt lat="23.18952058441936969757080078125" lon="113.42758633196353912353515625">
        <ele>30.200000762939453125</ele>
        <time>2024-07-24T22:29:06.000Z</time>
        <extensions>
          <ns3:TrackPointExtension>
            <ns3:hr>94</ns3:hr>
          </ns3:TrackPointExtension>
        </extensions>
      </trkpt>
      <trkpt lat="23.18952821195125579833984375" lon="113.4275412373244762420654296875">
        <ele>30.200000762939453125</ele>
        <time>2024-07-24T22:29:07.000Z</time>
        <extensions>
          <ns3:TrackPointExtension>
            <ns3:hr>98</ns3:hr>
          </ns3:TrackPointExtension>
        </extensions>
      </trkpt>
      <trkpt lat="23.18953600712120532989501953125" lon="113.42749739997088909149169921875">
        <ele>30.3999996185302734375</ele>
        <time>2024-07-24T22:29:08.000Z</time>
        <extensions>
          <ns3:TrackPointExtension>
            <ns3:hr>99</ns3:hr>
          </ns3:TrackPointExtension>
        </extensions>
      </trkpt>
      <trkpt lat="23.18954338319599628448486328125" lon="113.4274547360837459564208984375">
        <ele>30.3999996185302734375</ele>
        <time>2024-07-24T22:29:09.000Z</time>
        <extensions>
          <ns3:TrackPointExtension>
            <ns3:hr>99</ns3:hr>
          </ns3:TrackPointExtension>
        </extensions>
      </trkpt>
      <trkpt lat="23.18955042399466037750244140625" lon="113.42741391621530055999755859375">
        <ele>30.3999996185302734375</ele>
        <time>2024-07-24T22:29:10.000Z</time>
        <extensions>
          <ns3:TrackPointExtension>
            <ns3:hr>99</ns3:hr>
          </ns3:TrackPointExtension>
        </extensions>
      </trkpt>
      <trkpt lat="23.18955780006945133209228515625" lon="113.4273725934326648712158203125">
        <ele>30.200000762939453125</ele>
        <time>2024-07-24T22:29:11.000Z</time>
        <extensions>
          <ns3:TrackPointExtension>
            <ns3:hr>99</ns3:hr>
          </ns3:TrackPointExtension>
        </extensions>
      </trkpt>
      <trkpt lat="23.18956702016294002532958984375" lon="113.427329845726490020751953125">
        <ele>29.799999237060546875</ele>
        <time>2024-07-24T22:29:12.000Z</time>
        <extensions>
          <ns3:TrackPointExtension>
            <ns3:hr>98</ns3:hr>
          </ns3:TrackPointExtension>
        </extensions>
      </trkpt>
      <trkpt lat="23.18957741372287273406982421875" lon="113.4272864274680614471435546875">
        <ele>29.3999996185302734375</ele>
        <time>2024-07-24T22:29:13.000Z</time>
        <extensions>
          <ns3:TrackPointExtension>
            <ns3:hr>97</ns3:hr>
          </ns3:TrackPointExtension>
        </extensions>
      </trkpt>
      <trkpt lat="23.1895880587399005889892578125" lon="113.427242338657379150390625">
        <ele>29</ele>
        <time>2024-07-24T22:29:14.000Z</time>
        <extensions>
          <ns3:TrackPointExtension>
            <ns3:hr>96</ns3:hr>
          </ns3:TrackPointExtension>
        </extensions>
      </trkpt>
      <trkpt lat="23.18959794938564300537109375" lon="113.427197076380252838134765625">
        <ele>28.6000003814697265625</ele>
        <time>2024-07-24T22:29:15.000Z</time>
        <extensions>
          <ns3:TrackPointExtension>
            <ns3:hr>96</ns3:hr>
          </ns3:TrackPointExtension>
        </extensions>
      </trkpt>
      <trkpt lat="23.18961010314524173736572265625" lon="113.42715223319828510284423828125">
        <ele>28.6000003814697265625</ele>
        <time>2024-07-24T22:29:16.000Z</time>
        <extensions>
          <ns3:TrackPointExtension>
            <ns3:hr>96</ns3:hr>
          </ns3:TrackPointExtension>
        </extensions>
      </trkpt>
      <trkpt lat="23.18962452001869678497314453125" lon="113.42710747383534908294677734375">
        <ele>28.3999996185302734375</ele>
        <time>2024-07-24T22:29:17.000Z</time>
        <extensions>
          <ns3:TrackPointExtension>
            <ns3:hr>96</ns3:hr>
          </ns3:TrackPointExtension>
        </extensions>
      </trkpt>
      <trkpt lat="23.18964279256761074066162109375" lon="113.4270651452243328094482421875">
        <ele>28.3999996185302734375</ele>
        <time>2024-07-24T22:29:18.000Z</time>
        <extensions>
          <ns3:TrackPointExtension>
            <ns3:hr>97</ns3:hr>
          </ns3:TrackPointExtension>
        </extensions>
      </trkpt>
      <trkpt lat="23.18966341204941272735595703125" lon="113.42702549882233142852783203125">
        <ele>28.200000762939453125</ele>
        <time>2024-07-24T22:29:19.000Z</time>
        <extensions>
          <ns3:TrackPointExtension>
            <ns3:hr>97</ns3:hr>
          </ns3:TrackPointExtension>
        </extensions>
      </trkpt>
      <trkpt lat="23.1896849535405635833740234375" lon="113.42698761261999607086181640625">
        <ele>27.799999237060546875</ele>
        <time>2024-07-24T22:29:20.000Z</time>
        <extensions>
          <ns3:TrackPointExtension>
            <ns3:hr>97</ns3:hr>
          </ns3:TrackPointExtension>
        </extensions>
      </trkpt>
      <trkpt lat="23.18970481865108013153076171875" lon="113.426949977874755859375">
        <ele>27.6000003814697265625</ele>
        <time>2024-07-24T22:29:21.000Z</time>
        <extensions>
          <ns3:TrackPointExtension>
            <ns3:hr>97</ns3:hr>
          </ns3:TrackPointExtension>
        </extensions>
      </trkpt>
      <trkpt lat="23.189722001552581787109375" lon="113.42691234312951564788818359375">
        <ele>27.200000762939453125</ele>
        <time>2024-07-24T22:29:22.000Z</time>
        <extensions>
          <ns3:TrackPointExtension>
            <ns3:hr>97</ns3:hr>
          </ns3:TrackPointExtension>
        </extensions>
      </trkpt>
      <trkpt lat="23.1897375918924808502197265625" lon="113.42687479220330715179443359375">
        <ele>27</ele>
        <time>2024-07-24T22:29:23.000Z</time>
        <extensions>
          <ns3:TrackPointExtension>
            <ns3:hr>98</ns3:hr>
          </ns3:TrackPointExtension>
        </extensions>
      </trkpt>
      <trkpt lat="23.1897520087659358978271484375" lon="113.42683657072484493255615234375">
        <ele>26.6000003814697265625</ele>
        <time>2024-07-24T22:29:24.000Z</time>
        <extensions>
          <ns3:TrackPointExtension>
            <ns3:hr>98</ns3:hr>
          </ns3:TrackPointExtension>
        </extensions>
      </trkpt>
      <trkpt lat="23.18976885639131069183349609375" lon="113.42680119909346103668212890625">
        <ele>26.6000003814697265625</ele>
        <time>2024-07-24T22:29:25.000Z</time>
        <extensions>
          <ns3:TrackPointExtension>
            <ns3:hr>98</ns3:hr>
          </ns3:TrackPointExtension>
        </extensions>
      </trkpt>
      <trkpt lat="23.1897898949682712554931640625" lon="113.42676968313753604888916015625">
        <ele>26.3999996185302734375</ele>
        <time>2024-07-24T22:29:26.000Z</time>
        <extensions>
          <ns3:TrackPointExtension>
            <ns3:hr>99</ns3:hr>
          </ns3:TrackPointExtension>
        </extensions>
      </trkpt>
      <trkpt lat="23.189813531935214996337890625" lon="113.42674051411449909210205078125">
        <ele>26.3999996185302734375</ele>
        <time>2024-07-24T22:29:27.000Z</time>
        <extensions>
          <ns3:TrackPointExtension>
            <ns3:hr>99</ns3:hr>
          </ns3:TrackPointExtension>
        </extensions>
      </trkpt>
      <trkpt lat="23.1898388452827930450439453125" lon="113.42671268619596958160400390625">
        <ele>26.3999996185302734375</ele>
        <time>2024-07-24T22:29:28.000Z</time>
        <extensions>
          <ns3:TrackPointExtension>
            <ns3:hr>100</ns3:hr>
          </ns3:TrackPointExtension>
        </extensions>
      </trkpt>
      <trkpt lat="23.18986524827778339385986328125" lon="113.4266876243054866790771484375">
        <ele>26.200000762939453125</ele>
        <time>2024-07-24T22:29:29.000Z</time>
        <extensions>
          <ns3:TrackPointExtension>
            <ns3:hr>100</ns3:hr>
          </ns3:TrackPointExtension>
        </extensions>
      </trkpt>
      <trkpt lat="23.1898918189108371734619140625" lon="113.42666566371917724609375">
        <ele>26.200000762939453125</ele>
        <time>2024-07-24T22:29:30.000Z</time>
        <extensions>
          <ns3:TrackPointExtension>
            <ns3:hr>100</ns3:hr>
          </ns3:TrackPointExtension>
        </extensions>
      </trkpt>
      <trkpt lat="23.18991981446743011474609375" lon="113.426645882427692413330078125">
        <ele>26</ele>
        <time>2024-07-24T22:29:31.000Z</time>
        <extensions>
          <ns3:TrackPointExtension>
            <ns3:hr>101</ns3:hr>
          </ns3:TrackPointExtension>
        </extensions>
      </trkpt>
      <trkpt lat="23.18994889967143535614013671875" lon="113.4266279451549053192138671875">
        <ele>25.799999237060546875</ele>
        <time>2024-07-24T22:29:32.000Z</time>
        <extensions>
          <ns3:TrackPointExtension>
            <ns3:hr>101</ns3:hr>
          </ns3:TrackPointExtension>
        </extensions>
      </trkpt>
      <trkpt lat="23.1899793259799480438232421875" lon="113.42661009170114994049072265625">
        <ele>25.6000003814697265625</ele>
        <time>2024-07-24T22:29:33.000Z</time>
        <extensions>
          <ns3:TrackPointExtension>
            <ns3:hr>101</ns3:hr>
          </ns3:TrackPointExtension>
        </extensions>
      </trkpt>
      <trkpt lat="23.19001042284071445465087890625" lon="113.426592908799648284912109375">
        <ele>25.200000762939453125</ele>
        <time>2024-07-24T22:29:34.000Z</time>
        <extensions>
          <ns3:TrackPointExtension>
            <ns3:hr>101</ns3:hr>
          </ns3:TrackPointExtension>
        </extensions>
      </trkpt>
      <trkpt lat="23.19004143588244915008544921875" lon="113.4265784919261932373046875">
        <ele>25</ele>
        <time>2024-07-24T22:29:35.000Z</time>
        <extensions>
          <ns3:TrackPointExtension>
            <ns3:hr>101</ns3:hr>
          </ns3:TrackPointExtension>
        </extensions>
      </trkpt>
      <trkpt lat="23.1900732032954692840576171875" lon="113.42656583525240421295166015625">
        <ele>24.799999237060546875</ele>
        <time>2024-07-24T22:29:36.000Z</time>
        <extensions>
          <ns3:TrackPointExtension>
            <ns3:hr>102</ns3:hr>
          </ns3:TrackPointExtension>
        </extensions>
      </trkpt>
      <trkpt lat="23.190108239650726318359375" lon="113.42655460350215435028076171875">
        <ele>24.6000003814697265625</ele>
        <time>2024-07-24T22:29:37.000Z</time>
        <extensions>
          <ns3:TrackPointExtension>
            <ns3:hr>102</ns3:hr>
          </ns3:TrackPointExtension>
        </extensions>
      </trkpt>
      <trkpt lat="23.1901452876627445220947265625" lon="113.42654538340866565704345703125">
        <ele>24.6000003814697265625</ele>
        <time>2024-07-24T22:29:38.000Z</time>
        <extensions>
          <ns3:TrackPointExtension>
            <ns3:hr>103</ns3:hr>
          </ns3:TrackPointExtension>
        </extensions>
      </trkpt>
      <trkpt lat="23.19018845446407794952392578125" lon="113.42653649859130382537841796875">
        <ele>24.6000003814697265625</ele>
        <time>2024-07-24T22:29:39.000Z</time>
        <extensions>
          <ns3:TrackPointExtension>
            <ns3:hr>104</ns3:hr>
          </ns3:TrackPointExtension>
        </extensions>
      </trkpt>
      <trkpt lat="23.19023489020764827728271484375" lon="113.4265290386974811553955078125">
        <ele>24.3999996185302734375</ele>
        <time>2024-07-24T22:29:40.000Z</time>
        <extensions>
          <ns3:TrackPointExtension>
            <ns3:hr>104</ns3:hr>
          </ns3:TrackPointExtension>
        </extensions>
      </trkpt>
      <trkpt lat="23.1902785599231719970703125" lon="113.42652417719364166259765625">
        <ele>24.6000003814697265625</ele>
        <time>2024-07-24T22:29:41.000Z</time>
        <extensions>
          <ns3:TrackPointExtension>
            <ns3:hr>104</ns3:hr>
          </ns3:TrackPointExtension>
        </extensions>
      </trkpt>
      <trkpt lat="23.19031770341098308563232421875" lon="113.42651923187077045440673828125">
        <ele>24.6000003814697265625</ele>
        <time>2024-07-24T22:29:42.000Z</time>
        <extensions>
          <ns3:TrackPointExtension>
            <ns3:hr>105</ns3:hr>
          </ns3:TrackPointExtension>
        </extensions>
      </trkpt>
      <trkpt lat="23.1903548352420330047607421875" lon="113.42651369981467723846435546875">
        <ele>24.799999237060546875</ele>
        <time>2024-07-24T22:29:43.000Z</time>
        <extensions>
          <ns3:TrackPointExtension>
            <ns3:hr>105</ns3:hr>
          </ns3:TrackPointExtension>
        </extensions>
      </trkpt>
      <trkpt lat="23.190387524664402008056640625" lon="113.42650749720633029937744140625">
        <ele>24.799999237060546875</ele>
        <time>2024-07-24T22:29:44.000Z</time>
        <extensions>
          <ns3:TrackPointExtension>
            <ns3:hr>105</ns3:hr>
          </ns3:TrackPointExtension>
        </extensions>
      </trkpt>
      <trkpt lat="23.19042004644870758056640625" lon="113.4264991991221904754638671875">
        <ele>25</ele>
        <time>2024-07-24T22:29:45.000Z</time>
        <extensions>
          <ns3:TrackPointExtension>
            <ns3:hr>105</ns3:hr>
          </ns3:TrackPointExtension>
        </extensions>
      </trkpt>
      <trkpt lat="23.1904502213001251220703125" lon="113.4264877997338771820068359375">
        <ele>25</ele>
        <time>2024-07-24T22:29:46.000Z</time>
        <extensions>
          <ns3:TrackPointExtension>
            <ns3:hr>105</ns3:hr>
          </ns3:TrackPointExtension>
        </extensions>
      </trkpt>
      <trkpt lat="23.19047478027641773223876953125" lon="113.4264743886888027191162109375">
        <ele>25</ele>
        <time>2024-07-24T22:29:47.000Z</time>
        <extensions>
          <ns3:TrackPointExtension>
            <ns3:hr>105</ns3:hr>
          </ns3:TrackPointExtension>
        </extensions>
      </trkpt>
      <trkpt lat="23.19049439392983913421630859375" lon="113.426455445587635040283203125">
        <ele>24.799999237060546875</ele>
        <time>2024-07-24T22:29:48.000Z</time>
        <extensions>
          <ns3:TrackPointExtension>
            <ns3:hr>105</ns3:hr>
          </ns3:TrackPointExtension>
        </extensions>
      </trkpt>
      <trkpt lat="23.19050143472850322723388671875" lon="113.4264428727328777313232421875">
        <ele>24.799999237060546875</ele>
        <time>2024-07-24T22:29:49.000Z</time>
        <extensions>
          <ns3:TrackPointExtension>
            <ns3:hr>105</ns3:hr>
          </ns3:TrackPointExtension>
        </extensions>
      </trkpt>
      <trkpt lat="23.1905077211558818817138671875" lon="113.42642133124172687530517578125">
        <ele>25.200000762939453125</ele>
        <time>2024-07-24T22:29:50.000Z</time>
        <extensions>
          <ns3:TrackPointExtension>
            <ns3:hr>105</ns3:hr>
          </ns3:TrackPointExtension>
        </extensions>
      </trkpt>
      <trkpt lat="23.19051333703100681304931640625" lon="113.42639434151351451873779296875">
        <ele>25.3999996185302734375</ele>
        <time>2024-07-24T22:29:51.000Z</time>
        <extensions>
          <ns3:TrackPointExtension>
            <ns3:hr>105</ns3:hr>
          </ns3:TrackPointExtension>
        </extensions>
      </trkpt>
      <trkpt lat="23.19051736034452915191650390625" lon="113.42634874396026134490966796875">
        <ele>25.799999237060546875</ele>
        <time>2024-07-24T22:29:52.000Z</time>
        <extensions>
          <ns3:TrackPointExtension>
            <ns3:hr>105</ns3:hr>
          </ns3:TrackPointExtension>
        </extensions>
      </trkpt>
      <trkpt lat="23.19051652215421199798583984375" lon="113.42631362378597259521484375">
        <ele>26</ele>
        <time>2024-07-24T22:29:53.000Z</time>
        <extensions>
          <ns3:TrackPointExtension>
            <ns3:hr>105</ns3:hr>
          </ns3:TrackPointExtension>
        </extensions>
      </trkpt>
      <trkpt lat="23.1905127502977848052978515625" lon="113.4262799285352230072021484375">
        <ele>26.200000762939453125</ele>
        <time>2024-07-24T22:29:54.000Z</time>
        <extensions>
          <ns3:TrackPointExtension>
            <ns3:hr>104</ns3:hr>
          </ns3:TrackPointExtension>
        </extensions>
      </trkpt>
      <trkpt lat="23.19050897844135761260986328125" lon="113.426247574388980865478515625">
        <ele>26.3999996185302734375</ele>
        <time>2024-07-24T22:29:55.000Z</time>
        <extensions>
          <ns3:TrackPointExtension>
            <ns3:hr>103</ns3:hr>
          </ns3:TrackPointExtension>
        </extensions>
      </trkpt>
      <trkpt lat="23.1905030272901058197021484375" lon="113.42621781863272190093994140625">
        <ele>26.3999996185302734375</ele>
        <time>2024-07-24T22:29:56.000Z</time>
        <extensions>
          <ns3:TrackPointExtension>
            <ns3:hr>103</ns3:hr>
          </ns3:TrackPointExtension>
        </extensions>
      </trkpt>
      <trkpt lat="23.190496824681758880615234375" lon="113.42618898488581180572509765625">
        <ele>26.6000003814697265625</ele>
        <time>2024-07-24T22:29:57.000Z</time>
        <extensions>
          <ns3:TrackPointExtension>
            <ns3:hr>105</ns3:hr>
          </ns3:TrackPointExtension>
        </extensions>
      </trkpt>
      <trkpt lat="23.19049171172082424163818359375" lon="113.4261582233011722564697265625">
        <ele>26.799999237060546875</ele>
        <time>2024-07-24T22:29:58.000Z</time>
        <extensions>
          <ns3:TrackPointExtension>
            <ns3:hr>104</ns3:hr>
          </ns3:TrackPointExtension>
        </extensions>
      </trkpt>
      <trkpt lat="23.19048869423568248748779296875" lon="113.426121510565280914306640625">
        <ele>27</ele>
        <time>2024-07-24T22:29:59.000Z</time>
        <extensions>
          <ns3:TrackPointExtension>
            <ns3:hr>104</ns3:hr>
          </ns3:TrackPointExtension>
        </extensions>
      </trkpt>
      <trkpt lat="23.190487436950206756591796875" lon="113.42608219943940639495849609375">
        <ele>27.200000762939453125</ele>
        <time>2024-07-24T22:30:00.000Z</time>
        <extensions>
          <ns3:TrackPointExtension>
            <ns3:hr>104</ns3:hr>
          </ns3:TrackPointExtension>
        </extensions>
      </trkpt>
      <trkpt lat="23.19048701785504817962646484375" lon="113.42604196630418300628662109375">
        <ele>27.6000003814697265625</ele>
        <time>2024-07-24T22:30:01.000Z</time>
        <extensions>
          <ns3:TrackPointExtension>
            <ns3:hr>104</ns3:hr>
          </ns3:TrackPointExtension>
        </extensions>
      </trkpt>
      <trkpt lat="23.190488778054714202880859375" lon="113.42600156553089618682861328125">
        <ele>27.799999237060546875</ele>
        <time>2024-07-24T22:30:02.000Z</time>
        <extensions>
          <ns3:TrackPointExtension>
            <ns3:hr>105</ns3:hr>
          </ns3:TrackPointExtension>
        </extensions>
      </trkpt>
      <trkpt lat="23.19049305282533168792724609375" lon="113.425961919128894805908203125">
        <ele>28.200000762939453125</ele>
        <time>2024-07-24T22:30:03.000Z</time>
        <extensions>
          <ns3:TrackPointExtension>
            <ns3:hr>105</ns3:hr>
          </ns3:TrackPointExtension>
        </extensions>
      </trkpt>
      <trkpt lat="23.190497495234012603759765625" lon="113.425921685993671417236328125">
        <ele>28.6000003814697265625</ele>
        <time>2024-07-24T22:30:04.000Z</time>
        <extensions>
          <ns3:TrackPointExtension>
            <ns3:hr>105</ns3:hr>
          </ns3:TrackPointExtension>
        </extensions>
      </trkpt>
      <trkpt lat="23.19050411693751811981201171875" lon="113.425880111753940582275390625">
        <ele>28.799999237060546875</ele>
        <time>2024-07-24T22:30:05.000Z</time>
        <extensions>
          <ns3:TrackPointExtension>
            <ns3:hr>106</ns3:hr>
          </ns3:TrackPointExtension>
        </extensions>
      </trkpt>
      <trkpt lat="23.19051249884068965911865234375" lon="113.42583954334259033203125">
        <ele>28.3999996185302734375</ele>
        <time>2024-07-24T22:30:06.000Z</time>
        <extensions>
          <ns3:TrackPointExtension>
            <ns3:hr>106</ns3:hr>
          </ns3:TrackPointExtension>
        </extensions>
      </trkpt>
      <trkpt lat="23.19052205421030521392822265625" lon="113.42579989694058895111083984375">
        <ele>28.200000762939453125</ele>
        <time>2024-07-24T22:30:07.000Z</time>
        <extensions>
          <ns3:TrackPointExtension>
            <ns3:hr>107</ns3:hr>
          </ns3:TrackPointExtension>
        </extensions>
      </trkpt>
      <trkpt lat="23.1905325315892696380615234375" lon="113.42575983144342899322509765625">
        <ele>28</ele>
        <time>2024-07-24T22:30:08.000Z</time>
        <extensions>
          <ns3:TrackPointExtension>
            <ns3:hr>108</ns3:hr>
          </ns3:TrackPointExtension>
        </extensions>
      </trkpt>
      <trkpt lat="23.19054367952048778533935546875" lon="113.4257201850414276123046875">
        <ele>27.799999237060546875</ele>
        <time>2024-07-24T22:30:09.000Z</time>
        <extensions>
          <ns3:TrackPointExtension>
            <ns3:hr>108</ns3:hr>
          </ns3:TrackPointExtension>
        </extensions>
      </trkpt>
      <trkpt lat="23.19055474363267421722412109375" lon="113.425681293010711669921875">
        <ele>27.6000003814697265625</ele>
        <time>2024-07-24T22:30:10.000Z</time>
        <extensions>
          <ns3:TrackPointExtension>
            <ns3:hr>108</ns3:hr>
          </ns3:TrackPointExtension>
        </extensions>
      </trkpt>
      <trkpt lat="23.190565221011638641357421875" lon="113.425642736256122589111328125">
        <ele>27.3999996185302734375</ele>
        <time>2024-07-24T22:30:11.000Z</time>
        <extensions>
          <ns3:TrackPointExtension>
            <ns3:hr>108</ns3:hr>
          </ns3:TrackPointExtension>
        </extensions>
      </trkpt>
      <trkpt lat="23.19057553075253963470458984375" lon="113.4256036765873432159423828125">
        <ele>27.200000762939453125</ele>
        <time>2024-07-24T22:30:12.000Z</time>
        <extensions>
          <ns3:TrackPointExtension>
            <ns3:hr>109</ns3:hr>
          </ns3:TrackPointExtension>
        </extensions>
      </trkpt>
      <trkpt lat="23.19058625958859920501708984375" lon="113.42556419782340526580810546875">
        <ele>27</ele>
        <time>2024-07-24T22:30:13.000Z</time>
        <extensions>
          <ns3:TrackPointExtension>
            <ns3:hr>109</ns3:hr>
          </ns3:TrackPointExtension>
        </extensions>
      </trkpt>
      <trkpt lat="23.190596736967563629150390625" lon="113.42552497051656246185302734375">
        <ele>26.799999237060546875</ele>
        <time>2024-07-24T22:30:14.000Z</time>
        <extensions>
          <ns3:TrackPointExtension>
            <ns3:hr>109</ns3:hr>
          </ns3:TrackPointExtension>
        </extensions>
      </trkpt>
      <trkpt lat="23.19060704670846462249755859375" lon="113.42548624612390995025634765625">
        <ele>26.6000003814697265625</ele>
        <time>2024-07-24T22:30:15.000Z</time>
        <extensions>
          <ns3:TrackPointExtension>
            <ns3:hr>109</ns3:hr>
          </ns3:TrackPointExtension>
        </extensions>
      </trkpt>
      <trkpt lat="23.1906165182590484619140625" lon="113.42544903047382831573486328125">
        <ele>26.3999996185302734375</ele>
        <time>2024-07-24T22:30:16.000Z</time>
        <extensions>
          <ns3:TrackPointExtension>
            <ns3:hr>109</ns3:hr>
          </ns3:TrackPointExtension>
        </extensions>
      </trkpt>
      <trkpt lat="23.1906254030764102935791015625" lon="113.42541231773793697357177734375">
        <ele>26.799999237060546875</ele>
        <time>2024-07-24T22:30:17.000Z</time>
        <extensions>
          <ns3:TrackPointExtension>
            <ns3:hr>109</ns3:hr>
          </ns3:TrackPointExtension>
        </extensions>
      </trkpt>
      <trkpt lat="23.19063202477991580963134765625" lon="113.42537644319236278533935546875">
        <ele>27</ele>
        <time>2024-07-24T22:30:18.000Z</time>
        <extensions>
          <ns3:TrackPointExtension>
            <ns3:hr>109</ns3:hr>
          </ns3:TrackPointExtension>
        </extensions>
      </trkpt>
      <trkpt lat="23.1906381435692310333251953125" lon="113.425340987741947174072265625">
        <ele>27.200000762939453125</ele>
        <time>2024-07-24T22:30:19.000Z</time>
        <extensions>
          <ns3:TrackPointExtension>
            <ns3:hr>109</ns3:hr>
          </ns3:TrackPointExtension>
        </extensions>
      </trkpt>
      <trkpt lat="23.19064308889210224151611328125" lon="113.42530586756765842437744140625">
        <ele>27.799999237060546875</ele>
        <time>2024-07-24T22:30:20.000Z</time>
        <extensions>
          <ns3:TrackPointExtension>
            <ns3:hr>109</ns3:hr>
          </ns3:TrackPointExtension>
        </extensions>
      </trkpt>
      <trkpt lat="23.19064711220562458038330078125" lon="113.42527150176465511322021484375">
        <ele>28.200000762939453125</ele>
        <time>2024-07-24T22:30:21.000Z</time>
        <extensions>
          <ns3:TrackPointExtension>
            <ns3:hr>109</ns3:hr>
          </ns3:TrackPointExtension>
        </extensions>
      </trkpt>
      <trkpt lat="23.1906525604426860809326171875" lon="113.4252402372658252716064453125">
        <ele>28.6000003814697265625</ele>
        <time>2024-07-24T22:30:22.000Z</time>
        <extensions>
          <ns3:TrackPointExtension>
            <ns3:hr>109</ns3:hr>
          </ns3:TrackPointExtension>
        </extensions>
      </trkpt>
      <trkpt lat="23.1906606070697307586669921875" lon="113.4252120740711688995361328125">
        <ele>29</ele>
        <time>2024-07-24T22:30:23.000Z</time>
        <extensions>
          <ns3:TrackPointExtension>
            <ns3:hr>109</ns3:hr>
          </ns3:TrackPointExtension>
        </extensions>
      </trkpt>
      <trkpt lat="23.19067074917256832122802734375" lon="113.42518650926649570465087890625">
        <ele>29.200000762939453125</ele>
        <time>2024-07-24T22:30:24.000Z</time>
        <extensions>
          <ns3:TrackPointExtension>
            <ns3:hr>109</ns3:hr>
          </ns3:TrackPointExtension>
        </extensions>
      </trkpt>
      <trkpt lat="23.19067887961864471435546875" lon="113.4251730144023895263671875">
        <ele>29.3999996185302734375</ele>
        <time>2024-07-24T22:30:25.000Z</time>
        <extensions>
          <ns3:TrackPointExtension>
            <ns3:hr>109</ns3:hr>
          </ns3:TrackPointExtension>
        </extensions>
      </trkpt>
      <trkpt lat="23.190691955387592315673828125" lon="113.425155580043792724609375">
        <ele>29.6000003814697265625</ele>
        <time>2024-07-24T22:30:26.000Z</time>
        <extensions>
          <ns3:TrackPointExtension>
            <ns3:hr>109</ns3:hr>
          </ns3:TrackPointExtension>
        </extensions>
      </trkpt>
      <trkpt lat="23.19070695899426937103271484375" lon="113.42513613402843475341796875">
        <ele>29.799999237060546875</ele>
        <time>2024-07-24T22:30:27.000Z</time>
        <extensions>
          <ns3:TrackPointExtension>
            <ns3:hr>109</ns3:hr>
          </ns3:TrackPointExtension>
        </extensions>
      </trkpt>
      <trkpt lat="23.19072238169610500335693359375" lon="113.425115011632442474365234375">
        <ele>30</ele>
        <time>2024-07-24T22:30:28.000Z</time>
        <extensions>
          <ns3:TrackPointExtension>
            <ns3:hr>109</ns3:hr>
          </ns3:TrackPointExtension>
        </extensions>
      </trkpt>
      <trkpt lat="23.19073663093149662017822265625" lon="113.4250933863222599029541015625">
        <ele>30.200000762939453125</ele>
        <time>2024-07-24T22:30:29.000Z</time>
        <extensions>
          <ns3:TrackPointExtension>
            <ns3:hr>104</ns3:hr>
          </ns3:TrackPointExtension>
        </extensions>
      </trkpt>
      <trkpt lat="23.19075138308107852935791015625" lon="113.42507083900272846221923828125">
        <ele>30.6000003814697265625</ele>
        <time>2024-07-24T22:30:30.000Z</time>
        <extensions>
          <ns3:TrackPointExtension>
            <ns3:hr>103</ns3:hr>
          </ns3:TrackPointExtension>
        </extensions>
      </trkpt>
      <trkpt lat="23.19076512940227985382080078125" lon="113.42504820786416530609130859375">
        <ele>31</ele>
        <time>2024-07-24T22:30:31.000Z</time>
        <extensions>
          <ns3:TrackPointExtension>
            <ns3:hr>103</ns3:hr>
          </ns3:TrackPointExtension>
        </extensions>
      </trkpt>
      <trkpt lat="23.19077543914318084716796875" lon="113.425024487078189849853515625">
        <ele>31.200000762939453125</ele>
        <time>2024-07-24T22:30:32.000Z</time>
        <extensions>
          <ns3:TrackPointExtension>
            <ns3:hr>103</ns3:hr>
          </ns3:TrackPointExtension>
        </extensions>
      </trkpt>
      <trkpt lat="23.1907796300947666168212890625" lon="113.42500143684446811676025390625">
        <ele>31.3999996185302734375</ele>
        <time>2024-07-24T22:30:33.000Z</time>
        <extensions>
          <ns3:TrackPointExtension>
            <ns3:hr>103</ns3:hr>
          </ns3:TrackPointExtension>
        </extensions>
      </trkpt>
      <trkpt lat="23.19077669642865657806396484375" lon="113.42498081736266613006591796875">
        <ele>31.6000003814697265625</ele>
        <time>2024-07-24T22:30:34.000Z</time>
        <extensions>
          <ns3:TrackPointExtension>
            <ns3:hr>103</ns3:hr>
          </ns3:TrackPointExtension>
        </extensions>
      </trkpt>
      <trkpt lat="23.1907658837735652923583984375" lon="113.424962796270847320556640625">
        <ele>31.6000003814697265625</ele>
        <time>2024-07-24T22:30:35.000Z</time>
        <extensions>
          <ns3:TrackPointExtension>
            <ns3:hr>102</ns3:hr>
          </ns3:TrackPointExtension>
        </extensions>
      </trkpt>
      <trkpt lat="23.19074920378625392913818359375" lon="113.42494846321642398834228515625">
        <ele>31.6000003814697265625</ele>
        <time>2024-07-24T22:30:36.000Z</time>
        <extensions>
          <ns3:TrackPointExtension>
            <ns3:hr>100</ns3:hr>
          </ns3:TrackPointExtension>
        </extensions>
      </trkpt>
      <trkpt lat="23.19072850048542022705078125" lon="113.42494091950356960296630859375">
        <ele>31.3999996185302734375</ele>
        <time>2024-07-24T22:30:37.000Z</time>
        <extensions>
          <ns3:TrackPointExtension>
            <ns3:hr>99</ns3:hr>
          </ns3:TrackPointExtension>
        </extensions>
      </trkpt>
      <trkpt lat="23.1907038576900959014892578125" lon="113.424939326941967010498046875">
        <ele>31.200000762939453125</ele>
        <time>2024-07-24T22:30:38.000Z</time>
        <extensions>
          <ns3:TrackPointExtension>
            <ns3:hr>98</ns3:hr>
          </ns3:TrackPointExtension>
        </extensions>
      </trkpt>
      <trkpt lat="23.190657757222652435302734375" lon="113.4249369800090789794921875">
        <ele>31</ele>
        <time>2024-07-24T22:30:39.000Z</time>
        <extensions>
          <ns3:TrackPointExtension>
            <ns3:hr>98</ns3:hr>
          </ns3:TrackPointExtension>
        </extensions>
      </trkpt>
      <trkpt lat="23.19062313996255397796630859375" lon="113.42493320815265178680419921875">
        <ele>30.6000003814697265625</ele>
        <time>2024-07-24T22:30:40.000Z</time>
        <extensions>
          <ns3:TrackPointExtension>
            <ns3:hr>97</ns3:hr>
          </ns3:TrackPointExtension>
        </extensions>
      </trkpt>
      <trkpt lat="23.19059128873050212860107421875" lon="113.42493102885782718658447265625">
        <ele>30.3999996185302734375</ele>
        <time>2024-07-24T22:30:41.000Z</time>
        <extensions>
          <ns3:TrackPointExtension>
            <ns3:hr>97</ns3:hr>
          </ns3:TrackPointExtension>
        </extensions>
      </trkpt>
      <trkpt lat="23.190561197698116302490234375" lon="113.424929268658161163330078125">
        <ele>30</ele>
        <time>2024-07-24T22:30:42.000Z</time>
        <extensions>
          <ns3:TrackPointExtension>
            <ns3:hr>95</ns3:hr>
          </ns3:TrackPointExtension>
        </extensions>
      </trkpt>
      <trkpt lat="23.19053345359861850738525390625" lon="113.4249270893633365631103515625">
        <ele>29.799999237060546875</ele>
        <time>2024-07-24T22:30:43.000Z</time>
        <extensions>
          <ns3:TrackPointExtension>
            <ns3:hr>94</ns3:hr>
          </ns3:TrackPointExtension>
        </extensions>
      </trkpt>
      <trkpt lat="23.19050663150846958160400390625" lon="113.424924910068511962890625">
        <ele>29.3999996185302734375</ele>
        <time>2024-07-24T22:30:44.000Z</time>
        <extensions>
          <ns3:TrackPointExtension>
            <ns3:hr>93</ns3:hr>
          </ns3:TrackPointExtension>
        </extensions>
      </trkpt>
      <trkpt lat="23.19047880358994007110595703125" lon="113.4249217249453067779541015625">
        <ele>29.200000762939453125</ele>
        <time>2024-07-24T22:30:45.000Z</time>
        <extensions>
          <ns3:TrackPointExtension>
            <ns3:hr>93</ns3:hr>
          </ns3:TrackPointExtension>
        </extensions>
      </trkpt>
      <trkpt lat="23.1904487125575542449951171875" lon="113.42491686344146728515625">
        <ele>29</ele>
        <time>2024-07-24T22:30:46.000Z</time>
        <extensions>
          <ns3:TrackPointExtension>
            <ns3:hr>93</ns3:hr>
          </ns3:TrackPointExtension>
        </extensions>
      </trkpt>
      <trkpt lat="23.19041560404002666473388671875" lon="113.4249109961092472076416015625">
        <ele>28.6000003814697265625</ele>
        <time>2024-07-24T22:30:47.000Z</time>
        <extensions>
          <ns3:TrackPointExtension>
            <ns3:hr>94</ns3:hr>
          </ns3:TrackPointExtension>
        </extensions>
      </trkpt>
      <trkpt lat="23.19038115441799163818359375" lon="113.4249032847583293914794921875">
        <ele>28.3999996185302734375</ele>
        <time>2024-07-24T22:30:48.000Z</time>
        <extensions>
          <ns3:TrackPointExtension>
            <ns3:hr>96</ns3:hr>
          </ns3:TrackPointExtension>
        </extensions>
      </trkpt>
      <trkpt lat="23.190346620976924896240234375" lon="113.424893729388713836669921875">
        <ele>28</ele>
        <time>2024-07-24T22:30:49.000Z</time>
        <extensions>
          <ns3:TrackPointExtension>
            <ns3:hr>96</ns3:hr>
          </ns3:TrackPointExtension>
        </extensions>
      </trkpt>
      <trkpt lat="23.19031141698360443115234375" lon="113.42488409020006656646728515625">
        <ele>27.6000003814697265625</ele>
        <time>2024-07-24T22:30:50.000Z</time>
        <extensions>
          <ns3:TrackPointExtension>
            <ns3:hr>97</ns3:hr>
          </ns3:TrackPointExtension>
        </extensions>
      </trkpt>
      <trkpt lat="23.19027721881866455078125" lon="113.424874283373355865478515625">
        <ele>27.200000762939453125</ele>
        <time>2024-07-24T22:30:51.000Z</time>
        <extensions>
          <ns3:TrackPointExtension>
            <ns3:hr>99</ns3:hr>
          </ns3:TrackPointExtension>
        </extensions>
      </trkpt>
      <trkpt lat="23.19024427793920040130615234375" lon="113.42486380599439144134521484375">
        <ele>26.799999237060546875</ele>
        <time>2024-07-24T22:30:52.000Z</time>
        <extensions>
          <ns3:TrackPointExtension>
            <ns3:hr>100</ns3:hr>
          </ns3:TrackPointExtension>
        </extensions>
      </trkpt>
      <trkpt lat="23.19021284580230712890625" lon="113.42485324479639530181884765625">
        <ele>26.799999237060546875</ele>
        <time>2024-07-24T22:30:53.000Z</time>
        <extensions>
          <ns3:TrackPointExtension>
            <ns3:hr>100</ns3:hr>
          </ns3:TrackPointExtension>
        </extensions>
      </trkpt>
      <trkpt lat="23.1901814974844455718994140625" lon="113.4248436056077480316162109375">
        <ele>26.799999237060546875</ele>
        <time>2024-07-24T22:30:54.000Z</time>
        <extensions>
          <ns3:TrackPointExtension>
            <ns3:hr>100</ns3:hr>
          </ns3:TrackPointExtension>
        </extensions>
      </trkpt>
      <trkpt lat="23.190151490271091461181640625" lon="113.42483581043779850006103515625">
        <ele>27</ele>
        <time>2024-07-24T22:30:55.000Z</time>
        <extensions>
          <ns3:TrackPointExtension>
            <ns3:hr>100</ns3:hr>
          </ns3:TrackPointExtension>
        </extensions>
      </trkpt>
      <trkpt lat="23.19012098014354705810546875" lon="113.42482960782945156097412109375">
        <ele>27</ele>
        <time>2024-07-24T22:30:56.000Z</time>
        <extensions>
          <ns3:TrackPointExtension>
            <ns3:hr>99</ns3:hr>
          </ns3:TrackPointExtension>
        </extensions>
      </trkpt>
      <trkpt lat="23.19009055383503437042236328125" lon="113.42482441104948520660400390625">
        <ele>27</ele>
        <time>2024-07-24T22:30:57.000Z</time>
        <extensions>
          <ns3:TrackPointExtension>
            <ns3:hr>98</ns3:hr>
          </ns3:TrackPointExtension>
        </extensions>
      </trkpt>
      <trkpt lat="23.19006004370748996734619140625" lon="113.42481921426951885223388671875">
        <ele>26.799999237060546875</ele>
        <time>2024-07-24T22:30:58.000Z</time>
        <extensions>
          <ns3:TrackPointExtension>
            <ns3:hr>97</ns3:hr>
          </ns3:TrackPointExtension>
        </extensions>
      </trkpt>
      <trkpt lat="23.190028108656406402587890625" lon="113.42481552623212337493896484375">
        <ele>26.799999237060546875</ele>
        <time>2024-07-24T22:30:59.000Z</time>
        <extensions>
          <ns3:TrackPointExtension>
            <ns3:hr>97</ns3:hr>
          </ns3:TrackPointExtension>
        </extensions>
      </trkpt>
      <trkpt lat="23.189996592700481414794921875" lon="113.42481100000441074371337890625">
        <ele>26.799999237060546875</ele>
        <time>2024-07-24T22:31:00.000Z</time>
        <extensions>
          <ns3:TrackPointExtension>
            <ns3:hr>97</ns3:hr>
          </ns3:TrackPointExtension>
        </extensions>
      </trkpt>
      <trkpt lat="23.1899659149348735809326171875" lon="113.42480362392961978912353515625">
        <ele>26.799999237060546875</ele>
        <time>2024-07-24T22:31:01.000Z</time>
        <extensions>
          <ns3:TrackPointExtension>
            <ns3:hr>98</ns3:hr>
          </ns3:TrackPointExtension>
        </extensions>
      </trkpt>
      <trkpt lat="23.189934901893138885498046875" lon="113.4247933141887187957763671875">
        <ele>27</ele>
        <time>2024-07-24T22:31:02.000Z</time>
        <extensions>
          <ns3:TrackPointExtension>
            <ns3:hr>101</ns3:hr>
          </ns3:TrackPointExtension>
        </extensions>
      </trkpt>
      <trkpt lat="23.1899042241275310516357421875" lon="113.4247812442481517791748046875">
        <ele>27.3999996185302734375</ele>
        <time>2024-07-24T22:31:03.000Z</time>
        <extensions>
          <ns3:TrackPointExtension>
            <ns3:hr>102</ns3:hr>
          </ns3:TrackPointExtension>
        </extensions>
      </trkpt>
      <trkpt lat="23.189874552190303802490234375" lon="113.4247674979269504547119140625">
        <ele>28</ele>
        <time>2024-07-24T22:31:04.000Z</time>
        <extensions>
          <ns3:TrackPointExtension>
            <ns3:hr>102</ns3:hr>
          </ns3:TrackPointExtension>
        </extensions>
      </trkpt>
      <trkpt lat="23.18984563462436199188232421875" lon="113.42475484125316143035888671875">
        <ele>28.3999996185302734375</ele>
        <time>2024-07-24T22:31:05.000Z</time>
        <extensions>
          <ns3:TrackPointExtension>
            <ns3:hr>102</ns3:hr>
          </ns3:TrackPointExtension>
        </extensions>
      </trkpt>
      <trkpt lat="23.18981713615357875823974609375" lon="113.4247426874935626983642578125">
        <ele>28.799999237060546875</ele>
        <time>2024-07-24T22:31:06.000Z</time>
        <extensions>
          <ns3:TrackPointExtension>
            <ns3:hr>102</ns3:hr>
          </ns3:TrackPointExtension>
        </extensions>
      </trkpt>
      <trkpt lat="23.1897898949682712554931640625" lon="113.42473086901009082794189453125">
        <ele>29.200000762939453125</ele>
        <time>2024-07-24T22:31:07.000Z</time>
        <extensions>
          <ns3:TrackPointExtension>
            <ns3:hr>102</ns3:hr>
          </ns3:TrackPointExtension>
        </extensions>
      </trkpt>
      <trkpt lat="23.1897634081542491912841796875" lon="113.42471930198371410369873046875">
        <ele>29.6000003814697265625</ele>
        <time>2024-07-24T22:31:08.000Z</time>
        <extensions>
          <ns3:TrackPointExtension>
            <ns3:hr>101</ns3:hr>
          </ns3:TrackPointExtension>
        </extensions>
      </trkpt>
      <trkpt lat="23.18973633460700511932373046875" lon="113.42470698058605194091796875">
        <ele>30.200000762939453125</ele>
        <time>2024-07-24T22:31:09.000Z</time>
        <extensions>
          <ns3:TrackPointExtension>
            <ns3:hr>100</ns3:hr>
          </ns3:TrackPointExtension>
        </extensions>
      </trkpt>
      <trkpt lat="23.18970733322203159332275390625" lon="113.42469549737870693206787109375">
        <ele>30.6000003814697265625</ele>
        <time>2024-07-24T22:31:10.000Z</time>
        <extensions>
          <ns3:TrackPointExtension>
            <ns3:hr>101</ns3:hr>
          </ns3:TrackPointExtension>
        </extensions>
      </trkpt>
      <trkpt lat="23.18967632018029689788818359375" lon="113.42468284070491790771484375">
        <ele>30.799999237060546875</ele>
        <time>2024-07-24T22:31:11.000Z</time>
        <extensions>
          <ns3:TrackPointExtension>
            <ns3:hr>101</ns3:hr>
          </ns3:TrackPointExtension>
        </extensions>
      </trkpt>
      <trkpt lat="23.189643882215023040771484375" lon="113.424668423831462860107421875">
        <ele>31</ele>
        <time>2024-07-24T22:31:12.000Z</time>
        <extensions>
          <ns3:TrackPointExtension>
            <ns3:hr>102</ns3:hr>
          </ns3:TrackPointExtension>
        </extensions>
      </trkpt>
      <trkpt lat="23.18961144424974918365478515625" lon="113.42465140856802463531494140625">
        <ele>31</ele>
        <time>2024-07-24T22:31:13.000Z</time>
        <extensions>
          <ns3:TrackPointExtension>
            <ns3:hr>102</ns3:hr>
          </ns3:TrackPointExtension>
        </extensions>
      </trkpt>
      <trkpt lat="23.18958478979766368865966796875" lon="113.42462827451527118682861328125">
        <ele>31.6000003814697265625</ele>
        <time>2024-07-24T22:31:14.000Z</time>
        <extensions>
          <ns3:TrackPointExtension>
            <ns3:hr>102</ns3:hr>
          </ns3:TrackPointExtension>
        </extensions>
      </trkpt>
      <trkpt lat="23.1895622424781322479248046875" lon="113.4246017038822174072265625">
        <ele>32.200000762939453125</ele>
        <time>2024-07-24T22:31:15.000Z</time>
        <extensions>
          <ns3:TrackPointExtension>
            <ns3:hr>102</ns3:hr>
          </ns3:TrackPointExtension>
        </extensions>
      </trkpt>
      <trkpt lat="23.1895407848060131072998046875" lon="113.42457613907754421234130859375">
        <ele>32.799999237060546875</ele>
        <time>2024-07-24T22:31:16.000Z</time>
        <extensions>
          <ns3:TrackPointExtension>
            <ns3:hr>103</ns3:hr>
          </ns3:TrackPointExtension>
        </extensions>
      </trkpt>
      <trkpt lat="23.1895166449248790740966796875" lon="113.42455350793898105621337890625">
        <ele>33.200000762939453125</ele>
        <time>2024-07-24T22:31:17.000Z</time>
        <extensions>
          <ns3:TrackPointExtension>
            <ns3:hr>103</ns3:hr>
          </ns3:TrackPointExtension>
        </extensions>
      </trkpt>
      <trkpt lat="23.18948823027312755584716796875" lon="113.42453439719974994659423828125">
        <ele>33.59999847412109375</ele>
        <time>2024-07-24T22:31:18.000Z</time>
        <extensions>
          <ns3:TrackPointExtension>
            <ns3:hr>103</ns3:hr>
          </ns3:TrackPointExtension>
        </extensions>
      </trkpt>
      <trkpt lat="23.18945772014558315277099609375" lon="113.42451830394566059112548828125">
        <ele>33.59999847412109375</ele>
        <time>2024-07-24T22:31:19.000Z</time>
        <extensions>
          <ns3:TrackPointExtension>
            <ns3:hr>103</ns3:hr>
          </ns3:TrackPointExtension>
        </extensions>
      </trkpt>
      <trkpt lat="23.18942494690418243408203125" lon="113.42450472526252269744873046875">
        <ele>33.40000152587890625</ele>
        <time>2024-07-24T22:31:20.000Z</time>
        <extensions>
          <ns3:TrackPointExtension>
            <ns3:hr>102</ns3:hr>
          </ns3:TrackPointExtension>
        </extensions>
      </trkpt>
      <trkpt lat="23.1893919222056865692138671875" lon="113.42449232004582881927490234375">
        <ele>33</ele>
        <time>2024-07-24T22:31:21.000Z</time>
        <extensions>
          <ns3:TrackPointExtension>
            <ns3:hr>102</ns3:hr>
          </ns3:TrackPointExtension>
        </extensions>
      </trkpt>
      <trkpt lat="23.18935881368815898895263671875" lon="113.42447941191494464874267578125">
        <ele>32.59999847412109375</ele>
        <time>2024-07-24T22:31:22.000Z</time>
        <extensions>
          <ns3:TrackPointExtension>
            <ns3:hr>100</ns3:hr>
          </ns3:TrackPointExtension>
        </extensions>
      </trkpt>
      <trkpt lat="23.189327381551265716552734375" lon="113.424463570117950439453125">
        <ele>32.200000762939453125</ele>
        <time>2024-07-24T22:31:23.000Z</time>
        <extensions>
          <ns3:TrackPointExtension>
            <ns3:hr>100</ns3:hr>
          </ns3:TrackPointExtension>
        </extensions>
      </trkpt>
      <trkpt lat="23.1892970390617847442626953125" lon="113.42444621957838535308837890625">
        <ele>32</ele>
        <time>2024-07-24T22:31:24.000Z</time>
        <extensions>
          <ns3:TrackPointExtension>
            <ns3:hr>100</ns3:hr>
          </ns3:TrackPointExtension>
        </extensions>
      </trkpt>
      <trkpt lat="23.189267031848430633544921875" lon="113.42442811466753482818603515625">
        <ele>31.6000003814697265625</ele>
        <time>2024-07-24T22:31:25.000Z</time>
        <extensions>
          <ns3:TrackPointExtension>
            <ns3:hr>100</ns3:hr>
          </ns3:TrackPointExtension>
        </extensions>
      </trkpt>
      <trkpt lat="23.18923643790185451507568359375" lon="113.4244090877473354339599609375">
        <ele>31.3999996185302734375</ele>
        <time>2024-07-24T22:31:26.000Z</time>
        <extensions>
          <ns3:TrackPointExtension>
            <ns3:hr>100</ns3:hr>
          </ns3:TrackPointExtension>
        </extensions>
      </trkpt>
      <trkpt lat="23.18920659832656383514404296875" lon="113.424388803541660308837890625">
        <ele>31</ele>
        <time>2024-07-24T22:31:27.000Z</time>
        <extensions>
          <ns3:TrackPointExtension>
            <ns3:hr>100</ns3:hr>
          </ns3:TrackPointExtension>
        </extensions>
      </trkpt>
      <trkpt lat="23.18917742930352687835693359375" lon="113.4243665076792240142822265625">
        <ele>30.799999237060546875</ele>
        <time>2024-07-24T22:31:28.000Z</time>
        <extensions>
          <ns3:TrackPointExtension>
            <ns3:hr>100</ns3:hr>
          </ns3:TrackPointExtension>
        </extensions>
      </trkpt>
      <trkpt lat="23.18914826028048992156982421875" lon="113.42434328980743885040283203125">
        <ele>30.6000003814697265625</ele>
        <time>2024-07-24T22:31:29.000Z</time>
        <extensions>
          <ns3:TrackPointExtension>
            <ns3:hr>101</ns3:hr>
          </ns3:TrackPointExtension>
        </extensions>
      </trkpt>
      <trkpt lat="23.18911992944777011871337890625" lon="113.42431847937405109405517578125">
        <ele>30.3999996185302734375</ele>
        <time>2024-07-24T22:31:30.000Z</time>
        <extensions>
          <ns3:TrackPointExtension>
            <ns3:hr>101</ns3:hr>
          </ns3:TrackPointExtension>
        </extensions>
      </trkpt>
      <trkpt lat="23.1890905089676380157470703125" lon="113.42429392039775848388671875">
        <ele>30.3999996185302734375</ele>
        <time>2024-07-24T22:31:31.000Z</time>
        <extensions>
          <ns3:TrackPointExtension>
            <ns3:hr>101</ns3:hr>
          </ns3:TrackPointExtension>
        </extensions>
      </trkpt>
      <trkpt lat="23.1890599988400936126708984375" lon="113.42427053488790988922119140625">
        <ele>30.200000762939453125</ele>
        <time>2024-07-24T22:31:32.000Z</time>
        <extensions>
          <ns3:TrackPointExtension>
            <ns3:hr>101</ns3:hr>
          </ns3:TrackPointExtension>
        </extensions>
      </trkpt>
      <trkpt lat="23.1890313327312469482421875" lon="113.424245975911617279052734375">
        <ele>30.200000762939453125</ele>
        <time>2024-07-24T22:31:33.000Z</time>
        <extensions>
          <ns3:TrackPointExtension>
            <ns3:hr>102</ns3:hr>
          </ns3:TrackPointExtension>
        </extensions>
      </trkpt>
      <trkpt lat="23.1890063546597957611083984375" lon="113.4242193214595317840576171875">
        <ele>30.6000003814697265625</ele>
        <time>2024-07-24T22:31:34.000Z</time>
        <extensions>
          <ns3:TrackPointExtension>
            <ns3:hr>102</ns3:hr>
          </ns3:TrackPointExtension>
        </extensions>
      </trkpt>
      <trkpt lat="23.1889835558831691741943359375" lon="113.4241908229887485504150390625">
        <ele>31.200000762939453125</ele>
        <time>2024-07-24T22:31:35.000Z</time>
        <extensions>
          <ns3:TrackPointExtension>
            <ns3:hr>101</ns3:hr>
          </ns3:TrackPointExtension>
        </extensions>
      </trkpt>
      <trkpt lat="23.18896419368684291839599609375" lon="113.42416190542280673980712890625">
        <ele>31.799999237060546875</ele>
        <time>2024-07-24T22:31:36.000Z</time>
        <extensions>
          <ns3:TrackPointExtension>
            <ns3:hr>101</ns3:hr>
          </ns3:TrackPointExtension>
        </extensions>
      </trkpt>
      <trkpt lat="23.188944160938262939453125" lon="113.42413558624684810638427734375">
        <ele>32.200000762939453125</ele>
        <time>2024-07-24T22:31:37.000Z</time>
        <extensions>
          <ns3:TrackPointExtension>
            <ns3:hr>100</ns3:hr>
          </ns3:TrackPointExtension>
        </extensions>
      </trkpt>
      <trkpt lat="23.18892094306647777557373046875" lon="113.42411044053733348846435546875">
        <ele>32.799999237060546875</ele>
        <time>2024-07-24T22:31:38.000Z</time>
        <extensions>
          <ns3:TrackPointExtension>
            <ns3:hr>99</ns3:hr>
          </ns3:TrackPointExtension>
        </extensions>
      </trkpt>
      <trkpt lat="23.18889428861439228057861328125" lon="113.424085043370723724365234375">
        <ele>33.200000762939453125</ele>
        <time>2024-07-24T22:31:39.000Z</time>
        <extensions>
          <ns3:TrackPointExtension>
            <ns3:hr>99</ns3:hr>
          </ns3:TrackPointExtension>
        </extensions>
      </trkpt>
      <trkpt lat="23.18886562250554561614990234375" lon="113.42405964620411396026611328125">
        <ele>33.59999847412109375</ele>
        <time>2024-07-24T22:31:40.000Z</time>
        <extensions>
          <ns3:TrackPointExtension>
            <ns3:hr>98</ns3:hr>
          </ns3:TrackPointExtension>
        </extensions>
      </trkpt>
      <trkpt lat="23.1888346932828426361083984375" lon="113.4240376017987728118896484375">
        <ele>34</ele>
        <time>2024-07-24T22:31:41.000Z</time>
        <extensions>
          <ns3:TrackPointExtension>
            <ns3:hr>98</ns3:hr>
          </ns3:TrackPointExtension>
        </extensions>
      </trkpt>
      <trkpt lat="23.1888048537075519561767578125" lon="113.424013294279575347900390625">
        <ele>34.59999847412109375</ele>
        <time>2024-07-24T22:31:42.000Z</time>
        <extensions>
          <ns3:TrackPointExtension>
            <ns3:hr>97</ns3:hr>
          </ns3:TrackPointExtension>
        </extensions>
      </trkpt>
      <trkpt lat="23.1887763552367687225341796875" lon="113.4239869751036167144775390625">
        <ele>35.200000762939453125</ele>
        <time>2024-07-24T22:31:43.000Z</time>
        <extensions>
          <ns3:TrackPointExtension>
            <ns3:hr>97</ns3:hr>
          </ns3:TrackPointExtension>
        </extensions>
      </trkpt>
      <trkpt lat="23.18874760530889034271240234375" lon="113.4239594824612140655517578125">
        <ele>36</ele>
        <time>2024-07-24T22:31:44.000Z</time>
        <extensions>
          <ns3:TrackPointExtension>
            <ns3:hr>96</ns3:hr>
          </ns3:TrackPointExtension>
        </extensions>
      </trkpt>
      <trkpt lat="23.1887196935713291168212890625" lon="113.4239313192665576934814453125">
        <ele>36.200000762939453125</ele>
        <time>2024-07-24T22:31:45.000Z</time>
        <extensions>
          <ns3:TrackPointExtension>
            <ns3:hr>96</ns3:hr>
          </ns3:TrackPointExtension>
        </extensions>
      </trkpt>
      <trkpt lat="23.18869245238602161407470703125" lon="113.4239034913480281829833984375">
        <ele>36.40000152587890625</ele>
        <time>2024-07-24T22:31:46.000Z</time>
        <extensions>
          <ns3:TrackPointExtension>
            <ns3:hr>97</ns3:hr>
          </ns3:TrackPointExtension>
        </extensions>
      </trkpt>
      <trkpt lat="23.1886667199432849884033203125" lon="113.42387557961046695709228515625">
        <ele>36.59999847412109375</ele>
        <time>2024-07-24T22:31:47.000Z</time>
        <extensions>
          <ns3:TrackPointExtension>
            <ns3:hr>97</ns3:hr>
          </ns3:TrackPointExtension>
        </extensions>
      </trkpt>
      <trkpt lat="23.18864216096699237823486328125" lon="113.42384808696806430816650390625">
        <ele>36.799999237060546875</ele>
        <time>2024-07-24T22:31:48.000Z</time>
        <extensions>
          <ns3:TrackPointExtension>
            <ns3:hr>97</ns3:hr>
          </ns3:TrackPointExtension>
        </extensions>
      </trkpt>
      <trkpt lat="23.18861751817166805267333984375" lon="113.42382059432566165924072265625">
        <ele>37</ele>
        <time>2024-07-24T22:31:49.000Z</time>
        <extensions>
          <ns3:TrackPointExtension>
            <ns3:hr>97</ns3:hr>
          </ns3:TrackPointExtension>
        </extensions>
      </trkpt>
      <trkpt lat="23.18859572522342205047607421875" lon="113.42379444278776645660400390625">
        <ele>37.200000762939453125</ele>
        <time>2024-07-24T22:31:50.000Z</time>
        <extensions>
          <ns3:TrackPointExtension>
            <ns3:hr>96</ns3:hr>
          </ns3:TrackPointExtension>
        </extensions>
      </trkpt>
      <trkpt lat="23.18857200443744659423828125" lon="113.4237660281360149383544921875">
        <ele>37.40000152587890625</ele>
        <time>2024-07-24T22:31:51.000Z</time>
        <extensions>
          <ns3:TrackPointExtension>
            <ns3:hr>95</ns3:hr>
          </ns3:TrackPointExtension>
        </extensions>
      </trkpt>
      <trkpt lat="23.1885512173175811767578125" lon="113.42373644001781940460205078125">
        <ele>37.59999847412109375</ele>
        <time>2024-07-24T22:31:52.000Z</time>
        <extensions>
          <ns3:TrackPointExtension>
            <ns3:hr>95</ns3:hr>
          </ns3:TrackPointExtension>
        </extensions>
      </trkpt>
      <trkpt lat="23.18853135220706462860107421875" lon="113.4237056784331798553466796875">
        <ele>38</ele>
        <time>2024-07-24T22:31:53.000Z</time>
        <extensions>
          <ns3:TrackPointExtension>
            <ns3:hr>95</ns3:hr>
          </ns3:TrackPointExtension>
        </extensions>
      </trkpt>
      <trkpt lat="23.1885109841823577880859375" lon="113.42367508448660373687744140625">
        <ele>38.200000762939453125</ele>
        <time>2024-07-24T22:31:54.000Z</time>
        <extensions>
          <ns3:TrackPointExtension>
            <ns3:hr>95</ns3:hr>
          </ns3:TrackPointExtension>
        </extensions>
      </trkpt>
      <trkpt lat="23.188488185405731201171875" lon="113.42364474199712276458740234375">
        <ele>38.59999847412109375</ele>
        <time>2024-07-24T22:31:55.000Z</time>
        <extensions>
          <ns3:TrackPointExtension>
            <ns3:hr>96</ns3:hr>
          </ns3:TrackPointExtension>
        </extensions>
      </trkpt>
      <trkpt lat="23.18846530281007289886474609375" lon="113.42361507005989551544189453125">
        <ele>38.799999237060546875</ele>
        <time>2024-07-24T22:31:56.000Z</time>
        <extensions>
          <ns3:TrackPointExtension>
            <ns3:hr>97</ns3:hr>
          </ns3:TrackPointExtension>
        </extensions>
      </trkpt>
      <trkpt lat="23.18844401277601718902587890625" lon="113.423586823046207427978515625">
        <ele>39.200000762939453125</ele>
        <time>2024-07-24T22:31:57.000Z</time>
        <extensions>
          <ns3:TrackPointExtension>
            <ns3:hr>97</ns3:hr>
          </ns3:TrackPointExtension>
        </extensions>
      </trkpt>
      <trkpt lat="23.18842305801808834075927734375" lon="113.42355824075639247894287109375">
        <ele>39.40000152587890625</ele>
        <time>2024-07-24T22:31:58.000Z</time>
        <extensions>
          <ns3:TrackPointExtension>
            <ns3:hr>97</ns3:hr>
          </ns3:TrackPointExtension>
        </extensions>
      </trkpt>
      <trkpt lat="23.1884011812508106231689453125" lon="113.4235283173620700836181640625">
        <ele>39.799999237060546875</ele>
        <time>2024-07-24T22:31:59.000Z</time>
        <extensions>
          <ns3:TrackPointExtension>
            <ns3:hr>96</ns3:hr>
          </ns3:TrackPointExtension>
        </extensions>
      </trkpt>
      <trkpt lat="23.188377879559993743896484375" lon="113.4234988130629062652587890625">
        <ele>40</ele>
        <time>2024-07-24T22:32:00.000Z</time>
        <extensions>
          <ns3:TrackPointExtension>
            <ns3:hr>97</ns3:hr>
          </ns3:TrackPointExtension>
        </extensions>
      </trkpt>
      <trkpt lat="23.18835499696433544158935546875" lon="113.42346603982150554656982421875">
        <ele>40.40000152587890625</ele>
        <time>2024-07-24T22:32:01.000Z</time>
        <extensions>
          <ns3:TrackPointExtension>
            <ns3:hr>97</ns3:hr>
          </ns3:TrackPointExtension>
        </extensions>
      </trkpt>
      <trkpt lat="23.1883351318538188934326171875" lon="113.42343469150364398956298828125">
        <ele>40.799999237060546875</ele>
        <time>2024-07-24T22:32:02.000Z</time>
        <extensions>
          <ns3:TrackPointExtension>
            <ns3:hr>98</ns3:hr>
          </ns3:TrackPointExtension>
        </extensions>
      </trkpt>
      <trkpt lat="23.188316524028778076171875" lon="113.4234035946428775787353515625">
        <ele>41.200000762939453125</ele>
        <time>2024-07-24T22:32:03.000Z</time>
        <extensions>
          <ns3:TrackPointExtension>
            <ns3:hr>99</ns3:hr>
          </ns3:TrackPointExtension>
        </extensions>
      </trkpt>
      <trkpt lat="23.18829833529889583587646484375" lon="113.4233724139630794525146484375">
        <ele>41.40000152587890625</ele>
        <time>2024-07-24T22:32:04.000Z</time>
        <extensions>
          <ns3:TrackPointExtension>
            <ns3:hr>100</ns3:hr>
          </ns3:TrackPointExtension>
        </extensions>
      </trkpt>
      <trkpt lat="23.18827964365482330322265625" lon="113.42334098182618618011474609375">
        <ele>41.59999847412109375</ele>
        <time>2024-07-24T22:32:05.000Z</time>
        <extensions>
          <ns3:TrackPointExtension>
            <ns3:hr>100</ns3:hr>
          </ns3:TrackPointExtension>
        </extensions>
      </trkpt>
      <trkpt lat="23.18826019763946533203125" lon="113.42330996878445148468017578125">
        <ele>41.59999847412109375</ele>
        <time>2024-07-24T22:32:06.000Z</time>
        <extensions>
          <ns3:TrackPointExtension>
            <ns3:hr>101</ns3:hr>
          </ns3:TrackPointExtension>
        </extensions>
      </trkpt>
      <trkpt lat="23.18823865614831447601318359375" lon="113.4232788719236850738525390625">
        <ele>41.799999237060546875</ele>
        <time>2024-07-24T22:32:07.000Z</time>
        <extensions>
          <ns3:TrackPointExtension>
            <ns3:hr>101</ns3:hr>
          </ns3:TrackPointExtension>
        </extensions>
      </trkpt>
      <trkpt lat="23.1882164441049098968505859375" lon="113.423247523605823516845703125">
        <ele>41.799999237060546875</ele>
        <time>2024-07-24T22:32:08.000Z</time>
        <extensions>
          <ns3:TrackPointExtension>
            <ns3:hr>101</ns3:hr>
          </ns3:TrackPointExtension>
        </extensions>
      </trkpt>
      <trkpt lat="23.1881943158805370330810546875" lon="113.423214666545391082763671875">
        <ele>42</ele>
        <time>2024-07-24T22:32:09.000Z</time>
        <extensions>
          <ns3:TrackPointExtension>
            <ns3:hr>102</ns3:hr>
          </ns3:TrackPointExtension>
        </extensions>
      </trkpt>
      <trkpt lat="23.188171684741973876953125" lon="113.42318214476108551025390625">
        <ele>42</ele>
        <time>2024-07-24T22:32:10.000Z</time>
        <extensions>
          <ns3:TrackPointExtension>
            <ns3:hr>104</ns3:hr>
          </ns3:TrackPointExtension>
        </extensions>
      </trkpt>
      <trkpt lat="23.1881493888795375823974609375" lon="113.42314786277711391448974609375">
        <ele>42.200000762939453125</ele>
        <time>2024-07-24T22:32:11.000Z</time>
        <extensions>
          <ns3:TrackPointExtension>
            <ns3:hr>105</ns3:hr>
          </ns3:TrackPointExtension>
        </extensions>
      </trkpt>
      <trkpt lat="23.18812734447419643402099609375" lon="113.42311366461217403411865234375">
        <ele>42.200000762939453125</ele>
        <time>2024-07-24T22:32:12.000Z</time>
        <extensions>
          <ns3:TrackPointExtension>
            <ns3:hr>106</ns3:hr>
          </ns3:TrackPointExtension>
        </extensions>
      </trkpt>
      <trkpt lat="23.1881061382591724395751953125" lon="113.423078544437885284423828125">
        <ele>42</ele>
        <time>2024-07-24T22:32:13.000Z</time>
        <extensions>
          <ns3:TrackPointExtension>
            <ns3:hr>106</ns3:hr>
          </ns3:TrackPointExtension>
        </extensions>
      </trkpt>
      <trkpt lat="23.18808560259640216827392578125" lon="113.4230438433587551116943359375">
        <ele>41.799999237060546875</ele>
        <time>2024-07-24T22:32:14.000Z</time>
        <extensions>
          <ns3:TrackPointExtension>
            <ns3:hr>107</ns3:hr>
          </ns3:TrackPointExtension>
        </extensions>
      </trkpt>
      <trkpt lat="23.1880635581910610198974609375" lon="113.42301039956510066986083984375">
        <ele>41.59999847412109375</ele>
        <time>2024-07-24T22:32:15.000Z</time>
        <extensions>
          <ns3:TrackPointExtension>
            <ns3:hr>107</ns3:hr>
          </ns3:TrackPointExtension>
        </extensions>
      </trkpt>
      <trkpt lat="23.18804134614765644073486328125" lon="113.4229777939617633819580078125">
        <ele>41.200000762939453125</ele>
        <time>2024-07-24T22:32:16.000Z</time>
        <extensions>
          <ns3:TrackPointExtension>
            <ns3:hr>109</ns3:hr>
          </ns3:TrackPointExtension>
        </extensions>
      </trkpt>
      <trkpt lat="23.1880179606378078460693359375" lon="113.42294652946293354034423828125">
        <ele>41</ele>
        <time>2024-07-24T22:32:17.000Z</time>
        <extensions>
          <ns3:TrackPointExtension>
            <ns3:hr>111</ns3:hr>
          </ns3:TrackPointExtension>
        </extensions>
      </trkpt>
      <trkpt lat="23.18799491040408611297607421875" lon="113.4229154326021671295166015625">
        <ele>41</ele>
        <time>2024-07-24T22:32:18.000Z</time>
        <extensions>
          <ns3:TrackPointExtension>
            <ns3:hr>112</ns3:hr>
          </ns3:TrackPointExtension>
        </extensions>
      </trkpt>
      <trkpt lat="23.18797194398939609527587890625" lon="113.4228822402656078338623046875">
        <ele>41</ele>
        <time>2024-07-24T22:32:19.000Z</time>
        <extensions>
          <ns3:TrackPointExtension>
            <ns3:hr>112</ns3:hr>
          </ns3:TrackPointExtension>
        </extensions>
      </trkpt>
      <trkpt lat="23.18794998340308666229248046875" lon="113.422847874462604522705078125">
        <ele>41</ele>
        <time>2024-07-24T22:32:20.000Z</time>
        <extensions>
          <ns3:TrackPointExtension>
            <ns3:hr>113</ns3:hr>
          </ns3:TrackPointExtension>
        </extensions>
      </trkpt>
      <trkpt lat="23.18792969919741153717041015625" lon="113.422813005745410919189453125">
        <ele>41.40000152587890625</ele>
        <time>2024-07-24T22:32:21.000Z</time>
        <extensions>
          <ns3:TrackPointExtension>
            <ns3:hr>113</ns3:hr>
          </ns3:TrackPointExtension>
        </extensions>
      </trkpt>
      <trkpt lat="23.18790991790592670440673828125" lon="113.42277847230434417724609375">
        <ele>42</ele>
        <time>2024-07-24T22:32:22.000Z</time>
        <extensions>
          <ns3:TrackPointExtension>
            <ns3:hr>114</ns3:hr>
          </ns3:TrackPointExtension>
        </extensions>
      </trkpt>
      <trkpt lat="23.1878888793289661407470703125" lon="113.42274586670100688934326171875">
        <ele>42.40000152587890625</ele>
        <time>2024-07-24T22:32:23.000Z</time>
        <extensions>
          <ns3:TrackPointExtension>
            <ns3:hr>114</ns3:hr>
          </ns3:TrackPointExtension>
        </extensions>
      </trkpt>
      <trkpt lat="23.18786683492362499237060546875" lon="113.42271653003990650177001953125">
        <ele>42.799999237060546875</ele>
        <time>2024-07-24T22:32:24.000Z</time>
        <extensions>
          <ns3:TrackPointExtension>
            <ns3:hr>115</ns3:hr>
          </ns3:TrackPointExtension>
        </extensions>
      </trkpt>
      <trkpt lat="23.18784453906118869781494140625" lon="113.422688283026218414306640625">
        <ele>43.200000762939453125</ele>
        <time>2024-07-24T22:32:25.000Z</time>
        <extensions>
          <ns3:TrackPointExtension>
            <ns3:hr>115</ns3:hr>
          </ns3:TrackPointExtension>
        </extensions>
      </trkpt>
      <trkpt lat="23.1878224946558475494384765625" lon="113.4226597845554351806640625">
        <ele>43.59999847412109375</ele>
        <time>2024-07-24T22:32:26.000Z</time>
        <extensions>
          <ns3:TrackPointExtension>
            <ns3:hr>116</ns3:hr>
          </ns3:TrackPointExtension>
        </extensions>
      </trkpt>
      <trkpt lat="23.18780061788856983184814453125" lon="113.42262868769466876983642578125">
        <ele>44.200000762939453125</ele>
        <time>2024-07-24T22:32:27.000Z</time>
        <extensions>
          <ns3:TrackPointExtension>
            <ns3:hr>116</ns3:hr>
          </ns3:TrackPointExtension>
        </extensions>
      </trkpt>
      <trkpt lat="23.18777882494032382965087890625" lon="113.42259616591036319732666015625">
        <ele>44.59999847412109375</ele>
        <time>2024-07-24T22:32:28.000Z</time>
        <extensions>
          <ns3:TrackPointExtension>
            <ns3:hr>116</ns3:hr>
          </ns3:TrackPointExtension>
        </extensions>
      </trkpt>
      <trkpt lat="23.1877577863633632659912109375" lon="113.4225623868405818939208984375">
        <ele>45</ele>
        <time>2024-07-24T22:32:29.000Z</time>
        <extensions>
          <ns3:TrackPointExtension>
            <ns3:hr>116</ns3:hr>
          </ns3:TrackPointExtension>
        </extensions>
      </trkpt>
      <trkpt lat="23.18773540668189525604248046875" lon="113.4225285239517688751220703125">
        <ele>45.40000152587890625</ele>
        <time>2024-07-24T22:32:30.000Z</time>
        <extensions>
          <ns3:TrackPointExtension>
            <ns3:hr>115</ns3:hr>
          </ns3:TrackPointExtension>
        </extensions>
      </trkpt>
      <trkpt lat="23.18771495483815670013427734375" lon="113.4224934875965118408203125">
        <ele>45.40000152587890625</ele>
        <time>2024-07-24T22:32:31.000Z</time>
        <extensions>
          <ns3:TrackPointExtension>
            <ns3:hr>115</ns3:hr>
          </ns3:TrackPointExtension>
        </extensions>
      </trkpt>
      <trkpt lat="23.18769500590860843658447265625" lon="113.42245752923190593719482421875">
        <ele>45.40000152587890625</ele>
        <time>2024-07-24T22:32:32.000Z</time>
        <extensions>
          <ns3:TrackPointExtension>
            <ns3:hr>115</ns3:hr>
          </ns3:TrackPointExtension>
        </extensions>
      </trkpt>
      <trkpt lat="23.18767522461712360382080078125" lon="113.4224212355911731719970703125">
        <ele>45.40000152587890625</ele>
        <time>2024-07-24T22:32:33.000Z</time>
        <extensions>
          <ns3:TrackPointExtension>
            <ns3:hr>114</ns3:hr>
          </ns3:TrackPointExtension>
        </extensions>
      </trkpt>
      <trkpt lat="23.18765410222113132476806640625" lon="113.422384522855281829833984375">
        <ele>45.40000152587890625</ele>
        <time>2024-07-24T22:32:34.000Z</time>
        <extensions>
          <ns3:TrackPointExtension>
            <ns3:hr>114</ns3:hr>
          </ns3:TrackPointExtension>
        </extensions>
      </trkpt>
      <trkpt lat="23.18763256072998046875" lon="113.42234906740486621856689453125">
        <ele>45.40000152587890625</ele>
        <time>2024-07-24T22:32:35.000Z</time>
        <extensions>
          <ns3:TrackPointExtension>
            <ns3:hr>114</ns3:hr>
          </ns3:TrackPointExtension>
        </extensions>
      </trkpt>
      <trkpt lat="23.18761135451495647430419921875" lon="113.422312773764133453369140625">
        <ele>45.59999847412109375</ele>
        <time>2024-07-24T22:32:36.000Z</time>
        <extensions>
          <ns3:TrackPointExtension>
            <ns3:hr>114</ns3:hr>
          </ns3:TrackPointExtension>
        </extensions>
      </trkpt>
      <trkpt lat="23.1875894777476787567138671875" lon="113.422272540628910064697265625">
        <ele>45.59999847412109375</ele>
        <time>2024-07-24T22:32:37.000Z</time>
        <extensions>
          <ns3:TrackPointExtension>
            <ns3:hr>115</ns3:hr>
          </ns3:TrackPointExtension>
        </extensions>
      </trkpt>
      <trkpt lat="23.1875707022845745086669921875" lon="113.42223373241722583770751953125">
        <ele>45.59999847412109375</ele>
        <time>2024-07-24T22:32:38.000Z</time>
        <extensions>
          <ns3:TrackPointExtension>
            <ns3:hr>115</ns3:hr>
          </ns3:TrackPointExtension>
        </extensions>
      </trkpt>
      <trkpt lat="23.18755150772631168365478515625" lon="113.42219551093876361846923828125">
        <ele>45.59999847412109375</ele>
        <time>2024-07-24T22:32:39.000Z</time>
        <extensions>
          <ns3:TrackPointExtension>
            <ns3:hr>116</ns3:hr>
          </ns3:TrackPointExtension>
        </extensions>
      </trkpt>
      <trkpt lat="23.1875287927687168121337890625" lon="113.42215494252741336822509765625">
        <ele>45.799999237060546875</ele>
        <time>2024-07-24T22:32:40.000Z</time>
        <extensions>
          <ns3:TrackPointExtension>
            <ns3:hr>118</ns3:hr>
          </ns3:TrackPointExtension>
        </extensions>
      </trkpt>
      <trkpt lat="23.18750574253499507904052734375" lon="113.42211772687733173370361328125">
        <ele>45.799999237060546875</ele>
        <time>2024-07-24T22:32:41.000Z</time>
        <extensions>
          <ns3:TrackPointExtension>
            <ns3:hr>118</ns3:hr>
          </ns3:TrackPointExtension>
        </extensions>
      </trkpt>
      <trkpt lat="23.18747992627322673797607421875" lon="113.42207841575145721435546875">
        <ele>45.59999847412109375</ele>
        <time>2024-07-24T22:32:42.000Z</time>
        <extensions>
          <ns3:TrackPointExtension>
            <ns3:hr>119</ns3:hr>
          </ns3:TrackPointExtension>
        </extensions>
      </trkpt>
      <trkpt lat="23.18745620548725128173828125" lon="113.42203893698751926422119140625">
        <ele>45.59999847412109375</ele>
        <time>2024-07-24T22:32:43.000Z</time>
        <extensions>
          <ns3:TrackPointExtension>
            <ns3:hr>120</ns3:hr>
          </ns3:TrackPointExtension>
        </extensions>
      </trkpt>
      <trkpt lat="23.18743499927222728729248046875" lon="113.42199929058551788330078125">
        <ele>45.59999847412109375</ele>
        <time>2024-07-24T22:32:44.000Z</time>
        <extensions>
          <ns3:TrackPointExtension>
            <ns3:hr>120</ns3:hr>
          </ns3:TrackPointExtension>
        </extensions>
      </trkpt>
      <trkpt lat="23.1874161399900913238525390625" lon="113.42196442186832427978515625">
        <ele>45.40000152587890625</ele>
        <time>2024-07-24T22:32:45.000Z</time>
        <extensions>
          <ns3:TrackPointExtension>
            <ns3:hr>121</ns3:hr>
          </ns3:TrackPointExtension>
        </extensions>
      </trkpt>
      <trkpt lat="23.18739610724151134490966796875" lon="113.4219275414943695068359375">
        <ele>45</ele>
        <time>2024-07-24T22:32:46.000Z</time>
        <extensions>
          <ns3:TrackPointExtension>
            <ns3:hr>121</ns3:hr>
          </ns3:TrackPointExtension>
        </extensions>
      </trkpt>
      <trkpt lat="23.18737842142581939697265625" lon="113.4218928404152393341064453125">
        <ele>44.59999847412109375</ele>
        <time>2024-07-24T22:32:47.000Z</time>
        <extensions>
          <ns3:TrackPointExtension>
            <ns3:hr>121</ns3:hr>
          </ns3:TrackPointExtension>
        </extensions>
      </trkpt>
      <trkpt lat="23.187361657619476318359375" lon="113.4218578040599822998046875">
        <ele>44.200000762939453125</ele>
        <time>2024-07-24T22:32:48.000Z</time>
        <extensions>
          <ns3:TrackPointExtension>
            <ns3:hr>122</ns3:hr>
          </ns3:TrackPointExtension>
        </extensions>
      </trkpt>
      <trkpt lat="23.187344558537006378173828125" lon="113.42182151041924953460693359375">
        <ele>43.799999237060546875</ele>
        <time>2024-07-24T22:32:49.000Z</time>
        <extensions>
          <ns3:TrackPointExtension>
            <ns3:hr>122</ns3:hr>
          </ns3:TrackPointExtension>
        </extensions>
      </trkpt>
      <trkpt lat="23.1873256154358386993408203125" lon="113.42178412713110446929931640625">
        <ele>43.40000152587890625</ele>
        <time>2024-07-24T22:32:50.000Z</time>
        <extensions>
          <ns3:TrackPointExtension>
            <ns3:hr>122</ns3:hr>
          </ns3:TrackPointExtension>
        </extensions>
      </trkpt>
      <trkpt lat="23.18730466067790985107421875" lon="113.42174607329070568084716796875">
        <ele>43</ele>
        <time>2024-07-24T22:32:51.000Z</time>
        <extensions>
          <ns3:TrackPointExtension>
            <ns3:hr>122</ns3:hr>
          </ns3:TrackPointExtension>
        </extensions>
      </trkpt>
      <trkpt lat="23.18728161044418811798095703125" lon="113.4217040799558162689208984375">
        <ele>42.59999847412109375</ele>
        <time>2024-07-24T22:32:52.000Z</time>
        <extensions>
          <ns3:TrackPointExtension>
            <ns3:hr>122</ns3:hr>
          </ns3:TrackPointExtension>
        </extensions>
      </trkpt>
      <trkpt lat="23.1872578896582126617431640625" lon="113.42166309244930744171142578125">
        <ele>42.40000152587890625</ele>
        <time>2024-07-24T22:32:53.000Z</time>
        <extensions>
          <ns3:TrackPointExtension>
            <ns3:hr>122</ns3:hr>
          </ns3:TrackPointExtension>
        </extensions>
      </trkpt>
      <trkpt lat="23.1872360967099666595458984375" lon="113.42162151820957660675048828125">
        <ele>42</ele>
        <time>2024-07-24T22:32:54.000Z</time>
        <extensions>
          <ns3:TrackPointExtension>
            <ns3:hr>124</ns3:hr>
          </ns3:TrackPointExtension>
        </extensions>
      </trkpt>
      <trkpt lat="23.18721857853233814239501953125" lon="113.4215815365314483642578125">
        <ele>41.799999237060546875</ele>
        <time>2024-07-24T22:32:55.000Z</time>
        <extensions>
          <ns3:TrackPointExtension>
            <ns3:hr>124</ns3:hr>
          </ns3:TrackPointExtension>
        </extensions>
      </trkpt>
      <trkpt lat="23.187201730906963348388671875" lon="113.42153820209205150604248046875">
        <ele>41.40000152587890625</ele>
        <time>2024-07-24T22:32:56.000Z</time>
        <extensions>
          <ns3:TrackPointExtension>
            <ns3:hr>124</ns3:hr>
          </ns3:TrackPointExtension>
        </extensions>
      </trkpt>
      <trkpt lat="23.18718639202415943145751953125" lon="113.4214935265481472015380859375">
        <ele>41.200000762939453125</ele>
        <time>2024-07-24T22:32:57.000Z</time>
        <extensions>
          <ns3:TrackPointExtension>
            <ns3:hr>124</ns3:hr>
          </ns3:TrackPointExtension>
        </extensions>
      </trkpt>
      <trkpt lat="23.18717163987457752227783203125" lon="113.42145203612744808197021484375">
        <ele>41</ele>
        <time>2024-07-24T22:32:58.000Z</time>
        <extensions>
          <ns3:TrackPointExtension>
            <ns3:hr>125</ns3:hr>
          </ns3:TrackPointExtension>
        </extensions>
      </trkpt>
      <trkpt lat="23.18715370260179042816162109375" lon="113.4214093722403049468994140625">
        <ele>42.200000762939453125</ele>
        <time>2024-07-24T22:32:59.000Z</time>
        <extensions>
          <ns3:TrackPointExtension>
            <ns3:hr>125</ns3:hr>
          </ns3:TrackPointExtension>
        </extensions>
      </trkpt>
      <trkpt lat="23.18713492713868618011474609375" lon="113.42136251740157604217529296875">
        <ele>43.59999847412109375</ele>
        <time>2024-07-24T22:33:00.000Z</time>
        <extensions>
          <ns3:TrackPointExtension>
            <ns3:hr>125</ns3:hr>
          </ns3:TrackPointExtension>
        </extensions>
      </trkpt>
      <trkpt lat="23.1871167384088039398193359375" lon="113.4213108010590076446533203125">
        <ele>44.799999237060546875</ele>
        <time>2024-07-24T22:33:01.000Z</time>
        <extensions>
          <ns3:TrackPointExtension>
            <ns3:hr>127</ns3:hr>
          </ns3:TrackPointExtension>
        </extensions>
      </trkpt>
      <trkpt lat="23.1870972923934459686279296875" lon="113.42125120572745800018310546875">
        <ele>46.40000152587890625</ele>
        <time>2024-07-24T22:33:02.000Z</time>
        <extensions>
          <ns3:TrackPointExtension>
            <ns3:hr>128</ns3:hr>
          </ns3:TrackPointExtension>
        </extensions>
      </trkpt>
      <trkpt lat="23.1870741583406925201416015625" lon="113.42116956599056720733642578125">
        <ele>48.40000152587890625</ele>
        <time>2024-07-24T22:33:03.000Z</time>
        <extensions>
          <ns3:TrackPointExtension>
            <ns3:hr>129</ns3:hr>
          </ns3:TrackPointExtension>
        </extensions>
      </trkpt>
      <trkpt lat="23.1870577298104763031005859375" lon="113.42110452242195606231689453125">
        <ele>48.799999237060546875</ele>
        <time>2024-07-24T22:33:04.000Z</time>
        <extensions>
          <ns3:TrackPointExtension>
            <ns3:hr>130</ns3:hr>
          </ns3:TrackPointExtension>
        </extensions>
      </trkpt>
      <trkpt lat="23.18703954108059406280517578125" lon="113.42103612609207630157470703125">
        <ele>49</ele>
        <time>2024-07-24T22:33:05.000Z</time>
        <extensions>
          <ns3:TrackPointExtension>
            <ns3:hr>130</ns3:hr>
          </ns3:TrackPointExtension>
        </extensions>
      </trkpt>
      <trkpt lat="23.18702160380780696868896484375" lon="113.42097141779959201812744140625">
        <ele>50.200000762939453125</ele>
        <time>2024-07-24T22:33:06.000Z</time>
        <extensions>
          <ns3:TrackPointExtension>
            <ns3:hr>131</ns3:hr>
          </ns3:TrackPointExtension>
        </extensions>
      </trkpt>
      <trkpt lat="23.187006600201129913330078125" lon="113.42091031372547149658203125">
        <ele>51.200000762939453125</ele>
        <time>2024-07-24T22:33:07.000Z</time>
        <extensions>
          <ns3:TrackPointExtension>
            <ns3:hr>131</ns3:hr>
          </ns3:TrackPointExtension>
        </extensions>
      </trkpt>
      <trkpt lat="23.18699218332767486572265625" lon="113.42084887437522411346435546875">
        <ele>51.40000152587890625</ele>
        <time>2024-07-24T22:33:08.000Z</time>
        <extensions>
          <ns3:TrackPointExtension>
            <ns3:hr>132</ns3:hr>
          </ns3:TrackPointExtension>
        </extensions>
      </trkpt>
      <trkpt lat="23.18697919137775897979736328125" lon="113.420787267386913299560546875">
        <ele>51.59999847412109375</ele>
        <time>2024-07-24T22:33:09.000Z</time>
        <extensions>
          <ns3:TrackPointExtension>
            <ns3:hr>133</ns3:hr>
          </ns3:TrackPointExtension>
        </extensions>
      </trkpt>
      <trkpt lat="23.18696804344654083251953125" lon="113.4207304380834102630615234375">
        <ele>51.59999847412109375</ele>
        <time>2024-07-24T22:33:10.000Z</time>
        <extensions>
          <ns3:TrackPointExtension>
            <ns3:hr>134</ns3:hr>
          </ns3:TrackPointExtension>
        </extensions>
      </trkpt>
      <trkpt lat="23.18695538677275180816650390625" lon="113.4206637181341648101806640625">
        <ele>51.59999847412109375</ele>
        <time>2024-07-24T22:33:11.000Z</time>
        <extensions>
          <ns3:TrackPointExtension>
            <ns3:hr>135</ns3:hr>
          </ns3:TrackPointExtension>
        </extensions>
      </trkpt>
      <trkpt lat="23.18694298155605792999267578125" lon="113.42059741728007793426513671875">
        <ele>51.799999237060546875</ele>
        <time>2024-07-24T22:33:12.000Z</time>
        <extensions>
          <ns3:TrackPointExtension>
            <ns3:hr>137</ns3:hr>
          </ns3:TrackPointExtension>
        </extensions>
      </trkpt>
      <trkpt lat="23.18693258799612522125244140625" lon="113.4205369837582111358642578125">
        <ele>51.59999847412109375</ele>
        <time>2024-07-24T22:33:13.000Z</time>
        <extensions>
          <ns3:TrackPointExtension>
            <ns3:hr>138</ns3:hr>
          </ns3:TrackPointExtension>
        </extensions>
      </trkpt>
      <trkpt lat="23.186922781169414520263671875" lon="113.4204702638089656829833984375">
        <ele>51.40000152587890625</ele>
        <time>2024-07-24T22:33:14.000Z</time>
        <extensions>
          <ns3:TrackPointExtension>
            <ns3:hr>139</ns3:hr>
          </ns3:TrackPointExtension>
        </extensions>
      </trkpt>
      <trkpt lat="23.18691381253302097320556640625" lon="113.42040538787841796875">
        <ele>51.200000762939453125</ele>
        <time>2024-07-24T22:33:15.000Z</time>
        <extensions>
          <ns3:TrackPointExtension>
            <ns3:hr>140</ns3:hr>
          </ns3:TrackPointExtension>
        </extensions>
      </trkpt>
      <trkpt lat="23.1869068555533885955810546875" lon="113.4203517436981201171875">
        <ele>51.200000762939453125</ele>
        <time>2024-07-24T22:33:16.000Z</time>
        <extensions>
          <ns3:TrackPointExtension>
            <ns3:hr>140</ns3:hr>
          </ns3:TrackPointExtension>
        </extensions>
      </trkpt>
      <trkpt lat="23.18690232932567596435546875" lon="113.420315198600292205810546875">
        <ele>50.799999237060546875</ele>
        <time>2024-07-24T22:33:17.000Z</time>
        <extensions>
          <ns3:TrackPointExtension>
            <ns3:hr>141</ns3:hr>
          </ns3:TrackPointExtension>
        </extensions>
      </trkpt>
      <trkpt lat="23.18689654581248760223388671875" lon="113.4202707745134830474853515625">
        <ele>50.40000152587890625</ele>
        <time>2024-07-24T22:33:18.000Z</time>
        <extensions>
          <ns3:TrackPointExtension>
            <ns3:hr>141</ns3:hr>
          </ns3:TrackPointExtension>
        </extensions>
      </trkpt>
      <trkpt lat="23.18689084611833095550537109375" lon="113.420226015150547027587890625">
        <ele>50.200000762939453125</ele>
        <time>2024-07-24T22:33:19.000Z</time>
        <extensions>
          <ns3:TrackPointExtension>
            <ns3:hr>141</ns3:hr>
          </ns3:TrackPointExtension>
        </extensions>
      </trkpt>
      <trkpt lat="23.18688481114804744720458984375" lon="113.4201846085488796234130859375">
        <ele>49.799999237060546875</ele>
        <time>2024-07-24T22:33:20.000Z</time>
        <extensions>
          <ns3:TrackPointExtension>
            <ns3:hr>143</ns3:hr>
          </ns3:TrackPointExtension>
        </extensions>
      </trkpt>
      <trkpt lat="23.1868773512542247772216796875" lon="113.4201497398316860198974609375">
        <ele>49.59999847412109375</ele>
        <time>2024-07-24T22:33:21.000Z</time>
        <extensions>
          <ns3:TrackPointExtension>
            <ns3:hr>145</ns3:hr>
          </ns3:TrackPointExtension>
        </extensions>
      </trkpt>
      <trkpt lat="23.18686787970364093780517578125" lon="113.420120738446712493896484375">
        <ele>49.200000762939453125</ele>
        <time>2024-07-24T22:33:22.000Z</time>
        <extensions>
          <ns3:TrackPointExtension>
            <ns3:hr>145</ns3:hr>
          </ns3:TrackPointExtension>
        </extensions>
      </trkpt>
      <trkpt lat="23.186858408153057098388671875" lon="113.420096598565578460693359375">
        <ele>49</ele>
        <time>2024-07-24T22:33:23.000Z</time>
        <extensions>
          <ns3:TrackPointExtension>
            <ns3:hr>145</ns3:hr>
          </ns3:TrackPointExtension>
        </extensions>
      </trkpt>
      <trkpt lat="23.186855055391788482666015625" lon="113.42008729465305805206298828125">
        <ele>49</ele>
        <time>2024-07-24T22:33:24.000Z</time>
        <extensions>
          <ns3:TrackPointExtension>
            <ns3:hr>145</ns3:hr>
          </ns3:TrackPointExtension>
        </extensions>
      </trkpt>
      <trkpt lat="23.18685312755405902862548828125" lon="113.4200810082256793975830078125">
        <ele>49</ele>
        <time>2024-07-24T22:33:25.000Z</time>
        <extensions>
          <ns3:TrackPointExtension>
            <ns3:hr>145</ns3:hr>
          </ns3:TrackPointExtension>
        </extensions>
      </trkpt>
      <trkpt lat="23.186851032078266143798828125" lon="113.4200813435018062591552734375">
        <ele>49</ele>
        <time>2024-07-24T22:33:49.000Z</time>
        <extensions>
          <ns3:TrackPointExtension>
            <ns3:hr>124</ns3:hr>
          </ns3:TrackPointExtension>
        </extensions>
      </trkpt>
      <trkpt lat="23.18684910424053668975830078125" lon="113.42007891274988651275634765625">
        <ele>49</ele>
        <time>2024-07-24T22:33:50.000Z</time>
        <extensions>
          <ns3:TrackPointExtension>
            <ns3:hr>124</ns3:hr>
          </ns3:TrackPointExtension>
        </extensions>
      </trkpt>
      <trkpt lat="23.18684759549796581268310546875" lon="113.4200727939605712890625">
        <ele>48.799999237060546875</ele>
        <time>2024-07-24T22:33:51.000Z</time>
        <extensions>
          <ns3:TrackPointExtension>
            <ns3:hr>124</ns3:hr>
          </ns3:TrackPointExtension>
        </extensions>
      </trkpt>
      <trkpt lat="23.18684608675539493560791015625" lon="113.4200639091432094573974609375">
        <ele>48.799999237060546875</ele>
        <time>2024-07-24T22:33:52.000Z</time>
        <extensions>
          <ns3:TrackPointExtension>
            <ns3:hr>121</ns3:hr>
          </ns3:TrackPointExtension>
        </extensions>
      </trkpt>
      <trkpt lat="23.18684457801282405853271484375" lon="113.4200541861355304718017578125">
        <ele>48.59999847412109375</ele>
        <time>2024-07-24T22:33:53.000Z</time>
        <extensions>
          <ns3:TrackPointExtension>
            <ns3:hr>118</ns3:hr>
          </ns3:TrackPointExtension>
        </extensions>
      </trkpt>
      <trkpt lat="23.18684441037476062774658203125" lon="113.42004018835723400115966796875">
        <ele>48.40000152587890625</ele>
        <time>2024-07-24T22:33:54.000Z</time>
        <extensions>
          <ns3:TrackPointExtension>
            <ns3:hr>117</ns3:hr>
          </ns3:TrackPointExtension>
        </extensions>
      </trkpt>
      <trkpt lat="23.186843656003475189208984375" lon="113.420021831989288330078125">
        <ele>48.200000762939453125</ele>
        <time>2024-07-24T22:33:55.000Z</time>
        <extensions>
          <ns3:TrackPointExtension>
            <ns3:hr>116</ns3:hr>
          </ns3:TrackPointExtension>
        </extensions>
      </trkpt>
      <trkpt lat="23.18683988414704799652099609375" lon="113.41999031603336334228515625">
        <ele>48</ele>
        <time>2024-07-24T22:33:56.000Z</time>
        <extensions>
          <ns3:TrackPointExtension>
            <ns3:hr>116</ns3:hr>
          </ns3:TrackPointExtension>
        </extensions>
      </trkpt>
      <trkpt lat="23.18683451972901821136474609375" lon="113.41995804570615291595458984375">
        <ele>48</ele>
        <time>2024-07-24T22:33:57.000Z</time>
        <extensions>
          <ns3:TrackPointExtension>
            <ns3:hr>117</ns3:hr>
          </ns3:TrackPointExtension>
        </extensions>
      </trkpt>
      <trkpt lat="23.18682244978845119476318359375" lon="113.4199066646397113800048828125">
        <ele>47.799999237060546875</ele>
        <time>2024-07-24T22:33:58.000Z</time>
        <extensions>
          <ns3:TrackPointExtension>
            <ns3:hr>117</ns3:hr>
          </ns3:TrackPointExtension>
        </extensions>
      </trkpt>
      <trkpt lat="23.1868102960288524627685546875" lon="113.419873975217342376708984375">
        <ele>47.799999237060546875</ele>
        <time>2024-07-24T22:33:59.000Z</time>
        <extensions>
          <ns3:TrackPointExtension>
            <ns3:hr>117</ns3:hr>
          </ns3:TrackPointExtension>
        </extensions>
      </trkpt>
      <trkpt lat="23.18679495714604854583740234375" lon="113.41984941624104976654052734375">
        <ele>47.40000152587890625</ele>
        <time>2024-07-24T22:34:00.000Z</time>
        <extensions>
          <ns3:TrackPointExtension>
            <ns3:hr>117</ns3:hr>
          </ns3:TrackPointExtension>
        </extensions>
      </trkpt>
      <trkpt lat="23.1867744214832782745361328125" lon="113.41983080841600894927978515625">
        <ele>47.200000762939453125</ele>
        <time>2024-07-24T22:34:01.000Z</time>
        <extensions>
          <ns3:TrackPointExtension>
            <ns3:hr>116</ns3:hr>
          </ns3:TrackPointExtension>
        </extensions>
      </trkpt>
      <trkpt lat="23.18675992079079151153564453125" lon="113.41982309706509113311767578125">
        <ele>46.799999237060546875</ele>
        <time>2024-07-24T22:34:02.000Z</time>
        <extensions>
          <ns3:TrackPointExtension>
            <ns3:hr>116</ns3:hr>
          </ns3:TrackPointExtension>
        </extensions>
      </trkpt>
      <trkpt lat="23.186720944941043853759765625" lon="113.4198087640106678009033203125">
        <ele>46</ele>
        <time>2024-07-24T22:34:03.000Z</time>
        <extensions>
          <ns3:TrackPointExtension>
            <ns3:hr>115</ns3:hr>
          </ns3:TrackPointExtension>
        </extensions>
      </trkpt>
      <trkpt lat="23.186684735119342803955078125" lon="113.41979912482202053070068359375">
        <ele>45.200000762939453125</ele>
        <time>2024-07-24T22:34:04.000Z</time>
        <extensions>
          <ns3:TrackPointExtension>
            <ns3:hr>115</ns3:hr>
          </ns3:TrackPointExtension>
        </extensions>
      </trkpt>
      <trkpt lat="23.18664617836475372314453125" lon="113.41979124583303928375244140625">
        <ele>44.40000152587890625</ele>
        <time>2024-07-24T22:34:05.000Z</time>
        <extensions>
          <ns3:TrackPointExtension>
            <ns3:hr>115</ns3:hr>
          </ns3:TrackPointExtension>
        </extensions>
      </trkpt>
      <trkpt lat="23.1866064481437206268310546875" lon="113.41978303156793117523193359375">
        <ele>44</ele>
        <time>2024-07-24T22:34:06.000Z</time>
        <extensions>
          <ns3:TrackPointExtension>
            <ns3:hr>115</ns3:hr>
          </ns3:TrackPointExtension>
        </extensions>
      </trkpt>
      <trkpt lat="23.18656680174171924591064453125" lon="113.41977213509380817413330078125">
        <ele>44</ele>
        <time>2024-07-24T22:34:07.000Z</time>
        <extensions>
          <ns3:TrackPointExtension>
            <ns3:hr>115</ns3:hr>
          </ns3:TrackPointExtension>
        </extensions>
      </trkpt>
      <trkpt lat="23.18652891553938388824462890625" lon="113.41975830495357513427734375">
        <ele>43.799999237060546875</ele>
        <time>2024-07-24T22:34:08.000Z</time>
        <extensions>
          <ns3:TrackPointExtension>
            <ns3:hr>115</ns3:hr>
          </ns3:TrackPointExtension>
        </extensions>
      </trkpt>
      <trkpt lat="23.1864937953650951385498046875" lon="113.41974087059497833251953125">
        <ele>43.799999237060546875</ele>
        <time>2024-07-24T22:34:09.000Z</time>
        <extensions>
          <ns3:TrackPointExtension>
            <ns3:hr>115</ns3:hr>
          </ns3:TrackPointExtension>
        </extensions>
      </trkpt>
      <trkpt lat="23.18646253086626529693603515625" lon="113.4197179041802883148193359375">
        <ele>43.799999237060546875</ele>
        <time>2024-07-24T22:34:10.000Z</time>
        <extensions>
          <ns3:TrackPointExtension>
            <ns3:hr>115</ns3:hr>
          </ns3:TrackPointExtension>
        </extensions>
      </trkpt>
      <trkpt lat="23.18643772043287754058837890625" lon="113.419690914452075958251953125">
        <ele>43.59999847412109375</ele>
        <time>2024-07-24T22:34:11.000Z</time>
        <extensions>
          <ns3:TrackPointExtension>
            <ns3:hr>113</ns3:hr>
          </ns3:TrackPointExtension>
        </extensions>
      </trkpt>
      <trkpt lat="23.1864143349230289459228515625" lon="113.4196610748767852783203125">
        <ele>43.59999847412109375</ele>
        <time>2024-07-24T22:34:12.000Z</time>
        <extensions>
          <ns3:TrackPointExtension>
            <ns3:hr>111</ns3:hr>
          </ns3:TrackPointExtension>
        </extensions>
      </trkpt>
      <trkpt lat="23.1863920390605926513671875" lon="113.41962930746376514434814453125">
        <ele>43.40000152587890625</ele>
        <time>2024-07-24T22:34:13.000Z</time>
        <extensions>
          <ns3:TrackPointExtension>
            <ns3:hr>110</ns3:hr>
          </ns3:TrackPointExtension>
        </extensions>
      </trkpt>
      <trkpt lat="23.186374604701995849609375" lon="113.4196002222597599029541015625">
        <ele>43.40000152587890625</ele>
        <time>2024-07-24T22:34:14.000Z</time>
        <extensions>
          <ns3:TrackPointExtension>
            <ns3:hr>111</ns3:hr>
          </ns3:TrackPointExtension>
        </extensions>
      </trkpt>
      <trkpt lat="23.18636119365692138671875" lon="113.41957264579832553863525390625">
        <ele>43.200000762939453125</ele>
        <time>2024-07-24T22:34:15.000Z</time>
        <extensions>
          <ns3:TrackPointExtension>
            <ns3:hr>111</ns3:hr>
          </ns3:TrackPointExtension>
        </extensions>
      </trkpt>
      <trkpt lat="23.186349458992481231689453125" lon="113.41953760944306850433349609375">
        <ele>43.200000762939453125</ele>
        <time>2024-07-24T22:34:16.000Z</time>
        <extensions>
          <ns3:TrackPointExtension>
            <ns3:hr>111</ns3:hr>
          </ns3:TrackPointExtension>
        </extensions>
      </trkpt>
      <trkpt lat="23.186338730156421661376953125" lon="113.41949771158397197723388671875">
        <ele>43.200000762939453125</ele>
        <time>2024-07-24T22:34:17.000Z</time>
        <extensions>
          <ns3:TrackPointExtension>
            <ns3:hr>111</ns3:hr>
          </ns3:TrackPointExtension>
        </extensions>
      </trkpt>
      <trkpt lat="23.18632909096777439117431640625" lon="113.41945588588714599609375">
        <ele>44.59999847412109375</ele>
        <time>2024-07-24T22:34:18.000Z</time>
        <extensions>
          <ns3:TrackPointExtension>
            <ns3:hr>111</ns3:hr>
          </ns3:TrackPointExtension>
        </extensions>
      </trkpt>
      <trkpt lat="23.18632104434072971343994140625" lon="113.41941489838063716888427734375">
        <ele>45.799999237060546875</ele>
        <time>2024-07-24T22:34:19.000Z</time>
        <extensions>
          <ns3:TrackPointExtension>
            <ns3:hr>111</ns3:hr>
          </ns3:TrackPointExtension>
        </extensions>
      </trkpt>
      <trkpt lat="23.18631500937044620513916015625" lon="113.41937701217830181121826171875">
        <ele>47</ele>
        <time>2024-07-24T22:34:20.000Z</time>
        <extensions>
          <ns3:TrackPointExtension>
            <ns3:hr>109</ns3:hr>
          </ns3:TrackPointExtension>
        </extensions>
      </trkpt>
      <trkpt lat="23.1863087229430675506591796875" lon="113.419335186481475830078125">
        <ele>48.200000762939453125</ele>
        <time>2024-07-24T22:34:21.000Z</time>
        <extensions>
          <ns3:TrackPointExtension>
            <ns3:hr>109</ns3:hr>
          </ns3:TrackPointExtension>
        </extensions>
      </trkpt>
      <trkpt lat="23.18630151450634002685546875" lon="113.41929084621369838714599609375">
        <ele>49.59999847412109375</ele>
        <time>2024-07-24T22:34:22.000Z</time>
        <extensions>
          <ns3:TrackPointExtension>
            <ns3:hr>108</ns3:hr>
          </ns3:TrackPointExtension>
        </extensions>
      </trkpt>
      <trkpt lat="23.18629371933639049530029296875" lon="113.41924734413623809814453125">
        <ele>50.799999237060546875</ele>
        <time>2024-07-24T22:34:23.000Z</time>
        <extensions>
          <ns3:TrackPointExtension>
            <ns3:hr>108</ns3:hr>
          </ns3:TrackPointExtension>
        </extensions>
      </trkpt>
      <trkpt lat="23.18628433160483837127685546875" lon="113.4192015789449214935302734375">
        <ele>51.59999847412109375</ele>
        <time>2024-07-24T22:34:24.000Z</time>
        <extensions>
          <ns3:TrackPointExtension>
            <ns3:hr>108</ns3:hr>
          </ns3:TrackPointExtension>
        </extensions>
      </trkpt>
      <trkpt lat="23.186274357140064239501953125" lon="113.4191506169736385345458984375">
        <ele>51.799999237060546875</ele>
        <time>2024-07-24T22:34:25.000Z</time>
        <extensions>
          <ns3:TrackPointExtension>
            <ns3:hr>109</ns3:hr>
          </ns3:TrackPointExtension>
        </extensions>
      </trkpt>
      <trkpt lat="23.18626471795141696929931640625" lon="113.41909990645945072174072265625">
        <ele>52.200000762939453125</ele>
        <time>2024-07-24T22:34:26.000Z</time>
        <extensions>
          <ns3:TrackPointExtension>
            <ns3:hr>108</ns3:hr>
          </ns3:TrackPointExtension>
        </extensions>
      </trkpt>
      <trkpt lat="23.18625390529632568359375" lon="113.41904827393591403961181640625">
        <ele>52.59999847412109375</ele>
        <time>2024-07-24T22:34:27.000Z</time>
        <extensions>
          <ns3:TrackPointExtension>
            <ns3:hr>98</ns3:hr>
          </ns3:TrackPointExtension>
        </extensions>
      </trkpt>
      <trkpt lat="23.1862418353557586669921875" lon="113.41899580322206020355224609375">
        <ele>53</ele>
        <time>2024-07-24T22:34:28.000Z</time>
        <extensions>
          <ns3:TrackPointExtension>
            <ns3:hr>97</ns3:hr>
          </ns3:TrackPointExtension>
        </extensions>
      </trkpt>
      <trkpt lat="23.18623085506260395050048828125" lon="113.418946601450443267822265625">
        <ele>53.40000152587890625</ele>
        <time>2024-07-24T22:34:29.000Z</time>
        <extensions>
          <ns3:TrackPointExtension>
            <ns3:hr>98</ns3:hr>
          </ns3:TrackPointExtension>
        </extensions>
      </trkpt>
      <trkpt lat="23.18622113205492496490478515625" lon="113.4188978187739849090576171875">
        <ele>53</ele>
        <time>2024-07-24T22:34:30.000Z</time>
        <extensions>
          <ns3:TrackPointExtension>
            <ns3:hr>98</ns3:hr>
          </ns3:TrackPointExtension>
        </extensions>
      </trkpt>
      <trkpt lat="23.18621224723756313323974609375" lon="113.4188461862504482269287109375">
        <ele>52.799999237060546875</ele>
        <time>2024-07-24T22:34:31.000Z</time>
        <extensions>
          <ns3:TrackPointExtension>
            <ns3:hr>97</ns3:hr>
          </ns3:TrackPointExtension>
        </extensions>
      </trkpt>
      <trkpt lat="23.18620495498180389404296875" lon="113.41879698447883129119873046875">
        <ele>52.40000152587890625</ele>
        <time>2024-07-24T22:34:32.000Z</time>
        <extensions>
          <ns3:TrackPointExtension>
            <ns3:hr>96</ns3:hr>
          </ns3:TrackPointExtension>
        </extensions>
      </trkpt>
      <trkpt lat="23.18620026111602783203125" lon="113.41875373385846614837646484375">
        <ele>51.799999237060546875</ele>
        <time>2024-07-24T22:34:33.000Z</time>
        <extensions>
          <ns3:TrackPointExtension>
            <ns3:hr>96</ns3:hr>
          </ns3:TrackPointExtension>
        </extensions>
      </trkpt>
      <trkpt lat="23.1861947290599346160888671875" lon="113.4187093935906887054443359375">
        <ele>51.200000762939453125</ele>
        <time>2024-07-24T22:34:34.000Z</time>
        <extensions>
          <ns3:TrackPointExtension>
            <ns3:hr>95</ns3:hr>
          </ns3:TrackPointExtension>
        </extensions>
      </trkpt>
      <trkpt lat="23.186189197003841400146484375" lon="113.41866639442741870880126953125">
        <ele>50.799999237060546875</ele>
        <time>2024-07-24T22:34:35.000Z</time>
        <extensions>
          <ns3:TrackPointExtension>
            <ns3:hr>94</ns3:hr>
          </ns3:TrackPointExtension>
        </extensions>
      </trkpt>
      <trkpt lat="23.18618274293839931488037109375" lon="113.4186235629022121429443359375">
        <ele>50.200000762939453125</ele>
        <time>2024-07-24T22:34:36.000Z</time>
        <extensions>
          <ns3:TrackPointExtension>
            <ns3:hr>94</ns3:hr>
          </ns3:TrackPointExtension>
        </extensions>
      </trkpt>
      <trkpt lat="23.1861752830445766448974609375" lon="113.4185762889683246612548828125">
        <ele>49.799999237060546875</ele>
        <time>2024-07-24T22:34:37.000Z</time>
        <extensions>
          <ns3:TrackPointExtension>
            <ns3:hr>93</ns3:hr>
          </ns3:TrackPointExtension>
        </extensions>
      </trkpt>
      <trkpt lat="23.1861672364175319671630859375" lon="113.41853127814829349517822265625">
        <ele>49.200000762939453125</ele>
        <time>2024-07-24T22:34:38.000Z</time>
        <extensions>
          <ns3:TrackPointExtension>
            <ns3:hr>93</ns3:hr>
          </ns3:TrackPointExtension>
        </extensions>
      </trkpt>
      <trkpt lat="23.186159022152423858642578125" lon="113.41848559677600860595703125">
        <ele>48.59999847412109375</ele>
        <time>2024-07-24T22:34:39.000Z</time>
        <extensions>
          <ns3:TrackPointExtension>
            <ns3:hr>93</ns3:hr>
          </ns3:TrackPointExtension>
        </extensions>
      </trkpt>
      <trkpt lat="23.18615005351603031158447265625" lon="113.418434299528598785400390625">
        <ele>48.40000152587890625</ele>
        <time>2024-07-24T22:34:40.000Z</time>
        <extensions>
          <ns3:TrackPointExtension>
            <ns3:hr>91</ns3:hr>
          </ns3:TrackPointExtension>
        </extensions>
      </trkpt>
      <trkpt lat="23.18614301271736621856689453125" lon="113.4183828346431255340576171875">
        <ele>48</ele>
        <time>2024-07-24T22:34:41.000Z</time>
        <extensions>
          <ns3:TrackPointExtension>
            <ns3:hr>91</ns3:hr>
          </ns3:TrackPointExtension>
        </extensions>
      </trkpt>
      <trkpt lat="23.18613781593739986419677734375" lon="113.41833681799471378326416015625">
        <ele>47.59999847412109375</ele>
        <time>2024-07-24T22:34:42.000Z</time>
        <extensions>
          <ns3:TrackPointExtension>
            <ns3:hr>91</ns3:hr>
          </ns3:TrackPointExtension>
        </extensions>
      </trkpt>
      <trkpt lat="23.18613253533840179443359375" lon="113.418288119137287139892578125">
        <ele>47.200000762939453125</ele>
        <time>2024-07-24T22:34:43.000Z</time>
        <extensions>
          <ns3:TrackPointExtension>
            <ns3:hr>91</ns3:hr>
          </ns3:TrackPointExtension>
        </extensions>
      </trkpt>
      <trkpt lat="23.18612541072070598602294921875" lon="113.4182420186698436737060546875">
        <ele>46.799999237060546875</ele>
        <time>2024-07-24T22:34:44.000Z</time>
        <extensions>
          <ns3:TrackPointExtension>
            <ns3:hr>90</ns3:hr>
          </ns3:TrackPointExtension>
        </extensions>
      </trkpt>
      <trkpt lat="23.186117447912693023681640625" lon="113.41819197870790958404541015625">
        <ele>46.200000762939453125</ele>
        <time>2024-07-24T22:34:45.000Z</time>
        <extensions>
          <ns3:TrackPointExtension>
            <ns3:hr>89</ns3:hr>
          </ns3:TrackPointExtension>
        </extensions>
      </trkpt>
      <trkpt lat="23.1861078925430774688720703125" lon="113.41813917271792888641357421875">
        <ele>46</ele>
        <time>2024-07-24T22:34:46.000Z</time>
        <extensions>
          <ns3:TrackPointExtension>
            <ns3:hr>88</ns3:hr>
          </ns3:TrackPointExtension>
        </extensions>
      </trkpt>
      <trkpt lat="23.18609523586928844451904296875" lon="113.4180904738605022430419921875">
        <ele>46.200000762939453125</ele>
        <time>2024-07-24T22:34:47.000Z</time>
        <extensions>
          <ns3:TrackPointExtension>
            <ns3:hr>88</ns3:hr>
          </ns3:TrackPointExtension>
        </extensions>
      </trkpt>
      <trkpt lat="23.18607914261519908905029296875" lon="113.4180334769189357757568359375">
        <ele>46.200000762939453125</ele>
        <time>2024-07-24T22:34:48.000Z</time>
        <extensions>
          <ns3:TrackPointExtension>
            <ns3:hr>86</ns3:hr>
          </ns3:TrackPointExtension>
        </extensions>
      </trkpt>
      <trkpt lat="23.1860602833330631256103515625" lon="113.41795410029590129852294921875">
        <ele>46.59999847412109375</ele>
        <time>2024-07-24T22:34:49.000Z</time>
        <extensions>
          <ns3:TrackPointExtension>
            <ns3:hr>85</ns3:hr>
          </ns3:TrackPointExtension>
        </extensions>
      </trkpt>
      <trkpt lat="23.18605215288698673248291015625" lon="113.41789743863046169281005859375">
        <ele>47.200000762939453125</ele>
        <time>2024-07-24T22:34:50.000Z</time>
        <extensions>
          <ns3:TrackPointExtension>
            <ns3:hr>84</ns3:hr>
          </ns3:TrackPointExtension>
        </extensions>
      </trkpt>
      <trkpt lat="23.186047710478305816650390625" lon="113.4178561158478260040283203125">
        <ele>47.59999847412109375</ele>
        <time>2024-07-24T22:34:51.000Z</time>
        <extensions>
          <ns3:TrackPointExtension>
            <ns3:hr>84</ns3:hr>
          </ns3:TrackPointExtension>
        </extensions>
      </trkpt>
      <trkpt lat="23.1860405020415782928466796875" lon="113.4177967719733715057373046875">
        <ele>48.799999237060546875</ele>
        <time>2024-07-24T22:34:52.000Z</time>
        <extensions>
          <ns3:TrackPointExtension>
            <ns3:hr>84</ns3:hr>
          </ns3:TrackPointExtension>
        </extensions>
      </trkpt>
      <trkpt lat="23.18602633662521839141845703125" lon="113.417710773646831512451171875">
        <ele>51</ele>
        <time>2024-07-24T22:34:53.000Z</time>
        <extensions>
          <ns3:TrackPointExtension>
            <ns3:hr>84</ns3:hr>
          </ns3:TrackPointExtension>
        </extensions>
      </trkpt>
      <trkpt lat="23.18601451814174652099609375" lon="113.41764631681144237518310546875">
        <ele>52.59999847412109375</ele>
        <time>2024-07-24T22:34:54.000Z</time>
        <extensions>
          <ns3:TrackPointExtension>
            <ns3:hr>84</ns3:hr>
          </ns3:TrackPointExtension>
        </extensions>
      </trkpt>
      <trkpt lat="23.18600370548665523529052734375" lon="113.4175872243940830230712890625">
        <ele>54.200000762939453125</ele>
        <time>2024-07-24T22:34:55.000Z</time>
        <extensions>
          <ns3:TrackPointExtension>
            <ns3:hr>82</ns3:hr>
          </ns3:TrackPointExtension>
        </extensions>
      </trkpt>
      <trkpt lat="23.18599171936511993408203125" lon="113.41752997599542140960693359375">
        <ele>54.59999847412109375</ele>
        <time>2024-07-24T22:34:56.000Z</time>
        <extensions>
          <ns3:TrackPointExtension>
            <ns3:hr>80</ns3:hr>
          </ns3:TrackPointExtension>
        </extensions>
      </trkpt>
      <trkpt lat="23.18597822450101375579833984375" lon="113.41747666709125041961669921875">
        <ele>54.40000152587890625</ele>
        <time>2024-07-24T22:34:57.000Z</time>
        <extensions>
          <ns3:TrackPointExtension>
            <ns3:hr>79</ns3:hr>
          </ns3:TrackPointExtension>
        </extensions>
      </trkpt>
      <trkpt lat="23.18596699275076389312744140625" lon="113.41743593104183673858642578125">
        <ele>54</ele>
        <time>2024-07-24T22:34:58.000Z</time>
        <extensions>
          <ns3:TrackPointExtension>
            <ns3:hr>78</ns3:hr>
          </ns3:TrackPointExtension>
        </extensions>
      </trkpt>
      <trkpt lat="23.18595148622989654541015625" lon="113.417382203042507171630859375">
        <ele>53.40000152587890625</ele>
        <time>2024-07-24T22:34:59.000Z</time>
        <extensions>
          <ns3:TrackPointExtension>
            <ns3:hr>77</ns3:hr>
          </ns3:TrackPointExtension>
        </extensions>
      </trkpt>
      <trkpt lat="23.18592810072004795074462890625" lon="113.41730542480945587158203125">
        <ele>52.59999847412109375</ele>
        <time>2024-07-24T22:35:00.000Z</time>
        <extensions>
          <ns3:TrackPointExtension>
            <ns3:hr>76</ns3:hr>
          </ns3:TrackPointExtension>
        </extensions>
      </trkpt>
      <trkpt lat="23.1859067268669605255126953125" lon="113.41723971068859100341796875">
        <ele>52</ele>
        <time>2024-07-24T22:35:01.000Z</time>
        <extensions>
          <ns3:TrackPointExtension>
            <ns3:hr>75</ns3:hr>
          </ns3:TrackPointExtension>
        </extensions>
      </trkpt>
      <trkpt lat="23.185879401862621307373046875" lon="113.4171758405864238739013671875">
        <ele>51.200000762939453125</ele>
        <time>2024-07-24T22:35:02.000Z</time>
        <extensions>
          <ns3:TrackPointExtension>
            <ns3:hr>73</ns3:hr>
          </ns3:TrackPointExtension>
        </extensions>
      </trkpt>
      <trkpt lat="23.18584646098315715789794921875" lon="113.41711607761681079864501953125">
        <ele>50.40000152587890625</ele>
        <time>2024-07-24T22:35:03.000Z</time>
        <extensions>
          <ns3:TrackPointExtension>
            <ns3:hr>72</ns3:hr>
          </ns3:TrackPointExtension>
        </extensions>
      </trkpt>
      <trkpt lat="23.1858118437230587005615234375" lon="113.41706159524619579315185546875">
        <ele>49.59999847412109375</ele>
        <time>2024-07-24T22:35:04.000Z</time>
        <extensions>
          <ns3:TrackPointExtension>
            <ns3:hr>71</ns3:hr>
          </ns3:TrackPointExtension>
        </extensions>
      </trkpt>
      <trkpt lat="23.185778148472309112548828125" lon="113.41701432131230831146240234375">
        <ele>49</ele>
        <time>2024-07-24T22:35:05.000Z</time>
        <extensions>
          <ns3:TrackPointExtension>
            <ns3:hr>71</ns3:hr>
          </ns3:TrackPointExtension>
        </extensions>
      </trkpt>
      <trkpt lat="23.185741603374481201171875" lon="113.4169735014438629150390625">
        <ele>48.200000762939453125</ele>
        <time>2024-07-24T22:35:06.000Z</time>
        <extensions>
          <ns3:TrackPointExtension>
            <ns3:hr>71</ns3:hr>
          </ns3:TrackPointExtension>
        </extensions>
      </trkpt>
      <trkpt lat="23.18571184761822223663330078125" lon="113.4169498644769191741943359375">
        <ele>47.59999847412109375</ele>
        <time>2024-07-24T22:35:07.000Z</time>
        <extensions>
          <ns3:TrackPointExtension>
            <ns3:hr>71</ns3:hr>
          </ns3:TrackPointExtension>
        </extensions>
      </trkpt>
      <trkpt lat="23.18567295558750629425048828125" lon="113.41692597605288028717041015625">
        <ele>47</ele>
        <time>2024-07-24T22:35:08.000Z</time>
        <extensions>
          <ns3:TrackPointExtension>
            <ns3:hr>71</ns3:hr>
          </ns3:TrackPointExtension>
        </extensions>
      </trkpt>
      <trkpt lat="23.18562953732907772064208984375" lon="113.41691189445555210113525390625">
        <ele>46.59999847412109375</ele>
        <time>2024-07-24T22:35:09.000Z</time>
        <extensions>
          <ns3:TrackPointExtension>
            <ns3:hr>71</ns3:hr>
          </ns3:TrackPointExtension>
        </extensions>
      </trkpt>
      <trkpt lat="23.18558268249034881591796875" lon="113.4169096313416957855224609375">
        <ele>46.200000762939453125</ele>
        <time>2024-07-24T22:35:10.000Z</time>
        <extensions>
          <ns3:TrackPointExtension>
            <ns3:hr>70</ns3:hr>
          </ns3:TrackPointExtension>
        </extensions>
      </trkpt>
      <trkpt lat="23.185537755489349365234375" lon="113.4169200249016284942626953125">
        <ele>46</ele>
        <time>2024-07-24T22:35:11.000Z</time>
        <extensions>
          <ns3:TrackPointExtension>
            <ns3:hr>69</ns3:hr>
          </ns3:TrackPointExtension>
        </extensions>
      </trkpt>
      <trkpt lat="23.18549442104995250701904296875" lon="113.41694022528827190399169921875">
        <ele>45.799999237060546875</ele>
        <time>2024-07-24T22:35:12.000Z</time>
        <extensions>
          <ns3:TrackPointExtension>
            <ns3:hr>69</ns3:hr>
          </ns3:TrackPointExtension>
        </extensions>
      </trkpt>
      <trkpt lat="23.1854534335434436798095703125" lon="113.4169686399400234222412109375">
        <ele>45.799999237060546875</ele>
        <time>2024-07-24T22:35:13.000Z</time>
        <extensions>
          <ns3:TrackPointExtension>
            <ns3:hr>69</ns3:hr>
          </ns3:TrackPointExtension>
        </extensions>
      </trkpt>
      <trkpt lat="23.18541831336915493011474609375" lon="113.4170051850378513336181640625">
        <ele>46</ele>
        <time>2024-07-24T22:35:14.000Z</time>
        <extensions>
          <ns3:TrackPointExtension>
            <ns3:hr>69</ns3:hr>
          </ns3:TrackPointExtension>
        </extensions>
      </trkpt>
      <trkpt lat="23.185387216508388519287109375" lon="113.417047597467899322509765625">
        <ele>46.200000762939453125</ele>
        <time>2024-07-24T22:35:15.000Z</time>
        <extensions>
          <ns3:TrackPointExtension>
            <ns3:hr>69</ns3:hr>
          </ns3:TrackPointExtension>
        </extensions>
      </trkpt>
      <trkpt lat="23.18535746075212955474853515625" lon="113.41709311120212078094482421875">
        <ele>46.200000762939453125</ele>
        <time>2024-07-24T22:35:16.000Z</time>
        <extensions>
          <ns3:TrackPointExtension>
            <ns3:hr>69</ns3:hr>
          </ns3:TrackPointExtension>
        </extensions>
      </trkpt>
      <trkpt lat="23.185325525701045989990234375" lon="113.4171392954885959625244140625">
        <ele>46.200000762939453125</ele>
        <time>2024-07-24T22:35:17.000Z</time>
        <extensions>
          <ns3:TrackPointExtension>
            <ns3:hr>69</ns3:hr>
          </ns3:TrackPointExtension>
        </extensions>
      </trkpt>
      <trkpt lat="23.1852938421070575714111328125" lon="113.41718698851764202117919921875">
        <ele>45.799999237060546875</ele>
        <time>2024-07-24T22:35:18.000Z</time>
        <extensions>
          <ns3:TrackPointExtension>
            <ns3:hr>69</ns3:hr>
          </ns3:TrackPointExtension>
        </extensions>
      </trkpt>
      <trkpt lat="23.18525318987667560577392578125" lon="113.41725320555269718170166015625">
        <ele>45.200000762939453125</ele>
        <time>2024-07-24T22:35:19.000Z</time>
        <extensions>
          <ns3:TrackPointExtension>
            <ns3:hr>69</ns3:hr>
          </ns3:TrackPointExtension>
        </extensions>
      </trkpt>
      <trkpt lat="23.18522368557751178741455078125" lon="113.4173072688281536102294921875">
        <ele>45</ele>
        <time>2024-07-24T22:35:20.000Z</time>
        <extensions>
          <ns3:TrackPointExtension>
            <ns3:hr>69</ns3:hr>
          </ns3:TrackPointExtension>
        </extensions>
      </trkpt>
      <trkpt lat="23.18519644439220428466796875" lon="113.417360745370388031005859375">
        <ele>44.59999847412109375</ele>
        <time>2024-07-24T22:35:21.000Z</time>
        <extensions>
          <ns3:TrackPointExtension>
            <ns3:hr>68</ns3:hr>
          </ns3:TrackPointExtension>
        </extensions>
      </trkpt>
      <trkpt lat="23.18517138250172138214111328125" lon="113.41741732321679592132568359375">
        <ele>44.40000152587890625</ele>
        <time>2024-07-24T22:35:22.000Z</time>
        <extensions>
          <ns3:TrackPointExtension>
            <ns3:hr>68</ns3:hr>
          </ns3:TrackPointExtension>
        </extensions>
      </trkpt>
      <trkpt lat="23.18514682352542877197265625" lon="113.41747549362480640411376953125">
        <ele>44.200000762939453125</ele>
        <time>2024-07-24T22:35:23.000Z</time>
        <extensions>
          <ns3:TrackPointExtension>
            <ns3:hr>67</ns3:hr>
          </ns3:TrackPointExtension>
        </extensions>
      </trkpt>
      <trkpt lat="23.1851221807301044464111328125" lon="113.4175325743854045867919921875">
        <ele>44.40000152587890625</ele>
        <time>2024-07-24T22:35:24.000Z</time>
        <extensions>
          <ns3:TrackPointExtension>
            <ns3:hr>67</ns3:hr>
          </ns3:TrackPointExtension>
        </extensions>
      </trkpt>
      <trkpt lat="23.18509519100189208984375" lon="113.41758781112730503082275390625">
        <ele>44.40000152587890625</ele>
        <time>2024-07-24T22:35:25.000Z</time>
        <extensions>
          <ns3:TrackPointExtension>
            <ns3:hr>67</ns3:hr>
          </ns3:TrackPointExtension>
        </extensions>
      </trkpt>
      <trkpt lat="23.18506543524563312530517578125" lon="113.417641036212444305419921875">
        <ele>43.59999847412109375</ele>
        <time>2024-07-24T22:35:26.000Z</time>
        <extensions>
          <ns3:TrackPointExtension>
            <ns3:hr>67</ns3:hr>
          </ns3:TrackPointExtension>
        </extensions>
      </trkpt>
      <trkpt lat="23.185036517679691314697265625" lon="113.41769543476402759552001953125">
        <ele>43.200000762939453125</ele>
        <time>2024-07-24T22:35:27.000Z</time>
        <extensions>
          <ns3:TrackPointExtension>
            <ns3:hr>67</ns3:hr>
          </ns3:TrackPointExtension>
        </extensions>
      </trkpt>
      <trkpt lat="23.18500491790473461151123046875" lon="113.4177494980394840240478515625">
        <ele>42.59999847412109375</ele>
        <time>2024-07-24T22:35:28.000Z</time>
        <extensions>
          <ns3:TrackPointExtension>
            <ns3:hr>68</ns3:hr>
          </ns3:TrackPointExtension>
        </extensions>
      </trkpt>
      <trkpt lat="23.1849696300923824310302734375" lon="113.41780389659106731414794921875">
        <ele>42.200000762939453125</ele>
        <time>2024-07-24T22:35:29.000Z</time>
        <extensions>
          <ns3:TrackPointExtension>
            <ns3:hr>67</ns3:hr>
          </ns3:TrackPointExtension>
        </extensions>
      </trkpt>
      <trkpt lat="23.18493283353745937347412109375" lon="113.4178594686090946197509765625">
        <ele>41.799999237060546875</ele>
        <time>2024-07-24T22:35:30.000Z</time>
        <extensions>
          <ns3:TrackPointExtension>
            <ns3:hr>67</ns3:hr>
          </ns3:TrackPointExtension>
        </extensions>
      </trkpt>
      <trkpt lat="23.18489494733512401580810546875" lon="113.41791420243680477142333984375">
        <ele>41.200000762939453125</ele>
        <time>2024-07-24T22:35:31.000Z</time>
        <extensions>
          <ns3:TrackPointExtension>
            <ns3:hr>67</ns3:hr>
          </ns3:TrackPointExtension>
        </extensions>
      </trkpt>
      <trkpt lat="23.1848579831421375274658203125" lon="113.4179674275219440460205078125">
        <ele>40.799999237060546875</ele>
        <time>2024-07-24T22:35:32.000Z</time>
        <extensions>
          <ns3:TrackPointExtension>
            <ns3:hr>65</ns3:hr>
          </ns3:TrackPointExtension>
        </extensions>
      </trkpt>
      <trkpt lat="23.18482303060591220855712890625" lon="113.41802031733095645904541015625">
        <ele>40</ele>
        <time>2024-07-24T22:35:33.000Z</time>
        <extensions>
          <ns3:TrackPointExtension>
            <ns3:hr>64</ns3:hr>
          </ns3:TrackPointExtension>
        </extensions>
      </trkpt>
      <trkpt lat="23.18478900007903575897216796875" lon="113.4180772304534912109375">
        <ele>38.59999847412109375</ele>
        <time>2024-07-24T22:35:34.000Z</time>
        <extensions>
          <ns3:TrackPointExtension>
            <ns3:hr>64</ns3:hr>
          </ns3:TrackPointExtension>
        </extensions>
      </trkpt>
      <trkpt lat="23.184754885733127593994140625" lon="113.4181394241750240325927734375">
        <ele>37.40000152587890625</ele>
        <time>2024-07-24T22:35:35.000Z</time>
        <extensions>
          <ns3:TrackPointExtension>
            <ns3:hr>64</ns3:hr>
          </ns3:TrackPointExtension>
        </extensions>
      </trkpt>
      <trkpt lat="23.184718005359172821044921875" lon="113.4182017855346202850341796875">
        <ele>36.799999237060546875</ele>
        <time>2024-07-24T22:35:36.000Z</time>
        <extensions>
          <ns3:TrackPointExtension>
            <ns3:hr>64</ns3:hr>
          </ns3:TrackPointExtension>
        </extensions>
      </trkpt>
      <trkpt lat="23.1846776045858860015869140625" lon="113.41826020739972591400146484375">
        <ele>36</ele>
        <time>2024-07-24T22:35:37.000Z</time>
        <extensions>
          <ns3:TrackPointExtension>
            <ns3:hr>64</ns3:hr>
          </ns3:TrackPointExtension>
        </extensions>
      </trkpt>
      <trkpt lat="23.1846326775848865509033203125" lon="113.41831619851291179656982421875">
        <ele>35.40000152587890625</ele>
        <time>2024-07-24T22:35:38.000Z</time>
        <extensions>
          <ns3:TrackPointExtension>
            <ns3:hr>64</ns3:hr>
          </ns3:TrackPointExtension>
        </extensions>
      </trkpt>
      <trkpt lat="23.18458213470876216888427734375" lon="113.41836732812225818634033203125">
        <ele>34.40000152587890625</ele>
        <time>2024-07-24T22:35:39.000Z</time>
        <extensions>
          <ns3:TrackPointExtension>
            <ns3:hr>63</ns3:hr>
          </ns3:TrackPointExtension>
        </extensions>
      </trkpt>
      <trkpt lat="23.18452647887170314788818359375" lon="113.41841292567551136016845703125">
        <ele>33.200000762939453125</ele>
        <time>2024-07-24T22:35:40.000Z</time>
        <extensions>
          <ns3:TrackPointExtension>
            <ns3:hr>62</ns3:hr>
          </ns3:TrackPointExtension>
        </extensions>
      </trkpt>
      <trkpt lat="23.1844670511782169342041015625" lon="113.418452404439449310302734375">
        <ele>31.799999237060546875</ele>
        <time>2024-07-24T22:35:41.000Z</time>
        <extensions>
          <ns3:TrackPointExtension>
            <ns3:hr>61</ns3:hr>
          </ns3:TrackPointExtension>
        </extensions>
      </trkpt>
      <trkpt lat="23.18440544418990612030029296875" lon="113.41848827898502349853515625">
        <ele>30.799999237060546875</ele>
        <time>2024-07-24T22:35:42.000Z</time>
        <extensions>
          <ns3:TrackPointExtension>
            <ns3:hr>61</ns3:hr>
          </ns3:TrackPointExtension>
        </extensions>
      </trkpt>
      <trkpt lat="23.18434241227805614471435546875" lon="113.41851904056966304779052734375">
        <ele>30.6000003814697265625</ele>
        <time>2024-07-24T22:35:43.000Z</time>
        <extensions>
          <ns3:TrackPointExtension>
            <ns3:hr>61</ns3:hr>
          </ns3:TrackPointExtension>
        </extensions>
      </trkpt>
      <trkpt lat="23.184278123080730438232421875" lon="113.4185434319078922271728515625">
        <ele>30.3999996185302734375</ele>
        <time>2024-07-24T22:35:44.000Z</time>
        <extensions>
          <ns3:TrackPointExtension>
            <ns3:hr>61</ns3:hr>
          </ns3:TrackPointExtension>
        </extensions>
      </trkpt>
      <trkpt lat="23.18421081639826297760009765625" lon="113.418559692800045013427734375">
        <ele>31.200000762939453125</ele>
        <time>2024-07-24T22:35:45.000Z</time>
        <extensions>
          <ns3:TrackPointExtension>
            <ns3:hr>61</ns3:hr>
          </ns3:TrackPointExtension>
        </extensions>
      </trkpt>
      <trkpt lat="23.18413990549743175506591796875" lon="113.41856882907450199127197265625">
        <ele>32</ele>
        <time>2024-07-24T22:35:46.000Z</time>
        <extensions>
          <ns3:TrackPointExtension>
            <ns3:hr>62</ns3:hr>
          </ns3:TrackPointExtension>
        </extensions>
      </trkpt>
      <trkpt lat="23.18406715057790279388427734375" lon="113.4185719303786754608154296875">
        <ele>32.59999847412109375</ele>
        <time>2024-07-24T22:35:47.000Z</time>
        <extensions>
          <ns3:TrackPointExtension>
            <ns3:hr>63</ns3:hr>
          </ns3:TrackPointExtension>
        </extensions>
      </trkpt>
      <trkpt lat="23.18399422802031040191650390625" lon="113.41857117600739002227783203125">
        <ele>33.200000762939453125</ele>
        <time>2024-07-24T22:35:48.000Z</time>
        <extensions>
          <ns3:TrackPointExtension>
            <ns3:hr>67</ns3:hr>
          </ns3:TrackPointExtension>
        </extensions>
      </trkpt>
      <trkpt lat="23.1839242391288280487060546875" lon="113.41856597922742366790771484375">
        <ele>33.59999847412109375</ele>
        <time>2024-07-24T22:35:49.000Z</time>
        <extensions>
          <ns3:TrackPointExtension>
            <ns3:hr>67</ns3:hr>
          </ns3:TrackPointExtension>
        </extensions>
      </trkpt>
      <trkpt lat="23.1838555075228214263916015625" lon="113.418554998934268951416015625">
        <ele>34</ele>
        <time>2024-07-24T22:35:50.000Z</time>
        <extensions>
          <ns3:TrackPointExtension>
            <ns3:hr>69</ns3:hr>
          </ns3:TrackPointExtension>
        </extensions>
      </trkpt>
      <trkpt lat="23.18378962576389312744140625" lon="113.41853848658502101898193359375">
        <ele>34</ele>
        <time>2024-07-24T22:35:51.000Z</time>
        <extensions>
          <ns3:TrackPointExtension>
            <ns3:hr>70</ns3:hr>
          </ns3:TrackPointExtension>
        </extensions>
      </trkpt>
      <trkpt lat="23.183720894157886505126953125" lon="113.41851510107517242431640625">
        <ele>33.799999237060546875</ele>
        <time>2024-07-24T22:35:52.000Z</time>
        <extensions>
          <ns3:TrackPointExtension>
            <ns3:hr>71</ns3:hr>
          </ns3:TrackPointExtension>
        </extensions>
      </trkpt>
      <trkpt lat="23.18365643732249736785888671875" lon="113.4184854291379451751708984375">
        <ele>33.59999847412109375</ele>
        <time>2024-07-24T22:35:53.000Z</time>
        <extensions>
          <ns3:TrackPointExtension>
            <ns3:hr>71</ns3:hr>
          </ns3:TrackPointExtension>
        </extensions>
      </trkpt>
      <trkpt lat="23.183598853647708892822265625" lon="113.4184502251446247100830078125">
        <ele>33.40000152587890625</ele>
        <time>2024-07-24T22:35:54.000Z</time>
        <extensions>
          <ns3:TrackPointExtension>
            <ns3:hr>72</ns3:hr>
          </ns3:TrackPointExtension>
        </extensions>
      </trkpt>
      <trkpt lat="23.18355015479028224945068359375" lon="113.41841518878936767578125">
        <ele>33.200000762939453125</ele>
        <time>2024-07-24T22:35:55.000Z</time>
        <extensions>
          <ns3:TrackPointExtension>
            <ns3:hr>73</ns3:hr>
          </ns3:TrackPointExtension>
        </extensions>
      </trkpt>
      <trkpt lat="23.1834974326193332672119140625" lon="113.418374620378017425537109375">
        <ele>32.799999237060546875</ele>
        <time>2024-07-24T22:35:56.000Z</time>
        <extensions>
          <ns3:TrackPointExtension>
            <ns3:hr>73</ns3:hr>
          </ns3:TrackPointExtension>
        </extensions>
      </trkpt>
      <trkpt lat="23.18344303406774997711181640625" lon="113.41833380050957202911376953125">
        <ele>32.59999847412109375</ele>
        <time>2024-07-24T22:35:57.000Z</time>
        <extensions>
          <ns3:TrackPointExtension>
            <ns3:hr>73</ns3:hr>
          </ns3:TrackPointExtension>
        </extensions>
      </trkpt>
      <trkpt lat="23.18338972516357898712158203125" lon="113.4182916395366191864013671875">
        <ele>32.200000762939453125</ele>
        <time>2024-07-24T22:35:58.000Z</time>
        <extensions>
          <ns3:TrackPointExtension>
            <ns3:hr>73</ns3:hr>
          </ns3:TrackPointExtension>
        </extensions>
      </trkpt>
      <trkpt lat="23.18334345705807209014892578125" lon="113.418253920972347259521484375">
        <ele>32</ele>
        <time>2024-07-24T22:35:59.000Z</time>
        <extensions>
          <ns3:TrackPointExtension>
            <ns3:hr>73</ns3:hr>
          </ns3:TrackPointExtension>
        </extensions>
      </trkpt>
      <trkpt lat="23.1832932494580745697021484375" lon="113.4182098321616649627685546875">
        <ele>31.6000003814697265625</ele>
        <time>2024-07-24T22:36:00.000Z</time>
        <extensions>
          <ns3:TrackPointExtension>
            <ns3:hr>73</ns3:hr>
          </ns3:TrackPointExtension>
        </extensions>
      </trkpt>
      <trkpt lat="23.18324689753353595733642578125" lon="113.41816867701709270477294921875">
        <ele>31.6000003814697265625</ele>
        <time>2024-07-24T22:36:01.000Z</time>
        <extensions>
          <ns3:TrackPointExtension>
            <ns3:hr>73</ns3:hr>
          </ns3:TrackPointExtension>
        </extensions>
      </trkpt>
      <trkpt lat="23.1831975281238555908203125" lon="113.418123163282871246337890625">
        <ele>31.3999996185302734375</ele>
        <time>2024-07-24T22:36:02.000Z</time>
        <extensions>
          <ns3:TrackPointExtension>
            <ns3:hr>73</ns3:hr>
          </ns3:TrackPointExtension>
        </extensions>
      </trkpt>
      <trkpt lat="23.1831487454473972320556640625" lon="113.4180800803005695343017578125">
        <ele>31.200000762939453125</ele>
        <time>2024-07-24T22:36:03.000Z</time>
        <extensions>
          <ns3:TrackPointExtension>
            <ns3:hr>73</ns3:hr>
          </ns3:TrackPointExtension>
        </extensions>
      </trkpt>
      <trkpt lat="23.18310725502669811248779296875" lon="113.4180450439453125">
        <ele>31.200000762939453125</ele>
        <time>2024-07-24T22:36:04.000Z</time>
        <extensions>
          <ns3:TrackPointExtension>
            <ns3:hr>73</ns3:hr>
          </ns3:TrackPointExtension>
        </extensions>
      </trkpt>
      <trkpt lat="23.18306333385407924652099609375" lon="113.41801092959940433502197265625">
        <ele>31</ele>
        <time>2024-07-24T22:36:05.000Z</time>
        <extensions>
          <ns3:TrackPointExtension>
            <ns3:hr>74</ns3:hr>
          </ns3:TrackPointExtension>
        </extensions>
      </trkpt>
      <trkpt lat="23.18302092142403125762939453125" lon="113.41798058710992336273193359375">
        <ele>31</ele>
        <time>2024-07-24T22:36:06.000Z</time>
        <extensions>
          <ns3:TrackPointExtension>
            <ns3:hr>74</ns3:hr>
          </ns3:TrackPointExtension>
        </extensions>
      </trkpt>
      <trkpt lat="23.18299292586743831634521484375" lon="113.41796231456100940704345703125">
        <ele>30.6000003814697265625</ele>
        <time>2024-07-24T22:36:07.000Z</time>
        <extensions>
          <ns3:TrackPointExtension>
            <ns3:hr>76</ns3:hr>
          </ns3:TrackPointExtension>
        </extensions>
      </trkpt>
      <trkpt lat="23.18295805715024471282958984375" lon="113.41794236563146114349365234375">
        <ele>30.200000762939453125</ele>
        <time>2024-07-24T22:36:08.000Z</time>
        <extensions>
          <ns3:TrackPointExtension>
            <ns3:hr>77</ns3:hr>
          </ns3:TrackPointExtension>
        </extensions>
      </trkpt>
      <trkpt lat="23.18292167969048023223876953125" lon="113.41791956685483455657958984375">
        <ele>29.6000003814697265625</ele>
        <time>2024-07-24T22:36:09.000Z</time>
        <extensions>
          <ns3:TrackPointExtension>
            <ns3:hr>77</ns3:hr>
          </ns3:TrackPointExtension>
        </extensions>
      </trkpt>
      <trkpt lat="23.18288572132587432861328125" lon="113.4178936667740345001220703125">
        <ele>29</ele>
        <time>2024-07-24T22:36:10.000Z</time>
        <extensions>
          <ns3:TrackPointExtension>
            <ns3:hr>77</ns3:hr>
          </ns3:TrackPointExtension>
        </extensions>
      </trkpt>
      <trkpt lat="23.1828510202467441558837890625" lon="113.41786491684615612030029296875">
        <ele>28.3999996185302734375</ele>
        <time>2024-07-24T22:36:11.000Z</time>
        <extensions>
          <ns3:TrackPointExtension>
            <ns3:hr>77</ns3:hr>
          </ns3:TrackPointExtension>
        </extensions>
      </trkpt>
      <trkpt lat="23.1828164868056774139404296875" lon="113.4178363345563411712646484375">
        <ele>28</ele>
        <time>2024-07-24T22:36:12.000Z</time>
        <extensions>
          <ns3:TrackPointExtension>
            <ns3:hr>77</ns3:hr>
          </ns3:TrackPointExtension>
        </extensions>
      </trkpt>
      <trkpt lat="23.18278002552688121795654296875" lon="113.41780968010425567626953125">
        <ele>27.799999237060546875</ele>
        <time>2024-07-24T22:36:13.000Z</time>
        <extensions>
          <ns3:TrackPointExtension>
            <ns3:hr>77</ns3:hr>
          </ns3:TrackPointExtension>
        </extensions>
      </trkpt>
      <trkpt lat="23.18273979239165782928466796875" lon="113.4177853725850582122802734375">
        <ele>27.3999996185302734375</ele>
        <time>2024-07-24T22:36:14.000Z</time>
        <extensions>
          <ns3:TrackPointExtension>
            <ns3:hr>77</ns3:hr>
          </ns3:TrackPointExtension>
        </extensions>
      </trkpt>
      <trkpt lat="23.182696960866451263427734375" lon="113.4177620708942413330078125">
        <ele>27.3999996185302734375</ele>
        <time>2024-07-24T22:36:15.000Z</time>
        <extensions>
          <ns3:TrackPointExtension>
            <ns3:hr>77</ns3:hr>
          </ns3:TrackPointExtension>
        </extensions>
      </trkpt>
      <trkpt lat="23.18265513516962528228759765625" lon="113.417738266289234161376953125">
        <ele>27.3999996185302734375</ele>
        <time>2024-07-24T22:36:16.000Z</time>
        <extensions>
          <ns3:TrackPointExtension>
            <ns3:hr>77</ns3:hr>
          </ns3:TrackPointExtension>
        </extensions>
      </trkpt>
      <trkpt lat="23.18261423148214817047119140625" lon="113.4177146293222904205322265625">
        <ele>27.3999996185302734375</ele>
        <time>2024-07-24T22:36:17.000Z</time>
        <extensions>
          <ns3:TrackPointExtension>
            <ns3:hr>77</ns3:hr>
          </ns3:TrackPointExtension>
        </extensions>
      </trkpt>
      <trkpt lat="23.18257248960435390472412109375" lon="113.4176918305456638336181640625">
        <ele>27.3999996185302734375</ele>
        <time>2024-07-24T22:36:18.000Z</time>
        <extensions>
          <ns3:TrackPointExtension>
            <ns3:hr>77</ns3:hr>
          </ns3:TrackPointExtension>
        </extensions>
      </trkpt>
      <trkpt lat="23.1825294904410839080810546875" lon="113.4176695346832275390625">
        <ele>27.3999996185302734375</ele>
        <time>2024-07-24T22:36:19.000Z</time>
        <extensions>
          <ns3:TrackPointExtension>
            <ns3:hr>77</ns3:hr>
          </ns3:TrackPointExtension>
        </extensions>
      </trkpt>
      <trkpt lat="23.18248473107814788818359375" lon="113.41764698736369609832763671875">
        <ele>27.3999996185302734375</ele>
        <time>2024-07-24T22:36:20.000Z</time>
        <extensions>
          <ns3:TrackPointExtension>
            <ns3:hr>78</ns3:hr>
          </ns3:TrackPointExtension>
        </extensions>
      </trkpt>
      <trkpt lat="23.18243955262005329132080078125" lon="113.4176254458725452423095703125">
        <ele>27.6000003814697265625</ele>
        <time>2024-07-24T22:36:21.000Z</time>
        <extensions>
          <ns3:TrackPointExtension>
            <ns3:hr>78</ns3:hr>
          </ns3:TrackPointExtension>
        </extensions>
      </trkpt>
      <trkpt lat="23.182394206523895263671875" lon="113.4176039882004261016845703125">
        <ele>28</ele>
        <time>2024-07-24T22:36:22.000Z</time>
        <extensions>
          <ns3:TrackPointExtension>
            <ns3:hr>78</ns3:hr>
          </ns3:TrackPointExtension>
        </extensions>
      </trkpt>
      <trkpt lat="23.18234768696129322052001953125" lon="113.41758437454700469970703125">
        <ele>28.200000762939453125</ele>
        <time>2024-07-24T22:36:23.000Z</time>
        <extensions>
          <ns3:TrackPointExtension>
            <ns3:hr>77</ns3:hr>
          </ns3:TrackPointExtension>
        </extensions>
      </trkpt>
      <trkpt lat="23.1823003292083740234375" lon="113.4175662696361541748046875">
        <ele>28.6000003814697265625</ele>
        <time>2024-07-24T22:36:24.000Z</time>
        <extensions>
          <ns3:TrackPointExtension>
            <ns3:hr>76</ns3:hr>
          </ns3:TrackPointExtension>
        </extensions>
      </trkpt>
      <trkpt lat="23.18224978633224964141845703125" lon="113.4175473265349864959716796875">
        <ele>28.6000003814697265625</ele>
        <time>2024-07-24T22:36:25.000Z</time>
        <extensions>
          <ns3:TrackPointExtension>
            <ns3:hr>74</ns3:hr>
          </ns3:TrackPointExtension>
        </extensions>
      </trkpt>
      <trkpt lat="23.18220502696931362152099609375" lon="113.41752829961478710174560546875">
        <ele>28.799999237060546875</ele>
        <time>2024-07-24T22:36:26.000Z</time>
        <extensions>
          <ns3:TrackPointExtension>
            <ns3:hr>75</ns3:hr>
          </ns3:TrackPointExtension>
        </extensions>
      </trkpt>
      <trkpt lat="23.1821626983582973480224609375" lon="113.4175084345042705535888671875">
        <ele>28.799999237060546875</ele>
        <time>2024-07-24T22:36:27.000Z</time>
        <extensions>
          <ns3:TrackPointExtension>
            <ns3:hr>75</ns3:hr>
          </ns3:TrackPointExtension>
        </extensions>
      </trkpt>
      <trkpt lat="23.18211634643375873565673828125" lon="113.4174856357276439666748046875">
        <ele>29</ele>
        <time>2024-07-24T22:36:28.000Z</time>
        <extensions>
          <ns3:TrackPointExtension>
            <ns3:hr>77</ns3:hr>
          </ns3:TrackPointExtension>
        </extensions>
      </trkpt>
      <trkpt lat="23.1820674799382686614990234375" lon="113.4174631722271442413330078125">
        <ele>29</ele>
        <time>2024-07-24T22:36:29.000Z</time>
        <extensions>
          <ns3:TrackPointExtension>
            <ns3:hr>80</ns3:hr>
          </ns3:TrackPointExtension>
        </extensions>
      </trkpt>
      <trkpt lat="23.1820165179669857025146484375" lon="113.41744179837405681610107421875">
        <ele>29</ele>
        <time>2024-07-24T22:36:30.000Z</time>
        <extensions>
          <ns3:TrackPointExtension>
            <ns3:hr>82</ns3:hr>
          </ns3:TrackPointExtension>
        </extensions>
      </trkpt>
      <trkpt lat="23.18194652907550334930419921875" lon="113.41741849668323993682861328125">
        <ele>29</ele>
        <time>2024-07-24T22:36:31.000Z</time>
        <extensions>
          <ns3:TrackPointExtension>
            <ns3:hr>83</ns3:hr>
          </ns3:TrackPointExtension>
        </extensions>
      </trkpt>
      <trkpt lat="23.1818917952477931976318359375" lon="113.41740332543849945068359375">
        <ele>29</ele>
        <time>2024-07-24T22:36:32.000Z</time>
        <extensions>
          <ns3:TrackPointExtension>
            <ns3:hr>83</ns3:hr>
          </ns3:TrackPointExtension>
        </extensions>
      </trkpt>
      <trkpt lat="23.18183697760105133056640625" lon="113.41739150695502758026123046875">
        <ele>29</ele>
        <time>2024-07-24T22:36:33.000Z</time>
        <extensions>
          <ns3:TrackPointExtension>
            <ns3:hr>83</ns3:hr>
          </ns3:TrackPointExtension>
        </extensions>
      </trkpt>
      <trkpt lat="23.181775622069835662841796875" lon="113.41738589107990264892578125">
        <ele>29</ele>
        <time>2024-07-24T22:36:34.000Z</time>
        <extensions>
          <ns3:TrackPointExtension>
            <ns3:hr>83</ns3:hr>
          </ns3:TrackPointExtension>
        </extensions>
      </trkpt>
      <trkpt lat="23.18171652965247631072998046875" lon="113.41738111339509487152099609375">
        <ele>29</ele>
        <time>2024-07-24T22:36:35.000Z</time>
        <extensions>
          <ns3:TrackPointExtension>
            <ns3:hr>83</ns3:hr>
          </ns3:TrackPointExtension>
        </extensions>
      </trkpt>
      <trkpt lat="23.18166355602443218231201171875" lon="113.41737507842481136322021484375">
        <ele>28.799999237060546875</ele>
        <time>2024-07-24T22:36:36.000Z</time>
        <extensions>
          <ns3:TrackPointExtension>
            <ns3:hr>83</ns3:hr>
          </ns3:TrackPointExtension>
        </extensions>
      </trkpt>
      <trkpt lat="23.1816108338534832000732421875" lon="113.417370133101940155029296875">
        <ele>28.6000003814697265625</ele>
        <time>2024-07-24T22:36:37.000Z</time>
        <extensions>
          <ns3:TrackPointExtension>
            <ns3:hr>83</ns3:hr>
          </ns3:TrackPointExtension>
        </extensions>
      </trkpt>
      <trkpt lat="23.18157537840306758880615234375" lon="113.4173677861690521240234375">
        <ele>28.6000003814697265625</ele>
        <time>2024-07-24T22:36:38.000Z</time>
        <extensions>
          <ns3:TrackPointExtension>
            <ns3:hr>84</ns3:hr>
          </ns3:TrackPointExtension>
        </extensions>
      </trkpt>
      <trkpt lat="23.181530535221099853515625" lon="113.4173625893890857696533203125">
        <ele>28.3999996185302734375</ele>
        <time>2024-07-24T22:36:39.000Z</time>
        <extensions>
          <ns3:TrackPointExtension>
            <ns3:hr>82</ns3:hr>
          </ns3:TrackPointExtension>
        </extensions>
      </trkpt>
      <trkpt lat="23.1814830936491489410400390625" lon="113.41735261492431163787841796875">
        <ele>28.200000762939453125</ele>
        <time>2024-07-24T22:36:40.000Z</time>
        <extensions>
          <ns3:TrackPointExtension>
            <ns3:hr>80</ns3:hr>
          </ns3:TrackPointExtension>
        </extensions>
      </trkpt>
      <trkpt lat="23.1814351491630077362060546875" lon="113.4173350967466831207275390625">
        <ele>28.200000762939453125</ele>
        <time>2024-07-24T22:36:41.000Z</time>
        <extensions>
          <ns3:TrackPointExtension>
            <ns3:hr>80</ns3:hr>
          </ns3:TrackPointExtension>
        </extensions>
      </trkpt>
      <trkpt lat="23.18139131180942058563232421875" lon="113.4173143096268177032470703125">
        <ele>28</ele>
        <time>2024-07-24T22:36:42.000Z</time>
        <extensions>
          <ns3:TrackPointExtension>
            <ns3:hr>80</ns3:hr>
          </ns3:TrackPointExtension>
        </extensions>
      </trkpt>
      <trkpt lat="23.18135443143546581268310546875" lon="113.41729226522147655487060546875">
        <ele>28</ele>
        <time>2024-07-24T22:36:43.000Z</time>
        <extensions>
          <ns3:TrackPointExtension>
            <ns3:hr>80</ns3:hr>
          </ns3:TrackPointExtension>
        </extensions>
      </trkpt>
      <trkpt lat="23.18131989799439907073974609375" lon="113.41726762242615222930908203125">
        <ele>28.200000762939453125</ele>
        <time>2024-07-24T22:36:44.000Z</time>
        <extensions>
          <ns3:TrackPointExtension>
            <ns3:hr>79</ns3:hr>
          </ns3:TrackPointExtension>
        </extensions>
      </trkpt>
      <trkpt lat="23.18128645420074462890625" lon="113.41723962686955928802490234375">
        <ele>28.6000003814697265625</ele>
        <time>2024-07-24T22:36:45.000Z</time>
        <extensions>
          <ns3:TrackPointExtension>
            <ns3:hr>79</ns3:hr>
          </ns3:TrackPointExtension>
        </extensions>
      </trkpt>
      <trkpt lat="23.1812514178454875946044921875" lon="113.41721012257039546966552734375">
        <ele>29</ele>
        <time>2024-07-24T22:36:46.000Z</time>
        <extensions>
          <ns3:TrackPointExtension>
            <ns3:hr>78</ns3:hr>
          </ns3:TrackPointExtension>
        </extensions>
      </trkpt>
      <trkpt lat="23.181211687624454498291015625" lon="113.41717676259577274322509765625">
        <ele>29.6000003814697265625</ele>
        <time>2024-07-24T22:36:47.000Z</time>
        <extensions>
          <ns3:TrackPointExtension>
            <ns3:hr>77</ns3:hr>
          </ns3:TrackPointExtension>
        </extensions>
      </trkpt>
      <trkpt lat="23.18117321468889713287353515625" lon="113.41714826412498950958251953125">
        <ele>30</ele>
        <time>2024-07-24T22:36:48.000Z</time>
        <extensions>
          <ns3:TrackPointExtension>
            <ns3:hr>78</ns3:hr>
          </ns3:TrackPointExtension>
        </extensions>
      </trkpt>
      <trkpt lat="23.18113516084849834442138671875" lon="113.41712093912065029144287109375">
        <ele>30.3999996185302734375</ele>
        <time>2024-07-24T22:36:49.000Z</time>
        <extensions>
          <ns3:TrackPointExtension>
            <ns3:hr>79</ns3:hr>
          </ns3:TrackPointExtension>
        </extensions>
      </trkpt>
      <trkpt lat="23.1810995377600193023681640625" lon="113.41709478758275508880615234375">
        <ele>30.799999237060546875</ele>
        <time>2024-07-24T22:36:50.000Z</time>
        <extensions>
          <ns3:TrackPointExtension>
            <ns3:hr>81</ns3:hr>
          </ns3:TrackPointExtension>
        </extensions>
      </trkpt>
      <trkpt lat="23.18106592632830142974853515625" lon="113.4170673787593841552734375">
        <ele>31.200000762939453125</ele>
        <time>2024-07-24T22:36:51.000Z</time>
        <extensions>
          <ns3:TrackPointExtension>
            <ns3:hr>82</ns3:hr>
          </ns3:TrackPointExtension>
        </extensions>
      </trkpt>
      <trkpt lat="23.1810329854488372802734375" lon="113.41703879646956920623779296875">
        <ele>31</ele>
        <time>2024-07-24T22:36:52.000Z</time>
        <extensions>
          <ns3:TrackPointExtension>
            <ns3:hr>83</ns3:hr>
          </ns3:TrackPointExtension>
        </extensions>
      </trkpt>
      <trkpt lat="23.18100012838840484619140625" lon="113.417009375989437103271484375">
        <ele>31</ele>
        <time>2024-07-24T22:36:53.000Z</time>
        <extensions>
          <ns3:TrackPointExtension>
            <ns3:hr>84</ns3:hr>
          </ns3:TrackPointExtension>
        </extensions>
      </trkpt>
      <trkpt lat="23.18096701987087726593017578125" lon="113.416980206966400146484375">
        <ele>30.799999237060546875</ele>
        <time>2024-07-24T22:36:54.000Z</time>
        <extensions>
          <ns3:TrackPointExtension>
            <ns3:hr>86</ns3:hr>
          </ns3:TrackPointExtension>
        </extensions>
      </trkpt>
      <trkpt lat="23.18093248642981052398681640625" lon="113.41695128940045833587646484375">
        <ele>30.3999996185302734375</ele>
        <time>2024-07-24T22:36:55.000Z</time>
        <extensions>
          <ns3:TrackPointExtension>
            <ns3:hr>87</ns3:hr>
          </ns3:TrackPointExtension>
        </extensions>
      </trkpt>
      <trkpt lat="23.18089879117906093597412109375" lon="113.4169233776628971099853515625">
        <ele>30.200000762939453125</ele>
        <time>2024-07-24T22:36:56.000Z</time>
        <extensions>
          <ns3:TrackPointExtension>
            <ns3:hr>87</ns3:hr>
          </ns3:TrackPointExtension>
        </extensions>
      </trkpt>
      <trkpt lat="23.18086601793766021728515625" lon="113.416896723210811614990234375">
        <ele>30</ele>
        <time>2024-07-24T22:36:57.000Z</time>
        <extensions>
          <ns3:TrackPointExtension>
            <ns3:hr>87</ns3:hr>
          </ns3:TrackPointExtension>
        </extensions>
      </trkpt>
      <trkpt lat="23.18083324469625949859619140625" lon="113.4168704040348529815673828125">
        <ele>29.6000003814697265625</ele>
        <time>2024-07-24T22:36:58.000Z</time>
        <extensions>
          <ns3:TrackPointExtension>
            <ns3:hr>87</ns3:hr>
          </ns3:TrackPointExtension>
        </extensions>
      </trkpt>
      <trkpt lat="23.18080089055001735687255859375" lon="113.41684408485889434814453125">
        <ele>29.3999996185302734375</ele>
        <time>2024-07-24T22:36:59.000Z</time>
        <extensions>
          <ns3:TrackPointExtension>
            <ns3:hr>87</ns3:hr>
          </ns3:TrackPointExtension>
        </extensions>
      </trkpt>
      <trkpt lat="23.18076568655669689178466796875" lon="113.41681634075939655303955078125">
        <ele>28.799999237060546875</ele>
        <time>2024-07-24T22:37:00.000Z</time>
        <extensions>
          <ns3:TrackPointExtension>
            <ns3:hr>87</ns3:hr>
          </ns3:TrackPointExtension>
        </extensions>
      </trkpt>
      <trkpt lat="23.1807293929159641265869140625" lon="113.416788093745708465576171875">
        <ele>27.799999237060546875</ele>
        <time>2024-07-24T22:37:01.000Z</time>
        <extensions>
          <ns3:TrackPointExtension>
            <ns3:hr>87</ns3:hr>
          </ns3:TrackPointExtension>
        </extensions>
      </trkpt>
      <trkpt lat="23.18069393746554851531982421875" lon="113.4167627803981304168701171875">
        <ele>27</ele>
        <time>2024-07-24T22:37:02.000Z</time>
        <extensions>
          <ns3:TrackPointExtension>
            <ns3:hr>88</ns3:hr>
          </ns3:TrackPointExtension>
        </extensions>
      </trkpt>
      <trkpt lat="23.18065487779676914215087890625" lon="113.416735790669918060302734375">
        <ele>26</ele>
        <time>2024-07-24T22:37:03.000Z</time>
        <extensions>
          <ns3:TrackPointExtension>
            <ns3:hr>87</ns3:hr>
          </ns3:TrackPointExtension>
        </extensions>
      </trkpt>
      <trkpt lat="23.18061481229960918426513671875" lon="113.41670787893235683441162109375">
        <ele>25.200000762939453125</ele>
        <time>2024-07-24T22:37:04.000Z</time>
        <extensions>
          <ns3:TrackPointExtension>
            <ns3:hr>87</ns3:hr>
          </ns3:TrackPointExtension>
        </extensions>
      </trkpt>
      <trkpt lat="23.1805781833827495574951171875" lon="113.416681475937366485595703125">
        <ele>24.200000762939453125</ele>
        <time>2024-07-24T22:37:05.000Z</time>
        <extensions>
          <ns3:TrackPointExtension>
            <ns3:hr>85</ns3:hr>
          </ns3:TrackPointExtension>
        </extensions>
      </trkpt>
      <trkpt lat="23.18054239265620708465576171875" lon="113.416655324399471282958984375">
        <ele>23.3999996185302734375</ele>
        <time>2024-07-24T22:37:06.000Z</time>
        <extensions>
          <ns3:TrackPointExtension>
            <ns3:hr>82</ns3:hr>
          </ns3:TrackPointExtension>
        </extensions>
      </trkpt>
      <trkpt lat="23.18050651811063289642333984375" lon="113.416627831757068634033203125">
        <ele>22.799999237060546875</ele>
        <time>2024-07-24T22:37:07.000Z</time>
        <extensions>
          <ns3:TrackPointExtension>
            <ns3:hr>83</ns3:hr>
          </ns3:TrackPointExtension>
        </extensions>
      </trkpt>
      <trkpt lat="23.18046779371798038482666015625" lon="113.4165978245437145233154296875">
        <ele>22.799999237060546875</ele>
        <time>2024-07-24T22:37:08.000Z</time>
        <extensions>
          <ns3:TrackPointExtension>
            <ns3:hr>84</ns3:hr>
          </ns3:TrackPointExtension>
        </extensions>
      </trkpt>
      <trkpt lat="23.180429823696613311767578125" lon="113.41656840406358242034912109375">
        <ele>22.799999237060546875</ele>
        <time>2024-07-24T22:37:09.000Z</time>
        <extensions>
          <ns3:TrackPointExtension>
            <ns3:hr>85</ns3:hr>
          </ns3:TrackPointExtension>
        </extensions>
      </trkpt>
      <trkpt lat="23.1803924404084682464599609375" lon="113.4165394864976406097412109375">
        <ele>23</ele>
        <time>2024-07-24T22:37:10.000Z</time>
        <extensions>
          <ns3:TrackPointExtension>
            <ns3:hr>87</ns3:hr>
          </ns3:TrackPointExtension>
        </extensions>
      </trkpt>
      <trkpt lat="23.1803599186241626739501953125" lon="113.41651408933103084564208984375">
        <ele>23</ele>
        <time>2024-07-24T22:37:11.000Z</time>
        <extensions>
          <ns3:TrackPointExtension>
            <ns3:hr>87</ns3:hr>
          </ns3:TrackPointExtension>
        </extensions>
      </trkpt>
      <trkpt lat="23.18032689392566680908203125" lon="113.4164885245263576507568359375">
        <ele>23</ele>
        <time>2024-07-24T22:37:12.000Z</time>
        <extensions>
          <ns3:TrackPointExtension>
            <ns3:hr>87</ns3:hr>
          </ns3:TrackPointExtension>
        </extensions>
      </trkpt>
      <trkpt lat="23.1802900135517120361328125" lon="113.41645994223654270172119140625">
        <ele>23.200000762939453125</ele>
        <time>2024-07-24T22:37:13.000Z</time>
        <extensions>
          <ns3:TrackPointExtension>
            <ns3:hr>86</ns3:hr>
          </ns3:TrackPointExtension>
        </extensions>
      </trkpt>
      <trkpt lat="23.1802566535770893096923828125" lon="113.4164325334131717681884765625">
        <ele>23.200000762939453125</ele>
        <time>2024-07-24T22:37:14.000Z</time>
        <extensions>
          <ns3:TrackPointExtension>
            <ns3:hr>85</ns3:hr>
          </ns3:TrackPointExtension>
        </extensions>
      </trkpt>
      <trkpt lat="23.18022471852600574493408203125" lon="113.416404537856578826904296875">
        <ele>23.3999996185302734375</ele>
        <time>2024-07-24T22:37:15.000Z</time>
        <extensions>
          <ns3:TrackPointExtension>
            <ns3:hr>85</ns3:hr>
          </ns3:TrackPointExtension>
        </extensions>
      </trkpt>
      <trkpt lat="23.18019010126590728759765625" lon="113.416373692452907562255859375">
        <ele>23.6000003814697265625</ele>
        <time>2024-07-24T22:37:16.000Z</time>
        <extensions>
          <ns3:TrackPointExtension>
            <ns3:hr>84</ns3:hr>
          </ns3:TrackPointExtension>
        </extensions>
      </trkpt>
      <trkpt lat="23.18015598691999912261962890625" lon="113.41634309850633144378662109375">
        <ele>23.799999237060546875</ele>
        <time>2024-07-24T22:37:17.000Z</time>
        <extensions>
          <ns3:TrackPointExtension>
            <ns3:hr>82</ns3:hr>
          </ns3:TrackPointExtension>
        </extensions>
      </trkpt>
      <trkpt lat="23.1801210343837738037109375" lon="113.41631409712135791778564453125">
        <ele>24</ele>
        <time>2024-07-24T22:37:18.000Z</time>
        <extensions>
          <ns3:TrackPointExtension>
            <ns3:hr>82</ns3:hr>
          </ns3:TrackPointExtension>
        </extensions>
      </trkpt>
      <trkpt lat="23.18008708767592906951904296875" lon="113.4162856824696063995361328125">
        <ele>24.200000762939453125</ele>
        <time>2024-07-24T22:37:19.000Z</time>
        <extensions>
          <ns3:TrackPointExtension>
            <ns3:hr>81</ns3:hr>
          </ns3:TrackPointExtension>
        </extensions>
      </trkpt>
      <trkpt lat="23.1800554879009723663330078125" lon="113.41625869274139404296875">
        <ele>24.3999996185302734375</ele>
        <time>2024-07-24T22:37:20.000Z</time>
        <extensions>
          <ns3:TrackPointExtension>
            <ns3:hr>82</ns3:hr>
          </ns3:TrackPointExtension>
        </extensions>
      </trkpt>
      <trkpt lat="23.1800226308405399322509765625" lon="113.41622843407094478607177734375">
        <ele>24.6000003814697265625</ele>
        <time>2024-07-24T22:37:21.000Z</time>
        <extensions>
          <ns3:TrackPointExtension>
            <ns3:hr>81</ns3:hr>
          </ns3:TrackPointExtension>
        </extensions>
      </trkpt>
      <trkpt lat="23.17999170161783695220947265625" lon="113.41619691811501979827880859375">
        <ele>24.799999237060546875</ele>
        <time>2024-07-24T22:37:22.000Z</time>
        <extensions>
          <ns3:TrackPointExtension>
            <ns3:hr>81</ns3:hr>
          </ns3:TrackPointExtension>
        </extensions>
      </trkpt>
      <trkpt lat="23.17996353842318058013916015625" lon="113.41616489924490451812744140625">
        <ele>25</ele>
        <time>2024-07-24T22:37:23.000Z</time>
        <extensions>
          <ns3:TrackPointExtension>
            <ns3:hr>82</ns3:hr>
          </ns3:TrackPointExtension>
        </extensions>
      </trkpt>
      <trkpt lat="23.17993856035172939300537109375" lon="113.4161354787647724151611328125">
        <ele>25.200000762939453125</ele>
        <time>2024-07-24T22:37:24.000Z</time>
        <extensions>
          <ns3:TrackPointExtension>
            <ns3:hr>82</ns3:hr>
          </ns3:TrackPointExtension>
        </extensions>
      </trkpt>
      <trkpt lat="23.17991291172802448272705078125" lon="113.416102118790149688720703125">
        <ele>25.200000762939453125</ele>
        <time>2024-07-24T22:37:25.000Z</time>
        <extensions>
          <ns3:TrackPointExtension>
            <ns3:hr>81</ns3:hr>
          </ns3:TrackPointExtension>
        </extensions>
      </trkpt>
      <trkpt lat="23.17988944239914417266845703125" lon="113.41607018373906612396240234375">
        <ele>25.3999996185302734375</ele>
        <time>2024-07-24T22:37:26.000Z</time>
        <extensions>
          <ns3:TrackPointExtension>
            <ns3:hr>81</ns3:hr>
          </ns3:TrackPointExtension>
        </extensions>
      </trkpt>
      <trkpt lat="23.1798677332699298858642578125" lon="113.41603632085025310516357421875">
        <ele>25.3999996185302734375</ele>
        <time>2024-07-24T22:37:27.000Z</time>
        <extensions>
          <ns3:TrackPointExtension>
            <ns3:hr>81</ns3:hr>
          </ns3:TrackPointExtension>
        </extensions>
      </trkpt>
      <trkpt lat="23.17984702996909618377685546875" lon="113.41600212268531322479248046875">
        <ele>25.6000003814697265625</ele>
        <time>2024-07-24T22:37:28.000Z</time>
        <extensions>
          <ns3:TrackPointExtension>
            <ns3:hr>80</ns3:hr>
          </ns3:TrackPointExtension>
        </extensions>
      </trkpt>
      <trkpt lat="23.17982691340148448944091796875" lon="113.415966331958770751953125">
        <ele>25.799999237060546875</ele>
        <time>2024-07-24T22:37:29.000Z</time>
        <extensions>
          <ns3:TrackPointExtension>
            <ns3:hr>79</ns3:hr>
          </ns3:TrackPointExtension>
        </extensions>
      </trkpt>
      <trkpt lat="23.1798070482909679412841796875" lon="113.41592668555676937103271484375">
        <ele>25.799999237060546875</ele>
        <time>2024-07-24T22:37:30.000Z</time>
        <extensions>
          <ns3:TrackPointExtension>
            <ns3:hr>79</ns3:hr>
          </ns3:TrackPointExtension>
        </extensions>
      </trkpt>
      <trkpt lat="23.17978953011333942413330078125" lon="113.415885865688323974609375">
        <ele>26</ele>
        <time>2024-07-24T22:37:31.000Z</time>
        <extensions>
          <ns3:TrackPointExtension>
            <ns3:hr>78</ns3:hr>
          </ns3:TrackPointExtension>
        </extensions>
      </trkpt>
      <trkpt lat="23.17977494560182094573974609375" lon="113.4158458001911640167236328125">
        <ele>25.799999237060546875</ele>
        <time>2024-07-24T22:37:32.000Z</time>
        <extensions>
          <ns3:TrackPointExtension>
            <ns3:hr>78</ns3:hr>
          </ns3:TrackPointExtension>
        </extensions>
      </trkpt>
      <trkpt lat="23.1797621212899684906005859375" lon="113.415807075798511505126953125">
        <ele>25.6000003814697265625</ele>
        <time>2024-07-24T22:37:33.000Z</time>
        <extensions>
          <ns3:TrackPointExtension>
            <ns3:hr>80</ns3:hr>
          </ns3:TrackPointExtension>
        </extensions>
      </trkpt>
      <trkpt lat="23.1797507219016551971435546875" lon="113.415770195424556732177734375">
        <ele>25.6000003814697265625</ele>
        <time>2024-07-24T22:37:34.000Z</time>
        <extensions>
          <ns3:TrackPointExtension>
            <ns3:hr>83</ns3:hr>
          </ns3:TrackPointExtension>
        </extensions>
      </trkpt>
      <trkpt lat="23.17974091507494449615478515625" lon="113.41573633253574371337890625">
        <ele>25.3999996185302734375</ele>
        <time>2024-07-24T22:37:35.000Z</time>
        <extensions>
          <ns3:TrackPointExtension>
            <ns3:hr>84</ns3:hr>
          </ns3:TrackPointExtension>
        </extensions>
      </trkpt>
      <trkpt lat="23.17973018623888492584228515625" lon="113.41569886542856693267822265625">
        <ele>25.200000762939453125</ele>
        <time>2024-07-24T22:37:36.000Z</time>
        <extensions>
          <ns3:TrackPointExtension>
            <ns3:hr>84</ns3:hr>
          </ns3:TrackPointExtension>
        </extensions>
      </trkpt>
      <trkpt lat="23.17971878685057163238525390625" lon="113.415662907063961029052734375">
        <ele>25.200000762939453125</ele>
        <time>2024-07-24T22:37:37.000Z</time>
        <extensions>
          <ns3:TrackPointExtension>
            <ns3:hr>84</ns3:hr>
          </ns3:TrackPointExtension>
        </extensions>
      </trkpt>
      <trkpt lat="23.17970856092870235443115234375" lon="113.415630720555782318115234375">
        <ele>25</ele>
        <time>2024-07-24T22:37:38.000Z</time>
        <extensions>
          <ns3:TrackPointExtension>
            <ns3:hr>84</ns3:hr>
          </ns3:TrackPointExtension>
        </extensions>
      </trkpt>
      <trkpt lat="23.17969665862619876861572265625" lon="113.4155940078198909759521484375">
        <ele>24.799999237060546875</ele>
        <time>2024-07-24T22:37:39.000Z</time>
        <extensions>
          <ns3:TrackPointExtension>
            <ns3:hr>84</ns3:hr>
          </ns3:TrackPointExtension>
        </extensions>
      </trkpt>
      <trkpt lat="23.17968450486660003662109375" lon="113.41555930674076080322265625">
        <ele>24.6000003814697265625</ele>
        <time>2024-07-24T22:37:40.000Z</time>
        <extensions>
          <ns3:TrackPointExtension>
            <ns3:hr>84</ns3:hr>
          </ns3:TrackPointExtension>
        </extensions>
      </trkpt>
      <trkpt lat="23.1796731054782867431640625" lon="113.41552443802356719970703125">
        <ele>24.3999996185302734375</ele>
        <time>2024-07-24T22:37:41.000Z</time>
        <extensions>
          <ns3:TrackPointExtension>
            <ns3:hr>84</ns3:hr>
          </ns3:TrackPointExtension>
        </extensions>
      </trkpt>
      <trkpt lat="23.17966178990900516510009765625" lon="113.41548822820186614990234375">
        <ele>24</ele>
        <time>2024-07-24T22:37:42.000Z</time>
        <extensions>
          <ns3:TrackPointExtension>
            <ns3:hr>83</ns3:hr>
          </ns3:TrackPointExtension>
        </extensions>
      </trkpt>
      <trkpt lat="23.179647959768772125244140625" lon="113.41544891707599163055419921875">
        <ele>23.6000003814697265625</ele>
        <time>2024-07-24T22:37:43.000Z</time>
        <extensions>
          <ns3:TrackPointExtension>
            <ns3:hr>83</ns3:hr>
          </ns3:TrackPointExtension>
        </extensions>
      </trkpt>
      <trkpt lat="23.17963295616209506988525390625" lon="113.4154099412262439727783203125">
        <ele>23.3999996185302734375</ele>
        <time>2024-07-24T22:37:44.000Z</time>
        <extensions>
          <ns3:TrackPointExtension>
            <ns3:hr>83</ns3:hr>
          </ns3:TrackPointExtension>
        </extensions>
      </trkpt>
      <trkpt lat="23.17961770109832286834716796875" lon="113.415371887385845184326171875">
        <ele>23</ele>
        <time>2024-07-24T22:37:45.000Z</time>
        <extensions>
          <ns3:TrackPointExtension>
            <ns3:hr>87</ns3:hr>
          </ns3:TrackPointExtension>
        </extensions>
      </trkpt>
      <trkpt lat="23.1796018593013286590576171875" lon="113.41533391736447811126708984375">
        <ele>22.799999237060546875</ele>
        <time>2024-07-24T22:37:46.000Z</time>
        <extensions>
          <ns3:TrackPointExtension>
            <ns3:hr>89</ns3:hr>
          </ns3:TrackPointExtension>
        </extensions>
      </trkpt>
      <trkpt lat="23.1795861013233661651611328125" lon="113.4152989648282527923583984375">
        <ele>23.3999996185302734375</ele>
        <time>2024-07-24T22:37:47.000Z</time>
        <extensions>
          <ns3:TrackPointExtension>
            <ns3:hr>90</ns3:hr>
          </ns3:TrackPointExtension>
        </extensions>
      </trkpt>
      <trkpt lat="23.17957009188830852508544921875" lon="113.4152640961110591888427734375">
        <ele>24</ele>
        <time>2024-07-24T22:37:48.000Z</time>
        <extensions>
          <ns3:TrackPointExtension>
            <ns3:hr>91</ns3:hr>
          </ns3:TrackPointExtension>
        </extensions>
      </trkpt>
      <trkpt lat="23.17955433391034603118896484375" lon="113.415231071412563323974609375">
        <ele>24.3999996185302734375</ele>
        <time>2024-07-24T22:37:49.000Z</time>
        <extensions>
          <ns3:TrackPointExtension>
            <ns3:hr>91</ns3:hr>
          </ns3:TrackPointExtension>
        </extensions>
      </trkpt>
      <trkpt lat="23.17953840829432010650634765625" lon="113.4151983819901943206787109375">
        <ele>25</ele>
        <time>2024-07-24T22:37:50.000Z</time>
        <extensions>
          <ns3:TrackPointExtension>
            <ns3:hr>91</ns3:hr>
          </ns3:TrackPointExtension>
        </extensions>
      </trkpt>
      <trkpt lat="23.1795202195644378662109375" lon="113.41516309417784214019775390625">
        <ele>25.3999996185302734375</ele>
        <time>2024-07-24T22:37:51.000Z</time>
        <extensions>
          <ns3:TrackPointExtension>
            <ns3:hr>90</ns3:hr>
          </ns3:TrackPointExtension>
        </extensions>
      </trkpt>
      <trkpt lat="23.17950085736811161041259765625" lon="113.41512789018452167510986328125">
        <ele>25.6000003814697265625</ele>
        <time>2024-07-24T22:37:52.000Z</time>
        <extensions>
          <ns3:TrackPointExtension>
            <ns3:hr>88</ns3:hr>
          </ns3:TrackPointExtension>
        </extensions>
      </trkpt>
      <trkpt lat="23.1794808246195316314697265625" lon="113.41509587131440639495849609375">
        <ele>26</ele>
        <time>2024-07-24T22:37:53.000Z</time>
        <extensions>
          <ns3:TrackPointExtension>
            <ns3:hr>87</ns3:hr>
          </ns3:TrackPointExtension>
        </extensions>
      </trkpt>
      <trkpt lat="23.179458193480968475341796875" lon="113.41506041586399078369140625">
        <ele>26.3999996185302734375</ele>
        <time>2024-07-24T22:37:54.000Z</time>
        <extensions>
          <ns3:TrackPointExtension>
            <ns3:hr>86</ns3:hr>
          </ns3:TrackPointExtension>
        </extensions>
      </trkpt>
      <trkpt lat="23.17943665198981761932373046875" lon="113.41502487659454345703125">
        <ele>27</ele>
        <time>2024-07-24T22:37:55.000Z</time>
        <extensions>
          <ns3:TrackPointExtension>
            <ns3:hr>86</ns3:hr>
          </ns3:TrackPointExtension>
        </extensions>
      </trkpt>
      <trkpt lat="23.17941703833639621734619140625" lon="113.4149915166199207305908203125">
        <ele>27.6000003814697265625</ele>
        <time>2024-07-24T22:37:56.000Z</time>
        <extensions>
          <ns3:TrackPointExtension>
            <ns3:hr>86</ns3:hr>
          </ns3:TrackPointExtension>
        </extensions>
      </trkpt>
      <trkpt lat="23.17939591594040393829345703125" lon="113.414956144988536834716796875">
        <ele>28</ele>
        <time>2024-07-24T22:37:57.000Z</time>
        <extensions>
          <ns3:TrackPointExtension>
            <ns3:hr>87</ns3:hr>
          </ns3:TrackPointExtension>
        </extensions>
      </trkpt>
      <trkpt lat="23.1793742068111896514892578125" lon="113.41492102481424808502197265625">
        <ele>28</ele>
        <time>2024-07-24T22:37:58.000Z</time>
        <extensions>
          <ns3:TrackPointExtension>
            <ns3:hr>88</ns3:hr>
          </ns3:TrackPointExtension>
        </extensions>
      </trkpt>
      <trkpt lat="23.17935434170067310333251953125" lon="113.41488850302994251251220703125">
        <ele>27.799999237060546875</ele>
        <time>2024-07-24T22:37:59.000Z</time>
        <extensions>
          <ns3:TrackPointExtension>
            <ns3:hr>92</ns3:hr>
          </ns3:TrackPointExtension>
        </extensions>
      </trkpt>
      <trkpt lat="23.179334141314029693603515625" lon="113.41485380195081233978271484375">
        <ele>27.799999237060546875</ele>
        <time>2024-07-24T22:38:00.000Z</time>
        <extensions>
          <ns3:TrackPointExtension>
            <ns3:hr>92</ns3:hr>
          </ns3:TrackPointExtension>
        </extensions>
      </trkpt>
      <trkpt lat="23.179314024746417999267578125" lon="113.4148171730339527130126953125">
        <ele>27.799999237060546875</ele>
        <time>2024-07-24T22:38:01.000Z</time>
        <extensions>
          <ns3:TrackPointExtension>
            <ns3:hr>92</ns3:hr>
          </ns3:TrackPointExtension>
        </extensions>
      </trkpt>
      <trkpt lat="23.17929198034107685089111328125" lon="113.41478138230741024017333984375">
        <ele>27.799999237060546875</ele>
        <time>2024-07-24T22:38:02.000Z</time>
        <extensions>
          <ns3:TrackPointExtension>
            <ns3:hr>92</ns3:hr>
          </ns3:TrackPointExtension>
        </extensions>
      </trkpt>
      <trkpt lat="23.17926649935543537139892578125" lon="113.4147454239428043365478515625">
        <ele>27.200000762939453125</ele>
        <time>2024-07-24T22:38:03.000Z</time>
        <extensions>
          <ns3:TrackPointExtension>
            <ns3:hr>96</ns3:hr>
          </ns3:TrackPointExtension>
        </extensions>
      </trkpt>
      <trkpt lat="23.1792404316365718841552734375" lon="113.41471482999622821807861328125">
        <ele>26.799999237060546875</ele>
        <time>2024-07-24T22:38:04.000Z</time>
        <extensions>
          <ns3:TrackPointExtension>
            <ns3:hr>96</ns3:hr>
          </ns3:TrackPointExtension>
        </extensions>
      </trkpt>
      <trkpt lat="23.17921084351837635040283203125" lon="113.41468817554414272308349609375">
        <ele>26.200000762939453125</ele>
        <time>2024-07-24T22:38:05.000Z</time>
        <extensions>
          <ns3:TrackPointExtension>
            <ns3:hr>97</ns3:hr>
          </ns3:TrackPointExtension>
        </extensions>
      </trkpt>
      <trkpt lat="23.17917714826762676239013671875" lon="113.4146626107394695281982421875">
        <ele>25.6000003814697265625</ele>
        <time>2024-07-24T22:38:06.000Z</time>
        <extensions>
          <ns3:TrackPointExtension>
            <ns3:hr>97</ns3:hr>
          </ns3:TrackPointExtension>
        </extensions>
      </trkpt>
      <trkpt lat="23.17914563231170177459716796875" lon="113.41463989578187465667724609375">
        <ele>25</ele>
        <time>2024-07-24T22:38:07.000Z</time>
        <extensions>
          <ns3:TrackPointExtension>
            <ns3:hr>97</ns3:hr>
          </ns3:TrackPointExtension>
        </extensions>
      </trkpt>
      <trkpt lat="23.17911461926996707916259765625" lon="113.41461651027202606201171875">
        <ele>24.6000003814697265625</ele>
        <time>2024-07-24T22:38:08.000Z</time>
        <extensions>
          <ns3:TrackPointExtension>
            <ns3:hr>98</ns3:hr>
          </ns3:TrackPointExtension>
        </extensions>
      </trkpt>
      <trkpt lat="23.17908209748566150665283203125" lon="113.41459111310541629791259765625">
        <ele>24.799999237060546875</ele>
        <time>2024-07-24T22:38:09.000Z</time>
        <extensions>
          <ns3:TrackPointExtension>
            <ns3:hr>98</ns3:hr>
          </ns3:TrackPointExtension>
        </extensions>
      </trkpt>
      <trkpt lat="23.17904840223491191864013671875" lon="113.41456412337720394134521484375">
        <ele>25</ele>
        <time>2024-07-24T22:38:10.000Z</time>
        <extensions>
          <ns3:TrackPointExtension>
            <ns3:hr>98</ns3:hr>
          </ns3:TrackPointExtension>
        </extensions>
      </trkpt>
      <trkpt lat="23.17901453934609889984130859375" lon="113.41453738510608673095703125">
        <ele>25.200000762939453125</ele>
        <time>2024-07-24T22:38:11.000Z</time>
        <extensions>
          <ns3:TrackPointExtension>
            <ns3:hr>98</ns3:hr>
          </ns3:TrackPointExtension>
        </extensions>
      </trkpt>
      <trkpt lat="23.17898084409534931182861328125" lon="113.4145120717585086822509765625">
        <ele>25.3999996185302734375</ele>
        <time>2024-07-24T22:38:12.000Z</time>
        <extensions>
          <ns3:TrackPointExtension>
            <ns3:hr>98</ns3:hr>
          </ns3:TrackPointExtension>
        </extensions>
      </trkpt>
      <trkpt lat="23.17894731648266315460205078125" lon="113.41448851861059665679931640625">
        <ele>25.799999237060546875</ele>
        <time>2024-07-24T22:38:13.000Z</time>
        <extensions>
          <ns3:TrackPointExtension>
            <ns3:hr>98</ns3:hr>
          </ns3:TrackPointExtension>
        </extensions>
      </trkpt>
      <trkpt lat="23.17891261540353298187255859375" lon="113.4144647978246212005615234375">
        <ele>26.3999996185302734375</ele>
        <time>2024-07-24T22:38:14.000Z</time>
        <extensions>
          <ns3:TrackPointExtension>
            <ns3:hr>98</ns3:hr>
          </ns3:TrackPointExtension>
        </extensions>
      </trkpt>
      <trkpt lat="23.1788749806582927703857421875" lon="113.41443990357220172882080078125">
        <ele>26.799999237060546875</ele>
        <time>2024-07-24T22:38:15.000Z</time>
        <extensions>
          <ns3:TrackPointExtension>
            <ns3:hr>97</ns3:hr>
          </ns3:TrackPointExtension>
        </extensions>
      </trkpt>
      <trkpt lat="23.17883768118917942047119140625" lon="113.41441542841494083404541015625">
        <ele>27.200000762939453125</ele>
        <time>2024-07-24T22:38:16.000Z</time>
        <extensions>
          <ns3:TrackPointExtension>
            <ns3:hr>97</ns3:hr>
          </ns3:TrackPointExtension>
        </extensions>
      </trkpt>
      <trkpt lat="23.1788032315671443939208984375" lon="113.41439262963831424713134765625">
        <ele>27.799999237060546875</ele>
        <time>2024-07-24T22:38:17.000Z</time>
        <extensions>
          <ns3:TrackPointExtension>
            <ns3:hr>95</ns3:hr>
          </ns3:TrackPointExtension>
        </extensions>
      </trkpt>
      <trkpt lat="23.17876978777348995208740234375" lon="113.414369411766529083251953125">
        <ele>28.200000762939453125</ele>
        <time>2024-07-24T22:38:18.000Z</time>
        <extensions>
          <ns3:TrackPointExtension>
            <ns3:hr>94</ns3:hr>
          </ns3:TrackPointExtension>
        </extensions>
      </trkpt>
      <trkpt lat="23.17873357795178890228271484375" lon="113.41434300877153873443603515625">
        <ele>28.799999237060546875</ele>
        <time>2024-07-24T22:38:19.000Z</time>
        <extensions>
          <ns3:TrackPointExtension>
            <ns3:hr>94</ns3:hr>
          </ns3:TrackPointExtension>
        </extensions>
      </trkpt>
      <trkpt lat="23.17870021797716617584228515625" lon="113.41431819833815097808837890625">
        <ele>29.200000762939453125</ele>
        <time>2024-07-24T22:38:20.000Z</time>
        <extensions>
          <ns3:TrackPointExtension>
            <ns3:hr>93</ns3:hr>
          </ns3:TrackPointExtension>
        </extensions>
      </trkpt>
      <trkpt lat="23.1786664389073848724365234375" lon="113.41429372318089008331298828125">
        <ele>29.6000003814697265625</ele>
        <time>2024-07-24T22:38:21.000Z</time>
        <extensions>
          <ns3:TrackPointExtension>
            <ns3:hr>92</ns3:hr>
          </ns3:TrackPointExtension>
        </extensions>
      </trkpt>
      <trkpt lat="23.178629390895366668701171875" lon="113.41426723636686801910400390625">
        <ele>30.200000762939453125</ele>
        <time>2024-07-24T22:38:22.000Z</time>
        <extensions>
          <ns3:TrackPointExtension>
            <ns3:hr>89</ns3:hr>
          </ns3:TrackPointExtension>
        </extensions>
      </trkpt>
      <trkpt lat="23.17859561182558536529541015625" lon="113.414242006838321685791015625">
        <ele>30.6000003814697265625</ele>
        <time>2024-07-24T22:38:23.000Z</time>
        <extensions>
          <ns3:TrackPointExtension>
            <ns3:hr>89</ns3:hr>
          </ns3:TrackPointExtension>
        </extensions>
      </trkpt>
      <trkpt lat="23.1785614974796772003173828125" lon="113.41421543620526790618896484375">
        <ele>31</ele>
        <time>2024-07-24T22:38:24.000Z</time>
        <extensions>
          <ns3:TrackPointExtension>
            <ns3:hr>89</ns3:hr>
          </ns3:TrackPointExtension>
        </extensions>
      </trkpt>
      <trkpt lat="23.1785276345908641815185546875" lon="113.414189033210277557373046875">
        <ele>30.6000003814697265625</ele>
        <time>2024-07-24T22:38:25.000Z</time>
        <extensions>
          <ns3:TrackPointExtension>
            <ns3:hr>89</ns3:hr>
          </ns3:TrackPointExtension>
        </extensions>
      </trkpt>
      <trkpt lat="23.17849653773009777069091796875" lon="113.41416380368173122406005859375">
        <ele>30.200000762939453125</ele>
        <time>2024-07-24T22:38:26.000Z</time>
        <extensions>
          <ns3:TrackPointExtension>
            <ns3:hr>89</ns3:hr>
          </ns3:TrackPointExtension>
        </extensions>
      </trkpt>
      <trkpt lat="23.17846334539353847503662109375" lon="113.41413773596286773681640625">
        <ele>30</ele>
        <time>2024-07-24T22:38:27.000Z</time>
        <extensions>
          <ns3:TrackPointExtension>
            <ns3:hr>89</ns3:hr>
          </ns3:TrackPointExtension>
        </extensions>
      </trkpt>
      <trkpt lat="23.17842520773410797119140625" lon="113.41410932131111621856689453125">
        <ele>29.3999996185302734375</ele>
        <time>2024-07-24T22:38:28.000Z</time>
        <extensions>
          <ns3:TrackPointExtension>
            <ns3:hr>87</ns3:hr>
          </ns3:TrackPointExtension>
        </extensions>
      </trkpt>
      <trkpt lat="23.17838891409337520599365234375" lon="113.4140829183161258697509765625">
        <ele>29.200000762939453125</ele>
        <time>2024-07-24T22:38:29.000Z</time>
        <extensions>
          <ns3:TrackPointExtension>
            <ns3:hr>86</ns3:hr>
          </ns3:TrackPointExtension>
        </extensions>
      </trkpt>
      <trkpt lat="23.17834985442459583282470703125" lon="113.414055593311786651611328125">
        <ele>28.6000003814697265625</ele>
        <time>2024-07-24T22:38:30.000Z</time>
        <extensions>
          <ns3:TrackPointExtension>
            <ns3:hr>85</ns3:hr>
          </ns3:TrackPointExtension>
        </extensions>
      </trkpt>
      <trkpt lat="23.1783133931457996368408203125" lon="113.41403019614517688751220703125">
        <ele>28.200000762939453125</ele>
        <time>2024-07-24T22:38:31.000Z</time>
        <extensions>
          <ns3:TrackPointExtension>
            <ns3:hr>85</ns3:hr>
          </ns3:TrackPointExtension>
        </extensions>
      </trkpt>
      <trkpt lat="23.17827760241925716400146484375" lon="113.4140041284263134002685546875">
        <ele>28</ele>
        <time>2024-07-24T22:38:32.000Z</time>
        <extensions>
          <ns3:TrackPointExtension>
            <ns3:hr>85</ns3:hr>
          </ns3:TrackPointExtension>
        </extensions>
      </trkpt>
      <trkpt lat="23.17824415862560272216796875" lon="113.413976468145847320556640625">
        <ele>27.799999237060546875</ele>
        <time>2024-07-24T22:38:33.000Z</time>
        <extensions>
          <ns3:TrackPointExtension>
            <ns3:hr>86</ns3:hr>
          </ns3:TrackPointExtension>
        </extensions>
      </trkpt>
      <trkpt lat="23.17821188829839229583740234375" lon="113.4139474667608737945556640625">
        <ele>27.799999237060546875</ele>
        <time>2024-07-24T22:38:34.000Z</time>
        <extensions>
          <ns3:TrackPointExtension>
            <ns3:hr>88</ns3:hr>
          </ns3:TrackPointExtension>
        </extensions>
      </trkpt>
      <trkpt lat="23.1781833060085773468017578125" lon="113.41391913592815399169921875">
        <ele>27.3999996185302734375</ele>
        <time>2024-07-24T22:38:35.000Z</time>
        <extensions>
          <ns3:TrackPointExtension>
            <ns3:hr>89</ns3:hr>
          </ns3:TrackPointExtension>
        </extensions>
      </trkpt>
      <trkpt lat="23.17815438844263553619384765625" lon="113.41389021836221218109130859375">
        <ele>27.200000762939453125</ele>
        <time>2024-07-24T22:38:36.000Z</time>
        <extensions>
          <ns3:TrackPointExtension>
            <ns3:hr>90</ns3:hr>
          </ns3:TrackPointExtension>
        </extensions>
      </trkpt>
      <trkpt lat="23.178125135600566864013671875" lon="113.4138596244156360626220703125">
        <ele>26.799999237060546875</ele>
        <time>2024-07-24T22:38:37.000Z</time>
        <extensions>
          <ns3:TrackPointExtension>
            <ns3:hr>90</ns3:hr>
          </ns3:TrackPointExtension>
        </extensions>
      </trkpt>
      <trkpt lat="23.17809353582561016082763671875" lon="113.41382500715553760528564453125">
        <ele>26.3999996185302734375</ele>
        <time>2024-07-24T22:38:38.000Z</time>
        <extensions>
          <ns3:TrackPointExtension>
            <ns3:hr>91</ns3:hr>
          </ns3:TrackPointExtension>
        </extensions>
      </trkpt>
      <trkpt lat="23.1780639477074146270751953125" lon="113.4137898869812488555908203125">
        <ele>26</ele>
        <time>2024-07-24T22:38:39.000Z</time>
        <extensions>
          <ns3:TrackPointExtension>
            <ns3:hr>90</ns3:hr>
          </ns3:TrackPointExtension>
        </extensions>
      </trkpt>
      <trkpt lat="23.1780357845127582550048828125" lon="113.413757197558879852294921875">
        <ele>25.799999237060546875</ele>
        <time>2024-07-24T22:38:40.000Z</time>
        <extensions>
          <ns3:TrackPointExtension>
            <ns3:hr>90</ns3:hr>
          </ns3:TrackPointExtension>
        </extensions>
      </trkpt>
      <trkpt lat="23.17800804041326045989990234375" lon="113.4137241728603839874267578125">
        <ele>25.3999996185302734375</ele>
        <time>2024-07-24T22:38:41.000Z</time>
        <extensions>
          <ns3:TrackPointExtension>
            <ns3:hr>91</ns3:hr>
          </ns3:TrackPointExtension>
        </extensions>
      </trkpt>
      <trkpt lat="23.1779764406383037567138671875" lon="113.41368720866739749908447265625">
        <ele>24.799999237060546875</ele>
        <time>2024-07-24T22:38:42.000Z</time>
        <extensions>
          <ns3:TrackPointExtension>
            <ns3:hr>91</ns3:hr>
          </ns3:TrackPointExtension>
        </extensions>
      </trkpt>
      <trkpt lat="23.1779444217681884765625" lon="113.41365066356956958770751953125">
        <ele>24.3999996185302734375</ele>
        <time>2024-07-24T22:38:43.000Z</time>
        <extensions>
          <ns3:TrackPointExtension>
            <ns3:hr>92</ns3:hr>
          </ns3:TrackPointExtension>
        </extensions>
      </trkpt>
      <trkpt lat="23.17791692912578582763671875" lon="113.41361797414720058441162109375">
        <ele>24</ele>
        <time>2024-07-24T22:38:44.000Z</time>
        <extensions>
          <ns3:TrackPointExtension>
            <ns3:hr>92</ns3:hr>
          </ns3:TrackPointExtension>
        </extensions>
      </trkpt>
      <trkpt lat="23.17788952030241489410400390625" lon="113.41358654201030731201171875">
        <ele>23.799999237060546875</ele>
        <time>2024-07-24T22:38:45.000Z</time>
        <extensions>
          <ns3:TrackPointExtension>
            <ns3:hr>92</ns3:hr>
          </ns3:TrackPointExtension>
        </extensions>
      </trkpt>
      <trkpt lat="23.17786051891744136810302734375" lon="113.41355158947408199310302734375">
        <ele>23.3999996185302734375</ele>
        <time>2024-07-24T22:38:46.000Z</time>
        <extensions>
          <ns3:TrackPointExtension>
            <ns3:hr>92</ns3:hr>
          </ns3:TrackPointExtension>
        </extensions>
      </trkpt>
      <trkpt lat="23.17783453501760959625244140625" lon="113.41351890005171298980712890625">
        <ele>23.200000762939453125</ele>
        <time>2024-07-24T22:38:47.000Z</time>
        <extensions>
          <ns3:TrackPointExtension>
            <ns3:hr>89</ns3:hr>
          </ns3:TrackPointExtension>
        </extensions>
      </trkpt>
      <trkpt lat="23.1778071261942386627197265625" lon="113.4134834446012973785400390625">
        <ele>22.799999237060546875</ele>
        <time>2024-07-24T22:38:48.000Z</time>
        <extensions>
          <ns3:TrackPointExtension>
            <ns3:hr>89</ns3:hr>
          </ns3:TrackPointExtension>
        </extensions>
      </trkpt>
      <trkpt lat="23.17777971737086772918701171875" lon="113.413448743522167205810546875">
        <ele>22.6000003814697265625</ele>
        <time>2024-07-24T22:38:49.000Z</time>
        <extensions>
          <ns3:TrackPointExtension>
            <ns3:hr>89</ns3:hr>
          </ns3:TrackPointExtension>
        </extensions>
      </trkpt>
      <trkpt lat="23.17775373347103595733642578125" lon="113.41341647319495677947998046875">
        <ele>22.200000762939453125</ele>
        <time>2024-07-24T22:38:50.000Z</time>
        <extensions>
          <ns3:TrackPointExtension>
            <ns3:hr>89</ns3:hr>
          </ns3:TrackPointExtension>
        </extensions>
      </trkpt>
      <trkpt lat="23.1777259893715381622314453125" lon="113.413380682468414306640625">
        <ele>22</ele>
        <time>2024-07-24T22:38:51.000Z</time>
        <extensions>
          <ns3:TrackPointExtension>
            <ns3:hr>89</ns3:hr>
          </ns3:TrackPointExtension>
        </extensions>
      </trkpt>
      <trkpt lat="23.1776995025575160980224609375" lon="113.4133469872176647186279296875">
        <ele>22.200000762939453125</ele>
        <time>2024-07-24T22:38:52.000Z</time>
        <extensions>
          <ns3:TrackPointExtension>
            <ns3:hr>89</ns3:hr>
          </ns3:TrackPointExtension>
        </extensions>
      </trkpt>
      <trkpt lat="23.17767142318189144134521484375" lon="113.41331320814788341522216796875">
        <ele>22.3999996185302734375</ele>
        <time>2024-07-24T22:38:53.000Z</time>
        <extensions>
          <ns3:TrackPointExtension>
            <ns3:hr>90</ns3:hr>
          </ns3:TrackPointExtension>
        </extensions>
      </trkpt>
      <trkpt lat="23.17764091305434703826904296875" lon="113.41328018344938755035400390625">
        <ele>22.6000003814697265625</ele>
        <time>2024-07-24T22:38:54.000Z</time>
        <extensions>
          <ns3:TrackPointExtension>
            <ns3:hr>90</ns3:hr>
          </ns3:TrackPointExtension>
        </extensions>
      </trkpt>
      <trkpt lat="23.177608139812946319580078125" lon="113.41324414126574993133544921875">
        <ele>22.799999237060546875</ele>
        <time>2024-07-24T22:38:55.000Z</time>
        <extensions>
          <ns3:TrackPointExtension>
            <ns3:hr>89</ns3:hr>
          </ns3:TrackPointExtension>
        </extensions>
      </trkpt>
      <trkpt lat="23.17757771350443363189697265625" lon="113.41321078129112720489501953125">
        <ele>23</ele>
        <time>2024-07-24T22:38:56.000Z</time>
        <extensions>
          <ns3:TrackPointExtension>
            <ns3:hr>88</ns3:hr>
          </ns3:TrackPointExtension>
        </extensions>
      </trkpt>
      <trkpt lat="23.17754804156720638275146484375" lon="113.41317758895456790924072265625">
        <ele>23</ele>
        <time>2024-07-24T22:38:57.000Z</time>
        <extensions>
          <ns3:TrackPointExtension>
            <ns3:hr>87</ns3:hr>
          </ns3:TrackPointExtension>
        </extensions>
      </trkpt>
      <trkpt lat="23.1775177828967571258544921875" lon="113.41314372606575489044189453125">
        <ele>23.200000762939453125</ele>
        <time>2024-07-24T22:38:58.000Z</time>
        <extensions>
          <ns3:TrackPointExtension>
            <ns3:hr>86</ns3:hr>
          </ns3:TrackPointExtension>
        </extensions>
      </trkpt>
      <trkpt lat="23.1774869374930858612060546875" lon="113.4131086058914661407470703125">
        <ele>23.3999996185302734375</ele>
        <time>2024-07-24T22:38:59.000Z</time>
        <extensions>
          <ns3:TrackPointExtension>
            <ns3:hr>87</ns3:hr>
          </ns3:TrackPointExtension>
        </extensions>
      </trkpt>
      <trkpt lat="23.17745299078524112701416015625" lon="113.4130713902413845062255859375">
        <ele>23</ele>
        <time>2024-07-24T22:39:00.000Z</time>
        <extensions>
          <ns3:TrackPointExtension>
            <ns3:hr>88</ns3:hr>
          </ns3:TrackPointExtension>
        </extensions>
      </trkpt>
      <trkpt lat="23.1774198822677135467529296875" lon="113.4130338393151760101318359375">
        <ele>22.6000003814697265625</ele>
        <time>2024-07-24T22:39:01.000Z</time>
        <extensions>
          <ns3:TrackPointExtension>
            <ns3:hr>90</ns3:hr>
          </ns3:TrackPointExtension>
        </extensions>
      </trkpt>
      <trkpt lat="23.17738811485469341278076171875" lon="113.41299779713153839111328125">
        <ele>22.200000762939453125</ele>
        <time>2024-07-24T22:39:02.000Z</time>
        <extensions>
          <ns3:TrackPointExtension>
            <ns3:hr>91</ns3:hr>
          </ns3:TrackPointExtension>
        </extensions>
      </trkpt>
      <trkpt lat="23.177356682717800140380859375" lon="113.4129630960524082183837890625">
        <ele>22</ele>
        <time>2024-07-24T22:39:03.000Z</time>
        <extensions>
          <ns3:TrackPointExtension>
            <ns3:hr>91</ns3:hr>
          </ns3:TrackPointExtension>
        </extensions>
      </trkpt>
      <trkpt lat="23.17732458002865314483642578125" lon="113.41292931698262691497802734375">
        <ele>21.6000003814697265625</ele>
        <time>2024-07-24T22:39:04.000Z</time>
        <extensions>
          <ns3:TrackPointExtension>
            <ns3:hr>91</ns3:hr>
          </ns3:TrackPointExtension>
        </extensions>
      </trkpt>
      <trkpt lat="23.1772951595485210418701171875" lon="113.4128977172076702117919921875">
        <ele>21.200000762939453125</ele>
        <time>2024-07-24T22:39:05.000Z</time>
        <extensions>
          <ns3:TrackPointExtension>
            <ns3:hr>92</ns3:hr>
          </ns3:TrackPointExtension>
        </extensions>
      </trkpt>
      <trkpt lat="23.17726355977356433868408203125" lon="113.41286234557628631591796875">
        <ele>21</ele>
        <time>2024-07-24T22:39:06.000Z</time>
        <extensions>
          <ns3:TrackPointExtension>
            <ns3:hr>93</ns3:hr>
          </ns3:TrackPointExtension>
        </extensions>
      </trkpt>
      <trkpt lat="23.17723573185503482818603515625" lon="113.4128279797732830047607421875">
        <ele>20.6000003814697265625</ele>
        <time>2024-07-24T22:39:07.000Z</time>
        <extensions>
          <ns3:TrackPointExtension>
            <ns3:hr>93</ns3:hr>
          </ns3:TrackPointExtension>
        </extensions>
      </trkpt>
      <trkpt lat="23.17720740102231502532958984375" lon="113.41279051266610622406005859375">
        <ele>20.6000003814697265625</ele>
        <time>2024-07-24T22:39:08.000Z</time>
        <extensions>
          <ns3:TrackPointExtension>
            <ns3:hr>93</ns3:hr>
          </ns3:TrackPointExtension>
        </extensions>
      </trkpt>
      <trkpt lat="23.177179656922817230224609375" lon="113.412752039730548858642578125">
        <ele>20.3999996185302734375</ele>
        <time>2024-07-24T22:39:09.000Z</time>
        <extensions>
          <ns3:TrackPointExtension>
            <ns3:hr>94</ns3:hr>
          </ns3:TrackPointExtension>
        </extensions>
      </trkpt>
      <trkpt lat="23.17715115845203399658203125" lon="113.41271524317562580108642578125">
        <ele>20.6000003814697265625</ele>
        <time>2024-07-24T22:39:10.000Z</time>
        <extensions>
          <ns3:TrackPointExtension>
            <ns3:hr>94</ns3:hr>
          </ns3:TrackPointExtension>
        </extensions>
      </trkpt>
      <trkpt lat="23.177121318876743316650390625" lon="113.41267936863005161285400390625">
        <ele>21.200000762939453125</ele>
        <time>2024-07-24T22:39:11.000Z</time>
        <extensions>
          <ns3:TrackPointExtension>
            <ns3:hr>94</ns3:hr>
          </ns3:TrackPointExtension>
        </extensions>
      </trkpt>
      <trkpt lat="23.177089132368564605712890625" lon="113.41264232061803340911865234375">
        <ele>21.6000003814697265625</ele>
        <time>2024-07-24T22:39:12.000Z</time>
        <extensions>
          <ns3:TrackPointExtension>
            <ns3:hr>94</ns3:hr>
          </ns3:TrackPointExtension>
        </extensions>
      </trkpt>
      <trkpt lat="23.17705417983233928680419921875" lon="113.41260761953890323638916015625">
        <ele>22.200000762939453125</ele>
        <time>2024-07-24T22:39:13.000Z</time>
        <extensions>
          <ns3:TrackPointExtension>
            <ns3:hr>93</ns3:hr>
          </ns3:TrackPointExtension>
        </extensions>
      </trkpt>
      <trkpt lat="23.17702031694352626800537109375" lon="113.412579037249088287353515625">
        <ele>22.6000003814697265625</ele>
        <time>2024-07-24T22:39:14.000Z</time>
        <extensions>
          <ns3:TrackPointExtension>
            <ns3:hr>93</ns3:hr>
          </ns3:TrackPointExtension>
        </extensions>
      </trkpt>
      <trkpt lat="23.17698695696890354156494140625" lon="113.4125543944537639617919921875">
        <ele>23</ele>
        <time>2024-07-24T22:39:15.000Z</time>
        <extensions>
          <ns3:TrackPointExtension>
            <ns3:hr>93</ns3:hr>
          </ns3:TrackPointExtension>
        </extensions>
      </trkpt>
      <trkpt lat="23.17695678211748600006103515625" lon="113.41253067366778850555419921875">
        <ele>23.200000762939453125</ele>
        <time>2024-07-24T22:39:16.000Z</time>
        <extensions>
          <ns3:TrackPointExtension>
            <ns3:hr>94</ns3:hr>
          </ns3:TrackPointExtension>
        </extensions>
      </trkpt>
      <trkpt lat="23.176926188170909881591796875" lon="113.4125049412250518798828125">
        <ele>23.6000003814697265625</ele>
        <time>2024-07-24T22:39:17.000Z</time>
        <extensions>
          <ns3:TrackPointExtension>
            <ns3:hr>94</ns3:hr>
          </ns3:TrackPointExtension>
        </extensions>
      </trkpt>
      <trkpt lat="23.17689525894820690155029296875" lon="113.41248013079166412353515625">
        <ele>23.799999237060546875</ele>
        <time>2024-07-24T22:39:18.000Z</time>
        <extensions>
          <ns3:TrackPointExtension>
            <ns3:hr>93</ns3:hr>
          </ns3:TrackPointExtension>
        </extensions>
      </trkpt>
      <trkpt lat="23.1768650002777576446533203125" lon="113.4124591760337352752685546875">
        <ele>24</ele>
        <time>2024-07-24T22:39:19.000Z</time>
        <extensions>
          <ns3:TrackPointExtension>
            <ns3:hr>93</ns3:hr>
          </ns3:TrackPointExtension>
        </extensions>
      </trkpt>
      <trkpt lat="23.17683331668376922607421875" lon="113.412442244589328765869140625">
        <ele>24.200000762939453125</ele>
        <time>2024-07-24T22:39:20.000Z</time>
        <extensions>
          <ns3:TrackPointExtension>
            <ns3:hr>93</ns3:hr>
          </ns3:TrackPointExtension>
        </extensions>
      </trkpt>
      <trkpt lat="23.1767999567091464996337890625" lon="113.4124286659061908721923828125">
        <ele>24.6000003814697265625</ele>
        <time>2024-07-24T22:39:21.000Z</time>
        <extensions>
          <ns3:TrackPointExtension>
            <ns3:hr>93</ns3:hr>
          </ns3:TrackPointExtension>
        </extensions>
      </trkpt>
      <trkpt lat="23.1767637468874454498291015625" lon="113.41241802088916301727294921875">
        <ele>25</ele>
        <time>2024-07-24T22:39:22.000Z</time>
        <extensions>
          <ns3:TrackPointExtension>
            <ns3:hr>93</ns3:hr>
          </ns3:TrackPointExtension>
        </extensions>
      </trkpt>
      <trkpt lat="23.1767272017896175384521484375" lon="113.41240963898599147796630859375">
        <ele>25.3999996185302734375</ele>
        <time>2024-07-24T22:39:23.000Z</time>
        <extensions>
          <ns3:TrackPointExtension>
            <ns3:hr>93</ns3:hr>
          </ns3:TrackPointExtension>
        </extensions>
      </trkpt>
      <trkpt lat="23.17669191397726535797119140625" lon="113.41240108944475650787353515625">
        <ele>25.799999237060546875</ele>
        <time>2024-07-24T22:39:24.000Z</time>
        <extensions>
          <ns3:TrackPointExtension>
            <ns3:hr>94</ns3:hr>
          </ns3:TrackPointExtension>
        </extensions>
      </trkpt>
      <trkpt lat="23.1766588054597377777099609375" lon="113.41239203698933124542236328125">
        <ele>26.200000762939453125</ele>
        <time>2024-07-24T22:39:25.000Z</time>
        <extensions>
          <ns3:TrackPointExtension>
            <ns3:hr>95</ns3:hr>
          </ns3:TrackPointExtension>
        </extensions>
      </trkpt>
      <trkpt lat="23.17662988789379596710205078125" lon="113.41238499619066715240478515625">
        <ele>26.6000003814697265625</ele>
        <time>2024-07-24T22:39:26.000Z</time>
        <extensions>
          <ns3:TrackPointExtension>
            <ns3:hr>96</ns3:hr>
          </ns3:TrackPointExtension>
        </extensions>
      </trkpt>
      <trkpt lat="23.1765991263091564178466796875" lon="113.41237929649651050567626953125">
        <ele>26.799999237060546875</ele>
        <time>2024-07-24T22:39:27.000Z</time>
        <extensions>
          <ns3:TrackPointExtension>
            <ns3:hr>96</ns3:hr>
          </ns3:TrackPointExtension>
        </extensions>
      </trkpt>
      <trkpt lat="23.17656819708645343780517578125" lon="113.4123746864497661590576171875">
        <ele>27</ele>
        <time>2024-07-24T22:39:28.000Z</time>
        <extensions>
          <ns3:TrackPointExtension>
            <ns3:hr>97</ns3:hr>
          </ns3:TrackPointExtension>
        </extensions>
      </trkpt>
      <trkpt lat="23.17653953097760677337646484375" lon="113.41237091459333896636962890625">
        <ele>27.200000762939453125</ele>
        <time>2024-07-24T22:39:29.000Z</time>
        <extensions>
          <ns3:TrackPointExtension>
            <ns3:hr>98</ns3:hr>
          </ns3:TrackPointExtension>
        </extensions>
      </trkpt>
      <trkpt lat="23.17650700919330120086669921875" lon="113.41236689127981662750244140625">
        <ele>27.3999996185302734375</ele>
        <time>2024-07-24T22:39:30.000Z</time>
        <extensions>
          <ns3:TrackPointExtension>
            <ns3:hr>99</ns3:hr>
          </ns3:TrackPointExtension>
        </extensions>
      </trkpt>
      <trkpt lat="23.17647214047610759735107421875" lon="113.412363119423389434814453125">
        <ele>27.6000003814697265625</ele>
        <time>2024-07-24T22:39:31.000Z</time>
        <extensions>
          <ns3:TrackPointExtension>
            <ns3:hr>99</ns3:hr>
          </ns3:TrackPointExtension>
        </extensions>
      </trkpt>
      <trkpt lat="23.17643911577761173248291015625" lon="113.4123612754046916961669921875">
        <ele>27.799999237060546875</ele>
        <time>2024-07-24T22:39:32.000Z</time>
        <extensions>
          <ns3:TrackPointExtension>
            <ns3:hr>98</ns3:hr>
          </ns3:TrackPointExtension>
        </extensions>
      </trkpt>
      <trkpt lat="23.17640508525073528289794921875" lon="113.4123626165091991424560546875">
        <ele>28.200000762939453125</ele>
        <time>2024-07-24T22:39:33.000Z</time>
        <extensions>
          <ns3:TrackPointExtension>
            <ns3:hr>98</ns3:hr>
          </ns3:TrackPointExtension>
        </extensions>
      </trkpt>
      <trkpt lat="23.1763718090951442718505859375" lon="113.4123636223375797271728515625">
        <ele>28.3999996185302734375</ele>
        <time>2024-07-24T22:39:34.000Z</time>
        <extensions>
          <ns3:TrackPointExtension>
            <ns3:hr>98</ns3:hr>
          </ns3:TrackPointExtension>
        </extensions>
      </trkpt>
      <trkpt lat="23.17634113132953643798828125" lon="113.41236412525177001953125">
        <ele>28.6000003814697265625</ele>
        <time>2024-07-24T22:39:35.000Z</time>
        <extensions>
          <ns3:TrackPointExtension>
            <ns3:hr>97</ns3:hr>
          </ns3:TrackPointExtension>
        </extensions>
      </trkpt>
      <trkpt lat="23.17630760371685028076171875" lon="113.41236119158565998077392578125">
        <ele>28.799999237060546875</ele>
        <time>2024-07-24T22:39:36.000Z</time>
        <extensions>
          <ns3:TrackPointExtension>
            <ns3:hr>97</ns3:hr>
          </ns3:TrackPointExtension>
        </extensions>
      </trkpt>
      <trkpt lat="23.1762722320854663848876953125" lon="113.4123542346060276031494140625">
        <ele>29</ele>
        <time>2024-07-24T22:39:37.000Z</time>
        <extensions>
          <ns3:TrackPointExtension>
            <ns3:hr>97</ns3:hr>
          </ns3:TrackPointExtension>
        </extensions>
      </trkpt>
      <trkpt lat="23.17623652517795562744140625" lon="113.4123413264751434326171875">
        <ele>29.200000762939453125</ele>
        <time>2024-07-24T22:39:38.000Z</time>
        <extensions>
          <ns3:TrackPointExtension>
            <ns3:hr>97</ns3:hr>
          </ns3:TrackPointExtension>
        </extensions>
      </trkpt>
      <trkpt lat="23.17620031535625457763671875" lon="113.41232682578265666961669921875">
        <ele>29.3999996185302734375</ele>
        <time>2024-07-24T22:39:39.000Z</time>
        <extensions>
          <ns3:TrackPointExtension>
            <ns3:hr>98</ns3:hr>
          </ns3:TrackPointExtension>
        </extensions>
      </trkpt>
      <trkpt lat="23.1761639378964900970458984375" lon="113.41231039725244045257568359375">
        <ele>29.6000003814697265625</ele>
        <time>2024-07-24T22:39:40.000Z</time>
        <extensions>
          <ns3:TrackPointExtension>
            <ns3:hr>99</ns3:hr>
          </ns3:TrackPointExtension>
        </extensions>
      </trkpt>
      <trkpt lat="23.1761272251605987548828125" lon="113.4122928790748119354248046875">
        <ele>29.6000003814697265625</ele>
        <time>2024-07-24T22:39:41.000Z</time>
        <extensions>
          <ns3:TrackPointExtension>
            <ns3:hr>99</ns3:hr>
          </ns3:TrackPointExtension>
        </extensions>
      </trkpt>
      <trkpt lat="23.176090009510517120361328125" lon="113.4122741036117076873779296875">
        <ele>29.799999237060546875</ele>
        <time>2024-07-24T22:39:42.000Z</time>
        <extensions>
          <ns3:TrackPointExtension>
            <ns3:hr>100</ns3:hr>
          </ns3:TrackPointExtension>
        </extensions>
      </trkpt>
      <trkpt lat="23.17605153657495975494384765625" lon="113.412255831062793731689453125">
        <ele>29.3999996185302734375</ele>
        <time>2024-07-24T22:39:43.000Z</time>
        <extensions>
          <ns3:TrackPointExtension>
            <ns3:hr>100</ns3:hr>
          </ns3:TrackPointExtension>
        </extensions>
      </trkpt>
      <trkpt lat="23.17601465620100498199462890625" lon="113.41223881579935550689697265625">
        <ele>28.200000762939453125</ele>
        <time>2024-07-24T22:39:44.000Z</time>
        <extensions>
          <ns3:TrackPointExtension>
            <ns3:hr>100</ns3:hr>
          </ns3:TrackPointExtension>
        </extensions>
      </trkpt>
      <trkpt lat="23.17597509361803531646728515625" lon="113.41222037561237812042236328125">
        <ele>26.6000003814697265625</ele>
        <time>2024-07-24T22:39:45.000Z</time>
        <extensions>
          <ns3:TrackPointExtension>
            <ns3:hr>100</ns3:hr>
          </ns3:TrackPointExtension>
        </extensions>
      </trkpt>
      <trkpt lat="23.175935447216033935546875" lon="113.41220227070152759552001953125">
        <ele>25.200000762939453125</ele>
        <time>2024-07-24T22:39:46.000Z</time>
        <extensions>
          <ns3:TrackPointExtension>
            <ns3:hr>100</ns3:hr>
          </ns3:TrackPointExtension>
        </extensions>
      </trkpt>
      <trkpt lat="23.17589865066111087799072265625" lon="113.41218483634293079376220703125">
        <ele>23.799999237060546875</ele>
        <time>2024-07-24T22:39:47.000Z</time>
        <extensions>
          <ns3:TrackPointExtension>
            <ns3:hr>100</ns3:hr>
          </ns3:TrackPointExtension>
        </extensions>
      </trkpt>
      <trkpt lat="23.17586260847747325897216796875" lon="113.4121664799749851226806640625">
        <ele>22.3999996185302734375</ele>
        <time>2024-07-24T22:39:48.000Z</time>
        <extensions>
          <ns3:TrackPointExtension>
            <ns3:hr>100</ns3:hr>
          </ns3:TrackPointExtension>
        </extensions>
      </trkpt>
      <trkpt lat="23.17582354880869388580322265625" lon="113.4121455252170562744140625">
        <ele>21</ele>
        <time>2024-07-24T22:39:49.000Z</time>
        <extensions>
          <ns3:TrackPointExtension>
            <ns3:hr>100</ns3:hr>
          </ns3:TrackPointExtension>
        </extensions>
      </trkpt>
      <trkpt lat="23.17578700371086597442626953125" lon="113.4121242351830005645751953125">
        <ele>19.6000003814697265625</ele>
        <time>2024-07-24T22:39:50.000Z</time>
        <extensions>
          <ns3:TrackPointExtension>
            <ns3:hr>100</ns3:hr>
          </ns3:TrackPointExtension>
        </extensions>
      </trkpt>
      <trkpt lat="23.1757492013275623321533203125" lon="113.41210017912089824676513671875">
        <ele>19.6000003814697265625</ele>
        <time>2024-07-24T22:39:51.000Z</time>
        <extensions>
          <ns3:TrackPointExtension>
            <ns3:hr>101</ns3:hr>
          </ns3:TrackPointExtension>
        </extensions>
      </trkpt>
      <trkpt lat="23.17571081221103668212890625" lon="113.41207520104944705963134765625">
        <ele>19.3999996185302734375</ele>
        <time>2024-07-24T22:39:52.000Z</time>
        <extensions>
          <ns3:TrackPointExtension>
            <ns3:hr>101</ns3:hr>
          </ns3:TrackPointExtension>
        </extensions>
      </trkpt>
      <trkpt lat="23.17567368037998676300048828125" lon="113.412049300968647003173828125">
        <ele>19.3999996185302734375</ele>
        <time>2024-07-24T22:39:53.000Z</time>
        <extensions>
          <ns3:TrackPointExtension>
            <ns3:hr>101</ns3:hr>
          </ns3:TrackPointExtension>
        </extensions>
      </trkpt>
      <trkpt lat="23.1756382249295711517333984375" lon="113.412023484706878662109375">
        <ele>19.3999996185302734375</ele>
        <time>2024-07-24T22:39:54.000Z</time>
        <extensions>
          <ns3:TrackPointExtension>
            <ns3:hr>102</ns3:hr>
          </ns3:TrackPointExtension>
        </extensions>
      </trkpt>
      <trkpt lat="23.17560578696429729461669921875" lon="113.41199741698801517486572265625">
        <ele>19.3999996185302734375</ele>
        <time>2024-07-24T22:39:55.000Z</time>
        <extensions>
          <ns3:TrackPointExtension>
            <ns3:hr>101</ns3:hr>
          </ns3:TrackPointExtension>
        </extensions>
      </trkpt>
      <trkpt lat="23.175575695931911468505859375" lon="113.4119703434407711029052734375">
        <ele>19.6000003814697265625</ele>
        <time>2024-07-24T22:39:56.000Z</time>
        <extensions>
          <ns3:TrackPointExtension>
            <ns3:hr>100</ns3:hr>
          </ns3:TrackPointExtension>
        </extensions>
      </trkpt>
      <trkpt lat="23.17554929293692111968994140625" lon="113.4119445271790027618408203125">
        <ele>19.799999237060546875</ele>
        <time>2024-07-24T22:39:57.000Z</time>
        <extensions>
          <ns3:TrackPointExtension>
            <ns3:hr>101</ns3:hr>
          </ns3:TrackPointExtension>
        </extensions>
      </trkpt>
      <trkpt lat="23.1755237281322479248046875" lon="113.4119173698127269744873046875">
        <ele>20</ele>
        <time>2024-07-24T22:39:58.000Z</time>
        <extensions>
          <ns3:TrackPointExtension>
            <ns3:hr>102</ns3:hr>
          </ns3:TrackPointExtension>
        </extensions>
      </trkpt>
      <trkpt lat="23.17549799568951129913330078125" lon="113.41188761405646800994873046875">
        <ele>20.200000762939453125</ele>
        <time>2024-07-24T22:39:59.000Z</time>
        <extensions>
          <ns3:TrackPointExtension>
            <ns3:hr>103</ns3:hr>
          </ns3:TrackPointExtension>
        </extensions>
      </trkpt>
      <trkpt lat="23.17547184415161609649658203125" lon="113.41185576282441616058349609375">
        <ele>20.200000762939453125</ele>
        <time>2024-07-24T22:40:00.000Z</time>
        <extensions>
          <ns3:TrackPointExtension>
            <ns3:hr>104</ns3:hr>
          </ns3:TrackPointExtension>
        </extensions>
      </trkpt>
      <trkpt lat="23.17544351331889629364013671875" lon="113.4118204750120639801025390625">
        <ele>20.200000762939453125</ele>
        <time>2024-07-24T22:40:01.000Z</time>
        <extensions>
          <ns3:TrackPointExtension>
            <ns3:hr>104</ns3:hr>
          </ns3:TrackPointExtension>
        </extensions>
      </trkpt>
      <trkpt lat="23.17541535012423992156982421875" lon="113.4117887914180755615234375">
        <ele>20.200000762939453125</ele>
        <time>2024-07-24T22:40:02.000Z</time>
        <extensions>
          <ns3:TrackPointExtension>
            <ns3:hr>104</ns3:hr>
          </ns3:TrackPointExtension>
        </extensions>
      </trkpt>
      <trkpt lat="23.17538333125412464141845703125" lon="113.4117561019957065582275390625">
        <ele>20.200000762939453125</ele>
        <time>2024-07-24T22:40:03.000Z</time>
        <extensions>
          <ns3:TrackPointExtension>
            <ns3:hr>104</ns3:hr>
          </ns3:TrackPointExtension>
        </extensions>
      </trkpt>
      <trkpt lat="23.17534930072724819183349609375" lon="113.411724083125591278076171875">
        <ele>20.200000762939453125</ele>
        <time>2024-07-24T22:40:04.000Z</time>
        <extensions>
          <ns3:TrackPointExtension>
            <ns3:hr>105</ns3:hr>
          </ns3:TrackPointExtension>
        </extensions>
      </trkpt>
      <trkpt lat="23.17531443201005458831787109375" lon="113.41169248335063457489013671875">
        <ele>20.6000003814697265625</ele>
        <time>2024-07-24T22:40:05.000Z</time>
        <extensions>
          <ns3:TrackPointExtension>
            <ns3:hr>105</ns3:hr>
          </ns3:TrackPointExtension>
        </extensions>
      </trkpt>
      <trkpt lat="23.1752804853022098541259765625" lon="113.411659039556980133056640625">
        <ele>21.200000762939453125</ele>
        <time>2024-07-24T22:40:06.000Z</time>
        <extensions>
          <ns3:TrackPointExtension>
            <ns3:hr>105</ns3:hr>
          </ns3:TrackPointExtension>
        </extensions>
      </trkpt>
      <trkpt lat="23.17525022663176059722900390625" lon="113.41162643395364284515380859375">
        <ele>21.6000003814697265625</ele>
        <time>2024-07-24T22:40:07.000Z</time>
        <extensions>
          <ns3:TrackPointExtension>
            <ns3:hr>105</ns3:hr>
          </ns3:TrackPointExtension>
        </extensions>
      </trkpt>
      <trkpt lat="23.17521887831389904022216796875" lon="113.411591313779354095458984375">
        <ele>22</ele>
        <time>2024-07-24T22:40:08.000Z</time>
        <extensions>
          <ns3:TrackPointExtension>
            <ns3:hr>105</ns3:hr>
          </ns3:TrackPointExtension>
        </extensions>
      </trkpt>
      <trkpt lat="23.17519054748117923736572265625" lon="113.41155300848186016082763671875">
        <ele>22.200000762939453125</ele>
        <time>2024-07-24T22:40:09.000Z</time>
        <extensions>
          <ns3:TrackPointExtension>
            <ns3:hr>105</ns3:hr>
          </ns3:TrackPointExtension>
        </extensions>
      </trkpt>
      <trkpt lat="23.175163306295871734619140625" lon="113.41151344589889049530029296875">
        <ele>22.6000003814697265625</ele>
        <time>2024-07-24T22:40:10.000Z</time>
        <extensions>
          <ns3:TrackPointExtension>
            <ns3:hr>104</ns3:hr>
          </ns3:TrackPointExtension>
        </extensions>
      </trkpt>
      <trkpt lat="23.17513547837734222412109375" lon="113.4114744700491428375244140625">
        <ele>22.799999237060546875</ele>
        <time>2024-07-24T22:40:11.000Z</time>
        <extensions>
          <ns3:TrackPointExtension>
            <ns3:hr>103</ns3:hr>
          </ns3:TrackPointExtension>
        </extensions>
      </trkpt>
      <trkpt lat="23.1751048006117343902587890625" lon="113.41143851168453693389892578125">
        <ele>23</ele>
        <time>2024-07-24T22:40:12.000Z</time>
        <extensions>
          <ns3:TrackPointExtension>
            <ns3:hr>102</ns3:hr>
          </ns3:TrackPointExtension>
        </extensions>
      </trkpt>
      <trkpt lat="23.17507244646549224853515625" lon="113.41140364296734333038330078125">
        <ele>23.6000003814697265625</ele>
        <time>2024-07-24T22:40:13.000Z</time>
        <extensions>
          <ns3:TrackPointExtension>
            <ns3:hr>102</ns3:hr>
          </ns3:TrackPointExtension>
        </extensions>
      </trkpt>
      <trkpt lat="23.175039254128932952880859375" lon="113.4113681875169277191162109375">
        <ele>24</ele>
        <time>2024-07-24T22:40:14.000Z</time>
        <extensions>
          <ns3:TrackPointExtension>
            <ns3:hr>101</ns3:hr>
          </ns3:TrackPointExtension>
        </extensions>
      </trkpt>
      <trkpt lat="23.17500581033527851104736328125" lon="113.41133172623813152313232421875">
        <ele>24.3999996185302734375</ele>
        <time>2024-07-24T22:40:15.000Z</time>
        <extensions>
          <ns3:TrackPointExtension>
            <ns3:hr>101</ns3:hr>
          </ns3:TrackPointExtension>
        </extensions>
      </trkpt>
      <trkpt lat="23.174974210560321807861328125" lon="113.41129727661609649658203125">
        <ele>24.799999237060546875</ele>
        <time>2024-07-24T22:40:16.000Z</time>
        <extensions>
          <ns3:TrackPointExtension>
            <ns3:hr>100</ns3:hr>
          </ns3:TrackPointExtension>
        </extensions>
      </trkpt>
      <trkpt lat="23.17493875510990619659423828125" lon="113.411260731518268585205078125">
        <ele>26</ele>
        <time>2024-07-24T22:40:17.000Z</time>
        <extensions>
          <ns3:TrackPointExtension>
            <ns3:hr>100</ns3:hr>
          </ns3:TrackPointExtension>
        </extensions>
      </trkpt>
      <trkpt lat="23.17490237765014171600341796875" lon="113.41122980229556560516357421875">
        <ele>28.200000762939453125</ele>
        <time>2024-07-24T22:40:18.000Z</time>
        <extensions>
          <ns3:TrackPointExtension>
            <ns3:hr>100</ns3:hr>
          </ns3:TrackPointExtension>
        </extensions>
      </trkpt>
      <trkpt lat="23.17486382089555263519287109375" lon="113.41120130382478237152099609375">
        <ele>30.3999996185302734375</ele>
        <time>2024-07-24T22:40:19.000Z</time>
        <extensions>
          <ns3:TrackPointExtension>
            <ns3:hr>100</ns3:hr>
          </ns3:TrackPointExtension>
        </extensions>
      </trkpt>
      <trkpt lat="23.17482425831258296966552734375" lon="113.4111690334975719451904296875">
        <ele>32.59999847412109375</ele>
        <time>2024-07-24T22:40:20.000Z</time>
        <extensions>
          <ns3:TrackPointExtension>
            <ns3:hr>101</ns3:hr>
          </ns3:TrackPointExtension>
        </extensions>
      </trkpt>
      <trkpt lat="23.17478670738637447357177734375" lon="113.4111341647803783416748046875">
        <ele>33.59999847412109375</ele>
        <time>2024-07-24T22:40:21.000Z</time>
        <extensions>
          <ns3:TrackPointExtension>
            <ns3:hr>102</ns3:hr>
          </ns3:TrackPointExtension>
        </extensions>
      </trkpt>
      <trkpt lat="23.17475192248821258544921875" lon="113.41109753586351871490478515625">
        <ele>34.59999847412109375</ele>
        <time>2024-07-24T22:40:22.000Z</time>
        <extensions>
          <ns3:TrackPointExtension>
            <ns3:hr>102</ns3:hr>
          </ns3:TrackPointExtension>
        </extensions>
      </trkpt>
      <trkpt lat="23.1747188977897167205810546875" lon="113.41105897910892963409423828125">
        <ele>35.40000152587890625</ele>
        <time>2024-07-24T22:40:23.000Z</time>
        <extensions>
          <ns3:TrackPointExtension>
            <ns3:hr>102</ns3:hr>
          </ns3:TrackPointExtension>
        </extensions>
      </trkpt>
      <trkpt lat="23.17468620836734771728515625" lon="113.4110201708972454071044921875">
        <ele>36.200000762939453125</ele>
        <time>2024-07-24T22:40:24.000Z</time>
        <extensions>
          <ns3:TrackPointExtension>
            <ns3:hr>102</ns3:hr>
          </ns3:TrackPointExtension>
        </extensions>
      </trkpt>
      <trkpt lat="23.17465268075466156005859375" lon="113.41098136268556118011474609375">
        <ele>36.40000152587890625</ele>
        <time>2024-07-24T22:40:25.000Z</time>
        <extensions>
          <ns3:TrackPointExtension>
            <ns3:hr>102</ns3:hr>
          </ns3:TrackPointExtension>
        </extensions>
      </trkpt>
      <trkpt lat="23.1746198236942291259765625" lon="113.410942219197750091552734375">
        <ele>36.40000152587890625</ele>
        <time>2024-07-24T22:40:26.000Z</time>
        <extensions>
          <ns3:TrackPointExtension>
            <ns3:hr>101</ns3:hr>
          </ns3:TrackPointExtension>
        </extensions>
      </trkpt>
      <trkpt lat="23.17458621226251125335693359375" lon="113.41090391390025615692138671875">
        <ele>36.40000152587890625</ele>
        <time>2024-07-24T22:40:27.000Z</time>
        <extensions>
          <ns3:TrackPointExtension>
            <ns3:hr>101</ns3:hr>
          </ns3:TrackPointExtension>
        </extensions>
      </trkpt>
      <trkpt lat="23.17455385811626911163330078125" lon="113.4108662791550159454345703125">
        <ele>36</ele>
        <time>2024-07-24T22:40:28.000Z</time>
        <extensions>
          <ns3:TrackPointExtension>
            <ns3:hr>100</ns3:hr>
          </ns3:TrackPointExtension>
        </extensions>
      </trkpt>
      <trkpt lat="23.17452318035066127777099609375" lon="113.41082931496202945709228515625">
        <ele>35.200000762939453125</ele>
        <time>2024-07-24T22:40:29.000Z</time>
        <extensions>
          <ns3:TrackPointExtension>
            <ns3:hr>99</ns3:hr>
          </ns3:TrackPointExtension>
        </extensions>
      </trkpt>
      <trkpt lat="23.17448764108121395111083984375" lon="113.4107895009219646453857421875">
        <ele>34.59999847412109375</ele>
        <time>2024-07-24T22:40:30.000Z</time>
        <extensions>
          <ns3:TrackPointExtension>
            <ns3:hr>98</ns3:hr>
          </ns3:TrackPointExtension>
        </extensions>
      </trkpt>
      <trkpt lat="23.17445361055433750152587890625" lon="113.41075203381478786468505859375">
        <ele>33.799999237060546875</ele>
        <time>2024-07-24T22:40:31.000Z</time>
        <extensions>
          <ns3:TrackPointExtension>
            <ns3:hr>98</ns3:hr>
          </ns3:TrackPointExtension>
        </extensions>
      </trkpt>
      <trkpt lat="23.174416981637477874755859375" lon="113.41071096248924732208251953125">
        <ele>33</ele>
        <time>2024-07-24T22:40:32.000Z</time>
        <extensions>
          <ns3:TrackPointExtension>
            <ns3:hr>98</ns3:hr>
          </ns3:TrackPointExtension>
        </extensions>
      </trkpt>
      <trkpt lat="23.1743822805583477020263671875" lon="113.4106708131730556488037109375">
        <ele>32.200000762939453125</ele>
        <time>2024-07-24T22:40:33.000Z</time>
        <extensions>
          <ns3:TrackPointExtension>
            <ns3:hr>97</ns3:hr>
          </ns3:TrackPointExtension>
        </extensions>
      </trkpt>
      <trkpt lat="23.174349255859851837158203125" lon="113.4106346033513545989990234375">
        <ele>31</ele>
        <time>2024-07-24T22:40:34.000Z</time>
        <extensions>
          <ns3:TrackPointExtension>
            <ns3:hr>97</ns3:hr>
          </ns3:TrackPointExtension>
        </extensions>
      </trkpt>
      <trkpt lat="23.17431204020977020263671875" lon="113.4105978906154632568359375">
        <ele>30</ele>
        <time>2024-07-24T22:40:35.000Z</time>
        <extensions>
          <ns3:TrackPointExtension>
            <ns3:hr>97</ns3:hr>
          </ns3:TrackPointExtension>
        </extensions>
      </trkpt>
      <trkpt lat="23.17427339963614940643310546875" lon="113.41056360863149166107177734375">
        <ele>29.3999996185302734375</ele>
        <time>2024-07-24T22:40:36.000Z</time>
        <extensions>
          <ns3:TrackPointExtension>
            <ns3:hr>97</ns3:hr>
          </ns3:TrackPointExtension>
        </extensions>
      </trkpt>
      <trkpt lat="23.174234591424465179443359375" lon="113.41053276322782039642333984375">
        <ele>28.6000003814697265625</ele>
        <time>2024-07-24T22:40:37.000Z</time>
        <extensions>
          <ns3:TrackPointExtension>
            <ns3:hr>97</ns3:hr>
          </ns3:TrackPointExtension>
        </extensions>
      </trkpt>
      <trkpt lat="23.1741951964795589447021484375" lon="113.41050627641379833221435546875">
        <ele>28</ele>
        <time>2024-07-24T22:40:38.000Z</time>
        <extensions>
          <ns3:TrackPointExtension>
            <ns3:hr>97</ns3:hr>
          </ns3:TrackPointExtension>
        </extensions>
      </trkpt>
      <trkpt lat="23.1741579808294773101806640625" lon="113.41048448346555233001708984375">
        <ele>27.6000003814697265625</ele>
        <time>2024-07-24T22:40:39.000Z</time>
        <extensions>
          <ns3:TrackPointExtension>
            <ns3:hr>96</ns3:hr>
          </ns3:TrackPointExtension>
        </extensions>
      </trkpt>
      <trkpt lat="23.17412034608423709869384765625" lon="113.4104646183550357818603515625">
        <ele>27</ele>
        <time>2024-07-24T22:40:40.000Z</time>
        <extensions>
          <ns3:TrackPointExtension>
            <ns3:hr>97</ns3:hr>
          </ns3:TrackPointExtension>
        </extensions>
      </trkpt>
      <trkpt lat="23.17408279515802860260009765625" lon="113.4104445017874240875244140625">
        <ele>26.200000762939453125</ele>
        <time>2024-07-24T22:40:41.000Z</time>
        <extensions>
          <ns3:TrackPointExtension>
            <ns3:hr>97</ns3:hr>
          </ns3:TrackPointExtension>
        </extensions>
      </trkpt>
      <trkpt lat="23.1740426458418369293212890625" lon="113.410421870648860931396484375">
        <ele>25.6000003814697265625</ele>
        <time>2024-07-24T22:40:42.000Z</time>
        <extensions>
          <ns3:TrackPointExtension>
            <ns3:hr>96</ns3:hr>
          </ns3:TrackPointExtension>
        </extensions>
      </trkpt>
      <trkpt lat="23.17400358617305755615234375" lon="113.41040032915771007537841796875">
        <ele>24.799999237060546875</ele>
        <time>2024-07-24T22:40:43.000Z</time>
        <extensions>
          <ns3:TrackPointExtension>
            <ns3:hr>96</ns3:hr>
          </ns3:TrackPointExtension>
        </extensions>
      </trkpt>
      <trkpt lat="23.1739608384668827056884765625" lon="113.410378284752368927001953125">
        <ele>24</ele>
        <time>2024-07-24T22:40:44.000Z</time>
        <extensions>
          <ns3:TrackPointExtension>
            <ns3:hr>95</ns3:hr>
          </ns3:TrackPointExtension>
        </extensions>
      </trkpt>
      <trkpt lat="23.1739182583987712860107421875" lon="113.41035691089928150177001953125">
        <ele>23.200000762939453125</ele>
        <time>2024-07-24T22:40:45.000Z</time>
        <extensions>
          <ns3:TrackPointExtension>
            <ns3:hr>95</ns3:hr>
          </ns3:TrackPointExtension>
        </extensions>
      </trkpt>
      <trkpt lat="23.173876516520977020263671875" lon="113.4103362075984477996826171875">
        <ele>22.6000003814697265625</ele>
        <time>2024-07-24T22:40:46.000Z</time>
        <extensions>
          <ns3:TrackPointExtension>
            <ns3:hr>95</ns3:hr>
          </ns3:TrackPointExtension>
        </extensions>
      </trkpt>
      <trkpt lat="23.17383955232799053192138671875" lon="113.41031718067824840545654296875">
        <ele>22.200000762939453125</ele>
        <time>2024-07-24T22:40:47.000Z</time>
        <extensions>
          <ns3:TrackPointExtension>
            <ns3:hr>94</ns3:hr>
          </ns3:TrackPointExtension>
        </extensions>
      </trkpt>
      <trkpt lat="23.17379496060311794281005859375" lon="113.4102969802916049957275390625">
        <ele>22</ele>
        <time>2024-07-24T22:40:48.000Z</time>
        <extensions>
          <ns3:TrackPointExtension>
            <ns3:hr>93</ns3:hr>
          </ns3:TrackPointExtension>
        </extensions>
      </trkpt>
      <trkpt lat="23.17375154234468936920166015625" lon="113.41028030030429363250732421875">
        <ele>21.799999237060546875</ele>
        <time>2024-07-24T22:40:49.000Z</time>
        <extensions>
          <ns3:TrackPointExtension>
            <ns3:hr>93</ns3:hr>
          </ns3:TrackPointExtension>
        </extensions>
      </trkpt>
      <trkpt lat="23.17370091564953327178955078125" lon="113.41026328504085540771484375">
        <ele>21.3999996185302734375</ele>
        <time>2024-07-24T22:40:50.000Z</time>
        <extensions>
          <ns3:TrackPointExtension>
            <ns3:hr>92</ns3:hr>
          </ns3:TrackPointExtension>
        </extensions>
      </trkpt>
      <trkpt lat="23.17364878021180629730224609375" lon="113.41024626977741718292236328125">
        <ele>21.200000762939453125</ele>
        <time>2024-07-24T22:40:51.000Z</time>
        <extensions>
          <ns3:TrackPointExtension>
            <ns3:hr>90</ns3:hr>
          </ns3:TrackPointExtension>
        </extensions>
      </trkpt>
      <trkpt lat="23.1735839881002902984619140625" lon="113.41022296808660030364990234375">
        <ele>21</ele>
        <time>2024-07-24T22:40:52.000Z</time>
        <extensions>
          <ns3:TrackPointExtension>
            <ns3:hr>91</ns3:hr>
          </ns3:TrackPointExtension>
        </extensions>
      </trkpt>
      <trkpt lat="23.1735469400882720947265625" lon="113.41020762920379638671875">
        <ele>20.799999237060546875</ele>
        <time>2024-07-24T22:40:53.000Z</time>
        <extensions>
          <ns3:TrackPointExtension>
            <ns3:hr>91</ns3:hr>
          </ns3:TrackPointExtension>
        </extensions>
      </trkpt>
      <trkpt lat="23.17350259982049465179443359375" lon="113.41018843464553356170654296875">
        <ele>20.6000003814697265625</ele>
        <time>2024-07-24T22:40:54.000Z</time>
        <extensions>
          <ns3:TrackPointExtension>
            <ns3:hr>92</ns3:hr>
          </ns3:TrackPointExtension>
        </extensions>
      </trkpt>
      <trkpt lat="23.17345851100981235504150390625" lon="113.410165719687938690185546875">
        <ele>20.3999996185302734375</ele>
        <time>2024-07-24T22:40:55.000Z</time>
        <extensions>
          <ns3:TrackPointExtension>
            <ns3:hr>92</ns3:hr>
          </ns3:TrackPointExtension>
        </extensions>
      </trkpt>
      <trkpt lat="23.1734150089323520660400390625" lon="113.41014258563518524169921875">
        <ele>20.3999996185302734375</ele>
        <time>2024-07-24T22:40:56.000Z</time>
        <extensions>
          <ns3:TrackPointExtension>
            <ns3:hr>92</ns3:hr>
          </ns3:TrackPointExtension>
        </extensions>
      </trkpt>
      <trkpt lat="23.1733717583119869232177734375" lon="113.4101212956011295318603515625">
        <ele>20.200000762939453125</ele>
        <time>2024-07-24T22:40:57.000Z</time>
        <extensions>
          <ns3:TrackPointExtension>
            <ns3:hr>91</ns3:hr>
          </ns3:TrackPointExtension>
        </extensions>
      </trkpt>
      <trkpt lat="23.1733291782438755035400390625" lon="113.4101008437573909759521484375">
        <ele>20</ele>
        <time>2024-07-24T22:40:58.000Z</time>
        <extensions>
          <ns3:TrackPointExtension>
            <ns3:hr>88</ns3:hr>
          </ns3:TrackPointExtension>
        </extensions>
      </trkpt>
      <trkpt lat="23.17328785546123981475830078125" lon="113.4100813977420330047607421875">
        <ele>20</ele>
        <time>2024-07-24T22:40:59.000Z</time>
        <extensions>
          <ns3:TrackPointExtension>
            <ns3:hr>89</ns3:hr>
          </ns3:TrackPointExtension>
        </extensions>
      </trkpt>
      <trkpt lat="23.17324913106858730316162109375" lon="113.41006136499345302581787109375">
        <ele>20</ele>
        <time>2024-07-24T22:41:00.000Z</time>
        <extensions>
          <ns3:TrackPointExtension>
            <ns3:hr>89</ns3:hr>
          </ns3:TrackPointExtension>
        </extensions>
      </trkpt>
      <trkpt lat="23.1732155196368694305419921875" lon="113.4100411646068096160888671875">
        <ele>19.799999237060546875</ele>
        <time>2024-07-24T22:41:01.000Z</time>
        <extensions>
          <ns3:TrackPointExtension>
            <ns3:hr>89</ns3:hr>
          </ns3:TrackPointExtension>
        </extensions>
      </trkpt>
      <trkpt lat="23.1731840036809444427490234375" lon="113.41001920402050018310546875">
        <ele>19.6000003814697265625</ele>
        <time>2024-07-24T22:41:02.000Z</time>
        <extensions>
          <ns3:TrackPointExtension>
            <ns3:hr>89</ns3:hr>
          </ns3:TrackPointExtension>
        </extensions>
      </trkpt>
      <trkpt lat="23.17315408028662204742431640625" lon="113.409990705549716949462890625">
        <ele>19.3999996185302734375</ele>
        <time>2024-07-24T22:41:03.000Z</time>
        <extensions>
          <ns3:TrackPointExtension>
            <ns3:hr>89</ns3:hr>
          </ns3:TrackPointExtension>
        </extensions>
      </trkpt>
      <trkpt lat="23.1731303595006465911865234375" lon="113.4099586866796016693115234375">
        <ele>19</ele>
        <time>2024-07-24T22:41:04.000Z</time>
        <extensions>
          <ns3:TrackPointExtension>
            <ns3:hr>89</ns3:hr>
          </ns3:TrackPointExtension>
        </extensions>
      </trkpt>
      <trkpt lat="23.1731156073510646820068359375" lon="113.40992792509496212005615234375">
        <ele>18.6000003814697265625</ele>
        <time>2024-07-24T22:41:05.000Z</time>
        <extensions>
          <ns3:TrackPointExtension>
            <ns3:hr>89</ns3:hr>
          </ns3:TrackPointExtension>
        </extensions>
      </trkpt>
      <trkpt lat="23.17310814745724201202392578125" lon="113.4098919667303562164306640625">
        <ele>18.200000762939453125</ele>
        <time>2024-07-24T22:41:06.000Z</time>
        <extensions>
          <ns3:TrackPointExtension>
            <ns3:hr>89</ns3:hr>
          </ns3:TrackPointExtension>
        </extensions>
      </trkpt>
      <trkpt lat="23.17310580052435398101806640625" lon="113.40985399670898914337158203125">
        <ele>18</ele>
        <time>2024-07-24T22:41:07.000Z</time>
        <extensions>
          <ns3:TrackPointExtension>
            <ns3:hr>89</ns3:hr>
          </ns3:TrackPointExtension>
        </extensions>
      </trkpt>
      <trkpt lat="23.1731068901717662811279296875" lon="113.40981342829763889312744140625">
        <ele>18</ele>
        <time>2024-07-24T22:41:08.000Z</time>
        <extensions>
          <ns3:TrackPointExtension>
            <ns3:hr>89</ns3:hr>
          </ns3:TrackPointExtension>
        </extensions>
      </trkpt>
      <trkpt lat="23.1731097400188446044921875" lon="113.40977051295340061187744140625">
        <ele>18.200000762939453125</ele>
        <time>2024-07-24T22:41:09.000Z</time>
        <extensions>
          <ns3:TrackPointExtension>
            <ns3:hr>89</ns3:hr>
          </ns3:TrackPointExtension>
        </extensions>
      </trkpt>
      <trkpt lat="23.1731119193136692047119140625" lon="113.4097300283610820770263671875">
        <ele>18.6000003814697265625</ele>
        <time>2024-07-24T22:41:10.000Z</time>
        <extensions>
          <ns3:TrackPointExtension>
            <ns3:hr>88</ns3:hr>
          </ns3:TrackPointExtension>
        </extensions>
      </trkpt>
      <trkpt lat="23.17311309278011322021484375" lon="113.40968526899814605712890625">
        <ele>19.200000762939453125</ele>
        <time>2024-07-24T22:41:11.000Z</time>
        <extensions>
          <ns3:TrackPointExtension>
            <ns3:hr>90</ns3:hr>
          </ns3:TrackPointExtension>
        </extensions>
      </trkpt>
      <trkpt lat="23.17311435006558895111083984375" lon="113.4096388332545757293701171875">
        <ele>19.6000003814697265625</ele>
        <time>2024-07-24T22:41:12.000Z</time>
        <extensions>
          <ns3:TrackPointExtension>
            <ns3:hr>91</ns3:hr>
          </ns3:TrackPointExtension>
        </extensions>
      </trkpt>
      <trkpt lat="23.17311569117009639739990234375" lon="113.4095949120819568634033203125">
        <ele>20</ele>
        <time>2024-07-24T22:41:13.000Z</time>
        <extensions>
          <ns3:TrackPointExtension>
            <ns3:hr>92</ns3:hr>
          </ns3:TrackPointExtension>
        </extensions>
      </trkpt>
      <trkpt lat="23.17311719991266727447509765625" lon="113.40955124236643314361572265625">
        <ele>20.200000762939453125</ele>
        <time>2024-07-24T22:41:14.000Z</time>
        <extensions>
          <ns3:TrackPointExtension>
            <ns3:hr>92</ns3:hr>
          </ns3:TrackPointExtension>
        </extensions>
      </trkpt>
      <trkpt lat="23.173118792474269866943359375" lon="113.4095027111470699310302734375">
        <ele>20.3999996185302734375</ele>
        <time>2024-07-24T22:41:15.000Z</time>
        <extensions>
          <ns3:TrackPointExtension>
            <ns3:hr>93</ns3:hr>
          </ns3:TrackPointExtension>
        </extensions>
      </trkpt>
      <trkpt lat="23.17311979830265045166015625" lon="113.40945384465157985687255859375">
        <ele>20.799999237060546875</ele>
        <time>2024-07-24T22:41:16.000Z</time>
        <extensions>
          <ns3:TrackPointExtension>
            <ns3:hr>94</ns3:hr>
          </ns3:TrackPointExtension>
        </extensions>
      </trkpt>
      <trkpt lat="23.1731216423213481903076171875" lon="113.40940489433705806732177734375">
        <ele>21.3999996185302734375</ele>
        <time>2024-07-24T22:41:17.000Z</time>
        <extensions>
          <ns3:TrackPointExtension>
            <ns3:hr>94</ns3:hr>
          </ns3:TrackPointExtension>
        </extensions>
      </trkpt>
      <trkpt lat="23.1731223128736019134521484375" lon="113.4093568660318851470947265625">
        <ele>22</ele>
        <time>2024-07-24T22:41:18.000Z</time>
        <extensions>
          <ns3:TrackPointExtension>
            <ns3:hr>94</ns3:hr>
          </ns3:TrackPointExtension>
        </extensions>
      </trkpt>
      <trkpt lat="23.17312239669263362884521484375" lon="113.4093089215457439422607421875">
        <ele>22</ele>
        <time>2024-07-24T22:41:19.000Z</time>
        <extensions>
          <ns3:TrackPointExtension>
            <ns3:hr>95</ns3:hr>
          </ns3:TrackPointExtension>
        </extensions>
      </trkpt>
      <trkpt lat="23.17312172614037990570068359375" lon="113.40926022268831729888916015625">
        <ele>22</ele>
        <time>2024-07-24T22:41:20.000Z</time>
        <extensions>
          <ns3:TrackPointExtension>
            <ns3:hr>95</ns3:hr>
          </ns3:TrackPointExtension>
        </extensions>
      </trkpt>
      <trkpt lat="23.17312055267393589019775390625" lon="113.409211523830890655517578125">
        <ele>21.799999237060546875</ele>
        <time>2024-07-24T22:41:21.000Z</time>
        <extensions>
          <ns3:TrackPointExtension>
            <ns3:hr>96</ns3:hr>
          </ns3:TrackPointExtension>
        </extensions>
      </trkpt>
      <trkpt lat="23.17312021739780902862548828125" lon="113.40916601009666919708251953125">
        <ele>22</ele>
        <time>2024-07-24T22:41:22.000Z</time>
        <extensions>
          <ns3:TrackPointExtension>
            <ns3:hr>96</ns3:hr>
          </ns3:TrackPointExtension>
        </extensions>
      </trkpt>
      <trkpt lat="23.17312021739780902862548828125" lon="113.40912091545760631561279296875">
        <ele>22.200000762939453125</ele>
        <time>2024-07-24T22:41:23.000Z</time>
        <extensions>
          <ns3:TrackPointExtension>
            <ns3:hr>96</ns3:hr>
          </ns3:TrackPointExtension>
        </extensions>
      </trkpt>
      <trkpt lat="23.1731216423213481903076171875" lon="113.4090715460479259490966796875">
        <ele>22.3999996185302734375</ele>
        <time>2024-07-24T22:41:24.000Z</time>
        <extensions>
          <ns3:TrackPointExtension>
            <ns3:hr>96</ns3:hr>
          </ns3:TrackPointExtension>
        </extensions>
      </trkpt>
      <trkpt lat="23.1731253303587436676025390625" lon="113.40902150608599185943603515625">
        <ele>22.3999996185302734375</ele>
        <time>2024-07-24T22:41:25.000Z</time>
        <extensions>
          <ns3:TrackPointExtension>
            <ns3:hr>96</ns3:hr>
          </ns3:TrackPointExtension>
        </extensions>
      </trkpt>
      <trkpt lat="23.1731311976909637451171875" lon="113.4089726395905017852783203125">
        <ele>22.200000762939453125</ele>
        <time>2024-07-24T22:41:26.000Z</time>
        <extensions>
          <ns3:TrackPointExtension>
            <ns3:hr>97</ns3:hr>
          </ns3:TrackPointExtension>
        </extensions>
      </trkpt>
      <trkpt lat="23.17313798703253269195556640625" lon="113.40892477892339229583740234375">
        <ele>22.200000762939453125</ele>
        <time>2024-07-24T22:41:27.000Z</time>
        <extensions>
          <ns3:TrackPointExtension>
            <ns3:hr>97</ns3:hr>
          </ns3:TrackPointExtension>
        </extensions>
      </trkpt>
      <trkpt lat="23.17314502783119678497314453125" lon="113.4088821150362491607666015625">
        <ele>22</ele>
        <time>2024-07-24T22:41:28.000Z</time>
        <extensions>
          <ns3:TrackPointExtension>
            <ns3:hr>97</ns3:hr>
          </ns3:TrackPointExtension>
        </extensions>
      </trkpt>
      <trkpt lat="23.173151314258575439453125" lon="113.408839702606201171875">
        <ele>22</ele>
        <time>2024-07-24T22:41:29.000Z</time>
        <extensions>
          <ns3:TrackPointExtension>
            <ns3:hr>97</ns3:hr>
          </ns3:TrackPointExtension>
        </extensions>
      </trkpt>
      <trkpt lat="23.17315575666725635528564453125" lon="113.40879268012940883636474609375">
        <ele>22</ele>
        <time>2024-07-24T22:41:30.000Z</time>
        <extensions>
          <ns3:TrackPointExtension>
            <ns3:hr>97</ns3:hr>
          </ns3:TrackPointExtension>
        </extensions>
      </trkpt>
      <trkpt lat="23.17315743304789066314697265625" lon="113.4087459929287433624267578125">
        <ele>22.3999996185302734375</ele>
        <time>2024-07-24T22:41:31.000Z</time>
        <extensions>
          <ns3:TrackPointExtension>
            <ns3:hr>97</ns3:hr>
          </ns3:TrackPointExtension>
        </extensions>
      </trkpt>
      <trkpt lat="23.1731565110385417938232421875" lon="113.40870249085128307342529296875">
        <ele>22.6000003814697265625</ele>
        <time>2024-07-24T22:41:32.000Z</time>
        <extensions>
          <ns3:TrackPointExtension>
            <ns3:hr>97</ns3:hr>
          </ns3:TrackPointExtension>
        </extensions>
      </trkpt>
      <trkpt lat="23.17315475083887577056884765625" lon="113.4086584858596324920654296875">
        <ele>23</ele>
        <time>2024-07-24T22:41:33.000Z</time>
        <extensions>
          <ns3:TrackPointExtension>
            <ns3:hr>97</ns3:hr>
          </ns3:TrackPointExtension>
        </extensions>
      </trkpt>
      <trkpt lat="23.17315273918211460113525390625" lon="113.40861347503960132598876953125">
        <ele>23.200000762939453125</ele>
        <time>2024-07-24T22:41:34.000Z</time>
        <extensions>
          <ns3:TrackPointExtension>
            <ns3:hr>97</ns3:hr>
          </ns3:TrackPointExtension>
        </extensions>
      </trkpt>
      <trkpt lat="23.17315139807760715484619140625" lon="113.4085662849247455596923828125">
        <ele>23.3999996185302734375</ele>
        <time>2024-07-24T22:41:35.000Z</time>
        <extensions>
          <ns3:TrackPointExtension>
            <ns3:hr>98</ns3:hr>
          </ns3:TrackPointExtension>
        </extensions>
      </trkpt>
      <trkpt lat="23.17315072752535343170166015625" lon="113.408518172800540924072265625">
        <ele>23.3999996185302734375</ele>
        <time>2024-07-24T22:41:36.000Z</time>
        <extensions>
          <ns3:TrackPointExtension>
            <ns3:hr>99</ns3:hr>
          </ns3:TrackPointExtension>
        </extensions>
      </trkpt>
      <trkpt lat="23.17315055988729000091552734375" lon="113.40847483836114406585693359375">
        <ele>23.6000003814697265625</ele>
        <time>2024-07-24T22:41:37.000Z</time>
        <extensions>
          <ns3:TrackPointExtension>
            <ns3:hr>100</ns3:hr>
          </ns3:TrackPointExtension>
        </extensions>
      </trkpt>
      <trkpt lat="23.17315039224922657012939453125" lon="113.40842806734144687652587890625">
        <ele>23.799999237060546875</ele>
        <time>2024-07-24T22:41:38.000Z</time>
        <extensions>
          <ns3:TrackPointExtension>
            <ns3:hr>102</ns3:hr>
          </ns3:TrackPointExtension>
        </extensions>
      </trkpt>
      <trkpt lat="23.17314921878278255462646484375" lon="113.40838129632174968719482421875">
        <ele>24</ele>
        <time>2024-07-24T22:41:39.000Z</time>
        <extensions>
          <ns3:TrackPointExtension>
            <ns3:hr>102</ns3:hr>
          </ns3:TrackPointExtension>
        </extensions>
      </trkpt>
      <trkpt lat="23.173146955668926239013671875" lon="113.4083382971584796905517578125">
        <ele>24.200000762939453125</ele>
        <time>2024-07-24T22:41:40.000Z</time>
        <extensions>
          <ns3:TrackPointExtension>
            <ns3:hr>103</ns3:hr>
          </ns3:TrackPointExtension>
        </extensions>
      </trkpt>
      <trkpt lat="23.1731451116502285003662109375" lon="113.40829596854746341705322265625">
        <ele>24.3999996185302734375</ele>
        <time>2024-07-24T22:41:41.000Z</time>
        <extensions>
          <ns3:TrackPointExtension>
            <ns3:hr>103</ns3:hr>
          </ns3:TrackPointExtension>
        </extensions>
      </trkpt>
      <trkpt lat="23.173144944012165069580078125" lon="113.40825053863227367401123046875">
        <ele>24.6000003814697265625</ele>
        <time>2024-07-24T22:41:42.000Z</time>
        <extensions>
          <ns3:TrackPointExtension>
            <ns3:hr>103</ns3:hr>
          </ns3:TrackPointExtension>
        </extensions>
      </trkpt>
      <trkpt lat="23.17314569838345050811767578125" lon="113.40820427052676677703857421875">
        <ele>24.6000003814697265625</ele>
        <time>2024-07-24T22:41:43.000Z</time>
        <extensions>
          <ns3:TrackPointExtension>
            <ns3:hr>102</ns3:hr>
          </ns3:TrackPointExtension>
        </extensions>
      </trkpt>
      <trkpt lat="23.1731464527547359466552734375" lon="113.40816152282059192657470703125">
        <ele>24.799999237060546875</ele>
        <time>2024-07-24T22:41:44.000Z</time>
        <extensions>
          <ns3:TrackPointExtension>
            <ns3:hr>102</ns3:hr>
          </ns3:TrackPointExtension>
        </extensions>
      </trkpt>
      <trkpt lat="23.173145614564418792724609375" lon="113.40811558999121189117431640625">
        <ele>25</ele>
        <time>2024-07-24T22:41:45.000Z</time>
        <extensions>
          <ns3:TrackPointExtension>
            <ns3:hr>102</ns3:hr>
          </ns3:TrackPointExtension>
        </extensions>
      </trkpt>
      <trkpt lat="23.1731441058218479156494140625" lon="113.4080724231898784637451171875">
        <ele>24.6000003814697265625</ele>
        <time>2024-07-24T22:41:46.000Z</time>
        <extensions>
          <ns3:TrackPointExtension>
            <ns3:hr>102</ns3:hr>
          </ns3:TrackPointExtension>
        </extensions>
      </trkpt>
      <trkpt lat="23.17314125597476959228515625" lon="113.4080291725695133209228515625">
        <ele>24.200000762939453125</ele>
        <time>2024-07-24T22:41:47.000Z</time>
        <extensions>
          <ns3:TrackPointExtension>
            <ns3:hr>102</ns3:hr>
          </ns3:TrackPointExtension>
        </extensions>
      </trkpt>
      <trkpt lat="23.17313899286091327667236328125" lon="113.40798340737819671630859375">
        <ele>23.6000003814697265625</ele>
        <time>2024-07-24T22:41:48.000Z</time>
        <extensions>
          <ns3:TrackPointExtension>
            <ns3:hr>102</ns3:hr>
          </ns3:TrackPointExtension>
        </extensions>
      </trkpt>
      <trkpt lat="23.17313781939446926116943359375" lon="113.4079373069107532501220703125">
        <ele>23.200000762939453125</ele>
        <time>2024-07-24T22:41:49.000Z</time>
        <extensions>
          <ns3:TrackPointExtension>
            <ns3:hr>103</ns3:hr>
          </ns3:TrackPointExtension>
        </extensions>
      </trkpt>
      <trkpt lat="23.17313723266124725341796875" lon="113.4078910388052463531494140625">
        <ele>23</ele>
        <time>2024-07-24T22:41:50.000Z</time>
        <extensions>
          <ns3:TrackPointExtension>
            <ns3:hr>103</ns3:hr>
          </ns3:TrackPointExtension>
        </extensions>
      </trkpt>
      <trkpt lat="23.1731377355754375457763671875" lon="113.4078437648713588714599609375">
        <ele>22.6000003814697265625</ele>
        <time>2024-07-24T22:41:51.000Z</time>
        <extensions>
          <ns3:TrackPointExtension>
            <ns3:hr>103</ns3:hr>
          </ns3:TrackPointExtension>
        </extensions>
      </trkpt>
      <trkpt lat="23.17313765175640583038330078125" lon="113.40779657475650310516357421875">
        <ele>23</ele>
        <time>2024-07-24T22:41:52.000Z</time>
        <extensions>
          <ns3:TrackPointExtension>
            <ns3:hr>103</ns3:hr>
          </ns3:TrackPointExtension>
        </extensions>
      </trkpt>
      <trkpt lat="23.17313798703253269195556640625" lon="113.407747708261013031005859375">
        <ele>23.799999237060546875</ele>
        <time>2024-07-24T22:41:53.000Z</time>
        <extensions>
          <ns3:TrackPointExtension>
            <ns3:hr>103</ns3:hr>
          </ns3:TrackPointExtension>
        </extensions>
      </trkpt>
      <trkpt lat="23.17313916049897670745849609375" lon="113.40769917704164981842041015625">
        <ele>24.3999996185302734375</ele>
        <time>2024-07-24T22:41:54.000Z</time>
        <extensions>
          <ns3:TrackPointExtension>
            <ns3:hr>103</ns3:hr>
          </ns3:TrackPointExtension>
        </extensions>
      </trkpt>
      <trkpt lat="23.1731392443180084228515625" lon="113.4076528251171112060546875">
        <ele>25.200000762939453125</ele>
        <time>2024-07-24T22:41:55.000Z</time>
        <extensions>
          <ns3:TrackPointExtension>
            <ns3:hr>103</ns3:hr>
          </ns3:TrackPointExtension>
        </extensions>
      </trkpt>
      <trkpt lat="23.1731379032135009765625" lon="113.407606221735477447509765625">
        <ele>26</ele>
        <time>2024-07-24T22:41:56.000Z</time>
        <extensions>
          <ns3:TrackPointExtension>
            <ns3:hr>104</ns3:hr>
          </ns3:TrackPointExtension>
        </extensions>
      </trkpt>
      <trkpt lat="23.17313731648027896881103515625" lon="113.4075587801635265350341796875">
        <ele>27</ele>
        <time>2024-07-24T22:41:57.000Z</time>
        <extensions>
          <ns3:TrackPointExtension>
            <ns3:hr>105</ns3:hr>
          </ns3:TrackPointExtension>
        </extensions>
      </trkpt>
      <trkpt lat="23.1731377355754375457763671875" lon="113.40751159004867076873779296875">
        <ele>27.3999996185302734375</ele>
        <time>2024-07-24T22:41:58.000Z</time>
        <extensions>
          <ns3:TrackPointExtension>
            <ns3:hr>106</ns3:hr>
          </ns3:TrackPointExtension>
        </extensions>
      </trkpt>
      <trkpt lat="23.17313631065189838409423828125" lon="113.4074645675718784332275390625">
        <ele>27.6000003814697265625</ele>
        <time>2024-07-24T22:41:59.000Z</time>
        <extensions>
          <ns3:TrackPointExtension>
            <ns3:hr>107</ns3:hr>
          </ns3:TrackPointExtension>
        </extensions>
      </trkpt>
      <trkpt lat="23.17313513718545436859130859375" lon="113.40741653926670551300048828125">
        <ele>28</ele>
        <time>2024-07-24T22:42:00.000Z</time>
        <extensions>
          <ns3:TrackPointExtension>
            <ns3:hr>108</ns3:hr>
          </ns3:TrackPointExtension>
        </extensions>
      </trkpt>
      <trkpt lat="23.173135556280612945556640625" lon="113.40736490674316883087158203125">
        <ele>28.3999996185302734375</ele>
        <time>2024-07-24T22:42:01.000Z</time>
        <extensions>
          <ns3:TrackPointExtension>
            <ns3:hr>108</ns3:hr>
          </ns3:TrackPointExtension>
        </extensions>
      </trkpt>
      <trkpt lat="23.17313748411834239959716796875" lon="113.4073136933147907257080078125">
        <ele>29</ele>
        <time>2024-07-24T22:42:02.000Z</time>
        <extensions>
          <ns3:TrackPointExtension>
            <ns3:hr>109</ns3:hr>
          </ns3:TrackPointExtension>
        </extensions>
      </trkpt>
      <trkpt lat="23.17313983105123043060302734375" lon="113.4072637371718883514404296875">
        <ele>29.3999996185302734375</ele>
        <time>2024-07-24T22:42:03.000Z</time>
        <extensions>
          <ns3:TrackPointExtension>
            <ns3:hr>109</ns3:hr>
          </ns3:TrackPointExtension>
        </extensions>
      </trkpt>
      <trkpt lat="23.17313932813704013824462890625" lon="113.40721637941896915435791015625">
        <ele>28.6000003814697265625</ele>
        <time>2024-07-24T22:42:04.000Z</time>
        <extensions>
          <ns3:TrackPointExtension>
            <ns3:hr>109</ns3:hr>
          </ns3:TrackPointExtension>
        </extensions>
      </trkpt>
      <trkpt lat="23.1731384061276912689208984375" lon="113.4071681834757328033447265625">
        <ele>28</ele>
        <time>2024-07-24T22:42:05.000Z</time>
        <extensions>
          <ns3:TrackPointExtension>
            <ns3:hr>110</ns3:hr>
          </ns3:TrackPointExtension>
        </extensions>
      </trkpt>
      <trkpt lat="23.17313714884221553802490234375" lon="113.40711973607540130615234375">
        <ele>27.3999996185302734375</ele>
        <time>2024-07-24T22:42:06.000Z</time>
        <extensions>
          <ns3:TrackPointExtension>
            <ns3:hr>110</ns3:hr>
          </ns3:TrackPointExtension>
        </extensions>
      </trkpt>
      <trkpt lat="23.1731374002993106842041015625" lon="113.40706869028508663177490234375">
        <ele>27.200000762939453125</ele>
        <time>2024-07-24T22:42:07.000Z</time>
        <extensions>
          <ns3:TrackPointExtension>
            <ns3:hr>110</ns3:hr>
          </ns3:TrackPointExtension>
        </extensions>
      </trkpt>
      <trkpt lat="23.17313991487026214599609375" lon="113.4070149622857570648193359375">
        <ele>27</ele>
        <time>2024-07-24T22:42:08.000Z</time>
        <extensions>
          <ns3:TrackPointExtension>
            <ns3:hr>110</ns3:hr>
          </ns3:TrackPointExtension>
        </extensions>
      </trkpt>
      <trkpt lat="23.17314201034605503082275390625" lon="113.4069670177996158599853515625">
        <ele>26.799999237060546875</ele>
        <time>2024-07-24T22:42:09.000Z</time>
        <extensions>
          <ns3:TrackPointExtension>
            <ns3:hr>110</ns3:hr>
          </ns3:TrackPointExtension>
        </extensions>
      </trkpt>
      <trkpt lat="23.1731407530605792999267578125" lon="113.4069152176380157470703125">
        <ele>26.3999996185302734375</ele>
        <time>2024-07-24T22:42:10.000Z</time>
        <extensions>
          <ns3:TrackPointExtension>
            <ns3:hr>109</ns3:hr>
          </ns3:TrackPointExtension>
        </extensions>
      </trkpt>
      <trkpt lat="23.1731397472321987152099609375" lon="113.4068607352674007415771484375">
        <ele>26</ele>
        <time>2024-07-24T22:42:11.000Z</time>
        <extensions>
          <ns3:TrackPointExtension>
            <ns3:hr>109</ns3:hr>
          </ns3:TrackPointExtension>
        </extensions>
      </trkpt>
      <trkpt lat="23.1731404177844524383544921875" lon="113.40680968947708606719970703125">
        <ele>25.6000003814697265625</ele>
        <time>2024-07-24T22:42:12.000Z</time>
        <extensions>
          <ns3:TrackPointExtension>
            <ns3:hr>109</ns3:hr>
          </ns3:TrackPointExtension>
        </extensions>
      </trkpt>
      <trkpt lat="23.173140585422515869140625" lon="113.40675872750580310821533203125">
        <ele>25.200000762939453125</ele>
        <time>2024-07-24T22:42:13.000Z</time>
        <extensions>
          <ns3:TrackPointExtension>
            <ns3:hr>109</ns3:hr>
          </ns3:TrackPointExtension>
        </extensions>
      </trkpt>
      <trkpt lat="23.173140585422515869140625" lon="113.40670927427709102630615234375">
        <ele>25</ele>
        <time>2024-07-24T22:42:14.000Z</time>
        <extensions>
          <ns3:TrackPointExtension>
            <ns3:hr>109</ns3:hr>
          </ns3:TrackPointExtension>
        </extensions>
      </trkpt>
      <trkpt lat="23.17313815467059612274169921875" lon="113.40666200034320354461669921875">
        <ele>25</ele>
        <time>2024-07-24T22:42:15.000Z</time>
        <extensions>
          <ns3:TrackPointExtension>
            <ns3:hr>110</ns3:hr>
          </ns3:TrackPointExtension>
        </extensions>
      </trkpt>
      <trkpt lat="23.1731340475380420684814453125" lon="113.40661103837192058563232421875">
        <ele>25.200000762939453125</ele>
        <time>2024-07-24T22:42:16.000Z</time>
        <extensions>
          <ns3:TrackPointExtension>
            <ns3:hr>110</ns3:hr>
          </ns3:TrackPointExtension>
        </extensions>
      </trkpt>
      <trkpt lat="23.173129856586456298828125" lon="113.4065633453428745269775390625">
        <ele>25.3999996185302734375</ele>
        <time>2024-07-24T22:42:17.000Z</time>
        <extensions>
          <ns3:TrackPointExtension>
            <ns3:hr>110</ns3:hr>
          </ns3:TrackPointExtension>
        </extensions>
      </trkpt>
      <trkpt lat="23.17312784492969512939453125" lon="113.4065167419612407684326171875">
        <ele>25.3999996185302734375</ele>
        <time>2024-07-24T22:42:18.000Z</time>
        <extensions>
          <ns3:TrackPointExtension>
            <ns3:hr>110</ns3:hr>
          </ns3:TrackPointExtension>
        </extensions>
      </trkpt>
      <trkpt lat="23.17312709055840969085693359375" lon="113.40646670199930667877197265625">
        <ele>25.6000003814697265625</ele>
        <time>2024-07-24T22:42:19.000Z</time>
        <extensions>
          <ns3:TrackPointExtension>
            <ns3:hr>110</ns3:hr>
          </ns3:TrackPointExtension>
        </extensions>
      </trkpt>
      <trkpt lat="23.173127509653568267822265625" lon="113.40641708113253116607666015625">
        <ele>25.799999237060546875</ele>
        <time>2024-07-24T22:42:20.000Z</time>
        <extensions>
          <ns3:TrackPointExtension>
            <ns3:hr>109</ns3:hr>
          </ns3:TrackPointExtension>
        </extensions>
      </trkpt>
      <trkpt lat="23.17312692292034626007080078125" lon="113.40637181885540485382080078125">
        <ele>25.799999237060546875</ele>
        <time>2024-07-24T22:42:21.000Z</time>
        <extensions>
          <ns3:TrackPointExtension>
            <ns3:hr>109</ns3:hr>
          </ns3:TrackPointExtension>
        </extensions>
      </trkpt>
      <trkpt lat="23.173125497996807098388671875" lon="113.40632387436926364898681640625">
        <ele>25.799999237060546875</ele>
        <time>2024-07-24T22:42:22.000Z</time>
        <extensions>
          <ns3:TrackPointExtension>
            <ns3:hr>109</ns3:hr>
          </ns3:TrackPointExtension>
        </extensions>
      </trkpt>
      <trkpt lat="23.1731246598064899444580078125" lon="113.4062790311872959136962890625">
        <ele>25.6000003814697265625</ele>
        <time>2024-07-24T22:42:23.000Z</time>
        <extensions>
          <ns3:TrackPointExtension>
            <ns3:hr>109</ns3:hr>
          </ns3:TrackPointExtension>
        </extensions>
      </trkpt>
      <trkpt lat="23.17312340252101421356201171875" lon="113.40623351745307445526123046875">
        <ele>25.6000003814697265625</ele>
        <time>2024-07-24T22:42:24.000Z</time>
        <extensions>
          <ns3:TrackPointExtension>
            <ns3:hr>109</ns3:hr>
          </ns3:TrackPointExtension>
        </extensions>
      </trkpt>
      <trkpt lat="23.173122145235538482666015625" lon="113.4061868302524089813232421875">
        <ele>25.6000003814697265625</ele>
        <time>2024-07-24T22:42:25.000Z</time>
        <extensions>
          <ns3:TrackPointExtension>
            <ns3:hr>109</ns3:hr>
          </ns3:TrackPointExtension>
        </extensions>
      </trkpt>
      <trkpt lat="23.17312055267393589019775390625" lon="113.4061392210423946380615234375">
        <ele>25.799999237060546875</ele>
        <time>2024-07-24T22:42:26.000Z</time>
        <extensions>
          <ns3:TrackPointExtension>
            <ns3:hr>108</ns3:hr>
          </ns3:TrackPointExtension>
        </extensions>
      </trkpt>
      <trkpt lat="23.17311954684555530548095703125" lon="113.40609110891819000244140625">
        <ele>25.799999237060546875</ele>
        <time>2024-07-24T22:42:27.000Z</time>
        <extensions>
          <ns3:TrackPointExtension>
            <ns3:hr>108</ns3:hr>
          </ns3:TrackPointExtension>
        </extensions>
      </trkpt>
      <trkpt lat="23.17311904393136501312255859375" lon="113.40604224242269992828369140625">
        <ele>26</ele>
        <time>2024-07-24T22:42:28.000Z</time>
        <extensions>
          <ns3:TrackPointExtension>
            <ns3:hr>107</ns3:hr>
          </ns3:TrackPointExtension>
        </extensions>
      </trkpt>
      <trkpt lat="23.173118792474269866943359375" lon="113.40599329210817813873291015625">
        <ele>26.200000762939453125</ele>
        <time>2024-07-24T22:42:29.000Z</time>
        <extensions>
          <ns3:TrackPointExtension>
            <ns3:hr>107</ns3:hr>
          </ns3:TrackPointExtension>
        </extensions>
      </trkpt>
      <trkpt lat="23.17311870865523815155029296875" lon="113.405945934355258941650390625">
        <ele>25.6000003814697265625</ele>
        <time>2024-07-24T22:42:30.000Z</time>
        <extensions>
          <ns3:TrackPointExtension>
            <ns3:hr>107</ns3:hr>
          </ns3:TrackPointExtension>
        </extensions>
      </trkpt>
      <trkpt lat="23.17311870865523815155029296875" lon="113.40589840896427631378173828125">
        <ele>25.200000762939453125</ele>
        <time>2024-07-24T22:42:31.000Z</time>
        <extensions>
          <ns3:TrackPointExtension>
            <ns3:hr>107</ns3:hr>
          </ns3:TrackPointExtension>
        </extensions>
      </trkpt>
      <trkpt lat="23.17312004975974559783935546875" lon="113.405850045382976531982421875">
        <ele>25.3999996185302734375</ele>
        <time>2024-07-24T22:42:32.000Z</time>
        <extensions>
          <ns3:TrackPointExtension>
            <ns3:hr>107</ns3:hr>
          </ns3:TrackPointExtension>
        </extensions>
      </trkpt>
      <trkpt lat="23.17312180995941162109375" lon="113.4058021008968353271484375">
        <ele>26</ele>
        <time>2024-07-24T22:42:33.000Z</time>
        <extensions>
          <ns3:TrackPointExtension>
            <ns3:hr>107</ns3:hr>
          </ns3:TrackPointExtension>
        </extensions>
      </trkpt>
      <trkpt lat="23.17312289960682392120361328125" lon="113.405753485858440399169921875">
        <ele>26.3999996185302734375</ele>
        <time>2024-07-24T22:42:34.000Z</time>
        <extensions>
          <ns3:TrackPointExtension>
            <ns3:hr>107</ns3:hr>
          </ns3:TrackPointExtension>
        </extensions>
      </trkpt>
      <trkpt lat="23.1731236539781093597412109375" lon="113.4057053737342357635498046875">
        <ele>26.799999237060546875</ele>
        <time>2024-07-24T22:42:35.000Z</time>
        <extensions>
          <ns3:TrackPointExtension>
            <ns3:hr>107</ns3:hr>
          </ns3:TrackPointExtension>
        </extensions>
      </trkpt>
      <trkpt lat="23.17312323488295078277587890625" lon="113.4056574292480945587158203125">
        <ele>27</ele>
        <time>2024-07-24T22:42:36.000Z</time>
        <extensions>
          <ns3:TrackPointExtension>
            <ns3:hr>107</ns3:hr>
          </ns3:TrackPointExtension>
        </extensions>
      </trkpt>
      <trkpt lat="23.173122145235538482666015625" lon="113.40560923330485820770263671875">
        <ele>27.200000762939453125</ele>
        <time>2024-07-24T22:42:37.000Z</time>
        <extensions>
          <ns3:TrackPointExtension>
            <ns3:hr>107</ns3:hr>
          </ns3:TrackPointExtension>
        </extensions>
      </trkpt>
      <trkpt lat="23.17312122322618961334228515625" lon="113.405560366809368133544921875">
        <ele>27.200000762939453125</ele>
        <time>2024-07-24T22:42:38.000Z</time>
        <extensions>
          <ns3:TrackPointExtension>
            <ns3:hr>108</ns3:hr>
          </ns3:TrackPointExtension>
        </extensions>
      </trkpt>
      <trkpt lat="23.173120133578777313232421875" lon="113.40551150031387805938720703125">
        <ele>27.200000762939453125</ele>
        <time>2024-07-24T22:42:39.000Z</time>
        <extensions>
          <ns3:TrackPointExtension>
            <ns3:hr>107</ns3:hr>
          </ns3:TrackPointExtension>
        </extensions>
      </trkpt>
      <trkpt lat="23.17312004975974559783935546875" lon="113.40546347200870513916015625">
        <ele>27.200000762939453125</ele>
        <time>2024-07-24T22:42:40.000Z</time>
        <extensions>
          <ns3:TrackPointExtension>
            <ns3:hr>107</ns3:hr>
          </ns3:TrackPointExtension>
        </extensions>
      </trkpt>
      <trkpt lat="23.173120804131031036376953125" lon="113.40541561134159564971923828125">
        <ele>27.3999996185302734375</ele>
        <time>2024-07-24T22:42:41.000Z</time>
        <extensions>
          <ns3:TrackPointExtension>
            <ns3:hr>107</ns3:hr>
          </ns3:TrackPointExtension>
        </extensions>
      </trkpt>
      <trkpt lat="23.173122145235538482666015625" lon="113.40536884032189846038818359375">
        <ele>28</ele>
        <time>2024-07-24T22:42:42.000Z</time>
        <extensions>
          <ns3:TrackPointExtension>
            <ns3:hr>107</ns3:hr>
          </ns3:TrackPointExtension>
        </extensions>
      </trkpt>
      <trkpt lat="23.17312373779714107513427734375" lon="113.40532173402607440948486328125">
        <ele>28.3999996185302734375</ele>
        <time>2024-07-24T22:42:43.000Z</time>
        <extensions>
          <ns3:TrackPointExtension>
            <ns3:hr>108</ns3:hr>
          </ns3:TrackPointExtension>
        </extensions>
      </trkpt>
      <trkpt lat="23.173124827444553375244140625" lon="113.40527462773025035858154296875">
        <ele>28.200000762939453125</ele>
        <time>2024-07-24T22:42:44.000Z</time>
        <extensions>
          <ns3:TrackPointExtension>
            <ns3:hr>108</ns3:hr>
          </ns3:TrackPointExtension>
        </extensions>
      </trkpt>
      <trkpt lat="23.1731253303587436676025390625" lon="113.40522718615829944610595703125">
        <ele>28</ele>
        <time>2024-07-24T22:42:45.000Z</time>
        <extensions>
          <ns3:TrackPointExtension>
            <ns3:hr>108</ns3:hr>
          </ns3:TrackPointExtension>
        </extensions>
      </trkpt>
      <trkpt lat="23.17312625236809253692626953125" lon="113.40517991222441196441650390625">
        <ele>27.799999237060546875</ele>
        <time>2024-07-24T22:42:46.000Z</time>
        <extensions>
          <ns3:TrackPointExtension>
            <ns3:hr>107</ns3:hr>
          </ns3:TrackPointExtension>
        </extensions>
      </trkpt>
      <trkpt lat="23.17312742583453655242919921875" lon="113.40513288974761962890625">
        <ele>27.3999996185302734375</ele>
        <time>2024-07-24T22:42:47.000Z</time>
        <extensions>
          <ns3:TrackPointExtension>
            <ns3:hr>107</ns3:hr>
          </ns3:TrackPointExtension>
        </extensions>
      </trkpt>
      <trkpt lat="23.173128850758075714111328125" lon="113.40508787892758846282958984375">
        <ele>27</ele>
        <time>2024-07-24T22:42:48.000Z</time>
        <extensions>
          <ns3:TrackPointExtension>
            <ns3:hr>107</ns3:hr>
          </ns3:TrackPointExtension>
        </extensions>
      </trkpt>
      <trkpt lat="23.17313052713871002197265625" lon="113.405044712126255035400390625">
        <ele>26.3999996185302734375</ele>
        <time>2024-07-24T22:42:49.000Z</time>
        <extensions>
          <ns3:TrackPointExtension>
            <ns3:hr>107</ns3:hr>
          </ns3:TrackPointExtension>
        </extensions>
      </trkpt>
      <trkpt lat="23.17313279025256633758544921875" lon="113.405003137886524200439453125">
        <ele>26</ele>
        <time>2024-07-24T22:42:50.000Z</time>
        <extensions>
          <ns3:TrackPointExtension>
            <ns3:hr>106</ns3:hr>
          </ns3:TrackPointExtension>
        </extensions>
      </trkpt>
      <trkpt lat="23.17313564009964466094970703125" lon="113.4049650840461254119873046875">
        <ele>25.6000003814697265625</ele>
        <time>2024-07-24T22:42:51.000Z</time>
        <extensions>
          <ns3:TrackPointExtension>
            <ns3:hr>106</ns3:hr>
          </ns3:TrackPointExtension>
        </extensions>
      </trkpt>
      <trkpt lat="23.17313882522284984588623046875" lon="113.4049308858811855316162109375">
        <ele>25.200000762939453125</ele>
        <time>2024-07-24T22:42:52.000Z</time>
        <extensions>
          <ns3:TrackPointExtension>
            <ns3:hr>106</ns3:hr>
          </ns3:TrackPointExtension>
        </extensions>
      </trkpt>
      <trkpt lat="23.173140250146389007568359375" lon="113.40489978902041912078857421875">
        <ele>25</ele>
        <time>2024-07-24T22:42:53.000Z</time>
        <extensions>
          <ns3:TrackPointExtension>
            <ns3:hr>106</ns3:hr>
          </ns3:TrackPointExtension>
        </extensions>
      </trkpt>
      <trkpt lat="23.17314133979380130767822265625" lon="113.40487246401607990264892578125">
        <ele>24.799999237060546875</ele>
        <time>2024-07-24T22:42:54.000Z</time>
        <extensions>
          <ns3:TrackPointExtension>
            <ns3:hr>105</ns3:hr>
          </ns3:TrackPointExtension>
        </extensions>
      </trkpt>
      <trkpt lat="23.17314201034605503082275390625" lon="113.40485972352325916290283203125">
        <ele>24.799999237060546875</ele>
        <time>2024-07-24T22:42:55.000Z</time>
        <extensions>
          <ns3:TrackPointExtension>
            <ns3:hr>104</ns3:hr>
          </ns3:TrackPointExtension>
        </extensions>
      </trkpt>
      <trkpt lat="23.17314268089830875396728515625" lon="113.4048457257449626922607421875">
        <ele>24.799999237060546875</ele>
        <time>2024-07-24T22:42:56.000Z</time>
        <extensions>
          <ns3:TrackPointExtension>
            <ns3:hr>99</ns3:hr>
          </ns3:TrackPointExtension>
        </extensions>
      </trkpt>
      <trkpt lat="23.17314301617443561553955078125" lon="113.4048366732895374298095703125">
        <ele>24.799999237060546875</ele>
        <time>2024-07-24T22:42:57.000Z</time>
        <extensions>
          <ns3:TrackPointExtension>
            <ns3:hr>98</ns3:hr>
          </ns3:TrackPointExtension>
        </extensions>
      </trkpt>
      <trkpt lat="23.173143602907657623291015625" lon="113.404828123748302459716796875">
        <ele>24.6000003814697265625</ele>
        <time>2024-07-24T22:42:58.000Z</time>
        <extensions>
          <ns3:TrackPointExtension>
            <ns3:hr>95</ns3:hr>
          </ns3:TrackPointExtension>
        </extensions>
      </trkpt>
      <trkpt lat="23.17314418964087963104248046875" lon="113.4048199094831943511962890625">
        <ele>24.6000003814697265625</ele>
        <time>2024-07-24T22:44:11.000Z</time>
        <extensions>
          <ns3:TrackPointExtension>
            <ns3:hr>63</ns3:hr>
          </ns3:TrackPointExtension>
        </extensions>
      </trkpt>
      <trkpt lat="23.1731446087360382080078125" lon="113.404812030494213104248046875">
        <ele>24.6000003814697265625</ele>
        <time>2024-07-24T22:44:12.000Z</time>
        <extensions>
          <ns3:TrackPointExtension>
            <ns3:hr>62</ns3:hr>
          </ns3:TrackPointExtension>
        </extensions>
      </trkpt>
      <trkpt lat="23.17314519546926021575927734375" lon="113.40480172075331211090087890625">
        <ele>24.6000003814697265625</ele>
        <time>2024-07-24T22:44:13.000Z</time>
        <extensions>
          <ns3:TrackPointExtension>
            <ns3:hr>62</ns3:hr>
          </ns3:TrackPointExtension>
        </extensions>
      </trkpt>
      <trkpt lat="23.173146955668926239013671875" lon="113.40478696860373020172119140625">
        <ele>24.6000003814697265625</ele>
        <time>2024-07-24T22:44:14.000Z</time>
        <extensions>
          <ns3:TrackPointExtension>
            <ns3:hr>62</ns3:hr>
          </ns3:TrackPointExtension>
        </extensions>
      </trkpt>
      <trkpt lat="23.173149637877941131591796875" lon="113.40476819314062595367431640625">
        <ele>24.6000003814697265625</ele>
        <time>2024-07-24T22:44:15.000Z</time>
        <extensions>
          <ns3:TrackPointExtension>
            <ns3:hr>62</ns3:hr>
          </ns3:TrackPointExtension>
        </extensions>
      </trkpt>
      <trkpt lat="23.173155002295970916748046875" lon="113.40473818592727184295654296875">
        <ele>24.799999237060546875</ele>
        <time>2024-07-24T22:44:16.000Z</time>
        <extensions>
          <ns3:TrackPointExtension>
            <ns3:hr>65</ns3:hr>
          </ns3:TrackPointExtension>
        </extensions>
      </trkpt>
      <trkpt lat="23.17316011525690555572509765625" lon="113.4047089330852031707763671875">
        <ele>25</ele>
        <time>2024-07-24T22:44:17.000Z</time>
        <extensions>
          <ns3:TrackPointExtension>
            <ns3:hr>68</ns3:hr>
          </ns3:TrackPointExtension>
        </extensions>
      </trkpt>
      <trkpt lat="23.1731682457029819488525390625" lon="113.404658474028110504150390625">
        <ele>25.3999996185302734375</ele>
        <time>2024-07-24T22:44:18.000Z</time>
        <extensions>
          <ns3:TrackPointExtension>
            <ns3:hr>70</ns3:hr>
          </ns3:TrackPointExtension>
        </extensions>
      </trkpt>
      <trkpt lat="23.173174448311328887939453125" lon="113.40462067164480686187744140625">
        <ele>26</ele>
        <time>2024-07-24T22:44:19.000Z</time>
        <extensions>
          <ns3:TrackPointExtension>
            <ns3:hr>70</ns3:hr>
          </ns3:TrackPointExtension>
        </extensions>
      </trkpt>
      <trkpt lat="23.17317939363420009613037109375" lon="113.40458362363278865814208984375">
        <ele>26.6000003814697265625</ele>
        <time>2024-07-24T22:44:20.000Z</time>
        <extensions>
          <ns3:TrackPointExtension>
            <ns3:hr>70</ns3:hr>
          </ns3:TrackPointExtension>
        </extensions>
      </trkpt>
      <trkpt lat="23.17318358458578586578369140625" lon="113.40454456396400928497314453125">
        <ele>27.200000762939453125</ele>
        <time>2024-07-24T22:44:21.000Z</time>
        <extensions>
          <ns3:TrackPointExtension>
            <ns3:hr>70</ns3:hr>
          </ns3:TrackPointExtension>
        </extensions>
      </trkpt>
      <trkpt lat="23.17318911664187908172607421875" lon="113.4045054204761981964111328125">
        <ele>27.799999237060546875</ele>
        <time>2024-07-24T22:44:22.000Z</time>
        <extensions>
          <ns3:TrackPointExtension>
            <ns3:hr>70</ns3:hr>
          </ns3:TrackPointExtension>
        </extensions>
      </trkpt>
      <trkpt lat="23.1731954030692577362060546875" lon="113.40446460060775279998779296875">
        <ele>28.799999237060546875</ele>
        <time>2024-07-24T22:44:23.000Z</time>
        <extensions>
          <ns3:TrackPointExtension>
            <ns3:hr>70</ns3:hr>
          </ns3:TrackPointExtension>
        </extensions>
      </trkpt>
      <trkpt lat="23.17320202477276325225830078125" lon="113.40442487038671970367431640625">
        <ele>29.6000003814697265625</ele>
        <time>2024-07-24T22:44:24.000Z</time>
        <extensions>
          <ns3:TrackPointExtension>
            <ns3:hr>70</ns3:hr>
          </ns3:TrackPointExtension>
        </extensions>
      </trkpt>
      <trkpt lat="23.17320755682885646820068359375" lon="113.4043853916227817535400390625">
        <ele>30.3999996185302734375</ele>
        <time>2024-07-24T22:44:25.000Z</time>
        <extensions>
          <ns3:TrackPointExtension>
            <ns3:hr>72</ns3:hr>
          </ns3:TrackPointExtension>
        </extensions>
      </trkpt>
      <trkpt lat="23.1732118315994739532470703125" lon="113.4043444879353046417236328125">
        <ele>31</ele>
        <time>2024-07-24T22:44:26.000Z</time>
        <extensions>
          <ns3:TrackPointExtension>
            <ns3:hr>73</ns3:hr>
          </ns3:TrackPointExtension>
        </extensions>
      </trkpt>
      <trkpt lat="23.1732161901891231536865234375" lon="113.40430484153330326080322265625">
        <ele>31.6000003814697265625</ele>
        <time>2024-07-24T22:44:27.000Z</time>
        <extensions>
          <ns3:TrackPointExtension>
            <ns3:hr>76</ns3:hr>
          </ns3:TrackPointExtension>
        </extensions>
      </trkpt>
      <trkpt lat="23.17322331480681896209716796875" lon="113.4042660333216190338134765625">
        <ele>32</ele>
        <time>2024-07-24T22:44:28.000Z</time>
        <extensions>
          <ns3:TrackPointExtension>
            <ns3:hr>78</ns3:hr>
          </ns3:TrackPointExtension>
        </extensions>
      </trkpt>
      <trkpt lat="23.173232115805149078369140625" lon="113.40422823093831539154052734375">
        <ele>32.59999847412109375</ele>
        <time>2024-07-24T22:44:29.000Z</time>
        <extensions>
          <ns3:TrackPointExtension>
            <ns3:hr>80</ns3:hr>
          </ns3:TrackPointExtension>
        </extensions>
      </trkpt>
      <trkpt lat="23.17324192263185977935791015625" lon="113.404189087450504302978515625">
        <ele>32.799999237060546875</ele>
        <time>2024-07-24T22:44:30.000Z</time>
        <extensions>
          <ns3:TrackPointExtension>
            <ns3:hr>80</ns3:hr>
          </ns3:TrackPointExtension>
        </extensions>
      </trkpt>
      <trkpt lat="23.1732518970966339111328125" lon="113.4041463397443294525146484375">
        <ele>32.40000152587890625</ele>
        <time>2024-07-24T22:44:31.000Z</time>
        <extensions>
          <ns3:TrackPointExtension>
            <ns3:hr>80</ns3:hr>
          </ns3:TrackPointExtension>
        </extensions>
      </trkpt>
      <trkpt lat="23.17326069809496402740478515625" lon="113.404101245105266571044921875">
        <ele>31.799999237060546875</ele>
        <time>2024-07-24T22:44:32.000Z</time>
        <extensions>
          <ns3:TrackPointExtension>
            <ns3:hr>80</ns3:hr>
          </ns3:TrackPointExtension>
        </extensions>
      </trkpt>
      <trkpt lat="23.1732684932649135589599609375" lon="113.404053635895252227783203125">
        <ele>31.200000762939453125</ele>
        <time>2024-07-24T22:44:33.000Z</time>
        <extensions>
          <ns3:TrackPointExtension>
            <ns3:hr>80</ns3:hr>
          </ns3:TrackPointExtension>
        </extensions>
      </trkpt>
      <trkpt lat="23.173273690044879913330078125" lon="113.40400703251361846923828125">
        <ele>30.799999237060546875</ele>
        <time>2024-07-24T22:44:34.000Z</time>
        <extensions>
          <ns3:TrackPointExtension>
            <ns3:hr>80</ns3:hr>
          </ns3:TrackPointExtension>
        </extensions>
      </trkpt>
      <trkpt lat="23.1732782162725925445556640625" lon="113.403963111340999603271484375">
        <ele>30.200000762939453125</ele>
        <time>2024-07-24T22:44:35.000Z</time>
        <extensions>
          <ns3:TrackPointExtension>
            <ns3:hr>80</ns3:hr>
          </ns3:TrackPointExtension>
        </extensions>
      </trkpt>
      <trkpt lat="23.17328148521482944488525390625" lon="113.4039213694632053375244140625">
        <ele>29.6000003814697265625</ele>
        <time>2024-07-24T22:44:36.000Z</time>
        <extensions>
          <ns3:TrackPointExtension>
            <ns3:hr>80</ns3:hr>
          </ns3:TrackPointExtension>
        </extensions>
      </trkpt>
      <trkpt lat="23.173285759985446929931640625" lon="113.40388021431863307952880859375">
        <ele>28.3999996185302734375</ele>
        <time>2024-07-24T22:44:37.000Z</time>
        <extensions>
          <ns3:TrackPointExtension>
            <ns3:hr>80</ns3:hr>
          </ns3:TrackPointExtension>
        </extensions>
      </trkpt>
      <trkpt lat="23.173291124403476715087890625" lon="113.4038388915359973907470703125">
        <ele>27.200000762939453125</ele>
        <time>2024-07-24T22:44:38.000Z</time>
        <extensions>
          <ns3:TrackPointExtension>
            <ns3:hr>80</ns3:hr>
          </ns3:TrackPointExtension>
        </extensions>
      </trkpt>
      <trkpt lat="23.173297829926013946533203125" lon="113.403797484934329986572265625">
        <ele>26.200000762939453125</ele>
        <time>2024-07-24T22:44:39.000Z</time>
        <extensions>
          <ns3:TrackPointExtension>
            <ns3:hr>81</ns3:hr>
          </ns3:TrackPointExtension>
        </extensions>
      </trkpt>
      <trkpt lat="23.1733055412769317626953125" lon="113.4037547372281551361083984375">
        <ele>24.799999237060546875</ele>
        <time>2024-07-24T22:44:40.000Z</time>
        <extensions>
          <ns3:TrackPointExtension>
            <ns3:hr>81</ns3:hr>
          </ns3:TrackPointExtension>
        </extensions>
      </trkpt>
      <trkpt lat="23.1733137555420398712158203125" lon="113.40371073223650455474853515625">
        <ele>23.6000003814697265625</ele>
        <time>2024-07-24T22:44:41.000Z</time>
        <extensions>
          <ns3:TrackPointExtension>
            <ns3:hr>83</ns3:hr>
          </ns3:TrackPointExtension>
        </extensions>
      </trkpt>
      <trkpt lat="23.17332138307392597198486328125" lon="113.40366303920745849609375">
        <ele>22.6000003814697265625</ele>
        <time>2024-07-24T22:44:42.000Z</time>
        <extensions>
          <ns3:TrackPointExtension>
            <ns3:hr>85</ns3:hr>
          </ns3:TrackPointExtension>
        </extensions>
      </trkpt>
      <trkpt lat="23.1733291782438755035400390625" lon="113.40361283160746097564697265625">
        <ele>23</ele>
        <time>2024-07-24T22:44:43.000Z</time>
        <extensions>
          <ns3:TrackPointExtension>
            <ns3:hr>88</ns3:hr>
          </ns3:TrackPointExtension>
        </extensions>
      </trkpt>
      <trkpt lat="23.17333848215639591217041015625" lon="113.40356153436005115509033203125">
        <ele>23.6000003814697265625</ele>
        <time>2024-07-24T22:44:44.000Z</time>
        <extensions>
          <ns3:TrackPointExtension>
            <ns3:hr>90</ns3:hr>
          </ns3:TrackPointExtension>
        </extensions>
      </trkpt>
      <trkpt lat="23.1733484566211700439453125" lon="113.40351174585521221160888671875">
        <ele>24</ele>
        <time>2024-07-24T22:44:45.000Z</time>
        <extensions>
          <ns3:TrackPointExtension>
            <ns3:hr>92</ns3:hr>
          </ns3:TrackPointExtension>
        </extensions>
      </trkpt>
      <trkpt lat="23.17335792817175388336181640625" lon="113.403461538255214691162109375">
        <ele>24.3999996185302734375</ele>
        <time>2024-07-24T22:44:46.000Z</time>
        <extensions>
          <ns3:TrackPointExtension>
            <ns3:hr>93</ns3:hr>
          </ns3:TrackPointExtension>
        </extensions>
      </trkpt>
      <trkpt lat="23.17336815409362316131591796875" lon="113.403410576283931732177734375">
        <ele>24.799999237060546875</ele>
        <time>2024-07-24T22:44:47.000Z</time>
        <extensions>
          <ns3:TrackPointExtension>
            <ns3:hr>95</ns3:hr>
          </ns3:TrackPointExtension>
        </extensions>
      </trkpt>
      <trkpt lat="23.1733791343867778778076171875" lon="113.40336062014102935791015625">
        <ele>25.3999996185302734375</ele>
        <time>2024-07-24T22:44:48.000Z</time>
        <extensions>
          <ns3:TrackPointExtension>
            <ns3:hr>98</ns3:hr>
          </ns3:TrackPointExtension>
        </extensions>
      </trkpt>
      <trkpt lat="23.17338860593736171722412109375" lon="113.403310663998126983642578125">
        <ele>26</ele>
        <time>2024-07-24T22:44:49.000Z</time>
        <extensions>
          <ns3:TrackPointExtension>
            <ns3:hr>100</ns3:hr>
          </ns3:TrackPointExtension>
        </extensions>
      </trkpt>
      <trkpt lat="23.17339799366891384124755859375" lon="113.40326028876006603240966796875">
        <ele>26.6000003814697265625</ele>
        <time>2024-07-24T22:44:50.000Z</time>
        <extensions>
          <ns3:TrackPointExtension>
            <ns3:hr>101</ns3:hr>
          </ns3:TrackPointExtension>
        </extensions>
      </trkpt>
      <trkpt lat="23.17340754903852939605712890625" lon="113.4032092429697513580322265625">
        <ele>27</ele>
        <time>2024-07-24T22:44:51.000Z</time>
        <extensions>
          <ns3:TrackPointExtension>
            <ns3:hr>101</ns3:hr>
          </ns3:TrackPointExtension>
        </extensions>
      </trkpt>
      <trkpt lat="23.1734166853129863739013671875" lon="113.40315769426524639129638671875">
        <ele>27.200000762939453125</ele>
        <time>2024-07-24T22:44:52.000Z</time>
        <extensions>
          <ns3:TrackPointExtension>
            <ns3:hr>102</ns3:hr>
          </ns3:TrackPointExtension>
        </extensions>
      </trkpt>
      <trkpt lat="23.1734254024922847747802734375" lon="113.403106145560741424560546875">
        <ele>27.3999996185302734375</ele>
        <time>2024-07-24T22:44:53.000Z</time>
        <extensions>
          <ns3:TrackPointExtension>
            <ns3:hr>102</ns3:hr>
          </ns3:TrackPointExtension>
        </extensions>
      </trkpt>
      <trkpt lat="23.173433952033519744873046875" lon="113.40305442921817302703857421875">
        <ele>27.3999996185302734375</ele>
        <time>2024-07-24T22:44:54.000Z</time>
        <extensions>
          <ns3:TrackPointExtension>
            <ns3:hr>102</ns3:hr>
          </ns3:TrackPointExtension>
        </extensions>
      </trkpt>
      <trkpt lat="23.17344292066991329193115234375" lon="113.4030033834278583526611328125">
        <ele>27.6000003814697265625</ele>
        <time>2024-07-24T22:44:55.000Z</time>
        <extensions>
          <ns3:TrackPointExtension>
            <ns3:hr>102</ns3:hr>
          </ns3:TrackPointExtension>
        </extensions>
      </trkpt>
      <trkpt lat="23.173451721668243408203125" lon="113.40295158326625823974609375">
        <ele>27</ele>
        <time>2024-07-24T22:44:56.000Z</time>
        <extensions>
          <ns3:TrackPointExtension>
            <ns3:hr>102</ns3:hr>
          </ns3:TrackPointExtension>
        </extensions>
      </trkpt>
      <trkpt lat="23.17346035502851009368896484375" lon="113.40289969928562641143798828125">
        <ele>26.3999996185302734375</ele>
        <time>2024-07-24T22:44:57.000Z</time>
        <extensions>
          <ns3:TrackPointExtension>
            <ns3:hr>102</ns3:hr>
          </ns3:TrackPointExtension>
        </extensions>
      </trkpt>
      <trkpt lat="23.17346823401749134063720703125" lon="113.40284722857177257537841796875">
        <ele>25.799999237060546875</ele>
        <time>2024-07-24T22:44:58.000Z</time>
        <extensions>
          <ns3:TrackPointExtension>
            <ns3:hr>102</ns3:hr>
          </ns3:TrackPointExtension>
        </extensions>
      </trkpt>
      <trkpt lat="23.17347661592066287994384765625" lon="113.40279492549598217010498046875">
        <ele>24.799999237060546875</ele>
        <time>2024-07-24T22:44:59.000Z</time>
        <extensions>
          <ns3:TrackPointExtension>
            <ns3:hr>102</ns3:hr>
          </ns3:TrackPointExtension>
        </extensions>
      </trkpt>
      <trkpt lat="23.17348768003284931182861328125" lon="113.4027435444295406341552734375">
        <ele>23.799999237060546875</ele>
        <time>2024-07-24T22:45:00.000Z</time>
        <extensions>
          <ns3:TrackPointExtension>
            <ns3:hr>103</ns3:hr>
          </ns3:TrackPointExtension>
        </extensions>
      </trkpt>
      <trkpt lat="23.1735015101730823516845703125" lon="113.40269350446760654449462890625">
        <ele>23.3999996185302734375</ele>
        <time>2024-07-24T22:45:01.000Z</time>
        <extensions>
          <ns3:TrackPointExtension>
            <ns3:hr>104</ns3:hr>
          </ns3:TrackPointExtension>
        </extensions>
      </trkpt>
      <trkpt lat="23.17351584322750568389892578125" lon="113.40264254249632358551025390625">
        <ele>23</ele>
        <time>2024-07-24T22:45:02.000Z</time>
        <extensions>
          <ns3:TrackPointExtension>
            <ns3:hr>105</ns3:hr>
          </ns3:TrackPointExtension>
        </extensions>
      </trkpt>
      <trkpt lat="23.1735293380916118621826171875" lon="113.40259107761085033416748046875">
        <ele>22.6000003814697265625</ele>
        <time>2024-07-24T22:45:03.000Z</time>
        <extensions>
          <ns3:TrackPointExtension>
            <ns3:hr>106</ns3:hr>
          </ns3:TrackPointExtension>
        </extensions>
      </trkpt>
      <trkpt lat="23.17353931255638599395751953125" lon="113.402539528906345367431640625">
        <ele>22.200000762939453125</ele>
        <time>2024-07-24T22:45:04.000Z</time>
        <extensions>
          <ns3:TrackPointExtension>
            <ns3:hr>107</ns3:hr>
          </ns3:TrackPointExtension>
        </extensions>
      </trkpt>
      <trkpt lat="23.17354920320212841033935546875" lon="113.4024883992969989776611328125">
        <ele>21.6000003814697265625</ele>
        <time>2024-07-24T22:45:05.000Z</time>
        <extensions>
          <ns3:TrackPointExtension>
            <ns3:hr>108</ns3:hr>
          </ns3:TrackPointExtension>
        </extensions>
      </trkpt>
      <trkpt lat="23.1735603511333465576171875" lon="113.40243718586862087249755859375">
        <ele>21.200000762939453125</ele>
        <time>2024-07-24T22:45:06.000Z</time>
        <extensions>
          <ns3:TrackPointExtension>
            <ns3:hr>109</ns3:hr>
          </ns3:TrackPointExtension>
        </extensions>
      </trkpt>
      <trkpt lat="23.1735732592642307281494140625" lon="113.4023878164589405059814453125">
        <ele>20.6000003814697265625</ele>
        <time>2024-07-24T22:45:07.000Z</time>
        <extensions>
          <ns3:TrackPointExtension>
            <ns3:hr>110</ns3:hr>
          </ns3:TrackPointExtension>
        </extensions>
      </trkpt>
      <trkpt lat="23.17358910106122493743896484375" lon="113.402340374886989593505859375">
        <ele>20</ele>
        <time>2024-07-24T22:45:08.000Z</time>
        <extensions>
          <ns3:TrackPointExtension>
            <ns3:hr>112</ns3:hr>
          </ns3:TrackPointExtension>
        </extensions>
      </trkpt>
      <trkpt lat="23.1736061163246631622314453125" lon="113.40229444205760955810546875">
        <ele>19.3999996185302734375</ele>
        <time>2024-07-24T22:45:09.000Z</time>
        <extensions>
          <ns3:TrackPointExtension>
            <ns3:hr>112</ns3:hr>
          </ns3:TrackPointExtension>
        </extensions>
      </trkpt>
      <trkpt lat="23.1736245565116405487060546875" lon="113.402247838675975799560546875">
        <ele>19.200000762939453125</ele>
        <time>2024-07-24T22:45:10.000Z</time>
        <extensions>
          <ns3:TrackPointExtension>
            <ns3:hr>113</ns3:hr>
          </ns3:TrackPointExtension>
        </extensions>
      </trkpt>
      <trkpt lat="23.1736456789076328277587890625" lon="113.4022024087607860565185546875">
        <ele>19.200000762939453125</ele>
        <time>2024-07-24T22:45:11.000Z</time>
        <extensions>
          <ns3:TrackPointExtension>
            <ns3:hr>113</ns3:hr>
          </ns3:TrackPointExtension>
        </extensions>
      </trkpt>
      <trkpt lat="23.17366965115070343017578125" lon="113.4021568112075328826904296875">
        <ele>19.3999996185302734375</ele>
        <time>2024-07-24T22:45:12.000Z</time>
        <extensions>
          <ns3:TrackPointExtension>
            <ns3:hr>112</ns3:hr>
          </ns3:TrackPointExtension>
        </extensions>
      </trkpt>
      <trkpt lat="23.17369471304118633270263671875" lon="113.40210936963558197021484375">
        <ele>19.6000003814697265625</ele>
        <time>2024-07-24T22:45:13.000Z</time>
        <extensions>
          <ns3:TrackPointExtension>
            <ns3:hr>112</ns3:hr>
          </ns3:TrackPointExtension>
        </extensions>
      </trkpt>
      <trkpt lat="23.17372002638876438140869140625" lon="113.402059413492679595947265625">
        <ele>20.3999996185302734375</ele>
        <time>2024-07-24T22:45:14.000Z</time>
        <extensions>
          <ns3:TrackPointExtension>
            <ns3:hr>110</ns3:hr>
          </ns3:TrackPointExtension>
        </extensions>
      </trkpt>
      <trkpt lat="23.1737526319921016693115234375" lon="113.4019988961517810821533203125">
        <ele>21.6000003814697265625</ele>
        <time>2024-07-24T22:45:15.000Z</time>
        <extensions>
          <ns3:TrackPointExtension>
            <ns3:hr>110</ns3:hr>
          </ns3:TrackPointExtension>
        </extensions>
      </trkpt>
      <trkpt lat="23.173785321414470672607421875" lon="113.401938378810882568359375">
        <ele>22.3999996185302734375</ele>
        <time>2024-07-24T22:45:16.000Z</time>
        <extensions>
          <ns3:TrackPointExtension>
            <ns3:hr>109</ns3:hr>
          </ns3:TrackPointExtension>
        </extensions>
      </trkpt>
      <trkpt lat="23.17381474189460277557373046875" lon="113.40188230387866497039794921875">
        <ele>23.6000003814697265625</ele>
        <time>2024-07-24T22:45:17.000Z</time>
        <extensions>
          <ns3:TrackPointExtension>
            <ns3:hr>109</ns3:hr>
          </ns3:TrackPointExtension>
        </extensions>
      </trkpt>
      <trkpt lat="23.17384391091763973236083984375" lon="113.40182798914611339569091796875">
        <ele>24.6000003814697265625</ele>
        <time>2024-07-24T22:45:18.000Z</time>
        <extensions>
          <ns3:TrackPointExtension>
            <ns3:hr>109</ns3:hr>
          </ns3:TrackPointExtension>
        </extensions>
      </trkpt>
      <trkpt lat="23.17387274466454982757568359375" lon="113.401775769889354705810546875">
        <ele>26</ele>
        <time>2024-07-24T22:45:19.000Z</time>
        <extensions>
          <ns3:TrackPointExtension>
            <ns3:hr>108</ns3:hr>
          </ns3:TrackPointExtension>
        </extensions>
      </trkpt>
      <trkpt lat="23.17389898002147674560546875" lon="113.40172179043292999267578125">
        <ele>27.200000762939453125</ele>
        <time>2024-07-24T22:45:20.000Z</time>
        <extensions>
          <ns3:TrackPointExtension>
            <ns3:hr>109</ns3:hr>
          </ns3:TrackPointExtension>
        </extensions>
      </trkpt>
      <trkpt lat="23.17392722703516483306884765625" lon="113.40166856534779071807861328125">
        <ele>28</ele>
        <time>2024-07-24T22:45:21.000Z</time>
        <extensions>
          <ns3:TrackPointExtension>
            <ns3:hr>109</ns3:hr>
          </ns3:TrackPointExtension>
        </extensions>
      </trkpt>
      <trkpt lat="23.17395664751529693603515625" lon="113.40161777101457118988037109375">
        <ele>28.799999237060546875</ele>
        <time>2024-07-24T22:45:22.000Z</time>
        <extensions>
          <ns3:TrackPointExtension>
            <ns3:hr>109</ns3:hr>
          </ns3:TrackPointExtension>
        </extensions>
      </trkpt>
      <trkpt lat="23.1739843077957630157470703125" lon="113.401567898690700531005859375">
        <ele>29.799999237060546875</ele>
        <time>2024-07-24T22:45:23.000Z</time>
        <extensions>
          <ns3:TrackPointExtension>
            <ns3:hr>109</ns3:hr>
          </ns3:TrackPointExtension>
        </extensions>
      </trkpt>
      <trkpt lat="23.17401029169559478759765625" lon="113.40151886455714702606201171875">
        <ele>30.799999237060546875</ele>
        <time>2024-07-24T22:45:24.000Z</time>
        <extensions>
          <ns3:TrackPointExtension>
            <ns3:hr>108</ns3:hr>
          </ns3:TrackPointExtension>
        </extensions>
      </trkpt>
      <trkpt lat="23.1740268878638744354248046875" lon="113.4014822356402873992919921875">
        <ele>31.6000003814697265625</ele>
        <time>2024-07-24T22:45:25.000Z</time>
        <extensions>
          <ns3:TrackPointExtension>
            <ns3:hr>108</ns3:hr>
          </ns3:TrackPointExtension>
        </extensions>
      </trkpt>
      <trkpt lat="23.1740470044314861297607421875" lon="113.40143420733511447906494140625">
        <ele>32.59999847412109375</ele>
        <time>2024-07-24T22:45:26.000Z</time>
        <extensions>
          <ns3:TrackPointExtension>
            <ns3:hr>108</ns3:hr>
          </ns3:TrackPointExtension>
        </extensions>
      </trkpt>
      <trkpt lat="23.17406552843749523162841796875" lon="113.40138307772576808929443359375">
        <ele>32.799999237060546875</ele>
        <time>2024-07-24T22:45:27.000Z</time>
        <extensions>
          <ns3:TrackPointExtension>
            <ns3:hr>107</ns3:hr>
          </ns3:TrackPointExtension>
        </extensions>
      </trkpt>
      <trkpt lat="23.17408405244350433349609375" lon="113.401332534849643707275390625">
        <ele>32.799999237060546875</ele>
        <time>2024-07-24T22:45:28.000Z</time>
        <extensions>
          <ns3:TrackPointExtension>
            <ns3:hr>106</ns3:hr>
          </ns3:TrackPointExtension>
        </extensions>
      </trkpt>
      <trkpt lat="23.17410358227789402008056640625" lon="113.4012830816209316253662109375">
        <ele>33</ele>
        <time>2024-07-24T22:45:29.000Z</time>
        <extensions>
          <ns3:TrackPointExtension>
            <ns3:hr>106</ns3:hr>
          </ns3:TrackPointExtension>
        </extensions>
      </trkpt>
      <trkpt lat="23.1741236150264739990234375" lon="113.4012342989444732666015625">
        <ele>33</ele>
        <time>2024-07-24T22:45:30.000Z</time>
        <extensions>
          <ns3:TrackPointExtension>
            <ns3:hr>106</ns3:hr>
          </ns3:TrackPointExtension>
        </extensions>
      </trkpt>
      <trkpt lat="23.17414431832730770111083984375" lon="113.40118710882961750030517578125">
        <ele>33.200000762939453125</ele>
        <time>2024-07-24T22:45:31.000Z</time>
        <extensions>
          <ns3:TrackPointExtension>
            <ns3:hr>106</ns3:hr>
          </ns3:TrackPointExtension>
        </extensions>
      </trkpt>
      <trkpt lat="23.17416560836136341094970703125" lon="113.40114109218120574951171875">
        <ele>33.59999847412109375</ele>
        <time>2024-07-24T22:45:32.000Z</time>
        <extensions>
          <ns3:TrackPointExtension>
            <ns3:hr>106</ns3:hr>
          </ns3:TrackPointExtension>
        </extensions>
      </trkpt>
      <trkpt lat="23.17418773658573627471923828125" lon="113.40109524317085742950439453125">
        <ele>34</ele>
        <time>2024-07-24T22:45:33.000Z</time>
        <extensions>
          <ns3:TrackPointExtension>
            <ns3:hr>106</ns3:hr>
          </ns3:TrackPointExtension>
        </extensions>
      </trkpt>
      <trkpt lat="23.1742099486291408538818359375" lon="113.4010483883321285247802734375">
        <ele>34.40000152587890625</ele>
        <time>2024-07-24T22:45:34.000Z</time>
        <extensions>
          <ns3:TrackPointExtension>
            <ns3:hr>103</ns3:hr>
          </ns3:TrackPointExtension>
        </extensions>
      </trkpt>
      <trkpt lat="23.174233250319957733154296875" lon="113.40100019238889217376708984375">
        <ele>34.59999847412109375</ele>
        <time>2024-07-24T22:45:35.000Z</time>
        <extensions>
          <ns3:TrackPointExtension>
            <ns3:hr>102</ns3:hr>
          </ns3:TrackPointExtension>
        </extensions>
      </trkpt>
      <trkpt lat="23.174258060753345489501953125" lon="113.400950320065021514892578125">
        <ele>34.200000762939453125</ele>
        <time>2024-07-24T22:45:36.000Z</time>
        <extensions>
          <ns3:TrackPointExtension>
            <ns3:hr>102</ns3:hr>
          </ns3:TrackPointExtension>
        </extensions>
      </trkpt>
      <trkpt lat="23.17428261972963809967041015625" lon="113.4008981846272945404052734375">
        <ele>33.799999237060546875</ele>
        <time>2024-07-24T22:45:37.000Z</time>
        <extensions>
          <ns3:TrackPointExtension>
            <ns3:hr>100</ns3:hr>
          </ns3:TrackPointExtension>
        </extensions>
      </trkpt>
      <trkpt lat="23.17430675961077213287353515625" lon="113.400844372808933258056640625">
        <ele>33.799999237060546875</ele>
        <time>2024-07-24T22:45:38.000Z</time>
        <extensions>
          <ns3:TrackPointExtension>
            <ns3:hr>100</ns3:hr>
          </ns3:TrackPointExtension>
        </extensions>
      </trkpt>
      <trkpt lat="23.17433911375701427459716796875" lon="113.40077228844165802001953125">
        <ele>34.200000762939453125</ele>
        <time>2024-07-24T22:45:39.000Z</time>
        <extensions>
          <ns3:TrackPointExtension>
            <ns3:hr>100</ns3:hr>
          </ns3:TrackPointExtension>
        </extensions>
      </trkpt>
      <trkpt lat="23.17436409182846546173095703125" lon="113.400716967880725860595703125">
        <ele>34.40000152587890625</ele>
        <time>2024-07-24T22:45:40.000Z</time>
        <extensions>
          <ns3:TrackPointExtension>
            <ns3:hr>100</ns3:hr>
          </ns3:TrackPointExtension>
        </extensions>
      </trkpt>
      <trkpt lat="23.17438781261444091796875" lon="113.4006644971668720245361328125">
        <ele>34.799999237060546875</ele>
        <time>2024-07-24T22:45:41.000Z</time>
        <extensions>
          <ns3:TrackPointExtension>
            <ns3:hr>99</ns3:hr>
          </ns3:TrackPointExtension>
        </extensions>
      </trkpt>
      <trkpt lat="23.174404241144657135009765625" lon="113.4006276167929172515869140625">
        <ele>35.200000762939453125</ele>
        <time>2024-07-24T22:45:42.000Z</time>
        <extensions>
          <ns3:TrackPointExtension>
            <ns3:hr>99</ns3:hr>
          </ns3:TrackPointExtension>
        </extensions>
      </trkpt>
      <trkpt lat="23.17442335188388824462890625" lon="113.40058051049709320068359375">
        <ele>35.40000152587890625</ele>
        <time>2024-07-24T22:45:43.000Z</time>
        <extensions>
          <ns3:TrackPointExtension>
            <ns3:hr>99</ns3:hr>
          </ns3:TrackPointExtension>
        </extensions>
      </trkpt>
      <trkpt lat="23.17444288171827793121337890625" lon="113.40053088963031768798828125">
        <ele>35.59999847412109375</ele>
        <time>2024-07-24T22:45:44.000Z</time>
        <extensions>
          <ns3:TrackPointExtension>
            <ns3:hr>99</ns3:hr>
          </ns3:TrackPointExtension>
        </extensions>
      </trkpt>
      <trkpt lat="23.17446199245750904083251953125" lon="113.400481604039669036865234375">
        <ele>36</ele>
        <time>2024-07-24T22:45:45.000Z</time>
        <extensions>
          <ns3:TrackPointExtension>
            <ns3:hr>99</ns3:hr>
          </ns3:TrackPointExtension>
        </extensions>
      </trkpt>
      <trkpt lat="23.17448060028254985809326171875" lon="113.40043273754417896270751953125">
        <ele>36.200000762939453125</ele>
        <time>2024-07-24T22:45:46.000Z</time>
        <extensions>
          <ns3:TrackPointExtension>
            <ns3:hr>99</ns3:hr>
          </ns3:TrackPointExtension>
        </extensions>
      </trkpt>
      <trkpt lat="23.1744996272027492523193359375" lon="113.40038546361029148101806640625">
        <ele>35.59999847412109375</ele>
        <time>2024-07-24T22:45:47.000Z</time>
        <extensions>
          <ns3:TrackPointExtension>
            <ns3:hr>99</ns3:hr>
          </ns3:TrackPointExtension>
        </extensions>
      </trkpt>
      <trkpt lat="23.17451915703713893890380859375" lon="113.40033450163900852203369140625">
        <ele>34.59999847412109375</ele>
        <time>2024-07-24T22:45:48.000Z</time>
        <extensions>
          <ns3:TrackPointExtension>
            <ns3:hr>98</ns3:hr>
          </ns3:TrackPointExtension>
        </extensions>
      </trkpt>
      <trkpt lat="23.174536339938640594482421875" lon="113.4002879820764064788818359375">
        <ele>33.40000152587890625</ele>
        <time>2024-07-24T22:45:49.000Z</time>
        <extensions>
          <ns3:TrackPointExtension>
            <ns3:hr>97</ns3:hr>
          </ns3:TrackPointExtension>
        </extensions>
      </trkpt>
      <trkpt lat="23.17455234937369823455810546875" lon="113.40024121105670928955078125">
        <ele>32.200000762939453125</ele>
        <time>2024-07-24T22:45:50.000Z</time>
        <extensions>
          <ns3:TrackPointExtension>
            <ns3:hr>95</ns3:hr>
          </ns3:TrackPointExtension>
        </extensions>
      </trkpt>
      <trkpt lat="23.17456685006618499755859375" lon="113.40019318275153636932373046875">
        <ele>30.799999237060546875</ele>
        <time>2024-07-24T22:45:51.000Z</time>
        <extensions>
          <ns3:TrackPointExtension>
            <ns3:hr>94</ns3:hr>
          </ns3:TrackPointExtension>
        </extensions>
      </trkpt>
      <trkpt lat="23.174580596387386322021484375" lon="113.4001448191702365875244140625">
        <ele>29.3999996185302734375</ele>
        <time>2024-07-24T22:45:52.000Z</time>
        <extensions>
          <ns3:TrackPointExtension>
            <ns3:hr>93</ns3:hr>
          </ns3:TrackPointExtension>
        </extensions>
      </trkpt>
      <trkpt lat="23.1745928339660167694091796875" lon="113.40009561739861965179443359375">
        <ele>27.799999237060546875</ele>
        <time>2024-07-24T22:45:53.000Z</time>
        <extensions>
          <ns3:TrackPointExtension>
            <ns3:hr>92</ns3:hr>
          </ns3:TrackPointExtension>
        </extensions>
      </trkpt>
      <trkpt lat="23.17460565827786922454833984375" lon="113.40004163794219493865966796875">
        <ele>26.3999996185302734375</ele>
        <time>2024-07-24T22:45:54.000Z</time>
        <extensions>
          <ns3:TrackPointExtension>
            <ns3:hr>92</ns3:hr>
          </ns3:TrackPointExtension>
        </extensions>
      </trkpt>
      <trkpt lat="23.17461940459907054901123046875" lon="113.39998732320964336395263671875">
        <ele>26</ele>
        <time>2024-07-24T22:45:55.000Z</time>
        <extensions>
          <ns3:TrackPointExtension>
            <ns3:hr>92</ns3:hr>
          </ns3:TrackPointExtension>
        </extensions>
      </trkpt>
      <trkpt lat="23.17463390529155731201171875" lon="113.39993267320096492767333984375">
        <ele>25.3999996185302734375</ele>
        <time>2024-07-24T22:45:56.000Z</time>
        <extensions>
          <ns3:TrackPointExtension>
            <ns3:hr>92</ns3:hr>
          </ns3:TrackPointExtension>
        </extensions>
      </trkpt>
      <trkpt lat="23.17464874126017093658447265625" lon="113.39987651444971561431884765625">
        <ele>25</ele>
        <time>2024-07-24T22:45:57.000Z</time>
        <extensions>
          <ns3:TrackPointExtension>
            <ns3:hr>93</ns3:hr>
          </ns3:TrackPointExtension>
        </extensions>
      </trkpt>
      <trkpt lat="23.17466315813362598419189453125" lon="113.3998185954988002777099609375">
        <ele>24.3999996185302734375</ele>
        <time>2024-07-24T22:45:58.000Z</time>
        <extensions>
          <ns3:TrackPointExtension>
            <ns3:hr>93</ns3:hr>
          </ns3:TrackPointExtension>
        </extensions>
      </trkpt>
      <trkpt lat="23.17468076013028621673583984375" lon="113.3997404761612415313720703125">
        <ele>23.799999237060546875</ele>
        <time>2024-07-24T22:45:59.000Z</time>
        <extensions>
          <ns3:TrackPointExtension>
            <ns3:hr>93</ns3:hr>
          </ns3:TrackPointExtension>
        </extensions>
      </trkpt>
      <trkpt lat="23.1746927462518215179443359375" lon="113.39968490414321422576904296875">
        <ele>23.6000003814697265625</ele>
        <time>2024-07-24T22:46:00.000Z</time>
        <extensions>
          <ns3:TrackPointExtension>
            <ns3:hr>93</ns3:hr>
          </ns3:TrackPointExtension>
        </extensions>
      </trkpt>
      <trkpt lat="23.17470020614564418792724609375" lon="113.39964584447443485260009765625">
        <ele>23.3999996185302734375</ele>
        <time>2024-07-24T22:46:01.000Z</time>
        <extensions>
          <ns3:TrackPointExtension>
            <ns3:hr>93</ns3:hr>
          </ns3:TrackPointExtension>
        </extensions>
      </trkpt>
      <trkpt lat="23.1747095100581645965576171875" lon="113.3995963074266910552978515625">
        <ele>23.200000762939453125</ele>
        <time>2024-07-24T22:46:02.000Z</time>
        <extensions>
          <ns3:TrackPointExtension>
            <ns3:hr>93</ns3:hr>
          </ns3:TrackPointExtension>
        </extensions>
      </trkpt>
      <trkpt lat="23.17471847869455814361572265625" lon="113.3995433337986469268798828125">
        <ele>23</ele>
        <time>2024-07-24T22:46:03.000Z</time>
        <extensions>
          <ns3:TrackPointExtension>
            <ns3:hr>93</ns3:hr>
          </ns3:TrackPointExtension>
        </extensions>
      </trkpt>
      <trkpt lat="23.1747279502451419830322265625" lon="113.39949027635157108306884765625">
        <ele>22.3999996185302734375</ele>
        <time>2024-07-24T22:46:04.000Z</time>
        <extensions>
          <ns3:TrackPointExtension>
            <ns3:hr>92</ns3:hr>
          </ns3:TrackPointExtension>
        </extensions>
      </trkpt>
      <trkpt lat="23.174736835062503814697265625" lon="113.3994367159903049468994140625">
        <ele>22.6000003814697265625</ele>
        <time>2024-07-24T22:46:05.000Z</time>
        <extensions>
          <ns3:TrackPointExtension>
            <ns3:hr>92</ns3:hr>
          </ns3:TrackPointExtension>
        </extensions>
      </trkpt>
      <trkpt lat="23.17474613897502422332763671875" lon="113.39938298799097537994384765625">
        <ele>22.6000003814697265625</ele>
        <time>2024-07-24T22:46:06.000Z</time>
        <extensions>
          <ns3:TrackPointExtension>
            <ns3:hr>91</ns3:hr>
          </ns3:TrackPointExtension>
        </extensions>
      </trkpt>
      <trkpt lat="23.1747544370591640472412109375" lon="113.399327583611011505126953125">
        <ele>22.799999237060546875</ele>
        <time>2024-07-24T22:46:07.000Z</time>
        <extensions>
          <ns3:TrackPointExtension>
            <ns3:hr>91</ns3:hr>
          </ns3:TrackPointExtension>
        </extensions>
      </trkpt>
      <trkpt lat="23.17476265132427215576171875" lon="113.39926999993622303009033203125">
        <ele>22.3999996185302734375</ele>
        <time>2024-07-24T22:46:08.000Z</time>
        <extensions>
          <ns3:TrackPointExtension>
            <ns3:hr>91</ns3:hr>
          </ns3:TrackPointExtension>
        </extensions>
      </trkpt>
      <trkpt lat="23.17477011121809482574462890625" lon="113.3992104046046733856201171875">
        <ele>21.799999237060546875</ele>
        <time>2024-07-24T22:46:09.000Z</time>
        <extensions>
          <ns3:TrackPointExtension>
            <ns3:hr>91</ns3:hr>
          </ns3:TrackPointExtension>
        </extensions>
      </trkpt>
      <trkpt lat="23.17477874457836151123046875" lon="113.39912666939198970794677734375">
        <ele>21.3999996185302734375</ele>
        <time>2024-07-24T22:46:10.000Z</time>
        <extensions>
          <ns3:TrackPointExtension>
            <ns3:hr>91</ns3:hr>
          </ns3:TrackPointExtension>
        </extensions>
      </trkpt>
      <trkpt lat="23.1747836060822010040283203125" lon="113.39905701577663421630859375">
        <ele>21</ele>
        <time>2024-07-24T22:46:11.000Z</time>
        <extensions>
          <ns3:TrackPointExtension>
            <ns3:hr>91</ns3:hr>
          </ns3:TrackPointExtension>
        </extensions>
      </trkpt>
      <trkpt lat="23.17478653974831104278564453125" lon="113.398989625275135040283203125">
        <ele>21</ele>
        <time>2024-07-24T22:46:12.000Z</time>
        <extensions>
          <ns3:TrackPointExtension>
            <ns3:hr>92</ns3:hr>
          </ns3:TrackPointExtension>
        </extensions>
      </trkpt>
      <trkpt lat="23.17478922195732593536376953125" lon="113.39892332442104816436767578125">
        <ele>20.799999237060546875</ele>
        <time>2024-07-24T22:46:13.000Z</time>
        <extensions>
          <ns3:TrackPointExtension>
            <ns3:hr>93</ns3:hr>
          </ns3:TrackPointExtension>
        </extensions>
      </trkpt>
      <trkpt lat="23.17479215562343597412109375" lon="113.398860208690166473388671875">
        <ele>20.6000003814697265625</ele>
        <time>2024-07-24T22:46:14.000Z</time>
        <extensions>
          <ns3:TrackPointExtension>
            <ns3:hr>93</ns3:hr>
          </ns3:TrackPointExtension>
        </extensions>
      </trkpt>
      <trkpt lat="23.17479525692760944366455078125" lon="113.39879910461604595184326171875">
        <ele>20.3999996185302734375</ele>
        <time>2024-07-24T22:46:15.000Z</time>
        <extensions>
          <ns3:TrackPointExtension>
            <ns3:hr>94</ns3:hr>
          </ns3:TrackPointExtension>
        </extensions>
      </trkpt>
      <trkpt lat="23.17479693330824375152587890625" lon="113.3987390063703060150146484375">
        <ele>20.200000762939453125</ele>
        <time>2024-07-24T22:46:16.000Z</time>
        <extensions>
          <ns3:TrackPointExtension>
            <ns3:hr>94</ns3:hr>
          </ns3:TrackPointExtension>
        </extensions>
      </trkpt>
      <trkpt lat="23.1747983582317829132080078125" lon="113.3986808359622955322265625">
        <ele>20.200000762939453125</ele>
        <time>2024-07-24T22:46:17.000Z</time>
        <extensions>
          <ns3:TrackPointExtension>
            <ns3:hr>94</ns3:hr>
          </ns3:TrackPointExtension>
        </extensions>
      </trkpt>
      <trkpt lat="23.17479894496500492095947265625" lon="113.3986236713826656341552734375">
        <ele>20</ele>
        <time>2024-07-24T22:46:18.000Z</time>
        <extensions>
          <ns3:TrackPointExtension>
            <ns3:hr>94</ns3:hr>
          </ns3:TrackPointExtension>
        </extensions>
      </trkpt>
      <trkpt lat="23.17479961551725864410400390625" lon="113.398583941161632537841796875">
        <ele>19.6000003814697265625</ele>
        <time>2024-07-24T22:46:19.000Z</time>
        <extensions>
          <ns3:TrackPointExtension>
            <ns3:hr>96</ns3:hr>
          </ns3:TrackPointExtension>
        </extensions>
      </trkpt>
      <trkpt lat="23.1747995316982269287109375" lon="113.3985359966754913330078125">
        <ele>19.200000762939453125</ele>
        <time>2024-07-24T22:46:20.000Z</time>
        <extensions>
          <ns3:TrackPointExtension>
            <ns3:hr>96</ns3:hr>
          </ns3:TrackPointExtension>
        </extensions>
      </trkpt>
      <trkpt lat="23.1747980229556560516357421875" lon="113.39848847128450870513916015625">
        <ele>19.200000762939453125</ele>
        <time>2024-07-24T22:46:21.000Z</time>
        <extensions>
          <ns3:TrackPointExtension>
            <ns3:hr>98</ns3:hr>
          </ns3:TrackPointExtension>
        </extensions>
      </trkpt>
      <trkpt lat="23.17479743622243404388427734375" lon="113.3984436281025409698486328125">
        <ele>19.200000762939453125</ele>
        <time>2024-07-24T22:46:22.000Z</time>
        <extensions>
          <ns3:TrackPointExtension>
            <ns3:hr>98</ns3:hr>
          </ns3:TrackPointExtension>
        </extensions>
      </trkpt>
      <trkpt lat="23.17479710094630718231201171875" lon="113.39840129949152469635009765625">
        <ele>19.200000762939453125</ele>
        <time>2024-07-24T22:46:23.000Z</time>
        <extensions>
          <ns3:TrackPointExtension>
            <ns3:hr>99</ns3:hr>
          </ns3:TrackPointExtension>
        </extensions>
      </trkpt>
      <trkpt lat="23.17479458637535572052001953125" lon="113.39836123399436473846435546875">
        <ele>19</ele>
        <time>2024-07-24T22:46:24.000Z</time>
        <extensions>
          <ns3:TrackPointExtension>
            <ns3:hr>99</ns3:hr>
          </ns3:TrackPointExtension>
        </extensions>
      </trkpt>
      <trkpt lat="23.17478871904313564300537109375" lon="113.39832167141139507293701171875">
        <ele>19</ele>
        <time>2024-07-24T22:46:25.000Z</time>
        <extensions>
          <ns3:TrackPointExtension>
            <ns3:hr>101</ns3:hr>
          </ns3:TrackPointExtension>
        </extensions>
      </trkpt>
      <trkpt lat="23.174776732921600341796875" lon="113.39828277938067913055419921875">
        <ele>18.799999237060546875</ele>
        <time>2024-07-24T22:46:26.000Z</time>
        <extensions>
          <ns3:TrackPointExtension>
            <ns3:hr>99</ns3:hr>
          </ns3:TrackPointExtension>
        </extensions>
      </trkpt>
      <trkpt lat="23.174757622182369232177734375" lon="113.39824740774929523468017578125">
        <ele>19</ele>
        <time>2024-07-24T22:46:27.000Z</time>
        <extensions>
          <ns3:TrackPointExtension>
            <ns3:hr>98</ns3:hr>
          </ns3:TrackPointExtension>
        </extensions>
      </trkpt>
      <trkpt lat="23.17473222501575946807861328125" lon="113.39821614325046539306640625">
        <ele>19</ele>
        <time>2024-07-24T22:46:28.000Z</time>
        <extensions>
          <ns3:TrackPointExtension>
            <ns3:hr>98</ns3:hr>
          </ns3:TrackPointExtension>
        </extensions>
      </trkpt>
      <trkpt lat="23.1747028045356273651123046875" lon="113.39818890206515789031982421875">
        <ele>19</ele>
        <time>2024-07-24T22:46:29.000Z</time>
        <extensions>
          <ns3:TrackPointExtension>
            <ns3:hr>98</ns3:hr>
          </ns3:TrackPointExtension>
        </extensions>
      </trkpt>
      <trkpt lat="23.17467154003679752349853515625" lon="113.398163504898548126220703125">
        <ele>19.200000762939453125</ele>
        <time>2024-07-24T22:46:30.000Z</time>
        <extensions>
          <ns3:TrackPointExtension>
            <ns3:hr>98</ns3:hr>
          </ns3:TrackPointExtension>
        </extensions>
      </trkpt>
      <trkpt lat="23.174639604985713958740234375" lon="113.398138023912906646728515625">
        <ele>19.3999996185302734375</ele>
        <time>2024-07-24T22:46:31.000Z</time>
        <extensions>
          <ns3:TrackPointExtension>
            <ns3:hr>98</ns3:hr>
          </ns3:TrackPointExtension>
        </extensions>
      </trkpt>
      <trkpt lat="23.17460699938237667083740234375" lon="113.3981133811175823211669921875">
        <ele>19.6000003814697265625</ele>
        <time>2024-07-24T22:46:32.000Z</time>
        <extensions>
          <ns3:TrackPointExtension>
            <ns3:hr>98</ns3:hr>
          </ns3:TrackPointExtension>
        </extensions>
      </trkpt>
      <trkpt lat="23.174575231969356536865234375" lon="113.39809007942676544189453125">
        <ele>19.799999237060546875</ele>
        <time>2024-07-24T22:46:33.000Z</time>
        <extensions>
          <ns3:TrackPointExtension>
            <ns3:hr>98</ns3:hr>
          </ns3:TrackPointExtension>
        </extensions>
      </trkpt>
      <trkpt lat="23.1745455600321292877197265625" lon="113.39806652627885341644287109375">
        <ele>20</ele>
        <time>2024-07-24T22:46:34.000Z</time>
        <extensions>
          <ns3:TrackPointExtension>
            <ns3:hr>98</ns3:hr>
          </ns3:TrackPointExtension>
        </extensions>
      </trkpt>
      <trkpt lat="23.17451999522745609283447265625" lon="113.39804104529321193695068359375">
        <ele>20.3999996185302734375</ele>
        <time>2024-07-24T22:46:35.000Z</time>
        <extensions>
          <ns3:TrackPointExtension>
            <ns3:hr>98</ns3:hr>
          </ns3:TrackPointExtension>
        </extensions>
      </trkpt>
      <trkpt lat="23.17450004629790782928466796875" lon="113.39801338501274585723876953125">
        <ele>20.6000003814697265625</ele>
        <time>2024-07-24T22:46:36.000Z</time>
        <extensions>
          <ns3:TrackPointExtension>
            <ns3:hr>98</ns3:hr>
          </ns3:TrackPointExtension>
        </extensions>
      </trkpt>
      <trkpt lat="23.17448831163346767425537109375" lon="113.3979849703609943389892578125">
        <ele>20.799999237060546875</ele>
        <time>2024-07-24T22:46:37.000Z</time>
        <extensions>
          <ns3:TrackPointExtension>
            <ns3:hr>98</ns3:hr>
          </ns3:TrackPointExtension>
        </extensions>
      </trkpt>
      <trkpt lat="23.1744830310344696044921875" lon="113.39795638807117938995361328125">
        <ele>21</ele>
        <time>2024-07-24T22:46:38.000Z</time>
        <extensions>
          <ns3:TrackPointExtension>
            <ns3:hr>97</ns3:hr>
          </ns3:TrackPointExtension>
        </extensions>
      </trkpt>
      <trkpt lat="23.17448244430124759674072265625" lon="113.39794012717902660369873046875">
        <ele>21</ele>
        <time>2024-07-24T22:46:39.000Z</time>
        <extensions>
          <ns3:TrackPointExtension>
            <ns3:hr>97</ns3:hr>
          </ns3:TrackPointExtension>
        </extensions>
      </trkpt>
      <trkpt lat="23.17448412068188190460205078125" lon="113.39791707694530487060546875">
        <ele>21</ele>
        <time>2024-07-24T22:46:40.000Z</time>
        <extensions>
          <ns3:TrackPointExtension>
            <ns3:hr>97</ns3:hr>
          </ns3:TrackPointExtension>
        </extensions>
      </trkpt>
      <trkpt lat="23.174488060176372528076171875" lon="113.3978904224932193756103515625">
        <ele>21.200000762939453125</ele>
        <time>2024-07-24T22:46:41.000Z</time>
        <extensions>
          <ns3:TrackPointExtension>
            <ns3:hr>97</ns3:hr>
          </ns3:TrackPointExtension>
        </extensions>
      </trkpt>
      <trkpt lat="23.1744966097176074981689453125" lon="113.397841639816761016845703125">
        <ele>21.200000762939453125</ele>
        <time>2024-07-24T22:46:42.000Z</time>
        <extensions>
          <ns3:TrackPointExtension>
            <ns3:hr>97</ns3:hr>
          </ns3:TrackPointExtension>
        </extensions>
      </trkpt>
      <trkpt lat="23.1745036505162715911865234375" lon="113.39780484326183795928955078125">
        <ele>21.200000762939453125</ele>
        <time>2024-07-24T22:46:43.000Z</time>
        <extensions>
          <ns3:TrackPointExtension>
            <ns3:hr>97</ns3:hr>
          </ns3:TrackPointExtension>
        </extensions>
      </trkpt>
      <trkpt lat="23.17451228387653827667236328125" lon="113.39777089655399322509765625">
        <ele>21.200000762939453125</ele>
        <time>2024-07-24T22:46:44.000Z</time>
        <extensions>
          <ns3:TrackPointExtension>
            <ns3:hr>95</ns3:hr>
          </ns3:TrackPointExtension>
        </extensions>
      </trkpt>
      <trkpt lat="23.1745244376361370086669921875" lon="113.39774013496935367584228515625">
        <ele>21</ele>
        <time>2024-07-24T22:46:45.000Z</time>
        <extensions>
          <ns3:TrackPointExtension>
            <ns3:hr>94</ns3:hr>
          </ns3:TrackPointExtension>
        </extensions>
      </trkpt>
      <trkpt lat="23.17454027943313121795654296875" lon="113.39771398343145847320556640625">
        <ele>21</ele>
        <time>2024-07-24T22:46:46.000Z</time>
        <extensions>
          <ns3:TrackPointExtension>
            <ns3:hr>93</ns3:hr>
          </ns3:TrackPointExtension>
        </extensions>
      </trkpt>
      <trkpt lat="23.17456123419106006622314453125" lon="113.39769453741610050201416015625">
        <ele>21</ele>
        <time>2024-07-24T22:46:47.000Z</time>
        <extensions>
          <ns3:TrackPointExtension>
            <ns3:hr>94</ns3:hr>
          </ns3:TrackPointExtension>
        </extensions>
      </trkpt>
      <trkpt lat="23.17458671517670154571533203125" lon="113.397680707275867462158203125">
        <ele>21.200000762939453125</ele>
        <time>2024-07-24T22:46:48.000Z</time>
        <extensions>
          <ns3:TrackPointExtension>
            <ns3:hr>94</ns3:hr>
          </ns3:TrackPointExtension>
        </extensions>
      </trkpt>
      <trkpt lat="23.17461320199072360992431640625" lon="113.39767039753496646881103515625">
        <ele>21.3999996185302734375</ele>
        <time>2024-07-24T22:46:49.000Z</time>
        <extensions>
          <ns3:TrackPointExtension>
            <ns3:hr>95</ns3:hr>
          </ns3:TrackPointExtension>
        </extensions>
      </trkpt>
      <trkpt lat="23.17464061081409454345703125" lon="113.39765799231827259063720703125">
        <ele>21.799999237060546875</ele>
        <time>2024-07-24T22:46:50.000Z</time>
        <extensions>
          <ns3:TrackPointExtension>
            <ns3:hr>94</ns3:hr>
          </ns3:TrackPointExtension>
        </extensions>
      </trkpt>
      <trkpt lat="23.174662403762340545654296875" lon="113.39764039032161235809326171875">
        <ele>22</ele>
        <time>2024-07-24T22:46:51.000Z</time>
        <extensions>
          <ns3:TrackPointExtension>
            <ns3:hr>92</ns3:hr>
          </ns3:TrackPointExtension>
        </extensions>
      </trkpt>
      <trkpt lat="23.1746746413409709930419921875" lon="113.39761692099273204803466796875">
        <ele>22.200000762939453125</ele>
        <time>2024-07-24T22:46:52.000Z</time>
        <extensions>
          <ns3:TrackPointExtension>
            <ns3:hr>90</ns3:hr>
          </ns3:TrackPointExtension>
        </extensions>
      </trkpt>
      <trkpt lat="23.1746769882738590240478515625" lon="113.39760233648121356964111328125">
        <ele>22.3999996185302734375</ele>
        <time>2024-07-24T22:46:53.000Z</time>
        <extensions>
          <ns3:TrackPointExtension>
            <ns3:hr>90</ns3:hr>
          </ns3:TrackPointExtension>
        </extensions>
      </trkpt>
      <trkpt lat="23.174675814807415008544921875" lon="113.39757903479039669036865234375">
        <ele>22.6000003814697265625</ele>
        <time>2024-07-24T22:46:54.000Z</time>
        <extensions>
          <ns3:TrackPointExtension>
            <ns3:hr>88</ns3:hr>
          </ns3:TrackPointExtension>
        </extensions>
      </trkpt>
      <trkpt lat="23.17466869018971920013427734375" lon="113.39753041975200176239013671875">
        <ele>23</ele>
        <time>2024-07-24T22:46:55.000Z</time>
        <extensions>
          <ns3:TrackPointExtension>
            <ns3:hr>88</ns3:hr>
          </ns3:TrackPointExtension>
        </extensions>
      </trkpt>
      <trkpt lat="23.17466148175299167633056640625" lon="113.39749119244515895843505859375">
        <ele>23.200000762939453125</ele>
        <time>2024-07-24T22:46:56.000Z</time>
        <extensions>
          <ns3:TrackPointExtension>
            <ns3:hr>88</ns3:hr>
          </ns3:TrackPointExtension>
        </extensions>
      </trkpt>
      <trkpt lat="23.174653686583042144775390625" lon="113.39745297096669673919677734375">
        <ele>23.200000762939453125</ele>
        <time>2024-07-24T22:46:57.000Z</time>
        <extensions>
          <ns3:TrackPointExtension>
            <ns3:hr>88</ns3:hr>
          </ns3:TrackPointExtension>
        </extensions>
      </trkpt>
      <trkpt lat="23.17464622668921947479248046875" lon="113.39741282165050506591796875">
        <ele>23.200000762939453125</ele>
        <time>2024-07-24T22:46:58.000Z</time>
        <extensions>
          <ns3:TrackPointExtension>
            <ns3:hr>88</ns3:hr>
          </ns3:TrackPointExtension>
        </extensions>
      </trkpt>
      <trkpt lat="23.174639604985713958740234375" lon="113.3973720856010913848876953125">
        <ele>23.3999996185302734375</ele>
        <time>2024-07-24T22:46:59.000Z</time>
        <extensions>
          <ns3:TrackPointExtension>
            <ns3:hr>90</ns3:hr>
          </ns3:TrackPointExtension>
        </extensions>
      </trkpt>
      <trkpt lat="23.17463524639606475830078125" lon="113.397330343723297119140625">
        <ele>23.6000003814697265625</ele>
        <time>2024-07-24T22:47:00.000Z</time>
        <extensions>
          <ns3:TrackPointExtension>
            <ns3:hr>91</ns3:hr>
          </ns3:TrackPointExtension>
        </extensions>
      </trkpt>
      <trkpt lat="23.17463113926351070404052734375" lon="113.39728818275034427642822265625">
        <ele>23.6000003814697265625</ele>
        <time>2024-07-24T22:47:01.000Z</time>
        <extensions>
          <ns3:TrackPointExtension>
            <ns3:hr>93</ns3:hr>
          </ns3:TrackPointExtension>
        </extensions>
      </trkpt>
      <trkpt lat="23.17462543956935405731201171875" lon="113.39724627323448657989501953125">
        <ele>23.3999996185302734375</ele>
        <time>2024-07-24T22:47:02.000Z</time>
        <extensions>
          <ns3:TrackPointExtension>
            <ns3:hr>95</ns3:hr>
          </ns3:TrackPointExtension>
        </extensions>
      </trkpt>
      <trkpt lat="23.17461973987519741058349609375" lon="113.3972037769854068756103515625">
        <ele>23</ele>
        <time>2024-07-24T22:47:03.000Z</time>
        <extensions>
          <ns3:TrackPointExtension>
            <ns3:hr>95</ns3:hr>
          </ns3:TrackPointExtension>
        </extensions>
      </trkpt>
      <trkpt lat="23.174614124000072479248046875" lon="113.39716027490794658660888671875">
        <ele>22.6000003814697265625</ele>
        <time>2024-07-24T22:47:04.000Z</time>
        <extensions>
          <ns3:TrackPointExtension>
            <ns3:hr>96</ns3:hr>
          </ns3:TrackPointExtension>
        </extensions>
      </trkpt>
      <trkpt lat="23.17460834048688411712646484375" lon="113.3971159346401691436767578125">
        <ele>22</ele>
        <time>2024-07-24T22:47:05.000Z</time>
        <extensions>
          <ns3:TrackPointExtension>
            <ns3:hr>96</ns3:hr>
          </ns3:TrackPointExtension>
        </extensions>
      </trkpt>
      <trkpt lat="23.174602054059505462646484375" lon="113.397071845829486846923828125">
        <ele>21.6000003814697265625</ele>
        <time>2024-07-24T22:47:06.000Z</time>
        <extensions>
          <ns3:TrackPointExtension>
            <ns3:hr>96</ns3:hr>
          </ns3:TrackPointExtension>
        </extensions>
      </trkpt>
      <trkpt lat="23.1745955161750316619873046875" lon="113.39702800847589969635009765625">
        <ele>21</ele>
        <time>2024-07-24T22:47:07.000Z</time>
        <extensions>
          <ns3:TrackPointExtension>
            <ns3:hr>96</ns3:hr>
          </ns3:TrackPointExtension>
        </extensions>
      </trkpt>
      <trkpt lat="23.1745876371860504150390625" lon="113.39698442257940769195556640625">
        <ele>20.6000003814697265625</ele>
        <time>2024-07-24T22:47:08.000Z</time>
        <extensions>
          <ns3:TrackPointExtension>
            <ns3:hr>95</ns3:hr>
          </ns3:TrackPointExtension>
        </extensions>
      </trkpt>
      <trkpt lat="23.174578584730625152587890625" lon="113.39693848975002765655517578125">
        <ele>20.6000003814697265625</ele>
        <time>2024-07-24T22:47:09.000Z</time>
        <extensions>
          <ns3:TrackPointExtension>
            <ns3:hr>95</ns3:hr>
          </ns3:TrackPointExtension>
        </extensions>
      </trkpt>
      <trkpt lat="23.1745676882565021514892578125" lon="113.39689113199710845947265625">
        <ele>20.6000003814697265625</ele>
        <time>2024-07-24T22:47:10.000Z</time>
        <extensions>
          <ns3:TrackPointExtension>
            <ns3:hr>94</ns3:hr>
          </ns3:TrackPointExtension>
        </extensions>
      </trkpt>
      <trkpt lat="23.1745554506778717041015625" lon="113.39684109203517436981201171875">
        <ele>20.3999996185302734375</ele>
        <time>2024-07-24T22:47:11.000Z</time>
        <extensions>
          <ns3:TrackPointExtension>
            <ns3:hr>93</ns3:hr>
          </ns3:TrackPointExtension>
        </extensions>
      </trkpt>
      <trkpt lat="23.17454245872795581817626953125" lon="113.39678862132132053375244140625">
        <ele>20.200000762939453125</ele>
        <time>2024-07-24T22:47:12.000Z</time>
        <extensions>
          <ns3:TrackPointExtension>
            <ns3:hr>93</ns3:hr>
          </ns3:TrackPointExtension>
        </extensions>
      </trkpt>
      <trkpt lat="23.17452971823513507843017578125" lon="113.39673464186489582061767578125">
        <ele>20</ele>
        <time>2024-07-24T22:47:13.000Z</time>
        <extensions>
          <ns3:TrackPointExtension>
            <ns3:hr>93</ns3:hr>
          </ns3:TrackPointExtension>
        </extensions>
      </trkpt>
      <trkpt lat="23.174516223371028900146484375" lon="113.39667789638042449951171875">
        <ele>19.799999237060546875</ele>
        <time>2024-07-24T22:47:14.000Z</time>
        <extensions>
          <ns3:TrackPointExtension>
            <ns3:hr>95</ns3:hr>
          </ns3:TrackPointExtension>
        </extensions>
      </trkpt>
      <trkpt lat="23.1745026446878910064697265625" lon="113.396621234714984893798828125">
        <ele>19.3999996185302734375</ele>
        <time>2024-07-24T22:47:15.000Z</time>
        <extensions>
          <ns3:TrackPointExtension>
            <ns3:hr>97</ns3:hr>
          </ns3:TrackPointExtension>
        </extensions>
      </trkpt>
      <trkpt lat="23.1744897365570068359375" lon="113.396563231945037841796875">
        <ele>19</ele>
        <time>2024-07-24T22:47:16.000Z</time>
        <extensions>
          <ns3:TrackPointExtension>
            <ns3:hr>98</ns3:hr>
          </ns3:TrackPointExtension>
        </extensions>
      </trkpt>
      <trkpt lat="23.1744741462171077728271484375" lon="113.39648452587425708770751953125">
        <ele>18.200000762939453125</ele>
        <time>2024-07-24T22:47:17.000Z</time>
        <extensions>
          <ns3:TrackPointExtension>
            <ns3:hr>98</ns3:hr>
          </ns3:TrackPointExtension>
        </extensions>
      </trkpt>
      <trkpt lat="23.17446148954331874847412109375" lon="113.39642300270497798919677734375">
        <ele>17.799999237060546875</ele>
        <time>2024-07-24T22:47:18.000Z</time>
        <extensions>
          <ns3:TrackPointExtension>
            <ns3:hr>98</ns3:hr>
          </ns3:TrackPointExtension>
        </extensions>
      </trkpt>
      <trkpt lat="23.1744503416121006011962890625" lon="113.39636466465890407562255859375">
        <ele>18</ele>
        <time>2024-07-24T22:47:19.000Z</time>
        <extensions>
          <ns3:TrackPointExtension>
            <ns3:hr>98</ns3:hr>
          </ns3:TrackPointExtension>
        </extensions>
      </trkpt>
      <trkpt lat="23.17443835549056529998779296875" lon="113.3963028900325298309326171875">
        <ele>18.3999996185302734375</ele>
        <time>2024-07-24T22:47:20.000Z</time>
        <extensions>
          <ns3:TrackPointExtension>
            <ns3:hr>97</ns3:hr>
          </ns3:TrackPointExtension>
        </extensions>
      </trkpt>
      <trkpt lat="23.17442779429256916046142578125" lon="113.3962480723857879638671875">
        <ele>18.6000003814697265625</ele>
        <time>2024-07-24T22:47:21.000Z</time>
        <extensions>
          <ns3:TrackPointExtension>
            <ns3:hr>99</ns3:hr>
          </ns3:TrackPointExtension>
        </extensions>
      </trkpt>
      <trkpt lat="23.1744194962084293365478515625" lon="113.3962100185453891754150390625">
        <ele>18.799999237060546875</ele>
        <time>2024-07-24T22:47:22.000Z</time>
        <extensions>
          <ns3:TrackPointExtension>
            <ns3:hr>97</ns3:hr>
          </ns3:TrackPointExtension>
        </extensions>
      </trkpt>
      <trkpt lat="23.17440935410559177398681640625" lon="113.39616098441183567047119140625">
        <ele>19</ele>
        <time>2024-07-24T22:47:23.000Z</time>
        <extensions>
          <ns3:TrackPointExtension>
            <ns3:hr>97</ns3:hr>
          </ns3:TrackPointExtension>
        </extensions>
      </trkpt>
      <trkpt lat="23.1743977032601833343505859375" lon="113.39610817842185497283935546875">
        <ele>19.799999237060546875</ele>
        <time>2024-07-24T22:47:24.000Z</time>
        <extensions>
          <ns3:TrackPointExtension>
            <ns3:hr>97</ns3:hr>
          </ns3:TrackPointExtension>
        </extensions>
      </trkpt>
      <trkpt lat="23.17438521422445774078369140625" lon="113.39605403132736682891845703125">
        <ele>20.3999996185302734375</ele>
        <time>2024-07-24T22:47:25.000Z</time>
        <extensions>
          <ns3:TrackPointExtension>
            <ns3:hr>97</ns3:hr>
          </ns3:TrackPointExtension>
        </extensions>
      </trkpt>
      <trkpt lat="23.17437347956001758575439453125" lon="113.3960024826228618621826171875">
        <ele>21.200000762939453125</ele>
        <time>2024-07-24T22:47:26.000Z</time>
        <extensions>
          <ns3:TrackPointExtension>
            <ns3:hr>97</ns3:hr>
          </ns3:TrackPointExtension>
        </extensions>
      </trkpt>
      <trkpt lat="23.17436258308589458465576171875" lon="113.39595462195575237274169921875">
        <ele>21.799999237060546875</ele>
        <time>2024-07-24T22:47:27.000Z</time>
        <extensions>
          <ns3:TrackPointExtension>
            <ns3:hr>97</ns3:hr>
          </ns3:TrackPointExtension>
        </extensions>
      </trkpt>
      <trkpt lat="23.17435218952596187591552734375" lon="113.39591003023087978363037109375">
        <ele>22.3999996185302734375</ele>
        <time>2024-07-24T22:47:28.000Z</time>
        <extensions>
          <ns3:TrackPointExtension>
            <ns3:hr>97</ns3:hr>
          </ns3:TrackPointExtension>
        </extensions>
      </trkpt>
      <trkpt lat="23.1743427179753780364990234375" lon="113.39586979709565639495849609375">
        <ele>22.799999237060546875</ele>
        <time>2024-07-24T22:47:29.000Z</time>
        <extensions>
          <ns3:TrackPointExtension>
            <ns3:hr>99</ns3:hr>
          </ns3:TrackPointExtension>
        </extensions>
      </trkpt>
      <trkpt lat="23.174334503710269927978515625" lon="113.39583392255008220672607421875">
        <ele>22.799999237060546875</ele>
        <time>2024-07-24T22:47:30.000Z</time>
        <extensions>
          <ns3:TrackPointExtension>
            <ns3:hr>100</ns3:hr>
          </ns3:TrackPointExtension>
        </extensions>
      </trkpt>
      <trkpt lat="23.174327798187732696533203125" lon="113.3958013169467449188232421875">
        <ele>22.799999237060546875</ele>
        <time>2024-07-24T22:47:31.000Z</time>
        <extensions>
          <ns3:TrackPointExtension>
            <ns3:hr>101</ns3:hr>
          </ns3:TrackPointExtension>
        </extensions>
      </trkpt>
      <trkpt lat="23.17432218231260776519775390625" lon="113.39576921425759792327880859375">
        <ele>22.799999237060546875</ele>
        <time>2024-07-24T22:47:32.000Z</time>
        <extensions>
          <ns3:TrackPointExtension>
            <ns3:hr>101</ns3:hr>
          </ns3:TrackPointExtension>
        </extensions>
      </trkpt>
      <trkpt lat="23.17431765608489513397216796875" lon="113.395738117396831512451171875">
        <ele>22.799999237060546875</ele>
        <time>2024-07-24T22:47:33.000Z</time>
        <extensions>
          <ns3:TrackPointExtension>
            <ns3:hr>101</ns3:hr>
          </ns3:TrackPointExtension>
        </extensions>
      </trkpt>
      <trkpt lat="23.17431312985718250274658203125" lon="113.395707607269287109375">
        <ele>22.799999237060546875</ele>
        <time>2024-07-24T22:47:34.000Z</time>
        <extensions>
          <ns3:TrackPointExtension>
            <ns3:hr>102</ns3:hr>
          </ns3:TrackPointExtension>
        </extensions>
      </trkpt>
      <trkpt lat="23.1743085198104381561279296875" lon="113.39567751623690128326416015625">
        <ele>22.6000003814697265625</ele>
        <time>2024-07-24T22:47:35.000Z</time>
        <extensions>
          <ns3:TrackPointExtension>
            <ns3:hr>102</ns3:hr>
          </ns3:TrackPointExtension>
        </extensions>
      </trkpt>
      <trkpt lat="23.174304328858852386474609375" lon="113.395646922290325164794921875">
        <ele>22.6000003814697265625</ele>
        <time>2024-07-24T22:47:36.000Z</time>
        <extensions>
          <ns3:TrackPointExtension>
            <ns3:hr>102</ns3:hr>
          </ns3:TrackPointExtension>
        </extensions>
      </trkpt>
      <trkpt lat="23.17430005408823490142822265625" lon="113.3956152386963367462158203125">
        <ele>22.6000003814697265625</ele>
        <time>2024-07-24T22:47:37.000Z</time>
        <extensions>
          <ns3:TrackPointExtension>
            <ns3:hr>102</ns3:hr>
          </ns3:TrackPointExtension>
        </extensions>
      </trkpt>
      <trkpt lat="23.17429603077471256256103515625" lon="113.39558129198849201202392578125">
        <ele>22.3999996185302734375</ele>
        <time>2024-07-24T22:47:38.000Z</time>
        <extensions>
          <ns3:TrackPointExtension>
            <ns3:hr>102</ns3:hr>
          </ns3:TrackPointExtension>
        </extensions>
      </trkpt>
      <trkpt lat="23.17429234273731708526611328125" lon="113.3955451659858226776123046875">
        <ele>22.200000762939453125</ele>
        <time>2024-07-24T22:47:39.000Z</time>
        <extensions>
          <ns3:TrackPointExtension>
            <ns3:hr>102</ns3:hr>
          </ns3:TrackPointExtension>
        </extensions>
      </trkpt>
      <trkpt lat="23.17428999580442905426025390625" lon="113.39550836943089962005615234375">
        <ele>22</ele>
        <time>2024-07-24T22:47:40.000Z</time>
        <extensions>
          <ns3:TrackPointExtension>
            <ns3:hr>102</ns3:hr>
          </ns3:TrackPointExtension>
        </extensions>
      </trkpt>
      <trkpt lat="23.17429284565150737762451171875" lon="113.39547081850469112396240234375">
        <ele>21.6000003814697265625</ele>
        <time>2024-07-24T22:47:41.000Z</time>
        <extensions>
          <ns3:TrackPointExtension>
            <ns3:hr>104</ns3:hr>
          </ns3:TrackPointExtension>
        </extensions>
      </trkpt>
      <trkpt lat="23.17430323921144008636474609375" lon="113.39543527923524379730224609375">
        <ele>21.3999996185302734375</ele>
        <time>2024-07-24T22:47:42.000Z</time>
        <extensions>
          <ns3:TrackPointExtension>
            <ns3:hr>105</ns3:hr>
          </ns3:TrackPointExtension>
        </extensions>
      </trkpt>
      <trkpt lat="23.17432218231260776519775390625" lon="113.39540787041187286376953125">
        <ele>21.3999996185302734375</ele>
        <time>2024-07-24T22:47:43.000Z</time>
        <extensions>
          <ns3:TrackPointExtension>
            <ns3:hr>105</ns3:hr>
          </ns3:TrackPointExtension>
        </extensions>
      </trkpt>
      <trkpt lat="23.1743480823934078216552734375" lon="113.39538968168199062347412109375">
        <ele>21.200000762939453125</ele>
        <time>2024-07-24T22:47:44.000Z</time>
        <extensions>
          <ns3:TrackPointExtension>
            <ns3:hr>105</ns3:hr>
          </ns3:TrackPointExtension>
        </extensions>
      </trkpt>
      <trkpt lat="23.17437850870192050933837890625" lon="113.395378701388835906982421875">
        <ele>21.3999996185302734375</ele>
        <time>2024-07-24T22:47:45.000Z</time>
        <extensions>
          <ns3:TrackPointExtension>
            <ns3:hr>105</ns3:hr>
          </ns3:TrackPointExtension>
        </extensions>
      </trkpt>
      <trkpt lat="23.1744117848575115203857421875" lon="113.395372331142425537109375">
        <ele>21.3999996185302734375</ele>
        <time>2024-07-24T22:47:46.000Z</time>
        <extensions>
          <ns3:TrackPointExtension>
            <ns3:hr>105</ns3:hr>
          </ns3:TrackPointExtension>
        </extensions>
      </trkpt>
      <trkpt lat="23.17444522865116596221923828125" lon="113.39536889456212520599365234375">
        <ele>21.3999996185302734375</ele>
        <time>2024-07-24T22:47:47.000Z</time>
        <extensions>
          <ns3:TrackPointExtension>
            <ns3:hr>106</ns3:hr>
          </ns3:TrackPointExtension>
        </extensions>
      </trkpt>
      <trkpt lat="23.17447674460709095001220703125" lon="113.3953674696385860443115234375">
        <ele>21.3999996185302734375</ele>
        <time>2024-07-24T22:47:48.000Z</time>
        <extensions>
          <ns3:TrackPointExtension>
            <ns3:hr>106</ns3:hr>
          </ns3:TrackPointExtension>
        </extensions>
      </trkpt>
      <trkpt lat="23.174504153430461883544921875" lon="113.395365290343761444091796875">
        <ele>21.3999996185302734375</ele>
        <time>2024-07-24T22:47:49.000Z</time>
        <extensions>
          <ns3:TrackPointExtension>
            <ns3:hr>107</ns3:hr>
          </ns3:TrackPointExtension>
        </extensions>
      </trkpt>
      <trkpt lat="23.1745277903974056243896484375" lon="113.39536252431571483612060546875">
        <ele>21.3999996185302734375</ele>
        <time>2024-07-24T22:47:50.000Z</time>
        <extensions>
          <ns3:TrackPointExtension>
            <ns3:hr>109</ns3:hr>
          </ns3:TrackPointExtension>
        </extensions>
      </trkpt>
      <trkpt lat="23.17453960888087749481201171875" lon="113.39536068029701709747314453125">
        <ele>21.3999996185302734375</ele>
        <time>2024-07-24T22:47:51.000Z</time>
        <extensions>
          <ns3:TrackPointExtension>
            <ns3:hr>109</ns3:hr>
          </ns3:TrackPointExtension>
        </extensions>
      </trkpt>
      <trkpt lat="23.1745554506778717041015625" lon="113.39535892009735107421875">
        <ele>21.3999996185302734375</ele>
        <time>2024-07-24T22:47:52.000Z</time>
        <extensions>
          <ns3:TrackPointExtension>
            <ns3:hr>110</ns3:hr>
          </ns3:TrackPointExtension>
        </extensions>
      </trkpt>
      <trkpt lat="23.174572549760341644287109375" lon="113.39535766281187534332275390625">
        <ele>21.3999996185302734375</ele>
        <time>2024-07-24T22:47:53.000Z</time>
        <extensions>
          <ns3:TrackPointExtension>
            <ns3:hr>111</ns3:hr>
          </ns3:TrackPointExtension>
        </extensions>
      </trkpt>
      <trkpt lat="23.17459191195666790008544921875" lon="113.39535690844058990478515625">
        <ele>21.3999996185302734375</ele>
        <time>2024-07-24T22:47:54.000Z</time>
        <extensions>
          <ns3:TrackPointExtension>
            <ns3:hr>112</ns3:hr>
          </ns3:TrackPointExtension>
        </extensions>
      </trkpt>
      <trkpt lat="23.17461119033396244049072265625" lon="113.395355232059955596923828125">
        <ele>21.3999996185302734375</ele>
        <time>2024-07-24T22:47:55.000Z</time>
        <extensions>
          <ns3:TrackPointExtension>
            <ns3:hr>112</ns3:hr>
          </ns3:TrackPointExtension>
        </extensions>
      </trkpt>
      <trkpt lat="23.17463063634932041168212890625" lon="113.39535229839384555816650390625">
        <ele>21.200000762939453125</ele>
        <time>2024-07-24T22:47:56.000Z</time>
        <extensions>
          <ns3:TrackPointExtension>
            <ns3:hr>113</ns3:hr>
          </ns3:TrackPointExtension>
        </extensions>
      </trkpt>
      <trkpt lat="23.17465075291693210601806640625" lon="113.395348526537418365478515625">
        <ele>21.200000762939453125</ele>
        <time>2024-07-24T22:47:57.000Z</time>
        <extensions>
          <ns3:TrackPointExtension>
            <ns3:hr>115</ns3:hr>
          </ns3:TrackPointExtension>
        </extensions>
      </trkpt>
      <trkpt lat="23.17467271350324153900146484375" lon="113.395345509052276611328125">
        <ele>21.200000762939453125</ele>
        <time>2024-07-24T22:47:58.000Z</time>
        <extensions>
          <ns3:TrackPointExtension>
            <ns3:hr>116</ns3:hr>
          </ns3:TrackPointExtension>
        </extensions>
      </trkpt>
      <trkpt lat="23.17469559609889984130859375" lon="113.39534307830035686492919921875">
        <ele>21.200000762939453125</ele>
        <time>2024-07-24T22:47:59.000Z</time>
        <extensions>
          <ns3:TrackPointExtension>
            <ns3:hr>117</ns3:hr>
          </ns3:TrackPointExtension>
        </extensions>
      </trkpt>
      <trkpt lat="23.17471931688487529754638671875" lon="113.39533972553908824920654296875">
        <ele>21.3999996185302734375</ele>
        <time>2024-07-24T22:48:00.000Z</time>
        <extensions>
          <ns3:TrackPointExtension>
            <ns3:hr>117</ns3:hr>
          </ns3:TrackPointExtension>
        </extensions>
      </trkpt>
      <trkpt lat="23.174743540585041046142578125" lon="113.3953342773020267486572265625">
        <ele>21.6000003814697265625</ele>
        <time>2024-07-24T22:48:01.000Z</time>
        <extensions>
          <ns3:TrackPointExtension>
            <ns3:hr>117</ns3:hr>
          </ns3:TrackPointExtension>
        </extensions>
      </trkpt>
      <trkpt lat="23.17476893775165081024169921875" lon="113.39532748796045780181884765625">
        <ele>21.6000003814697265625</ele>
        <time>2024-07-24T22:48:02.000Z</time>
        <extensions>
          <ns3:TrackPointExtension>
            <ns3:hr>120</ns3:hr>
          </ns3:TrackPointExtension>
        </extensions>
      </trkpt>
      <trkpt lat="23.1748114340007305145263671875" lon="113.39531240053474903106689453125">
        <ele>22</ele>
        <time>2024-07-24T22:48:03.000Z</time>
        <extensions>
          <ns3:TrackPointExtension>
            <ns3:hr>120</ns3:hr>
          </ns3:TrackPointExtension>
        </extensions>
      </trkpt>
      <trkpt lat="23.17484118975698947906494140625" lon="113.39529798366129398345947265625">
        <ele>22.3999996185302734375</ele>
        <time>2024-07-24T22:48:04.000Z</time>
        <extensions>
          <ns3:TrackPointExtension>
            <ns3:hr>122</ns3:hr>
          </ns3:TrackPointExtension>
        </extensions>
      </trkpt>
      <trkpt lat="23.17486859858036041259765625" lon="113.39528189040720462799072265625">
        <ele>22.6000003814697265625</ele>
        <time>2024-07-24T22:48:05.000Z</time>
        <extensions>
          <ns3:TrackPointExtension>
            <ns3:hr>122</ns3:hr>
          </ns3:TrackPointExtension>
        </extensions>
      </trkpt>
      <trkpt lat="23.17489550448954105377197265625" lon="113.39526512660086154937744140625">
        <ele>22.799999237060546875</ele>
        <time>2024-07-24T22:48:06.000Z</time>
        <extensions>
          <ns3:TrackPointExtension>
            <ns3:hr>122</ns3:hr>
          </ns3:TrackPointExtension>
        </extensions>
      </trkpt>
      <trkpt lat="23.17492224276065826416015625" lon="113.39524869807064533233642578125">
        <ele>23</ele>
        <time>2024-07-24T22:48:07.000Z</time>
        <extensions>
          <ns3:TrackPointExtension>
            <ns3:hr>121</ns3:hr>
          </ns3:TrackPointExtension>
        </extensions>
      </trkpt>
      <trkpt lat="23.17494881339371204376220703125" lon="113.39523176662623882293701171875">
        <ele>23.3999996185302734375</ele>
        <time>2024-07-24T22:48:08.000Z</time>
        <extensions>
          <ns3:TrackPointExtension>
            <ns3:hr>121</ns3:hr>
          </ns3:TrackPointExtension>
        </extensions>
      </trkpt>
      <trkpt lat="23.17497613839805126190185546875" lon="113.395214080810546875">
        <ele>23.3999996185302734375</ele>
        <time>2024-07-24T22:48:09.000Z</time>
        <extensions>
          <ns3:TrackPointExtension>
            <ns3:hr>119</ns3:hr>
          </ns3:TrackPointExtension>
        </extensions>
      </trkpt>
      <trkpt lat="23.17500463686883449554443359375" lon="113.39519731700420379638671875">
        <ele>23.6000003814697265625</ele>
        <time>2024-07-24T22:48:10.000Z</time>
        <extensions>
          <ns3:TrackPointExtension>
            <ns3:hr>119</ns3:hr>
          </ns3:TrackPointExtension>
        </extensions>
      </trkpt>
      <trkpt lat="23.17503145895898342132568359375" lon="113.39518197812139987945556640625">
        <ele>23.799999237060546875</ele>
        <time>2024-07-24T22:48:11.000Z</time>
        <extensions>
          <ns3:TrackPointExtension>
            <ns3:hr>119</ns3:hr>
          </ns3:TrackPointExtension>
        </extensions>
      </trkpt>
      <trkpt lat="23.17505777813494205474853515625" lon="113.3951689861714839935302734375">
        <ele>24</ele>
        <time>2024-07-24T22:48:12.000Z</time>
        <extensions>
          <ns3:TrackPointExtension>
            <ns3:hr>119</ns3:hr>
          </ns3:TrackPointExtension>
        </extensions>
      </trkpt>
      <trkpt lat="23.1750823371112346649169921875" lon="113.39515649713575839996337890625">
        <ele>23.799999237060546875</ele>
        <time>2024-07-24T22:48:13.000Z</time>
        <extensions>
          <ns3:TrackPointExtension>
            <ns3:hr>119</ns3:hr>
          </ns3:TrackPointExtension>
        </extensions>
      </trkpt>
      <trkpt lat="23.17510404624044895172119140625" lon="113.3951438404619693756103515625">
        <ele>23.6000003814697265625</ele>
        <time>2024-07-24T22:48:14.000Z</time>
        <extensions>
          <ns3:TrackPointExtension>
            <ns3:hr>120</ns3:hr>
          </ns3:TrackPointExtension>
        </extensions>
      </trkpt>
      <trkpt lat="23.1751141883432865142822265625" lon="113.395135290920734405517578125">
        <ele>23.3999996185302734375</ele>
        <time>2024-07-24T22:48:15.000Z</time>
        <extensions>
          <ns3:TrackPointExtension>
            <ns3:hr>118</ns3:hr>
          </ns3:TrackPointExtension>
        </extensions>
      </trkpt>
      <trkpt lat="23.17512550391256809234619140625" lon="113.3951215445995330810546875">
        <ele>23.200000762939453125</ele>
        <time>2024-07-24T22:48:16.000Z</time>
        <extensions>
          <ns3:TrackPointExtension>
            <ns3:hr>118</ns3:hr>
          </ns3:TrackPointExtension>
        </extensions>
      </trkpt>
      <trkpt lat="23.175135143101215362548828125" lon="113.39510402642190456390380859375">
        <ele>23</ele>
        <time>2024-07-24T22:48:17.000Z</time>
        <extensions>
          <ns3:TrackPointExtension>
            <ns3:hr>118</ns3:hr>
          </ns3:TrackPointExtension>
        </extensions>
      </trkpt>
      <trkpt lat="23.175142519176006317138671875" lon="113.3950839936733245849609375">
        <ele>22.799999237060546875</ele>
        <time>2024-07-24T22:48:18.000Z</time>
        <extensions>
          <ns3:TrackPointExtension>
            <ns3:hr>118</ns3:hr>
          </ns3:TrackPointExtension>
        </extensions>
      </trkpt>
      <trkpt lat="23.175146877765655517578125" lon="113.39506111107766628265380859375">
        <ele>22.6000003814697265625</ele>
        <time>2024-07-24T22:48:19.000Z</time>
        <extensions>
          <ns3:TrackPointExtension>
            <ns3:hr>117</ns3:hr>
          </ns3:TrackPointExtension>
        </extensions>
      </trkpt>
      <trkpt lat="23.17514754831790924072265625" lon="113.39503563009202480316162109375">
        <ele>22.799999237060546875</ele>
        <time>2024-07-24T22:48:20.000Z</time>
        <extensions>
          <ns3:TrackPointExtension>
            <ns3:hr>116</ns3:hr>
          </ns3:TrackPointExtension>
        </extensions>
      </trkpt>
      <trkpt lat="23.175146877765655517578125" lon="113.3950077183544635772705078125">
        <ele>23.3999996185302734375</ele>
        <time>2024-07-24T22:48:21.000Z</time>
        <extensions>
          <ns3:TrackPointExtension>
            <ns3:hr>114</ns3:hr>
          </ns3:TrackPointExtension>
        </extensions>
      </trkpt>
      <trkpt lat="23.17514444701373577117919921875" lon="113.39496119879186153411865234375">
        <ele>24.3999996185302734375</ele>
        <time>2024-07-24T22:48:22.000Z</time>
        <extensions>
          <ns3:TrackPointExtension>
            <ns3:hr>114</ns3:hr>
          </ns3:TrackPointExtension>
        </extensions>
      </trkpt>
      <trkpt lat="23.1751423515379428863525390625" lon="113.39492951519787311553955078125">
        <ele>24.799999237060546875</ele>
        <time>2024-07-24T22:48:23.000Z</time>
        <extensions>
          <ns3:TrackPointExtension>
            <ns3:hr>113</ns3:hr>
          </ns3:TrackPointExtension>
        </extensions>
      </trkpt>
      <trkpt lat="23.175141178071498870849609375" lon="113.39491300284862518310546875">
        <ele>24.799999237060546875</ele>
        <time>2024-07-24T22:48:24.000Z</time>
        <extensions>
          <ns3:TrackPointExtension>
            <ns3:hr>113</ns3:hr>
          </ns3:TrackPointExtension>
        </extensions>
      </trkpt>
      <trkpt lat="23.17514025606215000152587890625" lon="113.3948917128145694732666015625">
        <ele>25</ele>
        <time>2024-07-24T22:48:25.000Z</time>
        <extensions>
          <ns3:TrackPointExtension>
            <ns3:hr>113</ns3:hr>
          </ns3:TrackPointExtension>
        </extensions>
      </trkpt>
      <trkpt lat="23.17513958550989627838134765625" lon="113.39486732147634029388427734375">
        <ele>25.200000762939453125</ele>
        <time>2024-07-24T22:48:26.000Z</time>
        <extensions>
          <ns3:TrackPointExtension>
            <ns3:hr>113</ns3:hr>
          </ns3:TrackPointExtension>
        </extensions>
      </trkpt>
      <trkpt lat="23.1751374900341033935546875" lon="113.3948410861194133758544921875">
        <ele>25.3999996185302734375</ele>
        <time>2024-07-24T22:48:27.000Z</time>
        <extensions>
          <ns3:TrackPointExtension>
            <ns3:hr>113</ns3:hr>
          </ns3:TrackPointExtension>
        </extensions>
      </trkpt>
      <trkpt lat="23.17513505928218364715576171875" lon="113.394814766943454742431640625">
        <ele>25.799999237060546875</ele>
        <time>2024-07-24T22:48:28.000Z</time>
        <extensions>
          <ns3:TrackPointExtension>
            <ns3:hr>113</ns3:hr>
          </ns3:TrackPointExtension>
        </extensions>
      </trkpt>
      <trkpt lat="23.17513505928218364715576171875" lon="113.39479020796716213226318359375">
        <ele>26</ele>
        <time>2024-07-24T22:48:29.000Z</time>
        <extensions>
          <ns3:TrackPointExtension>
            <ns3:hr>113</ns3:hr>
          </ns3:TrackPointExtension>
        </extensions>
      </trkpt>
      <trkpt lat="23.1751343049108982086181640625" lon="113.39476908557116985321044921875">
        <ele>26</ele>
        <time>2024-07-24T22:48:30.000Z</time>
        <extensions>
          <ns3:TrackPointExtension>
            <ns3:hr>113</ns3:hr>
          </ns3:TrackPointExtension>
        </extensions>
      </trkpt>
      <trkpt lat="23.17513355053961277008056640625" lon="113.3947492204606533050537109375">
        <ele>26</ele>
        <time>2024-07-24T22:48:31.000Z</time>
        <extensions>
          <ns3:TrackPointExtension>
            <ns3:hr>113</ns3:hr>
          </ns3:TrackPointExtension>
        </extensions>
      </trkpt>
      <trkpt lat="23.17513355053961277008056640625" lon="113.39473463594913482666015625">
        <ele>26</ele>
        <time>2024-07-24T22:48:32.000Z</time>
        <extensions>
          <ns3:TrackPointExtension>
            <ns3:hr>113</ns3:hr>
          </ns3:TrackPointExtension>
        </extensions>
      </trkpt>
      <trkpt lat="23.1751336343586444854736328125" lon="113.39472013525664806365966796875">
        <ele>26</ele>
        <time>2024-07-24T22:48:33.000Z</time>
        <extensions>
          <ns3:TrackPointExtension>
            <ns3:hr>113</ns3:hr>
          </ns3:TrackPointExtension>
        </extensions>
      </trkpt>
      <trkpt lat="23.1751321256160736083984375" lon="113.39470454491674900054931640625">
        <ele>26.200000762939453125</ele>
        <time>2024-07-24T22:48:34.000Z</time>
        <extensions>
          <ns3:TrackPointExtension>
            <ns3:hr>113</ns3:hr>
          </ns3:TrackPointExtension>
        </extensions>
      </trkpt>
      <trkpt lat="23.17512734793126583099365234375" lon="113.39468727819621562957763671875">
        <ele>26.200000762939453125</ele>
        <time>2024-07-24T22:48:35.000Z</time>
        <extensions>
          <ns3:TrackPointExtension>
            <ns3:hr>112</ns3:hr>
          </ns3:TrackPointExtension>
        </extensions>
      </trkpt>
      <trkpt lat="23.175120055675506591796875" lon="113.394667245447635650634765625">
        <ele>26.3999996185302734375</ele>
        <time>2024-07-24T22:48:36.000Z</time>
        <extensions>
          <ns3:TrackPointExtension>
            <ns3:hr>110</ns3:hr>
          </ns3:TrackPointExtension>
        </extensions>
      </trkpt>
      <trkpt lat="23.17511091940104961395263671875" lon="113.3946342207491397857666015625">
        <ele>26.799999237060546875</ele>
        <time>2024-07-24T22:48:37.000Z</time>
        <extensions>
          <ns3:TrackPointExtension>
            <ns3:hr>108</ns3:hr>
          </ns3:TrackPointExtension>
        </extensions>
      </trkpt>
      <trkpt lat="23.17510555498301982879638671875" lon="113.39460211805999279022216796875">
        <ele>27.3999996185302734375</ele>
        <time>2024-07-24T22:48:38.000Z</time>
        <extensions>
          <ns3:TrackPointExtension>
            <ns3:hr>107</ns3:hr>
          </ns3:TrackPointExtension>
        </extensions>
      </trkpt>
      <trkpt lat="23.17509985528886318206787109375" lon="113.39455149136483669281005859375">
        <ele>28.200000762939453125</ele>
        <time>2024-07-24T22:48:39.000Z</time>
        <extensions>
          <ns3:TrackPointExtension>
            <ns3:hr>106</ns3:hr>
          </ns3:TrackPointExtension>
        </extensions>
      </trkpt>
      <trkpt lat="23.1750999391078948974609375" lon="113.39451913721859455108642578125">
        <ele>28.6000003814697265625</ele>
        <time>2024-07-24T22:48:40.000Z</time>
        <extensions>
          <ns3:TrackPointExtension>
            <ns3:hr>105</ns3:hr>
          </ns3:TrackPointExtension>
        </extensions>
      </trkpt>
      <trkpt lat="23.17511226050555706024169921875" lon="113.3944877050817012786865234375">
        <ele>29</ele>
        <time>2024-07-24T22:48:41.000Z</time>
        <extensions>
          <ns3:TrackPointExtension>
            <ns3:hr>104</ns3:hr>
          </ns3:TrackPointExtension>
        </extensions>
      </trkpt>
      <trkpt lat="23.1751309521496295928955078125" lon="113.3944598771631717681884765625">
        <ele>29</ele>
        <time>2024-07-24T22:48:42.000Z</time>
        <extensions>
          <ns3:TrackPointExtension>
            <ns3:hr>104</ns3:hr>
          </ns3:TrackPointExtension>
        </extensions>
      </trkpt>
      <trkpt lat="23.1751428544521331787109375" lon="113.3944333903491497039794921875">
        <ele>29.200000762939453125</ele>
        <time>2024-07-24T22:48:43.000Z</time>
        <extensions>
          <ns3:TrackPointExtension>
            <ns3:hr>102</ns3:hr>
          </ns3:TrackPointExtension>
        </extensions>
      </trkpt>
      <trkpt lat="23.1751487217843532562255859375" lon="113.3944089151918888092041015625">
        <ele>29.6000003814697265625</ele>
        <time>2024-07-24T22:48:44.000Z</time>
        <extensions>
          <ns3:TrackPointExtension>
            <ns3:hr>101</ns3:hr>
          </ns3:TrackPointExtension>
        </extensions>
      </trkpt>
      <trkpt lat="23.17515098489820957183837890625" lon="113.3943961746990680694580078125">
        <ele>29.799999237060546875</ele>
        <time>2024-07-24T22:48:45.000Z</time>
        <extensions>
          <ns3:TrackPointExtension>
            <ns3:hr>101</ns3:hr>
          </ns3:TrackPointExtension>
        </extensions>
      </trkpt>
      <trkpt lat="23.1751534156501293182373046875" lon="113.394376225769519805908203125">
        <ele>30.200000762939453125</ele>
        <time>2024-07-24T22:48:46.000Z</time>
        <extensions>
          <ns3:TrackPointExtension>
            <ns3:hr>101</ns3:hr>
          </ns3:TrackPointExtension>
        </extensions>
      </trkpt>
      <trkpt lat="23.17515500821173191070556640625" lon="113.3943462185561656951904296875">
        <ele>30.6000003814697265625</ele>
        <time>2024-07-24T22:48:47.000Z</time>
        <extensions>
          <ns3:TrackPointExtension>
            <ns3:hr>101</ns3:hr>
          </ns3:TrackPointExtension>
        </extensions>
      </trkpt>
      <trkpt lat="23.1751631386578083038330078125" lon="113.39428461156785488128662109375">
        <ele>31.799999237060546875</ele>
        <time>2024-07-24T22:48:48.000Z</time>
        <extensions>
          <ns3:TrackPointExtension>
            <ns3:hr>101</ns3:hr>
          </ns3:TrackPointExtension>
        </extensions>
      </trkpt>
      <trkpt lat="23.175178058445453643798828125" lon="113.39423951692879199981689453125">
        <ele>32.59999847412109375</ele>
        <time>2024-07-24T22:48:49.000Z</time>
        <extensions>
          <ns3:TrackPointExtension>
            <ns3:hr>105</ns3:hr>
          </ns3:TrackPointExtension>
        </extensions>
      </trkpt>
      <trkpt lat="23.1751956604421138763427734375" lon="113.394200541079044342041015625">
        <ele>33.40000152587890625</ele>
        <time>2024-07-24T22:48:50.000Z</time>
        <extensions>
          <ns3:TrackPointExtension>
            <ns3:hr>109</ns3:hr>
          </ns3:TrackPointExtension>
        </extensions>
      </trkpt>
      <trkpt lat="23.17520814947783946990966796875" lon="113.39416600763797760009765625">
        <ele>34</ele>
        <time>2024-07-24T22:48:51.000Z</time>
        <extensions>
          <ns3:TrackPointExtension>
            <ns3:hr>110</ns3:hr>
          </ns3:TrackPointExtension>
        </extensions>
      </trkpt>
      <trkpt lat="23.17521460354328155517578125" lon="113.3941304683685302734375">
        <ele>34.40000152587890625</ele>
        <time>2024-07-24T22:48:52.000Z</time>
        <extensions>
          <ns3:TrackPointExtension>
            <ns3:hr>110</ns3:hr>
          </ns3:TrackPointExtension>
        </extensions>
      </trkpt>
      <trkpt lat="23.17521602846682071685791015625" lon="113.3940974436700344085693359375">
        <ele>34.799999237060546875</ele>
        <time>2024-07-24T22:48:53.000Z</time>
        <extensions>
          <ns3:TrackPointExtension>
            <ns3:hr>112</ns3:hr>
          </ns3:TrackPointExtension>
        </extensions>
      </trkpt>
      <trkpt lat="23.17521183751523494720458984375" lon="113.39406416751444339752197265625">
        <ele>35.40000152587890625</ele>
        <time>2024-07-24T22:48:54.000Z</time>
        <extensions>
          <ns3:TrackPointExtension>
            <ns3:hr>112</ns3:hr>
          </ns3:TrackPointExtension>
        </extensions>
      </trkpt>
      <trkpt lat="23.17520161159336566925048828125" lon="113.3940334059298038482666015625">
        <ele>36</ele>
        <time>2024-07-24T22:48:55.000Z</time>
        <extensions>
          <ns3:TrackPointExtension>
            <ns3:hr>111</ns3:hr>
          </ns3:TrackPointExtension>
        </extensions>
      </trkpt>
      <trkpt lat="23.17518685944378376007080078125" lon="113.3940035663545131683349609375">
        <ele>36.59999847412109375</ele>
        <time>2024-07-24T22:48:56.000Z</time>
        <extensions>
          <ns3:TrackPointExtension>
            <ns3:hr>109</ns3:hr>
          </ns3:TrackPointExtension>
        </extensions>
      </trkpt>
      <trkpt lat="23.175174035131931304931640625" lon="113.39397196657955646514892578125">
        <ele>37.200000762939453125</ele>
        <time>2024-07-24T22:48:57.000Z</time>
        <extensions>
          <ns3:TrackPointExtension>
            <ns3:hr>106</ns3:hr>
          </ns3:TrackPointExtension>
        </extensions>
      </trkpt>
      <trkpt lat="23.17515819333493709564208984375" lon="113.3939375169575214385986328125">
        <ele>37.799999237060546875</ele>
        <time>2024-07-24T22:48:58.000Z</time>
        <extensions>
          <ns3:TrackPointExtension>
            <ns3:hr>105</ns3:hr>
          </ns3:TrackPointExtension>
        </extensions>
      </trkpt>
      <trkpt lat="23.17514142952859401702880859375" lon="113.39390583336353302001953125">
        <ele>38.200000762939453125</ele>
        <time>2024-07-24T22:48:59.000Z</time>
        <extensions>
          <ns3:TrackPointExtension>
            <ns3:hr>105</ns3:hr>
          </ns3:TrackPointExtension>
        </extensions>
      </trkpt>
      <trkpt lat="23.175124414265155792236328125" lon="113.3938729763031005859375">
        <ele>38.59999847412109375</ele>
        <time>2024-07-24T22:49:00.000Z</time>
        <extensions>
          <ns3:TrackPointExtension>
            <ns3:hr>105</ns3:hr>
          </ns3:TrackPointExtension>
        </extensions>
      </trkpt>
      <trkpt lat="23.17511192522943019866943359375" lon="113.39384280145168304443359375">
        <ele>39</ele>
        <time>2024-07-24T22:49:01.000Z</time>
        <extensions>
          <ns3:TrackPointExtension>
            <ns3:hr>106</ns3:hr>
          </ns3:TrackPointExtension>
        </extensions>
      </trkpt>
      <trkpt lat="23.175107650458812713623046875" lon="113.3938164822757244110107421875">
        <ele>39.200000762939453125</ele>
        <time>2024-07-24T22:49:02.000Z</time>
        <extensions>
          <ns3:TrackPointExtension>
            <ns3:hr>106</ns3:hr>
          </ns3:TrackPointExtension>
        </extensions>
      </trkpt>
      <trkpt lat="23.17510865628719329833984375" lon="113.39380147866904735565185546875">
        <ele>39.200000762939453125</ele>
        <time>2024-07-24T22:49:03.000Z</time>
        <extensions>
          <ns3:TrackPointExtension>
            <ns3:hr>106</ns3:hr>
          </ns3:TrackPointExtension>
        </extensions>
      </trkpt>
      <trkpt lat="23.175111003220081329345703125" lon="113.3937802724540233612060546875">
        <ele>39.200000762939453125</ele>
        <time>2024-07-24T22:49:04.000Z</time>
        <extensions>
          <ns3:TrackPointExtension>
            <ns3:hr>106</ns3:hr>
          </ns3:TrackPointExtension>
        </extensions>
      </trkpt>
      <trkpt lat="23.1751120090484619140625" lon="113.3937557972967624664306640625">
        <ele>39.40000152587890625</ele>
        <time>2024-07-24T22:49:05.000Z</time>
        <extensions>
          <ns3:TrackPointExtension>
            <ns3:hr>106</ns3:hr>
          </ns3:TrackPointExtension>
        </extensions>
      </trkpt>
      <trkpt lat="23.1751118414103984832763671875" lon="113.3937299810349941253662109375">
        <ele>39.40000152587890625</ele>
        <time>2024-07-24T22:49:06.000Z</time>
        <extensions>
          <ns3:TrackPointExtension>
            <ns3:hr>106</ns3:hr>
          </ns3:TrackPointExtension>
        </extensions>
      </trkpt>
      <trkpt lat="23.1751078180968761444091796875" lon="113.393702320754528045654296875">
        <ele>39.59999847412109375</ele>
        <time>2024-07-24T22:49:07.000Z</time>
        <extensions>
          <ns3:TrackPointExtension>
            <ns3:hr>106</ns3:hr>
          </ns3:TrackPointExtension>
        </extensions>
      </trkpt>
      <trkpt lat="23.1751011125743389129638671875" lon="113.3936756663024425506591796875">
        <ele>39.799999237060546875</ele>
        <time>2024-07-24T22:49:08.000Z</time>
        <extensions>
          <ns3:TrackPointExtension>
            <ns3:hr>106</ns3:hr>
          </ns3:TrackPointExtension>
        </extensions>
      </trkpt>
      <trkpt lat="23.17509113810956478118896484375" lon="113.3936471678316593170166015625">
        <ele>40</ele>
        <time>2024-07-24T22:49:09.000Z</time>
        <extensions>
          <ns3:TrackPointExtension>
            <ns3:hr>107</ns3:hr>
          </ns3:TrackPointExtension>
        </extensions>
      </trkpt>
      <trkpt lat="23.1750719435513019561767578125" lon="113.39359939098358154296875">
        <ele>40.40000152587890625</ele>
        <time>2024-07-24T22:49:10.000Z</time>
        <extensions>
          <ns3:TrackPointExtension>
            <ns3:hr>107</ns3:hr>
          </ns3:TrackPointExtension>
        </extensions>
      </trkpt>
      <trkpt lat="23.17506012506783008575439453125" lon="113.3935656957328319549560546875">
        <ele>40.799999237060546875</ele>
        <time>2024-07-24T22:49:11.000Z</time>
        <extensions>
          <ns3:TrackPointExtension>
            <ns3:hr>108</ns3:hr>
          </ns3:TrackPointExtension>
        </extensions>
      </trkpt>
      <trkpt lat="23.1750498153269290924072265625" lon="113.393534682691097259521484375">
        <ele>41</ele>
        <time>2024-07-24T22:49:12.000Z</time>
        <extensions>
          <ns3:TrackPointExtension>
            <ns3:hr>108</ns3:hr>
          </ns3:TrackPointExtension>
        </extensions>
      </trkpt>
      <trkpt lat="23.17504000850021839141845703125" lon="113.3935056813061237335205078125">
        <ele>41.200000762939453125</ele>
        <time>2024-07-24T22:49:13.000Z</time>
        <extensions>
          <ns3:TrackPointExtension>
            <ns3:hr>108</ns3:hr>
          </ns3:TrackPointExtension>
        </extensions>
      </trkpt>
      <trkpt lat="23.17503095604479312896728515625" lon="113.3934791944921016693115234375">
        <ele>41.59999847412109375</ele>
        <time>2024-07-24T22:49:14.000Z</time>
        <extensions>
          <ns3:TrackPointExtension>
            <ns3:hr>108</ns3:hr>
          </ns3:TrackPointExtension>
        </extensions>
      </trkpt>
      <trkpt lat="23.1750248372554779052734375" lon="113.39346553198993206024169921875">
        <ele>41.59999847412109375</ele>
        <time>2024-07-24T22:49:15.000Z</time>
        <extensions>
          <ns3:TrackPointExtension>
            <ns3:hr>108</ns3:hr>
          </ns3:TrackPointExtension>
        </extensions>
      </trkpt>
      <trkpt lat="23.1750139407813549041748046875" lon="113.39344692416489124298095703125">
        <ele>41.799999237060546875</ele>
        <time>2024-07-24T22:49:16.000Z</time>
        <extensions>
          <ns3:TrackPointExtension>
            <ns3:hr>106</ns3:hr>
          </ns3:TrackPointExtension>
        </extensions>
      </trkpt>
      <trkpt lat="23.17499994300305843353271484375" lon="113.3934237062931060791015625">
        <ele>42.200000762939453125</ele>
        <time>2024-07-24T22:49:17.000Z</time>
        <extensions>
          <ns3:TrackPointExtension>
            <ns3:hr>104</ns3:hr>
          </ns3:TrackPointExtension>
        </extensions>
      </trkpt>
      <trkpt lat="23.1749797426164150238037109375" lon="113.3933836407959461212158203125">
        <ele>42.59999847412109375</ele>
        <time>2024-07-24T22:49:18.000Z</time>
        <extensions>
          <ns3:TrackPointExtension>
            <ns3:hr>103</ns3:hr>
          </ns3:TrackPointExtension>
        </extensions>
      </trkpt>
      <trkpt lat="23.1749743781983852386474609375" lon="113.3933648653328418731689453125">
        <ele>42.59999847412109375</ele>
        <time>2024-07-24T22:49:19.000Z</time>
        <extensions>
          <ns3:TrackPointExtension>
            <ns3:hr>103</ns3:hr>
          </ns3:TrackPointExtension>
        </extensions>
      </trkpt>
      <trkpt lat="23.17496792413294315338134765625" lon="113.3933212794363498687744140625">
        <ele>42</ele>
        <time>2024-07-24T22:49:20.000Z</time>
        <extensions>
          <ns3:TrackPointExtension>
            <ns3:hr>104</ns3:hr>
          </ns3:TrackPointExtension>
        </extensions>
      </trkpt>
      <trkpt lat="23.17496524192392826080322265625" lon="113.3932857401669025421142578125">
        <ele>41.40000152587890625</ele>
        <time>2024-07-24T22:49:21.000Z</time>
        <extensions>
          <ns3:TrackPointExtension>
            <ns3:hr>104</ns3:hr>
          </ns3:TrackPointExtension>
        </extensions>
      </trkpt>
      <trkpt lat="23.17496222443878650665283203125" lon="113.39325279928743839263916015625">
        <ele>41</ele>
        <time>2024-07-24T22:49:22.000Z</time>
        <extensions>
          <ns3:TrackPointExtension>
            <ns3:hr>103</ns3:hr>
          </ns3:TrackPointExtension>
        </extensions>
      </trkpt>
      <trkpt lat="23.17495769821107387542724609375" lon="113.39321709237992763519287109375">
        <ele>40.59999847412109375</ele>
        <time>2024-07-24T22:49:23.000Z</time>
        <extensions>
          <ns3:TrackPointExtension>
            <ns3:hr>103</ns3:hr>
          </ns3:TrackPointExtension>
        </extensions>
      </trkpt>
      <trkpt lat="23.17495333962142467498779296875" lon="113.39318096637725830078125">
        <ele>40</ele>
        <time>2024-07-24T22:49:24.000Z</time>
        <extensions>
          <ns3:TrackPointExtension>
            <ns3:hr>102</ns3:hr>
          </ns3:TrackPointExtension>
        </extensions>
      </trkpt>
      <trkpt lat="23.174948059022426605224609375" lon="113.39314567856490612030029296875">
        <ele>39.59999847412109375</ele>
        <time>2024-07-24T22:49:25.000Z</time>
        <extensions>
          <ns3:TrackPointExtension>
            <ns3:hr>103</ns3:hr>
          </ns3:TrackPointExtension>
        </extensions>
      </trkpt>
      <trkpt lat="23.1749395094811916351318359375" lon="113.3931113965809345245361328125">
        <ele>38.799999237060546875</ele>
        <time>2024-07-24T22:49:26.000Z</time>
        <extensions>
          <ns3:TrackPointExtension>
            <ns3:hr>103</ns3:hr>
          </ns3:TrackPointExtension>
        </extensions>
      </trkpt>
      <trkpt lat="23.1749309599399566650390625" lon="113.3930777013301849365234375">
        <ele>38.200000762939453125</ele>
        <time>2024-07-24T22:49:27.000Z</time>
        <extensions>
          <ns3:TrackPointExtension>
            <ns3:hr>103</ns3:hr>
          </ns3:TrackPointExtension>
        </extensions>
      </trkpt>
      <trkpt lat="23.17492433823645114898681640625" lon="113.3930379711091518402099609375">
        <ele>37.40000152587890625</ele>
        <time>2024-07-24T22:49:28.000Z</time>
        <extensions>
          <ns3:TrackPointExtension>
            <ns3:hr>103</ns3:hr>
          </ns3:TrackPointExtension>
        </extensions>
      </trkpt>
      <trkpt lat="23.174916207790374755859375" lon="113.39299614541232585906982421875">
        <ele>36.59999847412109375</ele>
        <time>2024-07-24T22:49:29.000Z</time>
        <extensions>
          <ns3:TrackPointExtension>
            <ns3:hr>104</ns3:hr>
          </ns3:TrackPointExtension>
        </extensions>
      </trkpt>
      <trkpt lat="23.17490891553461551666259765625" lon="113.3929538168013095855712890625">
        <ele>35.799999237060546875</ele>
        <time>2024-07-24T22:49:30.000Z</time>
        <extensions>
          <ns3:TrackPointExtension>
            <ns3:hr>105</ns3:hr>
          </ns3:TrackPointExtension>
        </extensions>
      </trkpt>
      <trkpt lat="23.17490271292626857757568359375" lon="113.3929122425615787506103515625">
        <ele>35</ele>
        <time>2024-07-24T22:49:31.000Z</time>
        <extensions>
          <ns3:TrackPointExtension>
            <ns3:hr>106</ns3:hr>
          </ns3:TrackPointExtension>
        </extensions>
      </trkpt>
      <trkpt lat="23.1749002821743488311767578125" lon="113.392869494855403900146484375">
        <ele>34.200000762939453125</ele>
        <time>2024-07-24T22:49:32.000Z</time>
        <extensions>
          <ns3:TrackPointExtension>
            <ns3:hr>107</ns3:hr>
          </ns3:TrackPointExtension>
        </extensions>
      </trkpt>
      <trkpt lat="23.174899108707904815673828125" lon="113.39282632805407047271728515625">
        <ele>33.40000152587890625</ele>
        <time>2024-07-24T22:49:33.000Z</time>
        <extensions>
          <ns3:TrackPointExtension>
            <ns3:hr>108</ns3:hr>
          </ns3:TrackPointExtension>
        </extensions>
      </trkpt>
      <trkpt lat="23.1748974323272705078125" lon="113.39278601109981536865234375">
        <ele>33.40000152587890625</ele>
        <time>2024-07-24T22:49:34.000Z</time>
        <extensions>
          <ns3:TrackPointExtension>
            <ns3:hr>109</ns3:hr>
          </ns3:TrackPointExtension>
        </extensions>
      </trkpt>
      <trkpt lat="23.1748932413756847381591796875" lon="113.3927509747445583343505859375">
        <ele>33.200000762939453125</ele>
        <time>2024-07-24T22:49:35.000Z</time>
        <extensions>
          <ns3:TrackPointExtension>
            <ns3:hr>109</ns3:hr>
          </ns3:TrackPointExtension>
        </extensions>
      </trkpt>
      <trkpt lat="23.1748880445957183837890625" lon="113.39272222481667995452880859375">
        <ele>33</ele>
        <time>2024-07-24T22:49:36.000Z</time>
        <extensions>
          <ns3:TrackPointExtension>
            <ns3:hr>109</ns3:hr>
          </ns3:TrackPointExtension>
        </extensions>
      </trkpt>
      <trkpt lat="23.1748826801776885986328125" lon="113.39269573800265789031982421875">
        <ele>32.799999237060546875</ele>
        <time>2024-07-24T22:49:37.000Z</time>
        <extensions>
          <ns3:TrackPointExtension>
            <ns3:hr>109</ns3:hr>
          </ns3:TrackPointExtension>
        </extensions>
      </trkpt>
      <trkpt lat="23.17488041706383228302001953125" lon="113.39268199168145656585693359375">
        <ele>32.59999847412109375</ele>
        <time>2024-07-24T22:49:38.000Z</time>
        <extensions>
          <ns3:TrackPointExtension>
            <ns3:hr>110</ns3:hr>
          </ns3:TrackPointExtension>
        </extensions>
      </trkpt>
      <trkpt lat="23.17487840540707111358642578125" lon="113.39266757480800151824951171875">
        <ele>32.59999847412109375</ele>
        <time>2024-07-24T22:49:39.000Z</time>
        <extensions>
          <ns3:TrackPointExtension>
            <ns3:hr>110</ns3:hr>
          </ns3:TrackPointExtension>
        </extensions>
      </trkpt>
      <trkpt lat="23.17487723194062709808349609375" lon="113.392652571201324462890625">
        <ele>32.40000152587890625</ele>
        <time>2024-07-24T22:50:04.000Z</time>
        <extensions>
          <ns3:TrackPointExtension>
            <ns3:hr>107</ns3:hr>
          </ns3:TrackPointExtension>
        </extensions>
      </trkpt>
      <trkpt lat="23.17487605847418308258056640625" lon="113.39264108799397945404052734375">
        <ele>32.40000152587890625</ele>
        <time>2024-07-24T22:50:05.000Z</time>
        <extensions>
          <ns3:TrackPointExtension>
            <ns3:hr>107</ns3:hr>
          </ns3:TrackPointExtension>
        </extensions>
      </trkpt>
      <trkpt lat="23.17487387917935848236083984375" lon="113.39263354428112506866455078125">
        <ele>32.40000152587890625</ele>
        <time>2024-07-24T22:50:06.000Z</time>
        <extensions>
          <ns3:TrackPointExtension>
            <ns3:hr>107</ns3:hr>
          </ns3:TrackPointExtension>
        </extensions>
      </trkpt>
      <trkpt lat="23.17487052641808986663818359375" lon="113.39262952096760272979736328125">
        <ele>32.200000762939453125</ele>
        <time>2024-07-24T22:50:07.000Z</time>
        <extensions>
          <ns3:TrackPointExtension>
            <ns3:hr>107</ns3:hr>
          </ns3:TrackPointExtension>
        </extensions>
      </trkpt>
      <trkpt lat="23.17486725747585296630859375" lon="113.39262641966342926025390625">
        <ele>32.200000762939453125</ele>
        <time>2024-07-24T22:50:08.000Z</time>
        <extensions>
          <ns3:TrackPointExtension>
            <ns3:hr>106</ns3:hr>
          </ns3:TrackPointExtension>
        </extensions>
      </trkpt>
      <trkpt lat="23.1748639047145843505859375" lon="113.392623402178287506103515625">
        <ele>32.200000762939453125</ele>
        <time>2024-07-24T22:50:09.000Z</time>
        <extensions>
          <ns3:TrackPointExtension>
            <ns3:hr>105</ns3:hr>
          </ns3:TrackPointExtension>
        </extensions>
      </trkpt>
      <trkpt lat="23.174857534468173980712890625" lon="113.392616026103496551513671875">
        <ele>32.200000762939453125</ele>
        <time>2024-07-24T22:50:10.000Z</time>
        <extensions>
          <ns3:TrackPointExtension>
            <ns3:hr>104</ns3:hr>
          </ns3:TrackPointExtension>
        </extensions>
      </trkpt>
      <trkpt lat="23.1748509965837001800537109375" lon="113.39260772801935672760009765625">
        <ele>32</ele>
        <time>2024-07-24T22:50:11.000Z</time>
        <extensions>
          <ns3:TrackPointExtension>
            <ns3:hr>102</ns3:hr>
          </ns3:TrackPointExtension>
        </extensions>
      </trkpt>
      <trkpt lat="23.17484521307051181793212890625" lon="113.39259750209748744964599609375">
        <ele>32</ele>
        <time>2024-07-24T22:50:12.000Z</time>
        <extensions>
          <ns3:TrackPointExtension>
            <ns3:hr>102</ns3:hr>
          </ns3:TrackPointExtension>
        </extensions>
      </trkpt>
      <trkpt lat="23.17484202794730663299560546875" lon="113.39258492924273014068603515625">
        <ele>31.799999237060546875</ele>
        <time>2024-07-24T22:50:13.000Z</time>
        <extensions>
          <ns3:TrackPointExtension>
            <ns3:hr>101</ns3:hr>
          </ns3:TrackPointExtension>
        </extensions>
      </trkpt>
      <trkpt lat="23.17483884282410144805908203125" lon="113.39254100807011127471923828125">
        <ele>31.6000003814697265625</ele>
        <time>2024-07-24T22:50:14.000Z</time>
        <extensions>
          <ns3:TrackPointExtension/>
        </extensions>
      </trkpt>
    </trkseg>
  </trk>
</gpx>
