<gpx xmlns:ns3="http://www.garmin.com/xmlschemas/TrackPointExtension/v1" xmlns="http://www.topografix.com/GPX/1/1" xmlns:xsi="http://www.w3.org/2001/XMLSchema-instance" xmlns:ns2="http://www.garmin.com/xmlschemas/GpxExtensions/v3" creator="Garmin Connect" version="1.1" xsi:schemaLocation="http://www.topografix.com/GPX/1/1 http://www.topografix.com/GPX/11.xsd">
  <extensions>
<distance>5880.64</distance>
<average_hr>159.0</average_hr>
<average_speed>4.900000095367432</average_speed>
<start_time>2023-01-14T01:31:34+00:00</start_time>
<end_time>2023-01-14T01:51:34.310000+00:00</end_time>
<moving_time>1127.0</moving_time>
<elapsed_time>1271.46</elapsed_time>
</extensions>
<metadata>
    <link href="connect.garmin.com">
      <text>Garmin Connect</text>
    </link>
    <time>2023-01-14T01:31:34.000Z</time>
  </metadata>
  <trk>
    <name>广州市 骑行</name>
    <type>cycling</type>
    <trkseg>
      <trkpt lat="23.13886052928864955902099609375" lon="113.401132710278034210205078125">
        <ele>1.2000000476837158203125</ele>
        <time>2023-01-14T01:31:43.000Z</time>
        <extensions>
          <ns3:TrackPointExtension>
            <ns3:hr>95</ns3:hr>
          </ns3:TrackPointExtension>
        </extensions>
      </trkpt>
      <trkpt lat="23.13888542354106903076171875" lon="113.40114017017185688018798828125">
        <ele>0.800000011920928955078125</ele>
        <time>2023-01-14T01:31:44.000Z</time>
        <extensions>
          <ns3:TrackPointExtension>
            <ns3:hr>95</ns3:hr>
          </ns3:TrackPointExtension>
        </extensions>
      </trkpt>
      <trkpt lat="23.13892775215208530426025390625" lon="113.40114704333245754241943359375">
        <ele>0.60000002384185791015625</ele>
        <time>2023-01-14T01:31:45.000Z</time>
        <extensions>
          <ns3:TrackPointExtension>
            <ns3:hr>95</ns3:hr>
          </ns3:TrackPointExtension>
        </extensions>
      </trkpt>
      <trkpt lat="23.13894703052937984466552734375" lon="113.4011513181030750274658203125">
        <ele>0.4000000059604644775390625</ele>
        <time>2023-01-14T01:31:46.000Z</time>
        <extensions>
          <ns3:TrackPointExtension>
            <ns3:hr>94</ns3:hr>
          </ns3:TrackPointExtension>
        </extensions>
      </trkpt>
      <trkpt lat="23.1389720924198627471923828125" lon="113.40115106664597988128662109375">
        <ele>0.20000000298023223876953125</ele>
        <time>2023-01-14T01:31:47.000Z</time>
        <extensions>
          <ns3:TrackPointExtension>
            <ns3:hr>94</ns3:hr>
          </ns3:TrackPointExtension>
        </extensions>
      </trkpt>
      <trkpt lat="23.13900612294673919677734375" lon="113.40114737860858440399169921875">
        <ele>0</ele>
        <time>2023-01-14T01:31:48.000Z</time>
        <extensions>
          <ns3:TrackPointExtension>
            <ns3:hr>95</ns3:hr>
          </ns3:TrackPointExtension>
        </extensions>
      </trkpt>
      <trkpt lat="23.13904660753905773162841796875" lon="113.40114419348537921905517578125">
        <ele>-0.4000000059604644775390625</ele>
        <time>2023-01-14T01:31:49.000Z</time>
        <extensions>
          <ns3:TrackPointExtension>
            <ns3:hr>94</ns3:hr>
          </ns3:TrackPointExtension>
        </extensions>
      </trkpt>
      <trkpt lat="23.139089606702327728271484375" lon="113.40114603750407695770263671875">
        <ele>-0.60000002384185791015625</ele>
        <time>2023-01-14T01:31:50.000Z</time>
        <extensions>
          <ns3:TrackPointExtension>
            <ns3:hr>94</ns3:hr>
          </ns3:TrackPointExtension>
        </extensions>
      </trkpt>
      <trkpt lat="23.1391414068639278411865234375" lon="113.40115274302661418914794921875">
        <ele>-1</ele>
        <time>2023-01-14T01:31:51.000Z</time>
        <extensions>
          <ns3:TrackPointExtension>
            <ns3:hr>94</ns3:hr>
          </ns3:TrackPointExtension>
        </extensions>
      </trkpt>
      <trkpt lat="23.13919714652001857757568359375" lon="113.4011637233197689056396484375">
        <ele>-1.2000000476837158203125</ele>
        <time>2023-01-14T01:31:52.000Z</time>
        <extensions>
          <ns3:TrackPointExtension>
            <ns3:hr>93</ns3:hr>
          </ns3:TrackPointExtension>
        </extensions>
      </trkpt>
      <trkpt lat="23.1392748467624187469482421875" lon="113.4011767990887165069580078125">
        <ele>-1.39999997615814208984375</ele>
        <time>2023-01-14T01:31:53.000Z</time>
        <extensions>
          <ns3:TrackPointExtension>
            <ns3:hr>96</ns3:hr>
          </ns3:TrackPointExtension>
        </extensions>
      </trkpt>
      <trkpt lat="23.13933628611266613006591796875" lon="113.4011860191822052001953125">
        <ele>-1.60000002384185791015625</ele>
        <time>2023-01-14T01:31:54.000Z</time>
        <extensions>
          <ns3:TrackPointExtension>
            <ns3:hr>96</ns3:hr>
          </ns3:TrackPointExtension>
        </extensions>
      </trkpt>
      <trkpt lat="23.13939638435840606689453125" lon="113.40119448490440845489501953125">
        <ele>-1.7999999523162841796875</ele>
        <time>2023-01-14T01:31:55.000Z</time>
        <extensions>
          <ns3:TrackPointExtension>
            <ns3:hr>96</ns3:hr>
          </ns3:TrackPointExtension>
        </extensions>
      </trkpt>
      <trkpt lat="23.1394572369754314422607421875" lon="113.40120269916951656341552734375">
        <ele>-1.60000002384185791015625</ele>
        <time>2023-01-14T01:31:56.000Z</time>
        <extensions>
          <ns3:TrackPointExtension>
            <ns3:hr>100</ns3:hr>
          </ns3:TrackPointExtension>
        </extensions>
      </trkpt>
      <trkpt lat="23.139518760144710540771484375" lon="113.4012109972536563873291015625">
        <ele>-1.2000000476837158203125</ele>
        <time>2023-01-14T01:31:57.000Z</time>
        <extensions>
          <ns3:TrackPointExtension>
            <ns3:hr>100</ns3:hr>
          </ns3:TrackPointExtension>
        </extensions>
      </trkpt>
      <trkpt lat="23.13958120532333850860595703125" lon="113.401218540966510772705078125">
        <ele>-0.60000002384185791015625</ele>
        <time>2023-01-14T01:31:58.000Z</time>
        <extensions>
          <ns3:TrackPointExtension>
            <ns3:hr>104</ns3:hr>
          </ns3:TrackPointExtension>
        </extensions>
      </trkpt>
      <trkpt lat="23.1396436505019664764404296875" lon="113.4012254141271114349365234375">
        <ele>-0.20000000298023223876953125</ele>
        <time>2023-01-14T01:31:59.000Z</time>
        <extensions>
          <ns3:TrackPointExtension>
            <ns3:hr>108</ns3:hr>
          </ns3:TrackPointExtension>
        </extensions>
      </trkpt>
      <trkpt lat="23.13970643095672130584716796875" lon="113.401230610907077789306640625">
        <ele>0</ele>
        <time>2023-01-14T01:32:00.000Z</time>
        <extensions>
          <ns3:TrackPointExtension>
            <ns3:hr>112</ns3:hr>
          </ns3:TrackPointExtension>
        </extensions>
      </trkpt>
      <trkpt lat="23.139769546687602996826171875" lon="113.401235304772853851318359375">
        <ele>0</ele>
        <time>2023-01-14T01:32:01.000Z</time>
        <extensions>
          <ns3:TrackPointExtension>
            <ns3:hr>116</ns3:hr>
          </ns3:TrackPointExtension>
        </extensions>
      </trkpt>
      <trkpt lat="23.139832913875579833984375" lon="113.4012415073812007904052734375">
        <ele>0.20000000298023223876953125</ele>
        <time>2023-01-14T01:32:02.000Z</time>
        <extensions>
          <ns3:TrackPointExtension>
            <ns3:hr>120</ns3:hr>
          </ns3:TrackPointExtension>
        </extensions>
      </trkpt>
      <trkpt lat="23.13989083282649517059326171875" lon="113.40124511159956455230712890625">
        <ele>0.4000000059604644775390625</ele>
        <time>2023-01-14T01:32:03.000Z</time>
        <extensions>
          <ns3:TrackPointExtension>
            <ns3:hr>120</ns3:hr>
          </ns3:TrackPointExtension>
        </extensions>
      </trkpt>
      <trkpt lat="23.13995562493801116943359375" lon="113.4012465365231037139892578125">
        <ele>0.800000011920928955078125</ele>
        <time>2023-01-14T01:32:04.000Z</time>
        <extensions>
          <ns3:TrackPointExtension>
            <ns3:hr>124</ns3:hr>
          </ns3:TrackPointExtension>
        </extensions>
      </trkpt>
      <trkpt lat="23.1400141306221485137939453125" lon="113.4012451954185962677001953125">
        <ele>1.2000000476837158203125</ele>
        <time>2023-01-14T01:32:05.000Z</time>
        <extensions>
          <ns3:TrackPointExtension>
            <ns3:hr>128</ns3:hr>
          </ns3:TrackPointExtension>
        </extensions>
      </trkpt>
      <trkpt lat="23.14007272012531757354736328125" lon="113.40124159120023250579833984375">
        <ele>1.60000002384185791015625</ele>
        <time>2023-01-14T01:32:06.000Z</time>
        <extensions>
          <ns3:TrackPointExtension>
            <ns3:hr>132</ns3:hr>
          </ns3:TrackPointExtension>
        </extensions>
      </trkpt>
      <trkpt lat="23.14013055525720119476318359375" lon="113.40123832225799560546875">
        <ele>2</ele>
        <time>2023-01-14T01:32:07.000Z</time>
        <extensions>
          <ns3:TrackPointExtension>
            <ns3:hr>136</ns3:hr>
          </ns3:TrackPointExtension>
        </extensions>
      </trkpt>
      <trkpt lat="23.14018822275102138519287109375" lon="113.40123572386801242828369140625">
        <ele>2.400000095367431640625</ele>
        <time>2023-01-14T01:32:08.000Z</time>
        <extensions>
          <ns3:TrackPointExtension>
            <ns3:hr>140</ns3:hr>
          </ns3:TrackPointExtension>
        </extensions>
      </trkpt>
      <trkpt lat="23.14025175757706165313720703125" lon="113.40123287402093410491943359375">
        <ele>2.7999999523162841796875</ele>
        <time>2023-01-14T01:32:09.000Z</time>
        <extensions>
          <ns3:TrackPointExtension>
            <ns3:hr>140</ns3:hr>
          </ns3:TrackPointExtension>
        </extensions>
      </trkpt>
      <trkpt lat="23.14031395129859447479248046875" lon="113.401231281459331512451171875">
        <ele>3</ele>
        <time>2023-01-14T01:32:10.000Z</time>
        <extensions>
          <ns3:TrackPointExtension>
            <ns3:hr>144</ns3:hr>
          </ns3:TrackPointExtension>
        </extensions>
      </trkpt>
      <trkpt lat="23.1403680145740509033203125" lon="113.40123153291642665863037109375">
        <ele>3.2000000476837158203125</ele>
        <time>2023-01-14T01:32:11.000Z</time>
        <extensions>
          <ns3:TrackPointExtension>
            <ns3:hr>148</ns3:hr>
          </ns3:TrackPointExtension>
        </extensions>
      </trkpt>
      <trkpt lat="23.14042325131595134735107421875" lon="113.401231281459331512451171875">
        <ele>3.400000095367431640625</ele>
        <time>2023-01-14T01:32:12.000Z</time>
        <extensions>
          <ns3:TrackPointExtension>
            <ns3:hr>152</ns3:hr>
          </ns3:TrackPointExtension>
        </extensions>
      </trkpt>
      <trkpt lat="23.14047991298139095306396484375" lon="113.40123103000223636627197265625">
        <ele>3.599999904632568359375</ele>
        <time>2023-01-14T01:32:13.000Z</time>
        <extensions>
          <ns3:TrackPointExtension>
            <ns3:hr>156</ns3:hr>
          </ns3:TrackPointExtension>
        </extensions>
      </trkpt>
      <trkpt lat="23.1405415199697017669677734375" lon="113.4012294374406337738037109375">
        <ele>3.7999999523162841796875</ele>
        <time>2023-01-14T01:32:14.000Z</time>
        <extensions>
          <ns3:TrackPointExtension>
            <ns3:hr>160</ns3:hr>
          </ns3:TrackPointExtension>
        </extensions>
      </trkpt>
      <trkpt lat="23.14060111530125141143798828125" lon="113.40122750960290431976318359375">
        <ele>3.7999999523162841796875</ele>
        <time>2023-01-14T01:32:15.000Z</time>
        <extensions>
          <ns3:TrackPointExtension>
            <ns3:hr>160</ns3:hr>
          </ns3:TrackPointExtension>
        </extensions>
      </trkpt>
      <trkpt lat="23.1406535021960735321044921875" lon="113.40122558176517486572265625">
        <ele>4</ele>
        <time>2023-01-14T01:32:16.000Z</time>
        <extensions>
          <ns3:TrackPointExtension>
            <ns3:hr>164</ns3:hr>
          </ns3:TrackPointExtension>
        </extensions>
      </trkpt>
      <trkpt lat="23.14071192406117916107177734375" lon="113.40122298337519168853759765625">
        <ele>4.19999980926513671875</ele>
        <time>2023-01-14T01:32:17.000Z</time>
        <extensions>
          <ns3:TrackPointExtension>
            <ns3:hr>167</ns3:hr>
          </ns3:TrackPointExtension>
        </extensions>
      </trkpt>
      <trkpt lat="23.1407698430120944976806640625" lon="113.40121912769973278045654296875">
        <ele>4.599999904632568359375</ele>
        <time>2023-01-14T01:32:18.000Z</time>
        <extensions>
          <ns3:TrackPointExtension>
            <ns3:hr>167</ns3:hr>
          </ns3:TrackPointExtension>
        </extensions>
      </trkpt>
      <trkpt lat="23.140826337039470672607421875" lon="113.40121678076684474945068359375">
        <ele>5</ele>
        <time>2023-01-14T01:32:19.000Z</time>
        <extensions>
          <ns3:TrackPointExtension>
            <ns3:hr>168</ns3:hr>
          </ns3:TrackPointExtension>
        </extensions>
      </trkpt>
      <trkpt lat="23.1408818252384662628173828125" lon="113.40121510438621044158935546875">
        <ele>5</ele>
        <time>2023-01-14T01:32:20.000Z</time>
        <extensions>
          <ns3:TrackPointExtension>
            <ns3:hr>168</ns3:hr>
          </ns3:TrackPointExtension>
        </extensions>
      </trkpt>
      <trkpt lat="23.1409368105232715606689453125" lon="113.4012150205671787261962890625">
        <ele>4.80000019073486328125</ele>
        <time>2023-01-14T01:32:21.000Z</time>
        <extensions>
          <ns3:TrackPointExtension>
            <ns3:hr>168</ns3:hr>
          </ns3:TrackPointExtension>
        </extensions>
      </trkpt>
      <trkpt lat="23.140993304550647735595703125" lon="113.4012146852910518646240234375">
        <ele>4.599999904632568359375</ele>
        <time>2023-01-14T01:32:22.000Z</time>
        <extensions>
          <ns3:TrackPointExtension>
            <ns3:hr>169</ns3:hr>
          </ns3:TrackPointExtension>
        </extensions>
      </trkpt>
      <trkpt lat="23.1410501338541507720947265625" lon="113.40121443383395671844482421875">
        <ele>4.400000095367431640625</ele>
        <time>2023-01-14T01:32:23.000Z</time>
        <extensions>
          <ns3:TrackPointExtension>
            <ns3:hr>169</ns3:hr>
          </ns3:TrackPointExtension>
        </extensions>
      </trkpt>
      <trkpt lat="23.14110620878636837005615234375" lon="113.4012126736342906951904296875">
        <ele>4.80000019073486328125</ele>
        <time>2023-01-14T01:32:24.000Z</time>
        <extensions>
          <ns3:TrackPointExtension>
            <ns3:hr>167</ns3:hr>
          </ns3:TrackPointExtension>
        </extensions>
      </trkpt>
      <trkpt lat="23.14115700311958789825439453125" lon="113.4012099914252758026123046875">
        <ele>5</ele>
        <time>2023-01-14T01:32:25.000Z</time>
        <extensions>
          <ns3:TrackPointExtension>
            <ns3:hr>167</ns3:hr>
          </ns3:TrackPointExtension>
        </extensions>
      </trkpt>
      <trkpt lat="23.1411943025887012481689453125" lon="113.40120823122560977935791015625">
        <ele>5.19999980926513671875</ele>
        <time>2023-01-14T01:32:26.000Z</time>
        <extensions>
          <ns3:TrackPointExtension>
            <ns3:hr>167</ns3:hr>
          </ns3:TrackPointExtension>
        </extensions>
      </trkpt>
      <trkpt lat="23.14124442636966705322265625" lon="113.401203788816928863525390625">
        <ele>5.19999980926513671875</ele>
        <time>2023-01-14T01:32:27.000Z</time>
        <extensions>
          <ns3:TrackPointExtension>
            <ns3:hr>167</ns3:hr>
          </ns3:TrackPointExtension>
        </extensions>
      </trkpt>
      <trkpt lat="23.141315840184688568115234375" lon="113.40119339525699615478515625">
        <ele>5.400000095367431640625</ele>
        <time>2023-01-14T01:32:28.000Z</time>
        <extensions>
          <ns3:TrackPointExtension>
            <ns3:hr>166</ns3:hr>
          </ns3:TrackPointExtension>
        </extensions>
      </trkpt>
      <trkpt lat="23.1413719989359378814697265625" lon="113.40117939747869968414306640625">
        <ele>5.599999904632568359375</ele>
        <time>2023-01-14T01:32:29.000Z</time>
        <extensions>
          <ns3:TrackPointExtension>
            <ns3:hr>166</ns3:hr>
          </ns3:TrackPointExtension>
        </extensions>
      </trkpt>
      <trkpt lat="23.14142673276364803314208984375" lon="113.40116380713880062103271484375">
        <ele>6.80000019073486328125</ele>
        <time>2023-01-14T01:32:30.000Z</time>
        <extensions>
          <ns3:TrackPointExtension>
            <ns3:hr>166</ns3:hr>
          </ns3:TrackPointExtension>
        </extensions>
      </trkpt>
      <trkpt lat="23.14148071222007274627685546875" lon="113.401148803532123565673828125">
        <ele>8</ele>
        <time>2023-01-14T01:32:31.000Z</time>
        <extensions>
          <ns3:TrackPointExtension>
            <ns3:hr>166</ns3:hr>
          </ns3:TrackPointExtension>
        </extensions>
      </trkpt>
      <trkpt lat="23.14153502695262432098388671875" lon="113.40113463811576366424560546875">
        <ele>9.3999996185302734375</ele>
        <time>2023-01-14T01:32:32.000Z</time>
        <extensions>
          <ns3:TrackPointExtension>
            <ns3:hr>166</ns3:hr>
          </ns3:TrackPointExtension>
        </extensions>
      </trkpt>
      <trkpt lat="23.14158900640904903411865234375" lon="113.40112323872745037078857421875">
        <ele>10.6000003814697265625</ele>
        <time>2023-01-14T01:32:33.000Z</time>
        <extensions>
          <ns3:TrackPointExtension>
            <ns3:hr>166</ns3:hr>
          </ns3:TrackPointExtension>
        </extensions>
      </trkpt>
      <trkpt lat="23.14164415933191776275634765625" lon="113.401114605367183685302734375">
        <ele>11</ele>
        <time>2023-01-14T01:32:34.000Z</time>
        <extensions>
          <ns3:TrackPointExtension>
            <ns3:hr>166</ns3:hr>
          </ns3:TrackPointExtension>
        </extensions>
      </trkpt>
      <trkpt lat="23.14170098863542079925537109375" lon="113.4011090733110904693603515625">
        <ele>10.80000019073486328125</ele>
        <time>2023-01-14T01:32:35.000Z</time>
        <extensions>
          <ns3:TrackPointExtension>
            <ns3:hr>166</ns3:hr>
          </ns3:TrackPointExtension>
        </extensions>
      </trkpt>
      <trkpt lat="23.14176284708082675933837890625" lon="113.40110613964498043060302734375">
        <ele>10.3999996185302734375</ele>
        <time>2023-01-14T01:32:36.000Z</time>
        <extensions>
          <ns3:TrackPointExtension>
            <ns3:hr>166</ns3:hr>
          </ns3:TrackPointExtension>
        </extensions>
      </trkpt>
      <trkpt lat="23.141824118793010711669921875" lon="113.401105888187885284423828125">
        <ele>10.19999980926513671875</ele>
        <time>2023-01-14T01:32:37.000Z</time>
        <extensions>
          <ns3:TrackPointExtension>
            <ns3:hr>164</ns3:hr>
          </ns3:TrackPointExtension>
        </extensions>
      </trkpt>
      <trkpt lat="23.14188321121037006378173828125" lon="113.40110647492110729217529296875">
        <ele>10</ele>
        <time>2023-01-14T01:32:38.000Z</time>
        <extensions>
          <ns3:TrackPointExtension>
            <ns3:hr>164</ns3:hr>
          </ns3:TrackPointExtension>
        </extensions>
      </trkpt>
      <trkpt lat="23.1419416330754756927490234375" lon="113.40110697783529758453369140625">
        <ele>9.19999980926513671875</ele>
        <time>2023-01-14T01:32:39.000Z</time>
        <extensions>
          <ns3:TrackPointExtension>
            <ns3:hr>164</ns3:hr>
          </ns3:TrackPointExtension>
        </extensions>
      </trkpt>
      <trkpt lat="23.14200055785477161407470703125" lon="113.40110664255917072296142578125">
        <ele>8.3999996185302734375</ele>
        <time>2023-01-14T01:32:40.000Z</time>
        <extensions>
          <ns3:TrackPointExtension>
            <ns3:hr>163</ns3:hr>
          </ns3:TrackPointExtension>
        </extensions>
      </trkpt>
      <trkpt lat="23.14205847680568695068359375" lon="113.4011047147214412689208984375">
        <ele>7.400000095367431640625</ele>
        <time>2023-01-14T01:32:41.000Z</time>
        <extensions>
          <ns3:TrackPointExtension>
            <ns3:hr>163</ns3:hr>
          </ns3:TrackPointExtension>
        </extensions>
      </trkpt>
      <trkpt lat="23.14211572520434856414794921875" lon="113.40110261924564838409423828125">
        <ele>6.599999904632568359375</ele>
        <time>2023-01-14T01:32:42.000Z</time>
        <extensions>
          <ns3:TrackPointExtension>
            <ns3:hr>163</ns3:hr>
          </ns3:TrackPointExtension>
        </extensions>
      </trkpt>
      <trkpt lat="23.1421677768230438232421875" lon="113.40110127814114093780517578125">
        <ele>6</ele>
        <time>2023-01-14T01:32:43.000Z</time>
        <extensions>
          <ns3:TrackPointExtension>
            <ns3:hr>165</ns3:hr>
          </ns3:TrackPointExtension>
        </extensions>
      </trkpt>
      <trkpt lat="23.14220574684441089630126953125" lon="113.40109926648437976837158203125">
        <ele>5.599999904632568359375</ele>
        <time>2023-01-14T01:32:44.000Z</time>
        <extensions>
          <ns3:TrackPointExtension>
            <ns3:hr>165</ns3:hr>
          </ns3:TrackPointExtension>
        </extensions>
      </trkpt>
      <trkpt lat="23.14226039685308933258056640625" lon="113.40109691955149173736572265625">
        <ele>5.19999980926513671875</ele>
        <time>2023-01-14T01:32:45.000Z</time>
        <extensions>
          <ns3:TrackPointExtension>
            <ns3:hr>165</ns3:hr>
          </ns3:TrackPointExtension>
        </extensions>
      </trkpt>
      <trkpt lat="23.14233868382871150970458984375" lon="113.4010948240756988525390625">
        <ele>4.599999904632568359375</ele>
        <time>2023-01-14T01:32:46.000Z</time>
        <extensions>
          <ns3:TrackPointExtension>
            <ns3:hr>166</ns3:hr>
          </ns3:TrackPointExtension>
        </extensions>
      </trkpt>
      <trkpt lat="23.1424011290073394775390625" lon="113.40109339915215969085693359375">
        <ele>4.19999980926513671875</ele>
        <time>2023-01-14T01:32:47.000Z</time>
        <extensions>
          <ns3:TrackPointExtension>
            <ns3:hr>167</ns3:hr>
          </ns3:TrackPointExtension>
        </extensions>
      </trkpt>
      <trkpt lat="23.1424623169004917144775390625" lon="113.4010919742286205291748046875">
        <ele>4</ele>
        <time>2023-01-14T01:32:48.000Z</time>
        <extensions>
          <ns3:TrackPointExtension>
            <ns3:hr>167</ns3:hr>
          </ns3:TrackPointExtension>
        </extensions>
      </trkpt>
      <trkpt lat="23.14252224750816822052001953125" lon="113.4010896272957324981689453125">
        <ele>4.400000095367431640625</ele>
        <time>2023-01-14T01:32:49.000Z</time>
        <extensions>
          <ns3:TrackPointExtension>
            <ns3:hr>168</ns3:hr>
          </ns3:TrackPointExtension>
        </extensions>
      </trkpt>
      <trkpt lat="23.1425820104777812957763671875" lon="113.40108820237219333648681640625">
        <ele>5</ele>
        <time>2023-01-14T01:32:50.000Z</time>
        <extensions>
          <ns3:TrackPointExtension>
            <ns3:hr>168</ns3:hr>
          </ns3:TrackPointExtension>
        </extensions>
      </trkpt>
      <trkpt lat="23.1426403485238552093505859375" lon="113.4010876156389713287353515625">
        <ele>5.400000095367431640625</ele>
        <time>2023-01-14T01:32:51.000Z</time>
        <extensions>
          <ns3:TrackPointExtension>
            <ns3:hr>168</ns3:hr>
          </ns3:TrackPointExtension>
        </extensions>
      </trkpt>
      <trkpt lat="23.1426936574280261993408203125" lon="113.40108669362962245941162109375">
        <ele>6.19999980926513671875</ele>
        <time>2023-01-14T01:32:52.000Z</time>
        <extensions>
          <ns3:TrackPointExtension>
            <ns3:hr>168</ns3:hr>
          </ns3:TrackPointExtension>
        </extensions>
      </trkpt>
      <trkpt lat="23.14274738542735576629638671875" lon="113.40108610689640045166015625">
        <ele>7</ele>
        <time>2023-01-14T01:32:53.000Z</time>
        <extensions>
          <ns3:TrackPointExtension>
            <ns3:hr>169</ns3:hr>
          </ns3:TrackPointExtension>
        </extensions>
      </trkpt>
      <trkpt lat="23.1428088247776031494140625" lon="113.4010859392583370208740234375">
        <ele>7.599999904632568359375</ele>
        <time>2023-01-14T01:32:54.000Z</time>
        <extensions>
          <ns3:TrackPointExtension>
            <ns3:hr>169</ns3:hr>
          </ns3:TrackPointExtension>
        </extensions>
      </trkpt>
      <trkpt lat="23.142870180308818817138671875" lon="113.4010842628777027130126953125">
        <ele>8.3999996185302734375</ele>
        <time>2023-01-14T01:32:55.000Z</time>
        <extensions>
          <ns3:TrackPointExtension>
            <ns3:hr>169</ns3:hr>
          </ns3:TrackPointExtension>
        </extensions>
      </trkpt>
      <trkpt lat="23.142925836145877838134765625" lon="113.40108317323029041290283203125">
        <ele>9</ele>
        <time>2023-01-14T01:32:56.000Z</time>
        <extensions>
          <ns3:TrackPointExtension>
            <ns3:hr>169</ns3:hr>
          </ns3:TrackPointExtension>
        </extensions>
      </trkpt>
      <trkpt lat="23.1429806537926197052001953125" lon="113.40108350850641727447509765625">
        <ele>9.80000019073486328125</ele>
        <time>2023-01-14T01:32:57.000Z</time>
        <extensions>
          <ns3:TrackPointExtension>
            <ns3:hr>169</ns3:hr>
          </ns3:TrackPointExtension>
        </extensions>
      </trkpt>
      <trkpt lat="23.1430423445999622344970703125" lon="113.4010839276015758514404296875">
        <ele>10.19999980926513671875</ele>
        <time>2023-01-14T01:32:58.000Z</time>
        <extensions>
          <ns3:TrackPointExtension>
            <ns3:hr>169</ns3:hr>
          </ns3:TrackPointExtension>
        </extensions>
      </trkpt>
      <trkpt lat="23.143102191388607025146484375" lon="113.40108342468738555908203125">
        <ele>10.19999980926513671875</ele>
        <time>2023-01-14T01:32:59.000Z</time>
        <extensions>
          <ns3:TrackPointExtension>
            <ns3:hr>170</ns3:hr>
          </ns3:TrackPointExtension>
        </extensions>
      </trkpt>
      <trkpt lat="23.14316044561564922332763671875" lon="113.40108300559222698211669921875">
        <ele>10.19999980926513671875</ele>
        <time>2023-01-14T01:33:00.000Z</time>
        <extensions>
          <ns3:TrackPointExtension>
            <ns3:hr>170</ns3:hr>
          </ns3:TrackPointExtension>
        </extensions>
      </trkpt>
      <trkpt lat="23.14321207813918590545654296875" lon="113.4010812453925609588623046875">
        <ele>10.19999980926513671875</ele>
        <time>2023-01-14T01:33:01.000Z</time>
        <extensions>
          <ns3:TrackPointExtension>
            <ns3:hr>170</ns3:hr>
          </ns3:TrackPointExtension>
        </extensions>
      </trkpt>
      <trkpt lat="23.1432502157986164093017578125" lon="113.40108032338321208953857421875">
        <ele>10.6000003814697265625</ele>
        <time>2023-01-14T01:33:02.000Z</time>
        <extensions>
          <ns3:TrackPointExtension>
            <ns3:hr>171</ns3:hr>
          </ns3:TrackPointExtension>
        </extensions>
      </trkpt>
      <trkpt lat="23.1433045305311679840087890625" lon="113.401079066097736358642578125">
        <ele>10.80000019073486328125</ele>
        <time>2023-01-14T01:33:03.000Z</time>
        <extensions>
          <ns3:TrackPointExtension>
            <ns3:hr>171</ns3:hr>
          </ns3:TrackPointExtension>
        </extensions>
      </trkpt>
      <trkpt lat="23.143383152782917022705078125" lon="113.40107630006968975067138671875">
        <ele>11.19999980926513671875</ele>
        <time>2023-01-14T01:33:04.000Z</time>
        <extensions>
          <ns3:TrackPointExtension>
            <ns3:hr>171</ns3:hr>
          </ns3:TrackPointExtension>
        </extensions>
      </trkpt>
      <trkpt lat="23.1434443406760692596435546875" lon="113.4010748751461505889892578125">
        <ele>11.3999996185302734375</ele>
        <time>2023-01-14T01:33:05.000Z</time>
        <extensions>
          <ns3:TrackPointExtension>
            <ns3:hr>172</ns3:hr>
          </ns3:TrackPointExtension>
        </extensions>
      </trkpt>
      <trkpt lat="23.14350225962698459625244140625" lon="113.40107428841292858123779296875">
        <ele>11.3999996185302734375</ele>
        <time>2023-01-14T01:33:06.000Z</time>
        <extensions>
          <ns3:TrackPointExtension>
            <ns3:hr>172</ns3:hr>
          </ns3:TrackPointExtension>
        </extensions>
      </trkpt>
      <trkpt lat="23.14355925656855106353759765625" lon="113.40107261203229427337646484375">
        <ele>11</ele>
        <time>2023-01-14T01:33:07.000Z</time>
        <extensions>
          <ns3:TrackPointExtension>
            <ns3:hr>172</ns3:hr>
          </ns3:TrackPointExtension>
        </extensions>
      </trkpt>
      <trkpt lat="23.14361658878624439239501953125" lon="113.4010706841945648193359375">
        <ele>11.3999996185302734375</ele>
        <time>2023-01-14T01:33:08.000Z</time>
        <extensions>
          <ns3:TrackPointExtension>
            <ns3:hr>172</ns3:hr>
          </ns3:TrackPointExtension>
        </extensions>
      </trkpt>
      <trkpt lat="23.14367450773715972900390625" lon="113.40106959454715251922607421875">
        <ele>11.80000019073486328125</ele>
        <time>2023-01-14T01:33:09.000Z</time>
        <extensions>
          <ns3:TrackPointExtension>
            <ns3:hr>172</ns3:hr>
          </ns3:TrackPointExtension>
        </extensions>
      </trkpt>
      <trkpt lat="23.14373192377388477325439453125" lon="113.401067666709423065185546875">
        <ele>12.19999980926513671875</ele>
        <time>2023-01-14T01:33:10.000Z</time>
        <extensions>
          <ns3:TrackPointExtension>
            <ns3:hr>172</ns3:hr>
          </ns3:TrackPointExtension>
        </extensions>
      </trkpt>
      <trkpt lat="23.14378422684967517852783203125" lon="113.40106640942394733428955078125">
        <ele>12</ele>
        <time>2023-01-14T01:33:11.000Z</time>
        <extensions>
          <ns3:TrackPointExtension>
            <ns3:hr>172</ns3:hr>
          </ns3:TrackPointExtension>
        </extensions>
      </trkpt>
      <trkpt lat="23.14382328651845455169677734375" lon="113.4010654874145984649658203125">
        <ele>11.80000019073486328125</ele>
        <time>2023-01-14T01:33:12.000Z</time>
        <extensions>
          <ns3:TrackPointExtension>
            <ns3:hr>172</ns3:hr>
          </ns3:TrackPointExtension>
        </extensions>
      </trkpt>
      <trkpt lat="23.14389771781861782073974609375" lon="113.40106288902461528778076171875">
        <ele>11.19999980926513671875</ele>
        <time>2023-01-14T01:33:13.000Z</time>
        <extensions>
          <ns3:TrackPointExtension>
            <ns3:hr>172</ns3:hr>
          </ns3:TrackPointExtension>
        </extensions>
      </trkpt>
      <trkpt lat="23.1439596600830554962158203125" lon="113.40105987153947353363037109375">
        <ele>10.80000019073486328125</ele>
        <time>2023-01-14T01:33:14.000Z</time>
        <extensions>
          <ns3:TrackPointExtension>
            <ns3:hr>174</ns3:hr>
          </ns3:TrackPointExtension>
        </extensions>
      </trkpt>
      <trkpt lat="23.14401288516819477081298828125" lon="113.40105819515883922576904296875">
        <ele>10.3999996185302734375</ele>
        <time>2023-01-14T01:33:15.000Z</time>
        <extensions>
          <ns3:TrackPointExtension>
            <ns3:hr>174</ns3:hr>
          </ns3:TrackPointExtension>
        </extensions>
      </trkpt>
      <trkpt lat="23.144067116081714630126953125" lon="113.40105668641626834869384765625">
        <ele>9.80000019073486328125</ele>
        <time>2023-01-14T01:33:16.000Z</time>
        <extensions>
          <ns3:TrackPointExtension>
            <ns3:hr>174</ns3:hr>
          </ns3:TrackPointExtension>
        </extensions>
      </trkpt>
      <trkpt lat="23.14412319101393222808837890625" lon="113.40105601586401462554931640625">
        <ele>9.19999980926513671875</ele>
        <time>2023-01-14T01:33:17.000Z</time>
        <extensions>
          <ns3:TrackPointExtension>
            <ns3:hr>174</ns3:hr>
          </ns3:TrackPointExtension>
        </extensions>
      </trkpt>
      <trkpt lat="23.14418152906000614166259765625" lon="113.40105501003563404083251953125">
        <ele>8.80000019073486328125</ele>
        <time>2023-01-14T01:33:18.000Z</time>
        <extensions>
          <ns3:TrackPointExtension>
            <ns3:hr>174</ns3:hr>
          </ns3:TrackPointExtension>
        </extensions>
      </trkpt>
      <trkpt lat="23.1442396156489849090576171875" lon="113.40105366893112659454345703125">
        <ele>8.3999996185302734375</ele>
        <time>2023-01-14T01:33:19.000Z</time>
        <extensions>
          <ns3:TrackPointExtension>
            <ns3:hr>174</ns3:hr>
          </ns3:TrackPointExtension>
        </extensions>
      </trkpt>
      <trkpt lat="23.14429854042828083038330078125" lon="113.4010520763695240020751953125">
        <ele>7.80000019073486328125</ele>
        <time>2023-01-14T01:33:20.000Z</time>
        <extensions>
          <ns3:TrackPointExtension>
            <ns3:hr>174</ns3:hr>
          </ns3:TrackPointExtension>
        </extensions>
      </trkpt>
      <trkpt lat="23.1443566270172595977783203125" lon="113.40105123817920684814453125">
        <ele>7.19999980926513671875</ele>
        <time>2023-01-14T01:33:21.000Z</time>
        <extensions>
          <ns3:TrackPointExtension>
            <ns3:hr>174</ns3:hr>
          </ns3:TrackPointExtension>
        </extensions>
      </trkpt>
      <trkpt lat="23.1444193236529827117919921875" lon="113.401050902903079986572265625">
        <ele>6.599999904632568359375</ele>
        <time>2023-01-14T01:33:22.000Z</time>
        <extensions>
          <ns3:TrackPointExtension>
            <ns3:hr>174</ns3:hr>
          </ns3:TrackPointExtension>
        </extensions>
      </trkpt>
      <trkpt lat="23.144475482404232025146484375" lon="113.40105081908404827117919921875">
        <ele>6.19999980926513671875</ele>
        <time>2023-01-14T01:33:23.000Z</time>
        <extensions>
          <ns3:TrackPointExtension>
            <ns3:hr>174</ns3:hr>
          </ns3:TrackPointExtension>
        </extensions>
      </trkpt>
      <trkpt lat="23.14453071914613246917724609375" lon="113.401050902903079986572265625">
        <ele>5.80000019073486328125</ele>
        <time>2023-01-14T01:33:24.000Z</time>
        <extensions>
          <ns3:TrackPointExtension>
            <ns3:hr>174</ns3:hr>
          </ns3:TrackPointExtension>
        </extensions>
      </trkpt>
      <trkpt lat="23.14458704553544521331787109375" lon="113.401050232350826263427734375">
        <ele>5.80000019073486328125</ele>
        <time>2023-01-14T01:33:25.000Z</time>
        <extensions>
          <ns3:TrackPointExtension>
            <ns3:hr>174</ns3:hr>
          </ns3:TrackPointExtension>
        </extensions>
      </trkpt>
      <trkpt lat="23.1446436233818531036376953125" lon="113.401048891246318817138671875">
        <ele>6.19999980926513671875</ele>
        <time>2023-01-14T01:33:26.000Z</time>
        <extensions>
          <ns3:TrackPointExtension>
            <ns3:hr>175</ns3:hr>
          </ns3:TrackPointExtension>
        </extensions>
      </trkpt>
      <trkpt lat="23.14470422454178333282470703125" lon="113.4010457061231136322021484375">
        <ele>6.400000095367431640625</ele>
        <time>2023-01-14T01:33:27.000Z</time>
        <extensions>
          <ns3:TrackPointExtension>
            <ns3:hr>175</ns3:hr>
          </ns3:TrackPointExtension>
        </extensions>
      </trkpt>
      <trkpt lat="23.14476004801690578460693359375" lon="113.40104277245700359344482421875">
        <ele>6.19999980926513671875</ele>
        <time>2023-01-14T01:33:28.000Z</time>
        <extensions>
          <ns3:TrackPointExtension>
            <ns3:hr>175</ns3:hr>
          </ns3:TrackPointExtension>
        </extensions>
      </trkpt>
      <trkpt lat="23.14481520093977451324462890625" lon="113.40104059316217899322509765625">
        <ele>6</ele>
        <time>2023-01-14T01:33:29.000Z</time>
        <extensions>
          <ns3:TrackPointExtension>
            <ns3:hr>175</ns3:hr>
          </ns3:TrackPointExtension>
        </extensions>
      </trkpt>
      <trkpt lat="23.1448709405958652496337890625" lon="113.40103791095316410064697265625">
        <ele>6</ele>
        <time>2023-01-14T01:33:30.000Z</time>
        <extensions>
          <ns3:TrackPointExtension>
            <ns3:hr>175</ns3:hr>
          </ns3:TrackPointExtension>
        </extensions>
      </trkpt>
      <trkpt lat="23.14492642879486083984375" lon="113.4010363183915615081787109375">
        <ele>6</ele>
        <time>2023-01-14T01:33:31.000Z</time>
        <extensions>
          <ns3:TrackPointExtension>
            <ns3:hr>176</ns3:hr>
          </ns3:TrackPointExtension>
        </extensions>
      </trkpt>
      <trkpt lat="23.144982419908046722412109375" lon="113.4010358154773712158203125">
        <ele>6</ele>
        <time>2023-01-14T01:33:32.000Z</time>
        <extensions>
          <ns3:TrackPointExtension>
            <ns3:hr>176</ns3:hr>
          </ns3:TrackPointExtension>
        </extensions>
      </trkpt>
      <trkpt lat="23.14503799192607402801513671875" lon="113.40103573165833950042724609375">
        <ele>6</ele>
        <time>2023-01-14T01:33:33.000Z</time>
        <extensions>
          <ns3:TrackPointExtension>
            <ns3:hr>176</ns3:hr>
          </ns3:TrackPointExtension>
        </extensions>
      </trkpt>
      <trkpt lat="23.1450925581157207489013671875" lon="113.4010358154773712158203125">
        <ele>6</ele>
        <time>2023-01-14T01:33:34.000Z</time>
        <extensions>
          <ns3:TrackPointExtension>
            <ns3:hr>176</ns3:hr>
          </ns3:TrackPointExtension>
        </extensions>
      </trkpt>
      <trkpt lat="23.14514460973441600799560546875" lon="113.40103589929640293121337890625">
        <ele>5.80000019073486328125</ele>
        <time>2023-01-14T01:33:35.000Z</time>
        <extensions>
          <ns3:TrackPointExtension>
            <ns3:hr>176</ns3:hr>
          </ns3:TrackPointExtension>
        </extensions>
      </trkpt>
      <trkpt lat="23.14518132247030735015869140625" lon="113.40103589929640293121337890625">
        <ele>5.599999904632568359375</ele>
        <time>2023-01-14T01:33:36.000Z</time>
        <extensions>
          <ns3:TrackPointExtension>
            <ns3:hr>176</ns3:hr>
          </ns3:TrackPointExtension>
        </extensions>
      </trkpt>
      <trkpt lat="23.14522624947130680084228515625" lon="113.40103539638221263885498046875">
        <ele>5.400000095367431640625</ele>
        <time>2023-01-14T01:33:37.000Z</time>
        <extensions>
          <ns3:TrackPointExtension>
            <ns3:hr>176</ns3:hr>
          </ns3:TrackPointExtension>
        </extensions>
      </trkpt>
      <trkpt lat="23.14527519978582859039306640625" lon="113.40103489346802234649658203125">
        <ele>5.19999980926513671875</ele>
        <time>2023-01-14T01:33:38.000Z</time>
        <extensions>
          <ns3:TrackPointExtension>
            <ns3:hr>175</ns3:hr>
          </ns3:TrackPointExtension>
        </extensions>
      </trkpt>
      <trkpt lat="23.1453259103000164031982421875" lon="113.40103388763964176177978515625">
        <ele>4.80000019073486328125</ele>
        <time>2023-01-14T01:33:39.000Z</time>
        <extensions>
          <ns3:TrackPointExtension>
            <ns3:hr>175</ns3:hr>
          </ns3:TrackPointExtension>
        </extensions>
      </trkpt>
      <trkpt lat="23.1453772075474262237548828125" lon="113.40103204362094402313232421875">
        <ele>4.400000095367431640625</ele>
        <time>2023-01-14T01:33:40.000Z</time>
        <extensions>
          <ns3:TrackPointExtension>
            <ns3:hr>175</ns3:hr>
          </ns3:TrackPointExtension>
        </extensions>
      </trkpt>
      <trkpt lat="23.14542808569967746734619140625" lon="113.40102986432611942291259765625">
        <ele>4</ele>
        <time>2023-01-14T01:33:41.000Z</time>
        <extensions>
          <ns3:TrackPointExtension>
            <ns3:hr>174</ns3:hr>
          </ns3:TrackPointExtension>
        </extensions>
      </trkpt>
      <trkpt lat="23.14547988586127758026123046875" lon="113.4010279364883899688720703125">
        <ele>3.7999999523162841796875</ele>
        <time>2023-01-14T01:33:42.000Z</time>
        <extensions>
          <ns3:TrackPointExtension>
            <ns3:hr>174</ns3:hr>
          </ns3:TrackPointExtension>
        </extensions>
      </trkpt>
      <trkpt lat="23.14553185366094112396240234375" lon="113.401026092469692230224609375">
        <ele>3.400000095367431640625</ele>
        <time>2023-01-14T01:33:43.000Z</time>
        <extensions>
          <ns3:TrackPointExtension>
            <ns3:hr>173</ns3:hr>
          </ns3:TrackPointExtension>
        </extensions>
      </trkpt>
      <trkpt lat="23.1455849111080169677734375" lon="113.40102500282227993011474609375">
        <ele>3.2000000476837158203125</ele>
        <time>2023-01-14T01:33:44.000Z</time>
        <extensions>
          <ns3:TrackPointExtension>
            <ns3:hr>174</ns3:hr>
          </ns3:TrackPointExtension>
        </extensions>
      </trkpt>
      <trkpt lat="23.1456390582025051116943359375" lon="113.40102449990808963775634765625">
        <ele>3</ele>
        <time>2023-01-14T01:33:45.000Z</time>
        <extensions>
          <ns3:TrackPointExtension>
            <ns3:hr>174</ns3:hr>
          </ns3:TrackPointExtension>
        </extensions>
      </trkpt>
      <trkpt lat="23.14571189694106578826904296875" lon="113.401023410260677337646484375">
        <ele>3</ele>
        <time>2023-01-14T01:33:46.000Z</time>
        <extensions>
          <ns3:TrackPointExtension>
            <ns3:hr>174</ns3:hr>
          </ns3:TrackPointExtension>
        </extensions>
      </trkpt>
      <trkpt lat="23.1457699835300445556640625" lon="113.40102131478488445281982421875">
        <ele>3</ele>
        <time>2023-01-14T01:33:47.000Z</time>
        <extensions>
          <ns3:TrackPointExtension>
            <ns3:hr>173</ns3:hr>
          </ns3:TrackPointExtension>
        </extensions>
      </trkpt>
      <trkpt lat="23.14582605846226215362548828125" lon="113.40101997368037700653076171875">
        <ele>3.599999904632568359375</ele>
        <time>2023-01-14T01:33:48.000Z</time>
        <extensions>
          <ns3:TrackPointExtension>
            <ns3:hr>172</ns3:hr>
          </ns3:TrackPointExtension>
        </extensions>
      </trkpt>
      <trkpt lat="23.14588372595608234405517578125" lon="113.40101863257586956024169921875">
        <ele>4.400000095367431640625</ele>
        <time>2023-01-14T01:33:49.000Z</time>
        <extensions>
          <ns3:TrackPointExtension>
            <ns3:hr>170</ns3:hr>
          </ns3:TrackPointExtension>
        </extensions>
      </trkpt>
      <trkpt lat="23.14594139344990253448486328125" lon="113.4010170400142669677734375">
        <ele>5.19999980926513671875</ele>
        <time>2023-01-14T01:33:50.000Z</time>
        <extensions>
          <ns3:TrackPointExtension>
            <ns3:hr>171</ns3:hr>
          </ns3:TrackPointExtension>
        </extensions>
      </trkpt>
      <trkpt lat="23.14599939621984958648681640625" lon="113.4010162018239498138427734375">
        <ele>5.80000019073486328125</ele>
        <time>2023-01-14T01:33:51.000Z</time>
        <extensions>
          <ns3:TrackPointExtension>
            <ns3:hr>170</ns3:hr>
          </ns3:TrackPointExtension>
        </extensions>
      </trkpt>
      <trkpt lat="23.14605765044689178466796875" lon="113.40101511217653751373291015625">
        <ele>6.400000095367431640625</ele>
        <time>2023-01-14T01:33:52.000Z</time>
        <extensions>
          <ns3:TrackPointExtension>
            <ns3:hr>170</ns3:hr>
          </ns3:TrackPointExtension>
        </extensions>
      </trkpt>
      <trkpt lat="23.1461159884929656982421875" lon="113.40101368725299835205078125">
        <ele>6.80000019073486328125</ele>
        <time>2023-01-14T01:33:53.000Z</time>
        <extensions>
          <ns3:TrackPointExtension>
            <ns3:hr>170</ns3:hr>
          </ns3:TrackPointExtension>
        </extensions>
      </trkpt>
      <trkpt lat="23.146173655986785888671875" lon="113.40101293288171291351318359375">
        <ele>7</ele>
        <time>2023-01-14T01:33:54.000Z</time>
        <extensions>
          <ns3:TrackPointExtension>
            <ns3:hr>169</ns3:hr>
          </ns3:TrackPointExtension>
        </extensions>
      </trkpt>
      <trkpt lat="23.14623207785189151763916015625" lon="113.40101259760558605194091796875">
        <ele>7.19999980926513671875</ele>
        <time>2023-01-14T01:33:55.000Z</time>
        <extensions>
          <ns3:TrackPointExtension>
            <ns3:hr>169</ns3:hr>
          </ns3:TrackPointExtension>
        </extensions>
      </trkpt>
      <trkpt lat="23.14629158936440944671630859375" lon="113.4010125137865543365478515625">
        <ele>7.400000095367431640625</ele>
        <time>2023-01-14T01:33:56.000Z</time>
        <extensions>
          <ns3:TrackPointExtension>
            <ns3:hr>167</ns3:hr>
          </ns3:TrackPointExtension>
        </extensions>
      </trkpt>
      <trkpt lat="23.14635143615305423736572265625" lon="113.4010118432343006134033203125">
        <ele>7.599999904632568359375</ele>
        <time>2023-01-14T01:33:57.000Z</time>
        <extensions>
          <ns3:TrackPointExtension>
            <ns3:hr>167</ns3:hr>
          </ns3:TrackPointExtension>
        </extensions>
      </trkpt>
      <trkpt lat="23.1464115343987941741943359375" lon="113.401012010872364044189453125">
        <ele>7.599999904632568359375</ele>
        <time>2023-01-14T01:33:58.000Z</time>
        <extensions>
          <ns3:TrackPointExtension>
            <ns3:hr>167</ns3:hr>
          </ns3:TrackPointExtension>
        </extensions>
      </trkpt>
      <trkpt lat="23.14647163264453411102294921875" lon="113.4010131843388080596923828125">
        <ele>7.599999904632568359375</ele>
        <time>2023-01-14T01:33:59.000Z</time>
        <extensions>
          <ns3:TrackPointExtension>
            <ns3:hr>167</ns3:hr>
          </ns3:TrackPointExtension>
        </extensions>
      </trkpt>
      <trkpt lat="23.14653240144252777099609375" lon="113.401014693081378936767578125">
        <ele>6.80000019073486328125</ele>
        <time>2023-01-14T01:34:00.000Z</time>
        <extensions>
          <ns3:TrackPointExtension>
            <ns3:hr>167</ns3:hr>
          </ns3:TrackPointExtension>
        </extensions>
      </trkpt>
      <trkpt lat="23.14659233205020427703857421875" lon="113.40101410634815692901611328125">
        <ele>6.19999980926513671875</ele>
        <time>2023-01-14T01:34:01.000Z</time>
        <extensions>
          <ns3:TrackPointExtension>
            <ns3:hr>167</ns3:hr>
          </ns3:TrackPointExtension>
        </extensions>
      </trkpt>
      <trkpt lat="23.1466536037623882293701171875" lon="113.40101259760558605194091796875">
        <ele>5.80000019073486328125</ele>
        <time>2023-01-14T01:34:02.000Z</time>
        <extensions>
          <ns3:TrackPointExtension>
            <ns3:hr>170</ns3:hr>
          </ns3:TrackPointExtension>
        </extensions>
      </trkpt>
      <trkpt lat="23.1467146240174770355224609375" lon="113.4010108374059200286865234375">
        <ele>5.599999904632568359375</ele>
        <time>2023-01-14T01:34:03.000Z</time>
        <extensions>
          <ns3:TrackPointExtension>
            <ns3:hr>171</ns3:hr>
          </ns3:TrackPointExtension>
        </extensions>
      </trkpt>
      <trkpt lat="23.14677514135837554931640625" lon="113.40100823901593685150146484375">
        <ele>5.400000095367431640625</ele>
        <time>2023-01-14T01:34:04.000Z</time>
        <extensions>
          <ns3:TrackPointExtension>
            <ns3:hr>171</ns3:hr>
          </ns3:TrackPointExtension>
        </extensions>
      </trkpt>
      <trkpt lat="23.14683683216571807861328125" lon="113.40100656263530254364013671875">
        <ele>5</ele>
        <time>2023-01-14T01:34:05.000Z</time>
        <extensions>
          <ns3:TrackPointExtension>
            <ns3:hr>170</ns3:hr>
          </ns3:TrackPointExtension>
        </extensions>
      </trkpt>
      <trkpt lat="23.1468986906111240386962890625" lon="113.40100589208304882049560546875">
        <ele>4.80000019073486328125</ele>
        <time>2023-01-14T01:34:06.000Z</time>
        <extensions>
          <ns3:TrackPointExtension>
            <ns3:hr>170</ns3:hr>
          </ns3:TrackPointExtension>
        </extensions>
      </trkpt>
      <trkpt lat="23.14695979468524456024169921875" lon="113.40100572444498538970947265625">
        <ele>4.400000095367431640625</ele>
        <time>2023-01-14T01:34:07.000Z</time>
        <extensions>
          <ns3:TrackPointExtension>
            <ns3:hr>170</ns3:hr>
          </ns3:TrackPointExtension>
        </extensions>
      </trkpt>
      <trkpt lat="23.1470187194645404815673828125" lon="113.4010058082640171051025390625">
        <ele>4</ele>
        <time>2023-01-14T01:34:08.000Z</time>
        <extensions>
          <ns3:TrackPointExtension>
            <ns3:hr>170</ns3:hr>
          </ns3:TrackPointExtension>
        </extensions>
      </trkpt>
      <trkpt lat="23.147075213491916656494140625" lon="113.4010051377117633819580078125">
        <ele>3.599999904632568359375</ele>
        <time>2023-01-14T01:34:09.000Z</time>
        <extensions>
          <ns3:TrackPointExtension>
            <ns3:hr>170</ns3:hr>
          </ns3:TrackPointExtension>
        </extensions>
      </trkpt>
      <trkpt lat="23.14713061787188053131103515625" lon="113.4010031260550022125244140625">
        <ele>3.2000000476837158203125</ele>
        <time>2023-01-14T01:34:10.000Z</time>
        <extensions>
          <ns3:TrackPointExtension>
            <ns3:hr>170</ns3:hr>
          </ns3:TrackPointExtension>
        </extensions>
      </trkpt>
      <trkpt lat="23.14718392677605152130126953125" lon="113.40100086294114589691162109375">
        <ele>2.7999999523162841796875</ele>
        <time>2023-01-14T01:34:11.000Z</time>
        <extensions>
          <ns3:TrackPointExtension>
            <ns3:hr>170</ns3:hr>
          </ns3:TrackPointExtension>
        </extensions>
      </trkpt>
      <trkpt lat="23.147237487137317657470703125" lon="113.40099893510341644287109375">
        <ele>2.7999999523162841796875</ele>
        <time>2023-01-14T01:34:12.000Z</time>
        <extensions>
          <ns3:TrackPointExtension>
            <ns3:hr>170</ns3:hr>
          </ns3:TrackPointExtension>
        </extensions>
      </trkpt>
      <trkpt lat="23.147291801869869232177734375" lon="113.4009970910847187042236328125">
        <ele>2.7999999523162841796875</ele>
        <time>2023-01-14T01:34:13.000Z</time>
        <extensions>
          <ns3:TrackPointExtension>
            <ns3:hr>170</ns3:hr>
          </ns3:TrackPointExtension>
        </extensions>
      </trkpt>
      <trkpt lat="23.14734653569757938385009765625" lon="113.4009969234466552734375">
        <ele>3.599999904632568359375</ele>
        <time>2023-01-14T01:34:14.000Z</time>
        <extensions>
          <ns3:TrackPointExtension>
            <ns3:hr>171</ns3:hr>
          </ns3:TrackPointExtension>
        </extensions>
      </trkpt>
      <trkpt lat="23.14740143716335296630859375" lon="113.4009964205324649810791015625">
        <ele>4.400000095367431640625</ele>
        <time>2023-01-14T01:34:15.000Z</time>
        <extensions>
          <ns3:TrackPointExtension>
            <ns3:hr>171</ns3:hr>
          </ns3:TrackPointExtension>
        </extensions>
      </trkpt>
      <trkpt lat="23.14745642244815826416015625" lon="113.40099449269473552703857421875">
        <ele>5.19999980926513671875</ele>
        <time>2023-01-14T01:34:16.000Z</time>
        <extensions>
          <ns3:TrackPointExtension>
            <ns3:hr>171</ns3:hr>
          </ns3:TrackPointExtension>
        </extensions>
      </trkpt>
      <trkpt lat="23.14751149155199527740478515625" lon="113.40099398978054523468017578125">
        <ele>6.400000095367431640625</ele>
        <time>2023-01-14T01:34:17.000Z</time>
        <extensions>
          <ns3:TrackPointExtension>
            <ns3:hr>171</ns3:hr>
          </ns3:TrackPointExtension>
        </extensions>
      </trkpt>
      <trkpt lat="23.14756647683680057525634765625" lon="113.40099248103797435760498046875">
        <ele>7.599999904632568359375</ele>
        <time>2023-01-14T01:34:18.000Z</time>
        <extensions>
          <ns3:TrackPointExtension>
            <ns3:hr>172</ns3:hr>
          </ns3:TrackPointExtension>
        </extensions>
      </trkpt>
      <trkpt lat="23.14762230031192302703857421875" lon="113.4009913913905620574951171875">
        <ele>8.6000003814697265625</ele>
        <time>2023-01-14T01:34:19.000Z</time>
        <extensions>
          <ns3:TrackPointExtension>
            <ns3:hr>172</ns3:hr>
          </ns3:TrackPointExtension>
        </extensions>
      </trkpt>
      <trkpt lat="23.14767862670123577117919921875" lon="113.4009902179241180419921875">
        <ele>9.6000003814697265625</ele>
        <time>2023-01-14T01:34:20.000Z</time>
        <extensions>
          <ns3:TrackPointExtension>
            <ns3:hr>172</ns3:hr>
          </ns3:TrackPointExtension>
        </extensions>
      </trkpt>
      <trkpt lat="23.14773528836667537689208984375" lon="113.4009880386292934417724609375">
        <ele>10.6000003814697265625</ele>
        <time>2023-01-14T01:34:21.000Z</time>
        <extensions>
          <ns3:TrackPointExtension>
            <ns3:hr>171</ns3:hr>
          </ns3:TrackPointExtension>
        </extensions>
      </trkpt>
      <trkpt lat="23.147792033851146697998046875" lon="113.40098577551543712615966796875">
        <ele>10.3999996185302734375</ele>
        <time>2023-01-14T01:34:22.000Z</time>
        <extensions>
          <ns3:TrackPointExtension>
            <ns3:hr>171</ns3:hr>
          </ns3:TrackPointExtension>
        </extensions>
      </trkpt>
      <trkpt lat="23.1478486955165863037109375" lon="113.40098460204899311065673828125">
        <ele>10.19999980926513671875</ele>
        <time>2023-01-14T01:34:23.000Z</time>
        <extensions>
          <ns3:TrackPointExtension>
            <ns3:hr>170</ns3:hr>
          </ns3:TrackPointExtension>
        </extensions>
      </trkpt>
      <trkpt lat="23.14790703356266021728515625" lon="113.40098342858254909515380859375">
        <ele>10</ele>
        <time>2023-01-14T01:34:24.000Z</time>
        <extensions>
          <ns3:TrackPointExtension>
            <ns3:hr>168</ns3:hr>
          </ns3:TrackPointExtension>
        </extensions>
      </trkpt>
      <trkpt lat="23.14796562306582927703857421875" lon="113.40098284184932708740234375">
        <ele>9.80000019073486328125</ele>
        <time>2023-01-14T01:34:25.000Z</time>
        <extensions>
          <ns3:TrackPointExtension>
            <ns3:hr>168</ns3:hr>
          </ns3:TrackPointExtension>
        </extensions>
      </trkpt>
      <trkpt lat="23.14802345819771289825439453125" lon="113.400982506573200225830078125">
        <ele>9.3999996185302734375</ele>
        <time>2023-01-14T01:34:26.000Z</time>
        <extensions>
          <ns3:TrackPointExtension>
            <ns3:hr>167</ns3:hr>
          </ns3:TrackPointExtension>
        </extensions>
      </trkpt>
      <trkpt lat="23.14808129332959651947021484375" lon="113.4009833447635173797607421875">
        <ele>8.6000003814697265625</ele>
        <time>2023-01-14T01:34:27.000Z</time>
        <extensions>
          <ns3:TrackPointExtension>
            <ns3:hr>167</ns3:hr>
          </ns3:TrackPointExtension>
        </extensions>
      </trkpt>
      <trkpt lat="23.1481395475566387176513671875" lon="113.4009846858680248260498046875">
        <ele>7.80000019073486328125</ele>
        <time>2023-01-14T01:34:28.000Z</time>
        <extensions>
          <ns3:TrackPointExtension>
            <ns3:hr>167</ns3:hr>
          </ns3:TrackPointExtension>
        </extensions>
      </trkpt>
      <trkpt lat="23.1481962092220783233642578125" lon="113.4009863622486591339111328125">
        <ele>7.19999980926513671875</ele>
        <time>2023-01-14T01:34:29.000Z</time>
        <extensions>
          <ns3:TrackPointExtension>
            <ns3:hr>167</ns3:hr>
          </ns3:TrackPointExtension>
        </extensions>
      </trkpt>
      <trkpt lat="23.14825178124010562896728515625" lon="113.4009873680770397186279296875">
        <ele>6.599999904632568359375</ele>
        <time>2023-01-14T01:34:30.000Z</time>
        <extensions>
          <ns3:TrackPointExtension>
            <ns3:hr>167</ns3:hr>
          </ns3:TrackPointExtension>
        </extensions>
      </trkpt>
      <trkpt lat="23.148307688534259796142578125" lon="113.40098862536251544952392578125">
        <ele>6.400000095367431640625</ele>
        <time>2023-01-14T01:34:31.000Z</time>
        <extensions>
          <ns3:TrackPointExtension>
            <ns3:hr>167</ns3:hr>
          </ns3:TrackPointExtension>
        </extensions>
      </trkpt>
      <trkpt lat="23.1483631767332553863525390625" lon="113.40099164284765720367431640625">
        <ele>6.80000019073486328125</ele>
        <time>2023-01-14T01:34:32.000Z</time>
        <extensions>
          <ns3:TrackPointExtension>
            <ns3:hr>167</ns3:hr>
          </ns3:TrackPointExtension>
        </extensions>
      </trkpt>
      <trkpt lat="23.14841992221772670745849609375" lon="113.400995917618274688720703125">
        <ele>7.19999980926513671875</ele>
        <time>2023-01-14T01:34:33.000Z</time>
        <extensions>
          <ns3:TrackPointExtension>
            <ns3:hr>167</ns3:hr>
          </ns3:TrackPointExtension>
        </extensions>
      </trkpt>
      <trkpt lat="23.14847758971154689788818359375" lon="113.40100161731243133544921875">
        <ele>7.599999904632568359375</ele>
        <time>2023-01-14T01:34:34.000Z</time>
        <extensions>
          <ns3:TrackPointExtension>
            <ns3:hr>167</ns3:hr>
          </ns3:TrackPointExtension>
        </extensions>
      </trkpt>
      <trkpt lat="23.14853425137698650360107421875" lon="113.40100807137787342071533203125">
        <ele>7.80000019073486328125</ele>
        <time>2023-01-14T01:34:35.000Z</time>
        <extensions>
          <ns3:TrackPointExtension>
            <ns3:hr>166</ns3:hr>
          </ns3:TrackPointExtension>
        </extensions>
      </trkpt>
      <trkpt lat="23.14858839847147464752197265625" lon="113.4010178782045841217041015625">
        <ele>8.19999980926513671875</ele>
        <time>2023-01-14T01:34:36.000Z</time>
        <extensions>
          <ns3:TrackPointExtension>
            <ns3:hr>167</ns3:hr>
          </ns3:TrackPointExtension>
        </extensions>
      </trkpt>
      <trkpt lat="23.1486401148140430450439453125" lon="113.40103087015450000762939453125">
        <ele>8.3999996185302734375</ele>
        <time>2023-01-14T01:34:37.000Z</time>
        <extensions>
          <ns3:TrackPointExtension>
            <ns3:hr>167</ns3:hr>
          </ns3:TrackPointExtension>
        </extensions>
      </trkpt>
      <trkpt lat="23.1486748158931732177734375" lon="113.40104210190474987030029296875">
        <ele>8.6000003814697265625</ele>
        <time>2023-01-14T01:34:38.000Z</time>
        <extensions>
          <ns3:TrackPointExtension>
            <ns3:hr>167</ns3:hr>
          </ns3:TrackPointExtension>
        </extensions>
      </trkpt>
      <trkpt lat="23.14871731214225292205810546875" lon="113.40105794370174407958984375">
        <ele>8.80000019073486328125</ele>
        <time>2023-01-14T01:34:39.000Z</time>
        <extensions>
          <ns3:TrackPointExtension>
            <ns3:hr>167</ns3:hr>
          </ns3:TrackPointExtension>
        </extensions>
      </trkpt>
      <trkpt lat="23.148761652410030364990234375" lon="113.4010762162506580352783203125">
        <ele>9</ele>
        <time>2023-01-14T01:34:40.000Z</time>
        <extensions>
          <ns3:TrackPointExtension>
            <ns3:hr>167</ns3:hr>
          </ns3:TrackPointExtension>
        </extensions>
      </trkpt>
      <trkpt lat="23.1488062441349029541015625" lon="113.4010956622660160064697265625">
        <ele>9.3999996185302734375</ele>
        <time>2023-01-14T01:34:41.000Z</time>
        <extensions>
          <ns3:TrackPointExtension>
            <ns3:hr>167</ns3:hr>
          </ns3:TrackPointExtension>
        </extensions>
      </trkpt>
      <trkpt lat="23.14884957857429981231689453125" lon="113.4011144377291202545166015625">
        <ele>9.80000019073486328125</ele>
        <time>2023-01-14T01:34:42.000Z</time>
        <extensions>
          <ns3:TrackPointExtension>
            <ns3:hr>167</ns3:hr>
          </ns3:TrackPointExtension>
        </extensions>
      </trkpt>
      <trkpt lat="23.14889215864241123199462890625" lon="113.4011315368115901947021484375">
        <ele>9.6000003814697265625</ele>
        <time>2023-01-14T01:34:43.000Z</time>
        <extensions>
          <ns3:TrackPointExtension>
            <ns3:hr>167</ns3:hr>
          </ns3:TrackPointExtension>
        </extensions>
      </trkpt>
      <trkpt lat="23.1489321403205394744873046875" lon="113.4011462889611721038818359375">
        <ele>9.6000003814697265625</ele>
        <time>2023-01-14T01:34:44.000Z</time>
        <extensions>
          <ns3:TrackPointExtension>
            <ns3:hr>167</ns3:hr>
          </ns3:TrackPointExtension>
        </extensions>
      </trkpt>
      <trkpt lat="23.14897161908447742462158203125" lon="113.4011591970920562744140625">
        <ele>9.6000003814697265625</ele>
        <time>2023-01-14T01:34:45.000Z</time>
        <extensions>
          <ns3:TrackPointExtension>
            <ns3:hr>167</ns3:hr>
          </ns3:TrackPointExtension>
        </extensions>
      </trkpt>
      <trkpt lat="23.149010427296161651611328125" lon="113.40117193758487701416015625">
        <ele>9.6000003814697265625</ele>
        <time>2023-01-14T01:34:46.000Z</time>
        <extensions>
          <ns3:TrackPointExtension>
            <ns3:hr>167</ns3:hr>
          </ns3:TrackPointExtension>
        </extensions>
      </trkpt>
      <trkpt lat="23.14904831349849700927734375" lon="113.40118543244898319244384765625">
        <ele>9.6000003814697265625</ele>
        <time>2023-01-14T01:34:47.000Z</time>
        <extensions>
          <ns3:TrackPointExtension>
            <ns3:hr>167</ns3:hr>
          </ns3:TrackPointExtension>
        </extensions>
      </trkpt>
      <trkpt lat="23.149084188044071197509765625" lon="113.40119968168437480926513671875">
        <ele>9.80000019073486328125</ele>
        <time>2023-01-14T01:34:48.000Z</time>
        <extensions>
          <ns3:TrackPointExtension>
            <ns3:hr>167</ns3:hr>
          </ns3:TrackPointExtension>
        </extensions>
      </trkpt>
      <trkpt lat="23.149118721485137939453125" lon="113.4012150205671787261962890625">
        <ele>9.80000019073486328125</ele>
        <time>2023-01-14T01:34:49.000Z</time>
        <extensions>
          <ns3:TrackPointExtension>
            <ns3:hr>167</ns3:hr>
          </ns3:TrackPointExtension>
        </extensions>
      </trkpt>
      <trkpt lat="23.14915183000266551971435546875" lon="113.40123228728771209716796875">
        <ele>10.3999996185302734375</ele>
        <time>2023-01-14T01:34:50.000Z</time>
        <extensions>
          <ns3:TrackPointExtension>
            <ns3:hr>167</ns3:hr>
          </ns3:TrackPointExtension>
        </extensions>
      </trkpt>
      <trkpt lat="23.14918334595859050750732421875" lon="113.4012498892843723297119140625">
        <ele>10.80000019073486328125</ele>
        <time>2023-01-14T01:34:51.000Z</time>
        <extensions>
          <ns3:TrackPointExtension>
            <ns3:hr>167</ns3:hr>
          </ns3:TrackPointExtension>
        </extensions>
      </trkpt>
      <trkpt lat="23.14921335317194461822509765625" lon="113.40126908384263515472412109375">
        <ele>11.19999980926513671875</ele>
        <time>2023-01-14T01:34:52.000Z</time>
        <extensions>
          <ns3:TrackPointExtension>
            <ns3:hr>167</ns3:hr>
          </ns3:TrackPointExtension>
        </extensions>
      </trkpt>
      <trkpt lat="23.14924235455691814422607421875" lon="113.401289619505405426025390625">
        <ele>11.80000019073486328125</ele>
        <time>2023-01-14T01:34:53.000Z</time>
        <extensions>
          <ns3:TrackPointExtension>
            <ns3:hr>167</ns3:hr>
          </ns3:TrackPointExtension>
        </extensions>
      </trkpt>
      <trkpt lat="23.14927068538963794708251953125" lon="113.40131149627268314361572265625">
        <ele>12.19999980926513671875</ele>
        <time>2023-01-14T01:34:54.000Z</time>
        <extensions>
          <ns3:TrackPointExtension>
            <ns3:hr>165</ns3:hr>
          </ns3:TrackPointExtension>
        </extensions>
      </trkpt>
      <trkpt lat="23.1492984294891357421875" lon="113.40133429504930973052978515625">
        <ele>12.6000003814697265625</ele>
        <time>2023-01-14T01:34:55.000Z</time>
        <extensions>
          <ns3:TrackPointExtension>
            <ns3:hr>165</ns3:hr>
          </ns3:TrackPointExtension>
        </extensions>
      </trkpt>
      <trkpt lat="23.14932550303637981414794921875" lon="113.4013575129210948944091796875">
        <ele>12.80000019073486328125</ele>
        <time>2023-01-14T01:34:56.000Z</time>
        <extensions>
          <ns3:TrackPointExtension>
            <ns3:hr>164</ns3:hr>
          </ns3:TrackPointExtension>
        </extensions>
      </trkpt>
      <trkpt lat="23.14935232512652873992919921875" lon="113.4013796411454677581787109375">
        <ele>13.19999980926513671875</ele>
        <time>2023-01-14T01:34:57.000Z</time>
        <extensions>
          <ns3:TrackPointExtension>
            <ns3:hr>164</ns3:hr>
          </ns3:TrackPointExtension>
        </extensions>
      </trkpt>
      <trkpt lat="23.1493802368640899658203125" lon="113.40139883570373058319091796875">
        <ele>13.6000003814697265625</ele>
        <time>2023-01-14T01:34:58.000Z</time>
        <extensions>
          <ns3:TrackPointExtension>
            <ns3:hr>164</ns3:hr>
          </ns3:TrackPointExtension>
        </extensions>
      </trkpt>
      <trkpt lat="23.1494078971445560455322265625" lon="113.40141627006232738494873046875">
        <ele>14.19999980926513671875</ele>
        <time>2023-01-14T01:34:59.000Z</time>
        <extensions>
          <ns3:TrackPointExtension>
            <ns3:hr>164</ns3:hr>
          </ns3:TrackPointExtension>
        </extensions>
      </trkpt>
      <trkpt lat="23.149435222148895263671875" lon="113.40143504552543163299560546875">
        <ele>15</ele>
        <time>2023-01-14T01:35:00.000Z</time>
        <extensions>
          <ns3:TrackPointExtension>
            <ns3:hr>163</ns3:hr>
          </ns3:TrackPointExtension>
        </extensions>
      </trkpt>
      <trkpt lat="23.14946279861032962799072265625" lon="113.40145566500723361968994140625">
        <ele>15.80000019073486328125</ele>
        <time>2023-01-14T01:35:01.000Z</time>
        <extensions>
          <ns3:TrackPointExtension>
            <ns3:hr>162</ns3:hr>
          </ns3:TrackPointExtension>
        </extensions>
      </trkpt>
      <trkpt lat="23.14949012361466884613037109375" lon="113.40147779323160648345947265625">
        <ele>16.6000003814697265625</ele>
        <time>2023-01-14T01:35:02.000Z</time>
        <extensions>
          <ns3:TrackPointExtension>
            <ns3:hr>161</ns3:hr>
          </ns3:TrackPointExtension>
        </extensions>
      </trkpt>
      <trkpt lat="23.1495170295238494873046875" lon="113.40149891562759876251220703125">
        <ele>17.3999996185302734375</ele>
        <time>2023-01-14T01:35:03.000Z</time>
        <extensions>
          <ns3:TrackPointExtension>
            <ns3:hr>161</ns3:hr>
          </ns3:TrackPointExtension>
        </extensions>
      </trkpt>
      <trkpt lat="23.14954318106174468994140625" lon="113.40152003802359104156494140625">
        <ele>18.200000762939453125</ele>
        <time>2023-01-14T01:35:04.000Z</time>
        <extensions>
          <ns3:TrackPointExtension>
            <ns3:hr>161</ns3:hr>
          </ns3:TrackPointExtension>
        </extensions>
      </trkpt>
      <trkpt lat="23.14956941641867160797119140625" lon="113.40154132805764675140380859375">
        <ele>19</ele>
        <time>2023-01-14T01:35:05.000Z</time>
        <extensions>
          <ns3:TrackPointExtension>
            <ns3:hr>161</ns3:hr>
          </ns3:TrackPointExtension>
        </extensions>
      </trkpt>
      <trkpt lat="23.1495969928801059722900390625" lon="113.4015640430152416229248046875">
        <ele>19.799999237060546875</ele>
        <time>2023-01-14T01:35:06.000Z</time>
        <extensions>
          <ns3:TrackPointExtension>
            <ns3:hr>160</ns3:hr>
          </ns3:TrackPointExtension>
        </extensions>
      </trkpt>
      <trkpt lat="23.1496258266270160675048828125" lon="113.40158793143928050994873046875">
        <ele>20.6000003814697265625</ele>
        <time>2023-01-14T01:35:07.000Z</time>
        <extensions>
          <ns3:TrackPointExtension>
            <ns3:hr>158</ns3:hr>
          </ns3:TrackPointExtension>
        </extensions>
      </trkpt>
      <trkpt lat="23.149654157459735870361328125" lon="113.40161508880555629730224609375">
        <ele>21.3999996185302734375</ele>
        <time>2023-01-14T01:35:08.000Z</time>
        <extensions>
          <ns3:TrackPointExtension>
            <ns3:hr>158</ns3:hr>
          </ns3:TrackPointExtension>
        </extensions>
      </trkpt>
      <trkpt lat="23.14968173392117023468017578125" lon="113.40164341963827610015869140625">
        <ele>22.200000762939453125</ele>
        <time>2023-01-14T01:35:09.000Z</time>
        <extensions>
          <ns3:TrackPointExtension>
            <ns3:hr>157</ns3:hr>
          </ns3:TrackPointExtension>
        </extensions>
      </trkpt>
      <trkpt lat="23.14971073530614376068115234375" lon="113.40167024172842502593994140625">
        <ele>22.6000003814697265625</ele>
        <time>2023-01-14T01:35:10.000Z</time>
        <extensions>
          <ns3:TrackPointExtension>
            <ns3:hr>157</ns3:hr>
          </ns3:TrackPointExtension>
        </extensions>
      </trkpt>
      <trkpt lat="23.14974342472851276397705078125" lon="113.40169354341924190521240234375">
        <ele>23.200000762939453125</ele>
        <time>2023-01-14T01:35:11.000Z</time>
        <extensions>
          <ns3:TrackPointExtension>
            <ns3:hr>157</ns3:hr>
          </ns3:TrackPointExtension>
        </extensions>
      </trkpt>
      <trkpt lat="23.14977929927408695220947265625" lon="113.40171399526298046112060546875">
        <ele>23.799999237060546875</ele>
        <time>2023-01-14T01:35:12.000Z</time>
        <extensions>
          <ns3:TrackPointExtension>
            <ns3:hr>157</ns3:hr>
          </ns3:TrackPointExtension>
        </extensions>
      </trkpt>
      <trkpt lat="23.14981802366673946380615234375" lon="113.40173310600221157073974609375">
        <ele>24</ele>
        <time>2023-01-14T01:35:13.000Z</time>
        <extensions>
          <ns3:TrackPointExtension>
            <ns3:hr>157</ns3:hr>
          </ns3:TrackPointExtension>
        </extensions>
      </trkpt>
      <trkpt lat="23.1498591788113117218017578125" lon="113.4017521329224109649658203125">
        <ele>24.200000762939453125</ele>
        <time>2023-01-14T01:35:14.000Z</time>
        <extensions>
          <ns3:TrackPointExtension>
            <ns3:hr>157</ns3:hr>
          </ns3:TrackPointExtension>
        </extensions>
      </trkpt>
      <trkpt lat="23.14990125596523284912109375" lon="113.40177400968968868255615234375">
        <ele>24</ele>
        <time>2023-01-14T01:35:15.000Z</time>
        <extensions>
          <ns3:TrackPointExtension>
            <ns3:hr>157</ns3:hr>
          </ns3:TrackPointExtension>
        </extensions>
      </trkpt>
      <trkpt lat="23.1499433331191539764404296875" lon="113.40179957449436187744140625">
        <ele>24</ele>
        <time>2023-01-14T01:35:16.000Z</time>
        <extensions>
          <ns3:TrackPointExtension>
            <ns3:hr>157</ns3:hr>
          </ns3:TrackPointExtension>
        </extensions>
      </trkpt>
      <trkpt lat="23.14998532645404338836669921875" lon="113.40182773768901824951171875">
        <ele>22.799999237060546875</ele>
        <time>2023-01-14T01:35:17.000Z</time>
        <extensions>
          <ns3:TrackPointExtension>
            <ns3:hr>157</ns3:hr>
          </ns3:TrackPointExtension>
        </extensions>
      </trkpt>
      <trkpt lat="23.150028325617313385009765625" lon="113.40185724198818206787109375">
        <ele>21.3999996185302734375</ele>
        <time>2023-01-14T01:35:18.000Z</time>
        <extensions>
          <ns3:TrackPointExtension>
            <ns3:hr>157</ns3:hr>
          </ns3:TrackPointExtension>
        </extensions>
      </trkpt>
      <trkpt lat="23.15007182769477367401123046875" lon="113.4018865786492824554443359375">
        <ele>20.200000762939453125</ele>
        <time>2023-01-14T01:35:19.000Z</time>
        <extensions>
          <ns3:TrackPointExtension>
            <ns3:hr>157</ns3:hr>
          </ns3:TrackPointExtension>
        </extensions>
      </trkpt>
      <trkpt lat="23.150116503238677978515625" lon="113.4019155800342559814453125">
        <ele>18.799999237060546875</ele>
        <time>2023-01-14T01:35:20.000Z</time>
        <extensions>
          <ns3:TrackPointExtension>
            <ns3:hr>157</ns3:hr>
          </ns3:TrackPointExtension>
        </extensions>
      </trkpt>
      <trkpt lat="23.15016168169677257537841796875" lon="113.401946090161800384521484375">
        <ele>17.3999996185302734375</ele>
        <time>2023-01-14T01:35:21.000Z</time>
        <extensions>
          <ns3:TrackPointExtension>
            <ns3:hr>157</ns3:hr>
          </ns3:TrackPointExtension>
        </extensions>
      </trkpt>
      <trkpt lat="23.1502075307071208953857421875" lon="113.4019781090319156646728515625">
        <ele>15.80000019073486328125</ele>
        <time>2023-01-14T01:35:22.000Z</time>
        <extensions>
          <ns3:TrackPointExtension>
            <ns3:hr>157</ns3:hr>
          </ns3:TrackPointExtension>
        </extensions>
      </trkpt>
      <trkpt lat="23.15026930533349514007568359375" lon="113.4020201861858367919921875">
        <ele>13.6000003814697265625</ele>
        <time>2023-01-14T01:35:23.000Z</time>
        <extensions>
          <ns3:TrackPointExtension>
            <ns3:hr>157</ns3:hr>
          </ns3:TrackPointExtension>
        </extensions>
      </trkpt>
      <trkpt lat="23.15031708218157291412353515625" lon="113.4020515345036983489990234375">
        <ele>12</ele>
        <time>2023-01-14T01:35:24.000Z</time>
        <extensions>
          <ns3:TrackPointExtension>
            <ns3:hr>156</ns3:hr>
          </ns3:TrackPointExtension>
        </extensions>
      </trkpt>
      <trkpt lat="23.1503511965274810791015625" lon="113.402074165642261505126953125">
        <ele>10.80000019073486328125</ele>
        <time>2023-01-14T01:35:25.000Z</time>
        <extensions>
          <ns3:TrackPointExtension>
            <ns3:hr>157</ns3:hr>
          </ns3:TrackPointExtension>
        </extensions>
      </trkpt>
      <trkpt lat="23.15041045658290386199951171875" lon="113.4021142311394214630126953125">
        <ele>8.6000003814697265625</ele>
        <time>2023-01-14T01:35:26.000Z</time>
        <extensions>
          <ns3:TrackPointExtension>
            <ns3:hr>157</ns3:hr>
          </ns3:TrackPointExtension>
        </extensions>
      </trkpt>
      <trkpt lat="23.15046007744967937469482421875" lon="113.40214901603758335113525390625">
        <ele>6.80000019073486328125</ele>
        <time>2023-01-14T01:35:27.000Z</time>
        <extensions>
          <ns3:TrackPointExtension>
            <ns3:hr>157</ns3:hr>
          </ns3:TrackPointExtension>
        </extensions>
      </trkpt>
      <trkpt lat="23.15050869248807430267333984375" lon="113.40218472294509410858154296875">
        <ele>5</ele>
        <time>2023-01-14T01:35:28.000Z</time>
        <extensions>
          <ns3:TrackPointExtension>
            <ns3:hr>157</ns3:hr>
          </ns3:TrackPointExtension>
        </extensions>
      </trkpt>
      <trkpt lat="23.150556385517120361328125" lon="113.40222042985260486602783203125">
        <ele>4.400000095367431640625</ele>
        <time>2023-01-14T01:35:29.000Z</time>
        <extensions>
          <ns3:TrackPointExtension>
            <ns3:hr>156</ns3:hr>
          </ns3:TrackPointExtension>
        </extensions>
      </trkpt>
      <trkpt lat="23.150605000555515289306640625" lon="113.40225429274141788482666015625">
        <ele>4</ele>
        <time>2023-01-14T01:35:30.000Z</time>
        <extensions>
          <ns3:TrackPointExtension>
            <ns3:hr>155</ns3:hr>
          </ns3:TrackPointExtension>
        </extensions>
      </trkpt>
      <trkpt lat="23.15065361559391021728515625" lon="113.40228748507797718048095703125">
        <ele>4</ele>
        <time>2023-01-14T01:35:31.000Z</time>
        <extensions>
          <ns3:TrackPointExtension>
            <ns3:hr>159</ns3:hr>
          </ns3:TrackPointExtension>
        </extensions>
      </trkpt>
      <trkpt lat="23.150702230632305145263671875" lon="113.4023190848529338836669921875">
        <ele>4.400000095367431640625</ele>
        <time>2023-01-14T01:35:32.000Z</time>
        <extensions>
          <ns3:TrackPointExtension>
            <ns3:hr>157</ns3:hr>
          </ns3:TrackPointExtension>
        </extensions>
      </trkpt>
      <trkpt lat="23.15075059421360492706298828125" lon="113.40235202573239803314208984375">
        <ele>5</ele>
        <time>2023-01-14T01:35:33.000Z</time>
        <extensions>
          <ns3:TrackPointExtension>
            <ns3:hr>157</ns3:hr>
          </ns3:TrackPointExtension>
        </extensions>
      </trkpt>
      <trkpt lat="23.15079904161393642425537109375" lon="113.402385972440242767333984375">
        <ele>5.400000095367431640625</ele>
        <time>2023-01-14T01:35:34.000Z</time>
        <extensions>
          <ns3:TrackPointExtension>
            <ns3:hr>157</ns3:hr>
          </ns3:TrackPointExtension>
        </extensions>
      </trkpt>
      <trkpt lat="23.15084815956652164459228515625" lon="113.4024206735193729400634765625">
        <ele>6</ele>
        <time>2023-01-14T01:35:35.000Z</time>
        <extensions>
          <ns3:TrackPointExtension>
            <ns3:hr>157</ns3:hr>
          </ns3:TrackPointExtension>
        </extensions>
      </trkpt>
      <trkpt lat="23.15089702606201171875" lon="113.40245579369366168975830078125">
        <ele>6.599999904632568359375</ele>
        <time>2023-01-14T01:35:36.000Z</time>
        <extensions>
          <ns3:TrackPointExtension>
            <ns3:hr>157</ns3:hr>
          </ns3:TrackPointExtension>
        </extensions>
      </trkpt>
      <trkpt lat="23.15094639547169208526611328125" lon="113.4024900756776332855224609375">
        <ele>7.400000095367431640625</ele>
        <time>2023-01-14T01:35:37.000Z</time>
        <extensions>
          <ns3:TrackPointExtension>
            <ns3:hr>156</ns3:hr>
          </ns3:TrackPointExtension>
        </extensions>
      </trkpt>
      <trkpt lat="23.150994591414928436279296875" lon="113.40252536348998546600341796875">
        <ele>8</ele>
        <time>2023-01-14T01:35:38.000Z</time>
        <extensions>
          <ns3:TrackPointExtension>
            <ns3:hr>154</ns3:hr>
          </ns3:TrackPointExtension>
        </extensions>
      </trkpt>
      <trkpt lat="23.1510427035391330718994140625" lon="113.40256073512136936187744140625">
        <ele>8.6000003814697265625</ele>
        <time>2023-01-14T01:35:39.000Z</time>
        <extensions>
          <ns3:TrackPointExtension>
            <ns3:hr>155</ns3:hr>
          </ns3:TrackPointExtension>
        </extensions>
      </trkpt>
      <trkpt lat="23.15109081566333770751953125" lon="113.4025960229337215423583984375">
        <ele>8.6000003814697265625</ele>
        <time>2023-01-14T01:35:40.000Z</time>
        <extensions>
          <ns3:TrackPointExtension>
            <ns3:hr>155</ns3:hr>
          </ns3:TrackPointExtension>
        </extensions>
      </trkpt>
      <trkpt lat="23.15113901160657405853271484375" lon="113.4026325680315494537353515625">
        <ele>8.19999980926513671875</ele>
        <time>2023-01-14T01:35:41.000Z</time>
        <extensions>
          <ns3:TrackPointExtension>
            <ns3:hr>155</ns3:hr>
          </ns3:TrackPointExtension>
        </extensions>
      </trkpt>
      <trkpt lat="23.15118729136884212493896484375" lon="113.4026687778532505035400390625">
        <ele>7.599999904632568359375</ele>
        <time>2023-01-14T01:35:42.000Z</time>
        <extensions>
          <ns3:TrackPointExtension>
            <ns3:hr>155</ns3:hr>
          </ns3:TrackPointExtension>
        </extensions>
      </trkpt>
      <trkpt lat="23.15123640932142734527587890625" lon="113.40270356275141239166259765625">
        <ele>7</ele>
        <time>2023-01-14T01:35:43.000Z</time>
        <extensions>
          <ns3:TrackPointExtension>
            <ns3:hr>155</ns3:hr>
          </ns3:TrackPointExtension>
        </extensions>
      </trkpt>
      <trkpt lat="23.15128535963594913482666015625" lon="113.40273658744990825653076171875">
        <ele>6.400000095367431640625</ele>
        <time>2023-01-14T01:35:44.000Z</time>
        <extensions>
          <ns3:TrackPointExtension>
            <ns3:hr>155</ns3:hr>
          </ns3:TrackPointExtension>
        </extensions>
      </trkpt>
      <trkpt lat="23.151333890855312347412109375" lon="113.40276860632002353668212890625">
        <ele>5.80000019073486328125</ele>
        <time>2023-01-14T01:35:45.000Z</time>
        <extensions>
          <ns3:TrackPointExtension>
            <ns3:hr>156</ns3:hr>
          </ns3:TrackPointExtension>
        </extensions>
      </trkpt>
      <trkpt lat="23.15138309262692928314208984375" lon="113.40280028991401195526123046875">
        <ele>5.80000019073486328125</ele>
        <time>2023-01-14T01:35:46.000Z</time>
        <extensions>
          <ns3:TrackPointExtension>
            <ns3:hr>156</ns3:hr>
          </ns3:TrackPointExtension>
        </extensions>
      </trkpt>
      <trkpt lat="23.1514336355030536651611328125" lon="113.4028293751180171966552734375">
        <ele>6</ele>
        <time>2023-01-14T01:35:47.000Z</time>
        <extensions>
          <ns3:TrackPointExtension>
            <ns3:hr>158</ns3:hr>
          </ns3:TrackPointExtension>
        </extensions>
      </trkpt>
      <trkpt lat="23.1514849327504634857177734375" lon="113.4028568677604198455810546875">
        <ele>6.80000019073486328125</ele>
        <time>2023-01-14T01:35:48.000Z</time>
        <extensions>
          <ns3:TrackPointExtension>
            <ns3:hr>159</ns3:hr>
          </ns3:TrackPointExtension>
        </extensions>
      </trkpt>
      <trkpt lat="23.15153581090271472930908203125" lon="113.40288511477410793304443359375">
        <ele>7.599999904632568359375</ele>
        <time>2023-01-14T01:35:49.000Z</time>
        <extensions>
          <ns3:TrackPointExtension>
            <ns3:hr>159</ns3:hr>
          </ns3:TrackPointExtension>
        </extensions>
      </trkpt>
      <trkpt lat="23.15158702433109283447265625" lon="113.40291428379714488983154296875">
        <ele>8.3999996185302734375</ele>
        <time>2023-01-14T01:35:50.000Z</time>
        <extensions>
          <ns3:TrackPointExtension>
            <ns3:hr>159</ns3:hr>
          </ns3:TrackPointExtension>
        </extensions>
      </trkpt>
      <trkpt lat="23.15163932740688323974609375" lon="113.402942530810832977294921875">
        <ele>9</ele>
        <time>2023-01-14T01:35:51.000Z</time>
        <extensions>
          <ns3:TrackPointExtension>
            <ns3:hr>159</ns3:hr>
          </ns3:TrackPointExtension>
        </extensions>
      </trkpt>
      <trkpt lat="23.1516923010349273681640625" lon="113.40296901762485504150390625">
        <ele>9.19999980926513671875</ele>
        <time>2023-01-14T01:35:52.000Z</time>
        <extensions>
          <ns3:TrackPointExtension>
            <ns3:hr>161</ns3:hr>
          </ns3:TrackPointExtension>
        </extensions>
      </trkpt>
      <trkpt lat="23.15174485556781291961669921875" lon="113.40299592353403568267822265625">
        <ele>9.3999996185302734375</ele>
        <time>2023-01-14T01:35:53.000Z</time>
        <extensions>
          <ns3:TrackPointExtension>
            <ns3:hr>161</ns3:hr>
          </ns3:TrackPointExtension>
        </extensions>
      </trkpt>
      <trkpt lat="23.1517977453768253326416015625" lon="113.4030251763761043548583984375">
        <ele>9.6000003814697265625</ele>
        <time>2023-01-14T01:35:54.000Z</time>
        <extensions>
          <ns3:TrackPointExtension>
            <ns3:hr>161</ns3:hr>
          </ns3:TrackPointExtension>
        </extensions>
      </trkpt>
      <trkpt lat="23.15185080282390117645263671875" lon="113.40305677615106105804443359375">
        <ele>10</ele>
        <time>2023-01-14T01:35:55.000Z</time>
        <extensions>
          <ns3:TrackPointExtension>
            <ns3:hr>162</ns3:hr>
          </ns3:TrackPointExtension>
        </extensions>
      </trkpt>
      <trkpt lat="23.151902519166469573974609375" lon="113.4030888788402080535888671875">
        <ele>10.6000003814697265625</ele>
        <time>2023-01-14T01:35:56.000Z</time>
        <extensions>
          <ns3:TrackPointExtension>
            <ns3:hr>163</ns3:hr>
          </ns3:TrackPointExtension>
        </extensions>
      </trkpt>
      <trkpt lat="23.1519539840519428253173828125" lon="113.4031187184154987335205078125">
        <ele>10.3999996185302734375</ele>
        <time>2023-01-14T01:35:57.000Z</time>
        <extensions>
          <ns3:TrackPointExtension>
            <ns3:hr>163</ns3:hr>
          </ns3:TrackPointExtension>
        </extensions>
      </trkpt>
      <trkpt lat="23.15200620330870151519775390625" lon="113.403145037591457366943359375">
        <ele>10</ele>
        <time>2023-01-14T01:35:58.000Z</time>
        <extensions>
          <ns3:TrackPointExtension>
            <ns3:hr>163</ns3:hr>
          </ns3:TrackPointExtension>
        </extensions>
      </trkpt>
      <trkpt lat="23.15205984748899936676025390625" lon="113.4031676687300205230712890625">
        <ele>9.3999996185302734375</ele>
        <time>2023-01-14T01:35:59.000Z</time>
        <extensions>
          <ns3:TrackPointExtension>
            <ns3:hr>163</ns3:hr>
          </ns3:TrackPointExtension>
        </extensions>
      </trkpt>
      <trkpt lat="23.1521129049360752105712890625" lon="113.40318904258310794830322265625">
        <ele>9</ele>
        <time>2023-01-14T01:36:00.000Z</time>
        <extensions>
          <ns3:TrackPointExtension>
            <ns3:hr>163</ns3:hr>
          </ns3:TrackPointExtension>
        </extensions>
      </trkpt>
      <trkpt lat="23.1521652080118656158447265625" lon="113.4032085724174976348876953125">
        <ele>8.3999996185302734375</ele>
        <time>2023-01-14T01:36:01.000Z</time>
        <extensions>
          <ns3:TrackPointExtension>
            <ns3:hr>164</ns3:hr>
          </ns3:TrackPointExtension>
        </extensions>
      </trkpt>
      <trkpt lat="23.15221709199249744415283203125" lon="113.403230197727680206298828125">
        <ele>8.6000003814697265625</ele>
        <time>2023-01-14T01:36:02.000Z</time>
        <extensions>
          <ns3:TrackPointExtension>
            <ns3:hr>166</ns3:hr>
          </ns3:TrackPointExtension>
        </extensions>
      </trkpt>
      <trkpt lat="23.15226721577346324920654296875" lon="113.40325534343719482421875">
        <ele>8.80000019073486328125</ele>
        <time>2023-01-14T01:36:03.000Z</time>
        <extensions>
          <ns3:TrackPointExtension>
            <ns3:hr>167</ns3:hr>
          </ns3:TrackPointExtension>
        </extensions>
      </trkpt>
      <trkpt lat="23.15231465734541416168212890625" lon="113.40328191407024860382080078125">
        <ele>9.19999980926513671875</ele>
        <time>2023-01-14T01:36:04.000Z</time>
        <extensions>
          <ns3:TrackPointExtension>
            <ns3:hr>168</ns3:hr>
          </ns3:TrackPointExtension>
        </extensions>
      </trkpt>
      <trkpt lat="23.152348101139068603515625" lon="113.40330203063786029815673828125">
        <ele>9.3999996185302734375</ele>
        <time>2023-01-14T01:36:05.000Z</time>
        <extensions>
          <ns3:TrackPointExtension>
            <ns3:hr>168</ns3:hr>
          </ns3:TrackPointExtension>
        </extensions>
      </trkpt>
      <trkpt lat="23.1523908488452434539794921875" lon="113.40332918800413608551025390625">
        <ele>9.6000003814697265625</ele>
        <time>2023-01-14T01:36:06.000Z</time>
        <extensions>
          <ns3:TrackPointExtension>
            <ns3:hr>166</ns3:hr>
          </ns3:TrackPointExtension>
        </extensions>
      </trkpt>
      <trkpt lat="23.1524374522268772125244140625" lon="113.4033601172268390655517578125">
        <ele>9.80000019073486328125</ele>
        <time>2023-01-14T01:36:07.000Z</time>
        <extensions>
          <ns3:TrackPointExtension>
            <ns3:hr>167</ns3:hr>
          </ns3:TrackPointExtension>
        </extensions>
      </trkpt>
      <trkpt lat="23.15250140614807605743408203125" lon="113.4034033678472042083740234375">
        <ele>9.80000019073486328125</ele>
        <time>2023-01-14T01:36:08.000Z</time>
        <extensions>
          <ns3:TrackPointExtension>
            <ns3:hr>168</ns3:hr>
          </ns3:TrackPointExtension>
        </extensions>
      </trkpt>
      <trkpt lat="23.15255261957645416259765625" lon="113.40343731455504894256591796875">
        <ele>9.3999996185302734375</ele>
        <time>2023-01-14T01:36:09.000Z</time>
        <extensions>
          <ns3:TrackPointExtension>
            <ns3:hr>169</ns3:hr>
          </ns3:TrackPointExtension>
        </extensions>
      </trkpt>
      <trkpt lat="23.1526042520999908447265625" lon="113.40346883051097393035888671875">
        <ele>9.19999980926513671875</ele>
        <time>2023-01-14T01:36:10.000Z</time>
        <extensions>
          <ns3:TrackPointExtension>
            <ns3:hr>170</ns3:hr>
          </ns3:TrackPointExtension>
        </extensions>
      </trkpt>
      <trkpt lat="23.1526553817093372344970703125" lon="113.4035009332001209259033203125">
        <ele>9</ele>
        <time>2023-01-14T01:36:11.000Z</time>
        <extensions>
          <ns3:TrackPointExtension>
            <ns3:hr>170</ns3:hr>
          </ns3:TrackPointExtension>
        </extensions>
      </trkpt>
      <trkpt lat="23.152703829109668731689453125" lon="113.40353454463183879852294921875">
        <ele>8.80000019073486328125</ele>
        <time>2023-01-14T01:36:12.000Z</time>
        <extensions>
          <ns3:TrackPointExtension>
            <ns3:hr>170</ns3:hr>
          </ns3:TrackPointExtension>
        </extensions>
      </trkpt>
      <trkpt lat="23.15275068394839763641357421875" lon="113.40357058681547641754150390625">
        <ele>8.6000003814697265625</ele>
        <time>2023-01-14T01:36:13.000Z</time>
        <extensions>
          <ns3:TrackPointExtension>
            <ns3:hr>170</ns3:hr>
          </ns3:TrackPointExtension>
        </extensions>
      </trkpt>
      <trkpt lat="23.15279804170131683349609375" lon="113.403606712818145751953125">
        <ele>8.6000003814697265625</ele>
        <time>2023-01-14T01:36:14.000Z</time>
        <extensions>
          <ns3:TrackPointExtension>
            <ns3:hr>170</ns3:hr>
          </ns3:TrackPointExtension>
        </extensions>
      </trkpt>
      <trkpt lat="23.1528458185493946075439453125" lon="113.4036424197256565093994140625">
        <ele>8.6000003814697265625</ele>
        <time>2023-01-14T01:36:15.000Z</time>
        <extensions>
          <ns3:TrackPointExtension>
            <ns3:hr>170</ns3:hr>
          </ns3:TrackPointExtension>
        </extensions>
      </trkpt>
      <trkpt lat="23.1528924219310283660888671875" lon="113.40367703698575496673583984375">
        <ele>8.6000003814697265625</ele>
        <time>2023-01-14T01:36:16.000Z</time>
        <extensions>
          <ns3:TrackPointExtension>
            <ns3:hr>170</ns3:hr>
          </ns3:TrackPointExtension>
        </extensions>
      </trkpt>
      <trkpt lat="23.1529386900365352630615234375" lon="113.403712995350360870361328125">
        <ele>9</ele>
        <time>2023-01-14T01:36:17.000Z</time>
        <extensions>
          <ns3:TrackPointExtension>
            <ns3:hr>170</ns3:hr>
          </ns3:TrackPointExtension>
        </extensions>
      </trkpt>
      <trkpt lat="23.15298520959913730621337890625" lon="113.40374811552464962005615234375">
        <ele>9.19999980926513671875</ele>
        <time>2023-01-14T01:36:18.000Z</time>
        <extensions>
          <ns3:TrackPointExtension>
            <ns3:hr>170</ns3:hr>
          </ns3:TrackPointExtension>
        </extensions>
      </trkpt>
      <trkpt lat="23.153031729161739349365234375" lon="113.403781391680240631103515625">
        <ele>9.6000003814697265625</ele>
        <time>2023-01-14T01:36:19.000Z</time>
        <extensions>
          <ns3:TrackPointExtension>
            <ns3:hr>170</ns3:hr>
          </ns3:TrackPointExtension>
        </extensions>
      </trkpt>
      <trkpt lat="23.1530774943530559539794921875" lon="113.40381282381713390350341796875">
        <ele>10.19999980926513671875</ele>
        <time>2023-01-14T01:36:20.000Z</time>
        <extensions>
          <ns3:TrackPointExtension>
            <ns3:hr>170</ns3:hr>
          </ns3:TrackPointExtension>
        </extensions>
      </trkpt>
      <trkpt lat="23.153123594820499420166015625" lon="113.403843082487583160400390625">
        <ele>10.6000003814697265625</ele>
        <time>2023-01-14T01:36:21.000Z</time>
        <extensions>
          <ns3:TrackPointExtension>
            <ns3:hr>170</ns3:hr>
          </ns3:TrackPointExtension>
        </extensions>
      </trkpt>
      <trkpt lat="23.15317078493535518646240234375" lon="113.40387300588190555572509765625">
        <ele>11</ele>
        <time>2023-01-14T01:36:22.000Z</time>
        <extensions>
          <ns3:TrackPointExtension>
            <ns3:hr>170</ns3:hr>
          </ns3:TrackPointExtension>
        </extensions>
      </trkpt>
      <trkpt lat="23.1532203219830989837646484375" lon="113.403904438018798828125">
        <ele>11.3999996185302734375</ele>
        <time>2023-01-14T01:36:23.000Z</time>
        <extensions>
          <ns3:TrackPointExtension>
            <ns3:hr>170</ns3:hr>
          </ns3:TrackPointExtension>
        </extensions>
      </trkpt>
      <trkpt lat="23.1532712839543819427490234375" lon="113.40393771417438983917236328125">
        <ele>12</ele>
        <time>2023-01-14T01:36:24.000Z</time>
        <extensions>
          <ns3:TrackPointExtension>
            <ns3:hr>170</ns3:hr>
          </ns3:TrackPointExtension>
        </extensions>
      </trkpt>
      <trkpt lat="23.1533222459256649017333984375" lon="113.40397140942513942718505859375">
        <ele>12</ele>
        <time>2023-01-14T01:36:25.000Z</time>
        <extensions>
          <ns3:TrackPointExtension>
            <ns3:hr>170</ns3:hr>
          </ns3:TrackPointExtension>
        </extensions>
      </trkpt>
      <trkpt lat="23.153372704982757568359375" lon="113.40400443412363529205322265625">
        <ele>12</ele>
        <time>2023-01-14T01:36:26.000Z</time>
        <extensions>
          <ns3:TrackPointExtension>
            <ns3:hr>170</ns3:hr>
          </ns3:TrackPointExtension>
        </extensions>
      </trkpt>
      <trkpt lat="23.15342291258275508880615234375" lon="113.40403653681278228759765625">
        <ele>12.19999980926513671875</ele>
        <time>2023-01-14T01:36:27.000Z</time>
        <extensions>
          <ns3:TrackPointExtension>
            <ns3:hr>170</ns3:hr>
          </ns3:TrackPointExtension>
        </extensions>
      </trkpt>
      <trkpt lat="23.15346993505954742431640625" lon="113.40406914241611957550048828125">
        <ele>12.19999980926513671875</ele>
        <time>2023-01-14T01:36:28.000Z</time>
        <extensions>
          <ns3:TrackPointExtension>
            <ns3:hr>170</ns3:hr>
          </ns3:TrackPointExtension>
        </extensions>
      </trkpt>
      <trkpt lat="23.1535160355269908905029296875" lon="113.40410132892429828643798828125">
        <ele>12.19999980926513671875</ele>
        <time>2023-01-14T01:36:29.000Z</time>
        <extensions>
          <ns3:TrackPointExtension>
            <ns3:hr>170</ns3:hr>
          </ns3:TrackPointExtension>
        </extensions>
      </trkpt>
      <trkpt lat="23.1535606272518634796142578125" lon="113.40413318015635013580322265625">
        <ele>12.19999980926513671875</ele>
        <time>2023-01-14T01:36:30.000Z</time>
        <extensions>
          <ns3:TrackPointExtension>
            <ns3:hr>170</ns3:hr>
          </ns3:TrackPointExtension>
        </extensions>
      </trkpt>
      <trkpt lat="23.15360664390027523040771484375" lon="113.4041641093790531158447265625">
        <ele>12.19999980926513671875</ele>
        <time>2023-01-14T01:36:31.000Z</time>
        <extensions>
          <ns3:TrackPointExtension>
            <ns3:hr>171</ns3:hr>
          </ns3:TrackPointExtension>
        </extensions>
      </trkpt>
      <trkpt lat="23.15365240909159183502197265625" lon="113.40419436804950237274169921875">
        <ele>12</ele>
        <time>2023-01-14T01:36:32.000Z</time>
        <extensions>
          <ns3:TrackPointExtension>
            <ns3:hr>171</ns3:hr>
          </ns3:TrackPointExtension>
        </extensions>
      </trkpt>
      <trkpt lat="23.1536851823329925537109375" lon="113.40421783737838268280029296875">
        <ele>12</ele>
        <time>2023-01-14T01:36:33.000Z</time>
        <extensions>
          <ns3:TrackPointExtension>
            <ns3:hr>171</ns3:hr>
          </ns3:TrackPointExtension>
        </extensions>
      </trkpt>
      <trkpt lat="23.15374108962714672088623046875" lon="113.404258824884891510009765625">
        <ele>12</ele>
        <time>2023-01-14T01:36:34.000Z</time>
        <extensions>
          <ns3:TrackPointExtension>
            <ns3:hr>171</ns3:hr>
          </ns3:TrackPointExtension>
        </extensions>
      </trkpt>
      <trkpt lat="23.1537882797420024871826171875" lon="113.40429402887821197509765625">
        <ele>12</ele>
        <time>2023-01-14T01:36:35.000Z</time>
        <extensions>
          <ns3:TrackPointExtension>
            <ns3:hr>171</ns3:hr>
          </ns3:TrackPointExtension>
        </extensions>
      </trkpt>
      <trkpt lat="23.15383329056203365325927734375" lon="113.40432747267186641693115234375">
        <ele>12</ele>
        <time>2023-01-14T01:36:36.000Z</time>
        <extensions>
          <ns3:TrackPointExtension>
            <ns3:hr>171</ns3:hr>
          </ns3:TrackPointExtension>
        </extensions>
      </trkpt>
      <trkpt lat="23.15387804992496967315673828125" lon="113.40435831807553768157958984375">
        <ele>12</ele>
        <time>2023-01-14T01:36:37.000Z</time>
        <extensions>
          <ns3:TrackPointExtension>
            <ns3:hr>171</ns3:hr>
          </ns3:TrackPointExtension>
        </extensions>
      </trkpt>
      <trkpt lat="23.15390822477638721466064453125" lon="113.40437994338572025299072265625">
        <ele>12</ele>
        <time>2023-01-14T01:36:38.000Z</time>
        <extensions>
          <ns3:TrackPointExtension>
            <ns3:hr>171</ns3:hr>
          </ns3:TrackPointExtension>
        </extensions>
      </trkpt>
      <trkpt lat="23.153946697711944580078125" lon="113.40440676547586917877197265625">
        <ele>12</ele>
        <time>2023-01-14T01:36:39.000Z</time>
        <extensions>
          <ns3:TrackPointExtension>
            <ns3:hr>171</ns3:hr>
          </ns3:TrackPointExtension>
        </extensions>
      </trkpt>
      <trkpt lat="23.153991289436817169189453125" lon="113.40443543158471584320068359375">
        <ele>12</ele>
        <time>2023-01-14T01:36:40.000Z</time>
        <extensions>
          <ns3:TrackPointExtension>
            <ns3:hr>171</ns3:hr>
          </ns3:TrackPointExtension>
        </extensions>
      </trkpt>
      <trkpt lat="23.15403722226619720458984375" lon="113.404466025531291961669921875">
        <ele>12</ele>
        <time>2023-01-14T01:36:41.000Z</time>
        <extensions>
          <ns3:TrackPointExtension>
            <ns3:hr>171</ns3:hr>
          </ns3:TrackPointExtension>
        </extensions>
      </trkpt>
      <trkpt lat="23.15409765578806400299072265625" lon="113.40451053343713283538818359375">
        <ele>12</ele>
        <time>2023-01-14T01:36:42.000Z</time>
        <extensions>
          <ns3:TrackPointExtension>
            <ns3:hr>171</ns3:hr>
          </ns3:TrackPointExtension>
        </extensions>
      </trkpt>
      <trkpt lat="23.154143504798412322998046875" lon="113.40454749763011932373046875">
        <ele>11.80000019073486328125</ele>
        <time>2023-01-14T01:36:43.000Z</time>
        <extensions>
          <ns3:TrackPointExtension>
            <ns3:hr>170</ns3:hr>
          </ns3:TrackPointExtension>
        </extensions>
      </trkpt>
      <trkpt lat="23.154188096523284912109375" lon="113.4045811928808689117431640625">
        <ele>11.80000019073486328125</ele>
        <time>2023-01-14T01:36:44.000Z</time>
        <extensions>
          <ns3:TrackPointExtension>
            <ns3:hr>170</ns3:hr>
          </ns3:TrackPointExtension>
        </extensions>
      </trkpt>
      <trkpt lat="23.1542328558862209320068359375" lon="113.40461346320807933807373046875">
        <ele>12</ele>
        <time>2023-01-14T01:36:45.000Z</time>
        <extensions>
          <ns3:TrackPointExtension>
            <ns3:hr>169</ns3:hr>
          </ns3:TrackPointExtension>
        </extensions>
      </trkpt>
      <trkpt lat="23.1542630307376384735107421875" lon="113.40463592670857906341552734375">
        <ele>12</ele>
        <time>2023-01-14T01:36:46.000Z</time>
        <extensions>
          <ns3:TrackPointExtension>
            <ns3:hr>169</ns3:hr>
          </ns3:TrackPointExtension>
        </extensions>
      </trkpt>
      <trkpt lat="23.15430100075900554656982421875" lon="113.40466258116066455841064453125">
        <ele>12</ele>
        <time>2023-01-14T01:36:47.000Z</time>
        <extensions>
          <ns3:TrackPointExtension>
            <ns3:hr>169</ns3:hr>
          </ns3:TrackPointExtension>
        </extensions>
      </trkpt>
      <trkpt lat="23.15434073098003864288330078125" lon="113.4046889841556549072265625">
        <ele>12.19999980926513671875</ele>
        <time>2023-01-14T01:36:48.000Z</time>
        <extensions>
          <ns3:TrackPointExtension>
            <ns3:hr>168</ns3:hr>
          </ns3:TrackPointExtension>
        </extensions>
      </trkpt>
      <trkpt lat="23.1543813832104206085205078125" lon="113.4047139622271060943603515625">
        <ele>12.19999980926513671875</ele>
        <time>2023-01-14T01:36:49.000Z</time>
        <extensions>
          <ns3:TrackPointExtension>
            <ns3:hr>168</ns3:hr>
          </ns3:TrackPointExtension>
        </extensions>
      </trkpt>
      <trkpt lat="23.154423125088214874267578125" lon="113.40473793447017669677734375">
        <ele>12.19999980926513671875</ele>
        <time>2023-01-14T01:36:50.000Z</time>
        <extensions>
          <ns3:TrackPointExtension>
            <ns3:hr>167</ns3:hr>
          </ns3:TrackPointExtension>
        </extensions>
      </trkpt>
      <trkpt lat="23.15446511842310428619384765625" lon="113.4047625772655010223388671875">
        <ele>12</ele>
        <time>2023-01-14T01:36:51.000Z</time>
        <extensions>
          <ns3:TrackPointExtension>
            <ns3:hr>167</ns3:hr>
          </ns3:TrackPointExtension>
        </extensions>
      </trkpt>
      <trkpt lat="23.15450702793896198272705078125" lon="113.40478948317468166351318359375">
        <ele>12.19999980926513671875</ele>
        <time>2023-01-14T01:36:52.000Z</time>
        <extensions>
          <ns3:TrackPointExtension>
            <ns3:hr>167</ns3:hr>
          </ns3:TrackPointExtension>
        </extensions>
      </trkpt>
      <trkpt lat="23.15454944036900997161865234375" lon="113.40481613762676715850830078125">
        <ele>12.19999980926513671875</ele>
        <time>2023-01-14T01:36:53.000Z</time>
        <extensions>
          <ns3:TrackPointExtension>
            <ns3:hr>167</ns3:hr>
          </ns3:TrackPointExtension>
        </extensions>
      </trkpt>
      <trkpt lat="23.15459352917969226837158203125" lon="113.40484396554529666900634765625">
        <ele>12.3999996185302734375</ele>
        <time>2023-01-14T01:36:54.000Z</time>
        <extensions>
          <ns3:TrackPointExtension>
            <ns3:hr>166</ns3:hr>
          </ns3:TrackPointExtension>
        </extensions>
      </trkpt>
      <trkpt lat="23.15463594160974025726318359375" lon="113.40487229637801647186279296875">
        <ele>12.6000003814697265625</ele>
        <time>2023-01-14T01:36:55.000Z</time>
        <extensions>
          <ns3:TrackPointExtension>
            <ns3:hr>166</ns3:hr>
          </ns3:TrackPointExtension>
        </extensions>
      </trkpt>
      <trkpt lat="23.1546801142394542694091796875" lon="113.40490196831524372100830078125">
        <ele>12.80000019073486328125</ele>
        <time>2023-01-14T01:36:56.000Z</time>
        <extensions>
          <ns3:TrackPointExtension>
            <ns3:hr>166</ns3:hr>
          </ns3:TrackPointExtension>
        </extensions>
      </trkpt>
      <trkpt lat="23.15471942536532878875732421875" lon="113.40492971241474151611328125">
        <ele>12.6000003814697265625</ele>
        <time>2023-01-14T01:36:57.000Z</time>
        <extensions>
          <ns3:TrackPointExtension>
            <ns3:hr>166</ns3:hr>
          </ns3:TrackPointExtension>
        </extensions>
      </trkpt>
      <trkpt lat="23.15476032905280590057373046875" lon="113.4049583785235881805419921875">
        <ele>12.3999996185302734375</ele>
        <time>2023-01-14T01:36:58.000Z</time>
        <extensions>
          <ns3:TrackPointExtension>
            <ns3:hr>166</ns3:hr>
          </ns3:TrackPointExtension>
        </extensions>
      </trkpt>
      <trkpt lat="23.15479938872158527374267578125" lon="113.4049858711659908294677734375">
        <ele>12.19999980926513671875</ele>
        <time>2023-01-14T01:36:59.000Z</time>
        <extensions>
          <ns3:TrackPointExtension>
            <ns3:hr>166</ns3:hr>
          </ns3:TrackPointExtension>
        </extensions>
      </trkpt>
      <trkpt lat="23.15483895130455493927001953125" lon="113.40501294471323490142822265625">
        <ele>12</ele>
        <time>2023-01-14T01:37:00.000Z</time>
        <extensions>
          <ns3:TrackPointExtension>
            <ns3:hr>166</ns3:hr>
          </ns3:TrackPointExtension>
        </extensions>
      </trkpt>
      <trkpt lat="23.15487884916365146636962890625" lon="113.4050395153462886810302734375">
        <ele>11.80000019073486328125</ele>
        <time>2023-01-14T01:37:01.000Z</time>
        <extensions>
          <ns3:TrackPointExtension>
            <ns3:hr>166</ns3:hr>
          </ns3:TrackPointExtension>
        </extensions>
      </trkpt>
      <trkpt lat="23.15491824410855770111083984375" lon="113.40506491251289844512939453125">
        <ele>11.3999996185302734375</ele>
        <time>2023-01-14T01:37:02.000Z</time>
        <extensions>
          <ns3:TrackPointExtension>
            <ns3:hr>166</ns3:hr>
          </ns3:TrackPointExtension>
        </extensions>
      </trkpt>
      <trkpt lat="23.154958225786685943603515625" lon="113.40509039349853992462158203125">
        <ele>11.19999980926513671875</ele>
        <time>2023-01-14T01:37:03.000Z</time>
        <extensions>
          <ns3:TrackPointExtension>
            <ns3:hr>166</ns3:hr>
          </ns3:TrackPointExtension>
        </extensions>
      </trkpt>
      <trkpt lat="23.1549979560077190399169921875" lon="113.405115790665149688720703125">
        <ele>11.19999980926513671875</ele>
        <time>2023-01-14T01:37:04.000Z</time>
        <extensions>
          <ns3:TrackPointExtension>
            <ns3:hr>166</ns3:hr>
          </ns3:TrackPointExtension>
        </extensions>
      </trkpt>
      <trkpt lat="23.15503944642841815948486328125" lon="113.40514353476464748382568359375">
        <ele>11</ele>
        <time>2023-01-14T01:37:05.000Z</time>
        <extensions>
          <ns3:TrackPointExtension>
            <ns3:hr>166</ns3:hr>
          </ns3:TrackPointExtension>
        </extensions>
      </trkpt>
      <trkpt lat="23.1550770811736583709716796875" lon="113.405168764293193817138671875">
        <ele>11</ele>
        <time>2023-01-14T01:37:06.000Z</time>
        <extensions>
          <ns3:TrackPointExtension>
            <ns3:hr>166</ns3:hr>
          </ns3:TrackPointExtension>
        </extensions>
      </trkpt>
      <trkpt lat="23.15511588938534259796142578125" lon="113.4051940776407718658447265625">
        <ele>10.80000019073486328125</ele>
        <time>2023-01-14T01:37:07.000Z</time>
        <extensions>
          <ns3:TrackPointExtension>
            <ns3:hr>166</ns3:hr>
          </ns3:TrackPointExtension>
        </extensions>
      </trkpt>
      <trkpt lat="23.1551505066454410552978515625" lon="113.40521796606481075286865234375">
        <ele>10.80000019073486328125</ele>
        <time>2023-01-14T01:37:08.000Z</time>
        <extensions>
          <ns3:TrackPointExtension>
            <ns3:hr>165</ns3:hr>
          </ns3:TrackPointExtension>
        </extensions>
      </trkpt>
      <trkpt lat="23.155184201896190643310546875" lon="113.4052426926791667938232421875">
        <ele>10.6000003814697265625</ele>
        <time>2023-01-14T01:37:09.000Z</time>
        <extensions>
          <ns3:TrackPointExtension>
            <ns3:hr>165</ns3:hr>
          </ns3:TrackPointExtension>
        </extensions>
      </trkpt>
      <trkpt lat="23.15521873533725738525390625" lon="113.40526758693158626556396484375">
        <ele>10.6000003814697265625</ele>
        <time>2023-01-14T01:37:10.000Z</time>
        <extensions>
          <ns3:TrackPointExtension>
            <ns3:hr>165</ns3:hr>
          </ns3:TrackPointExtension>
        </extensions>
      </trkpt>
      <trkpt lat="23.15525435842573642730712890625" lon="113.40529256500303745269775390625">
        <ele>10.3999996185302734375</ele>
        <time>2023-01-14T01:37:11.000Z</time>
        <extensions>
          <ns3:TrackPointExtension>
            <ns3:hr>165</ns3:hr>
          </ns3:TrackPointExtension>
        </extensions>
      </trkpt>
      <trkpt lat="23.1552943401038646697998046875" lon="113.405318297445774078369140625">
        <ele>10.19999980926513671875</ele>
        <time>2023-01-14T01:37:12.000Z</time>
        <extensions>
          <ns3:TrackPointExtension>
            <ns3:hr>165</ns3:hr>
          </ns3:TrackPointExtension>
        </extensions>
      </trkpt>
      <trkpt lat="23.1553322263062000274658203125" lon="113.4053412638604640960693359375">
        <ele>10</ele>
        <time>2023-01-14T01:37:13.000Z</time>
        <extensions>
          <ns3:TrackPointExtension>
            <ns3:hr>165</ns3:hr>
          </ns3:TrackPointExtension>
        </extensions>
      </trkpt>
      <trkpt lat="23.1553691066801548004150390625" lon="113.40536263771355152130126953125">
        <ele>9.80000019073486328125</ele>
        <time>2023-01-14T01:37:14.000Z</time>
        <extensions>
          <ns3:TrackPointExtension>
            <ns3:hr>165</ns3:hr>
          </ns3:TrackPointExtension>
        </extensions>
      </trkpt>
      <trkpt lat="23.155409507453441619873046875" lon="113.40538610704243183135986328125">
        <ele>9.6000003814697265625</ele>
        <time>2023-01-14T01:37:15.000Z</time>
        <extensions>
          <ns3:TrackPointExtension>
            <ns3:hr>164</ns3:hr>
          </ns3:TrackPointExtension>
        </extensions>
      </trkpt>
      <trkpt lat="23.1554468907415866851806640625" lon="113.40540823526680469512939453125">
        <ele>9.3999996185302734375</ele>
        <time>2023-01-14T01:37:16.000Z</time>
        <extensions>
          <ns3:TrackPointExtension>
            <ns3:hr>164</ns3:hr>
          </ns3:TrackPointExtension>
        </extensions>
      </trkpt>
      <trkpt lat="23.15548385493457317352294921875" lon="113.4054297767579555511474609375">
        <ele>9.3999996185302734375</ele>
        <time>2023-01-14T01:37:17.000Z</time>
        <extensions>
          <ns3:TrackPointExtension>
            <ns3:hr>164</ns3:hr>
          </ns3:TrackPointExtension>
        </extensions>
      </trkpt>
      <trkpt lat="23.15552182495594024658203125" lon="113.40545131824910640716552734375">
        <ele>9.3999996185302734375</ele>
        <time>2023-01-14T01:37:18.000Z</time>
        <extensions>
          <ns3:TrackPointExtension>
            <ns3:hr>164</ns3:hr>
          </ns3:TrackPointExtension>
        </extensions>
      </trkpt>
      <trkpt lat="23.15555962733924388885498046875" lon="113.4054747037589550018310546875">
        <ele>9.80000019073486328125</ele>
        <time>2023-01-14T01:37:19.000Z</time>
        <extensions>
          <ns3:TrackPointExtension>
            <ns3:hr>164</ns3:hr>
          </ns3:TrackPointExtension>
        </extensions>
      </trkpt>
      <trkpt lat="23.1555994413793087005615234375" lon="113.4054991789162158966064453125">
        <ele>10.19999980926513671875</ele>
        <time>2023-01-14T01:37:20.000Z</time>
        <extensions>
          <ns3:TrackPointExtension>
            <ns3:hr>164</ns3:hr>
          </ns3:TrackPointExtension>
        </extensions>
      </trkpt>
      <trkpt lat="23.1556366570293903350830078125" lon="113.4055216424167156219482421875">
        <ele>10.6000003814697265625</ele>
        <time>2023-01-14T01:37:21.000Z</time>
        <extensions>
          <ns3:TrackPointExtension>
            <ns3:hr>164</ns3:hr>
          </ns3:TrackPointExtension>
        </extensions>
      </trkpt>
      <trkpt lat="23.155673034489154815673828125" lon="113.4055451117455959320068359375">
        <ele>11</ele>
        <time>2023-01-14T01:37:22.000Z</time>
        <extensions>
          <ns3:TrackPointExtension>
            <ns3:hr>164</ns3:hr>
          </ns3:TrackPointExtension>
        </extensions>
      </trkpt>
      <trkpt lat="23.15570932812988758087158203125" lon="113.4055682457983493804931640625">
        <ele>11.19999980926513671875</ele>
        <time>2023-01-14T01:37:23.000Z</time>
        <extensions>
          <ns3:TrackPointExtension>
            <ns3:hr>164</ns3:hr>
          </ns3:TrackPointExtension>
        </extensions>
      </trkpt>
      <trkpt lat="23.155748806893825531005859375" lon="113.40559129603207111358642578125">
        <ele>11.6000003814697265625</ele>
        <time>2023-01-14T01:37:24.000Z</time>
        <extensions>
          <ns3:TrackPointExtension>
            <ns3:hr>164</ns3:hr>
          </ns3:TrackPointExtension>
        </extensions>
      </trkpt>
      <trkpt lat="23.15579004585742950439453125" lon="113.4056145139038562774658203125">
        <ele>12</ele>
        <time>2023-01-14T01:37:25.000Z</time>
        <extensions>
          <ns3:TrackPointExtension>
            <ns3:hr>164</ns3:hr>
          </ns3:TrackPointExtension>
        </extensions>
      </trkpt>
      <trkpt lat="23.15582985989749431610107421875" lon="113.40563714504241943359375">
        <ele>12.3999996185302734375</ele>
        <time>2023-01-14T01:37:26.000Z</time>
        <extensions>
          <ns3:TrackPointExtension>
            <ns3:hr>165</ns3:hr>
          </ns3:TrackPointExtension>
        </extensions>
      </trkpt>
      <trkpt lat="23.1558711826801300048828125" lon="113.40565684251487255096435546875">
        <ele>12.6000003814697265625</ele>
        <time>2023-01-14T01:37:27.000Z</time>
        <extensions>
          <ns3:TrackPointExtension>
            <ns3:hr>165</ns3:hr>
          </ns3:TrackPointExtension>
        </extensions>
      </trkpt>
      <trkpt lat="23.15591569058597087860107421875" lon="113.405677042901515960693359375">
        <ele>13</ele>
        <time>2023-01-14T01:37:28.000Z</time>
        <extensions>
          <ns3:TrackPointExtension>
            <ns3:hr>165</ns3:hr>
          </ns3:TrackPointExtension>
        </extensions>
      </trkpt>
      <trkpt lat="23.15596229396760463714599609375" lon="113.40569858439266681671142578125">
        <ele>13.19999980926513671875</ele>
        <time>2023-01-14T01:37:29.000Z</time>
        <extensions>
          <ns3:TrackPointExtension>
            <ns3:hr>165</ns3:hr>
          </ns3:TrackPointExtension>
        </extensions>
      </trkpt>
      <trkpt lat="23.156011998653411865234375" lon="113.40572054497897624969482421875">
        <ele>13.6000003814697265625</ele>
        <time>2023-01-14T01:37:30.000Z</time>
        <extensions>
          <ns3:TrackPointExtension>
            <ns3:hr>165</ns3:hr>
          </ns3:TrackPointExtension>
        </extensions>
      </trkpt>
      <trkpt lat="23.15606321208178997039794921875" lon="113.40574250556528568267822265625">
        <ele>14</ele>
        <time>2023-01-14T01:37:31.000Z</time>
        <extensions>
          <ns3:TrackPointExtension>
            <ns3:hr>165</ns3:hr>
          </ns3:TrackPointExtension>
        </extensions>
      </trkpt>
      <trkpt lat="23.1561321951448917388916015625" lon="113.4057724289596080780029296875">
        <ele>14.3999996185302734375</ele>
        <time>2023-01-14T01:37:32.000Z</time>
        <extensions>
          <ns3:TrackPointExtension>
            <ns3:hr>165</ns3:hr>
          </ns3:TrackPointExtension>
        </extensions>
      </trkpt>
      <trkpt lat="23.15618860535323619842529296875" lon="113.4057979099452495574951171875">
        <ele>14.80000019073486328125</ele>
        <time>2023-01-14T01:37:33.000Z</time>
        <extensions>
          <ns3:TrackPointExtension>
            <ns3:hr>165</ns3:hr>
          </ns3:TrackPointExtension>
        </extensions>
      </trkpt>
      <trkpt lat="23.15623554401099681854248046875" lon="113.40581861324608325958251953125">
        <ele>15.19999980926513671875</ele>
        <time>2023-01-14T01:37:34.000Z</time>
        <extensions>
          <ns3:TrackPointExtension>
            <ns3:hr>165</ns3:hr>
          </ns3:TrackPointExtension>
        </extensions>
      </trkpt>
      <trkpt lat="23.15626823343336582183837890625" lon="113.40583437122404575347900390625">
        <ele>15.3999996185302734375</ele>
        <time>2023-01-14T01:37:35.000Z</time>
        <extensions>
          <ns3:TrackPointExtension>
            <ns3:hr>165</ns3:hr>
          </ns3:TrackPointExtension>
        </extensions>
      </trkpt>
      <trkpt lat="23.156312406063079833984375" lon="113.40585649944841861724853515625">
        <ele>15.6000003814697265625</ele>
        <time>2023-01-14T01:37:36.000Z</time>
        <extensions>
          <ns3:TrackPointExtension>
            <ns3:hr>165</ns3:hr>
          </ns3:TrackPointExtension>
        </extensions>
      </trkpt>
      <trkpt lat="23.15636194311082363128662109375" lon="113.40588013641536235809326171875">
        <ele>15.80000019073486328125</ele>
        <time>2023-01-14T01:37:37.000Z</time>
        <extensions>
          <ns3:TrackPointExtension>
            <ns3:hr>165</ns3:hr>
          </ns3:TrackPointExtension>
        </extensions>
      </trkpt>
      <trkpt lat="23.156432099640369415283203125" lon="113.4059102274477481842041015625">
        <ele>15.80000019073486328125</ele>
        <time>2023-01-14T01:37:38.000Z</time>
        <extensions>
          <ns3:TrackPointExtension>
            <ns3:hr>165</ns3:hr>
          </ns3:TrackPointExtension>
        </extensions>
      </trkpt>
      <trkpt lat="23.1564895994961261749267578125" lon="113.4059321880340576171875">
        <ele>15.80000019073486328125</ele>
        <time>2023-01-14T01:37:39.000Z</time>
        <extensions>
          <ns3:TrackPointExtension>
            <ns3:hr>165</ns3:hr>
          </ns3:TrackPointExtension>
        </extensions>
      </trkpt>
      <trkpt lat="23.15654483623802661895751953125" lon="113.4059524722397327423095703125">
        <ele>15.80000019073486328125</ele>
        <time>2023-01-14T01:37:40.000Z</time>
        <extensions>
          <ns3:TrackPointExtension>
            <ns3:hr>165</ns3:hr>
          </ns3:TrackPointExtension>
        </extensions>
      </trkpt>
      <trkpt lat="23.15659898333251476287841796875" lon="113.40597309172153472900390625">
        <ele>15.6000003814697265625</ele>
        <time>2023-01-14T01:37:41.000Z</time>
        <extensions>
          <ns3:TrackPointExtension>
            <ns3:hr>165</ns3:hr>
          </ns3:TrackPointExtension>
        </extensions>
      </trkpt>
      <trkpt lat="23.15665111877024173736572265625" lon="113.40599429793655872344970703125">
        <ele>15.80000019073486328125</ele>
        <time>2023-01-14T01:37:42.000Z</time>
        <extensions>
          <ns3:TrackPointExtension>
            <ns3:hr>165</ns3:hr>
          </ns3:TrackPointExtension>
        </extensions>
      </trkpt>
      <trkpt lat="23.15670333802700042724609375" lon="113.40601592324674129486083984375">
        <ele>16</ele>
        <time>2023-01-14T01:37:43.000Z</time>
        <extensions>
          <ns3:TrackPointExtension>
            <ns3:hr>165</ns3:hr>
          </ns3:TrackPointExtension>
        </extensions>
      </trkpt>
      <trkpt lat="23.156755305826663970947265625" lon="113.40603746473789215087890625">
        <ele>16</ele>
        <time>2023-01-14T01:37:44.000Z</time>
        <extensions>
          <ns3:TrackPointExtension>
            <ns3:hr>165</ns3:hr>
          </ns3:TrackPointExtension>
        </extensions>
      </trkpt>
      <trkpt lat="23.15680551342666149139404296875" lon="113.4060584194958209991455078125">
        <ele>16.200000762939453125</ele>
        <time>2023-01-14T01:37:45.000Z</time>
        <extensions>
          <ns3:TrackPointExtension>
            <ns3:hr>166</ns3:hr>
          </ns3:TrackPointExtension>
        </extensions>
      </trkpt>
      <trkpt lat="23.1568567268550395965576171875" lon="113.40608038008213043212890625">
        <ele>16.200000762939453125</ele>
        <time>2023-01-14T01:37:46.000Z</time>
        <extensions>
          <ns3:TrackPointExtension>
            <ns3:hr>167</ns3:hr>
          </ns3:TrackPointExtension>
        </extensions>
      </trkpt>
      <trkpt lat="23.15690844319760799407958984375" lon="113.40610158629715442657470703125">
        <ele>16.3999996185302734375</ele>
        <time>2023-01-14T01:37:47.000Z</time>
        <extensions>
          <ns3:TrackPointExtension>
            <ns3:hr>167</ns3:hr>
          </ns3:TrackPointExtension>
        </extensions>
      </trkpt>
      <trkpt lat="23.1569593213498592376708984375" lon="113.4061221219599246978759765625">
        <ele>16.799999237060546875</ele>
        <time>2023-01-14T01:37:48.000Z</time>
        <extensions>
          <ns3:TrackPointExtension>
            <ns3:hr>167</ns3:hr>
          </ns3:TrackPointExtension>
        </extensions>
      </trkpt>
      <trkpt lat="23.1570112891495227813720703125" lon="113.4061422385275363922119140625">
        <ele>17.200000762939453125</ele>
        <time>2023-01-14T01:37:49.000Z</time>
        <extensions>
          <ns3:TrackPointExtension>
            <ns3:hr>167</ns3:hr>
          </ns3:TrackPointExtension>
        </extensions>
      </trkpt>
      <trkpt lat="23.15706250257790088653564453125" lon="113.406164534389972686767578125">
        <ele>17.6000003814697265625</ele>
        <time>2023-01-14T01:37:50.000Z</time>
        <extensions>
          <ns3:TrackPointExtension>
            <ns3:hr>167</ns3:hr>
          </ns3:TrackPointExtension>
        </extensions>
      </trkpt>
      <trkpt lat="23.15711530856788158416748046875" lon="113.40618624351918697357177734375">
        <ele>17.799999237060546875</ele>
        <time>2023-01-14T01:37:51.000Z</time>
        <extensions>
          <ns3:TrackPointExtension>
            <ns3:hr>166</ns3:hr>
          </ns3:TrackPointExtension>
        </extensions>
      </trkpt>
      <trkpt lat="23.1571671925485134124755859375" lon="113.40620619244873523712158203125">
        <ele>18</ele>
        <time>2023-01-14T01:37:52.000Z</time>
        <extensions>
          <ns3:TrackPointExtension>
            <ns3:hr>165</ns3:hr>
          </ns3:TrackPointExtension>
        </extensions>
      </trkpt>
      <trkpt lat="23.157217986881732940673828125" lon="113.4062267281115055084228515625">
        <ele>18.3999996185302734375</ele>
        <time>2023-01-14T01:37:53.000Z</time>
        <extensions>
          <ns3:TrackPointExtension>
            <ns3:hr>165</ns3:hr>
          </ns3:TrackPointExtension>
        </extensions>
      </trkpt>
      <trkpt lat="23.1572674401104450225830078125" lon="113.406247682869434356689453125">
        <ele>18.6000003814697265625</ele>
        <time>2023-01-14T01:37:54.000Z</time>
        <extensions>
          <ns3:TrackPointExtension>
            <ns3:hr>165</ns3:hr>
          </ns3:TrackPointExtension>
        </extensions>
      </trkpt>
      <trkpt lat="23.15730323083698749542236328125" lon="113.40626268647611141204833984375">
        <ele>18.799999237060546875</ele>
        <time>2023-01-14T01:37:55.000Z</time>
        <extensions>
          <ns3:TrackPointExtension>
            <ns3:hr>165</ns3:hr>
          </ns3:TrackPointExtension>
        </extensions>
      </trkpt>
      <trkpt lat="23.15734648145735263824462890625" lon="113.40628079138696193695068359375">
        <ele>18.799999237060546875</ele>
        <time>2023-01-14T01:37:56.000Z</time>
        <extensions>
          <ns3:TrackPointExtension>
            <ns3:hr>164</ns3:hr>
          </ns3:TrackPointExtension>
        </extensions>
      </trkpt>
      <trkpt lat="23.15739124082028865814208984375" lon="113.406299985945224761962890625">
        <ele>19</ele>
        <time>2023-01-14T01:37:57.000Z</time>
        <extensions>
          <ns3:TrackPointExtension>
            <ns3:hr>164</ns3:hr>
          </ns3:TrackPointExtension>
        </extensions>
      </trkpt>
      <trkpt lat="23.157437257468700408935546875" lon="113.4063209407031536102294921875">
        <ele>19.200000762939453125</ele>
        <time>2023-01-14T01:37:58.000Z</time>
        <extensions>
          <ns3:TrackPointExtension>
            <ns3:hr>164</ns3:hr>
          </ns3:TrackPointExtension>
        </extensions>
      </trkpt>
      <trkpt lat="23.15748629160225391387939453125" lon="113.4063437394797801971435546875">
        <ele>19.200000762939453125</ele>
        <time>2023-01-14T01:37:59.000Z</time>
        <extensions>
          <ns3:TrackPointExtension>
            <ns3:hr>164</ns3:hr>
          </ns3:TrackPointExtension>
        </extensions>
      </trkpt>
      <trkpt lat="23.15753138624131679534912109375" lon="113.40636461041867733001708984375">
        <ele>19.3999996185302734375</ele>
        <time>2023-01-14T01:38:00.000Z</time>
        <extensions>
          <ns3:TrackPointExtension>
            <ns3:hr>163</ns3:hr>
          </ns3:TrackPointExtension>
        </extensions>
      </trkpt>
      <trkpt lat="23.15757614560425281524658203125" lon="113.40638539753854274749755859375">
        <ele>19.6000003814697265625</ele>
        <time>2023-01-14T01:38:01.000Z</time>
        <extensions>
          <ns3:TrackPointExtension>
            <ns3:hr>163</ns3:hr>
          </ns3:TrackPointExtension>
        </extensions>
      </trkpt>
      <trkpt lat="23.15762140788137912750244140625" lon="113.4064064361155033111572265625">
        <ele>19.799999237060546875</ele>
        <time>2023-01-14T01:38:02.000Z</time>
        <extensions>
          <ns3:TrackPointExtension>
            <ns3:hr>163</ns3:hr>
          </ns3:TrackPointExtension>
        </extensions>
      </trkpt>
      <trkpt lat="23.15766625106334686279296875" lon="113.4064297378063201904296875">
        <ele>20</ele>
        <time>2023-01-14T01:38:03.000Z</time>
        <extensions>
          <ns3:TrackPointExtension>
            <ns3:hr>163</ns3:hr>
          </ns3:TrackPointExtension>
        </extensions>
      </trkpt>
      <trkpt lat="23.1577126868069171905517578125" lon="113.40645412914454936981201171875">
        <ele>19.799999237060546875</ele>
        <time>2023-01-14T01:38:04.000Z</time>
        <extensions>
          <ns3:TrackPointExtension>
            <ns3:hr>162</ns3:hr>
          </ns3:TrackPointExtension>
        </extensions>
      </trkpt>
      <trkpt lat="23.15776172094047069549560546875" lon="113.40648162178695201873779296875">
        <ele>19.3999996185302734375</ele>
        <time>2023-01-14T01:38:05.000Z</time>
        <extensions>
          <ns3:TrackPointExtension>
            <ns3:hr>162</ns3:hr>
          </ns3:TrackPointExtension>
        </extensions>
      </trkpt>
      <trkpt lat="23.15782072953879833221435546875" lon="113.4065170772373676300048828125">
        <ele>18.6000003814697265625</ele>
        <time>2023-01-14T01:38:06.000Z</time>
        <extensions>
          <ns3:TrackPointExtension>
            <ns3:hr>161</ns3:hr>
          </ns3:TrackPointExtension>
        </extensions>
      </trkpt>
      <trkpt lat="23.1578551791608333587646484375" lon="113.40653769671916961669921875">
        <ele>18.200000762939453125</ele>
        <time>2023-01-14T01:38:07.000Z</time>
        <extensions>
          <ns3:TrackPointExtension>
            <ns3:hr>161</ns3:hr>
          </ns3:TrackPointExtension>
        </extensions>
      </trkpt>
      <trkpt lat="23.15790320746600627899169921875" lon="113.406563512980937957763671875">
        <ele>17.6000003814697265625</ele>
        <time>2023-01-14T01:38:08.000Z</time>
        <extensions>
          <ns3:TrackPointExtension>
            <ns3:hr>162</ns3:hr>
          </ns3:TrackPointExtension>
        </extensions>
      </trkpt>
      <trkpt lat="23.1579674966633319854736328125" lon="113.40659712441265583038330078125">
        <ele>17</ele>
        <time>2023-01-14T01:38:09.000Z</time>
        <extensions>
          <ns3:TrackPointExtension>
            <ns3:hr>162</ns3:hr>
          </ns3:TrackPointExtension>
        </extensions>
      </trkpt>
      <trkpt lat="23.15802072174847126007080078125" lon="113.40662428177893161773681640625">
        <ele>16.3999996185302734375</ele>
        <time>2023-01-14T01:38:10.000Z</time>
        <extensions>
          <ns3:TrackPointExtension>
            <ns3:hr>162</ns3:hr>
          </ns3:TrackPointExtension>
        </extensions>
      </trkpt>
      <trkpt lat="23.15807201899588108062744140625" lon="113.4066495113074779510498046875">
        <ele>16.3999996185302734375</ele>
        <time>2023-01-14T01:38:11.000Z</time>
        <extensions>
          <ns3:TrackPointExtension>
            <ns3:hr>162</ns3:hr>
          </ns3:TrackPointExtension>
        </extensions>
      </trkpt>
      <trkpt lat="23.15811879001557826995849609375" lon="113.4066820330917835235595703125">
        <ele>16.3999996185302734375</ele>
        <time>2023-01-14T01:38:12.000Z</time>
        <extensions>
          <ns3:TrackPointExtension>
            <ns3:hr>162</ns3:hr>
          </ns3:TrackPointExtension>
        </extensions>
      </trkpt>
      <trkpt lat="23.15816388465464115142822265625" lon="113.406711034476757049560546875">
        <ele>16.200000762939453125</ele>
        <time>2023-01-14T01:38:13.000Z</time>
        <extensions>
          <ns3:TrackPointExtension>
            <ns3:hr>162</ns3:hr>
          </ns3:TrackPointExtension>
        </extensions>
      </trkpt>
      <trkpt lat="23.15819892100989818572998046875" lon="113.40672687627375125885009765625">
        <ele>16.200000762939453125</ele>
        <time>2023-01-14T01:38:14.000Z</time>
        <extensions>
          <ns3:TrackPointExtension>
            <ns3:hr>162</ns3:hr>
          </ns3:TrackPointExtension>
        </extensions>
      </trkpt>
      <trkpt lat="23.15824158489704132080078125" lon="113.4067464061081409454345703125">
        <ele>16.3999996185302734375</ele>
        <time>2023-01-14T01:38:15.000Z</time>
        <extensions>
          <ns3:TrackPointExtension>
            <ns3:hr>162</ns3:hr>
          </ns3:TrackPointExtension>
        </extensions>
      </trkpt>
      <trkpt lat="23.1582843326032161712646484375" lon="113.4067702107131481170654296875">
        <ele>16.200000762939453125</ele>
        <time>2023-01-14T01:38:16.000Z</time>
        <extensions>
          <ns3:TrackPointExtension>
            <ns3:hr>162</ns3:hr>
          </ns3:TrackPointExtension>
        </extensions>
      </trkpt>
      <trkpt lat="23.15832565538585186004638671875" lon="113.40679292567074298858642578125">
        <ele>16.3999996185302734375</ele>
        <time>2023-01-14T01:38:17.000Z</time>
        <extensions>
          <ns3:TrackPointExtension>
            <ns3:hr>162</ns3:hr>
          </ns3:TrackPointExtension>
        </extensions>
      </trkpt>
      <trkpt lat="23.15836203284561634063720703125" lon="113.4068131260573863983154296875">
        <ele>16.3999996185302734375</ele>
        <time>2023-01-14T01:38:18.000Z</time>
        <extensions>
          <ns3:TrackPointExtension>
            <ns3:hr>162</ns3:hr>
          </ns3:TrackPointExtension>
        </extensions>
      </trkpt>
      <trkpt lat="23.15839841030538082122802734375" lon="113.4068334102630615234375">
        <ele>16.6000003814697265625</ele>
        <time>2023-01-14T01:38:19.000Z</time>
        <extensions>
          <ns3:TrackPointExtension>
            <ns3:hr>163</ns3:hr>
          </ns3:TrackPointExtension>
        </extensions>
      </trkpt>
      <trkpt lat="23.158444426953792572021484375" lon="113.4068577177822589874267578125">
        <ele>16.3999996185302734375</ele>
        <time>2023-01-14T01:38:20.000Z</time>
        <extensions>
          <ns3:TrackPointExtension>
            <ns3:hr>163</ns3:hr>
          </ns3:TrackPointExtension>
        </extensions>
      </trkpt>
      <trkpt lat="23.1584881804883480072021484375" lon="113.4068825282156467437744140625">
        <ele>16.200000762939453125</ele>
        <time>2023-01-14T01:38:21.000Z</time>
        <extensions>
          <ns3:TrackPointExtension>
            <ns3:hr>163</ns3:hr>
          </ns3:TrackPointExtension>
        </extensions>
      </trkpt>
      <trkpt lat="23.15853000618517398834228515625" lon="113.40690943412482738494873046875">
        <ele>16.200000762939453125</ele>
        <time>2023-01-14T01:38:22.000Z</time>
        <extensions>
          <ns3:TrackPointExtension>
            <ns3:hr>162</ns3:hr>
          </ns3:TrackPointExtension>
        </extensions>
      </trkpt>
      <trkpt lat="23.1585706584155559539794921875" lon="113.4069391898810863494873046875">
        <ele>16</ele>
        <time>2023-01-14T01:38:23.000Z</time>
        <extensions>
          <ns3:TrackPointExtension>
            <ns3:hr>162</ns3:hr>
          </ns3:TrackPointExtension>
        </extensions>
      </trkpt>
      <trkpt lat="23.158611394464969635009765625" lon="113.40697112493216991424560546875">
        <ele>16.3999996185302734375</ele>
        <time>2023-01-14T01:38:24.000Z</time>
        <extensions>
          <ns3:TrackPointExtension>
            <ns3:hr>162</ns3:hr>
          </ns3:TrackPointExtension>
        </extensions>
      </trkpt>
      <trkpt lat="23.15865003503859043121337890625" lon="113.40700280852615833282470703125">
        <ele>16.6000003814697265625</ele>
        <time>2023-01-14T01:38:25.000Z</time>
        <extensions>
          <ns3:TrackPointExtension>
            <ns3:hr>162</ns3:hr>
          </ns3:TrackPointExtension>
        </extensions>
      </trkpt>
      <trkpt lat="23.15868683159351348876953125" lon="113.407036922872066497802734375">
        <ele>16.3999996185302734375</ele>
        <time>2023-01-14T01:38:26.000Z</time>
        <extensions>
          <ns3:TrackPointExtension>
            <ns3:hr>162</ns3:hr>
          </ns3:TrackPointExtension>
        </extensions>
      </trkpt>
      <trkpt lat="23.158718012273311614990234375" lon="113.40707011520862579345703125">
        <ele>16</ele>
        <time>2023-01-14T01:38:27.000Z</time>
        <extensions>
          <ns3:TrackPointExtension>
            <ns3:hr>162</ns3:hr>
          </ns3:TrackPointExtension>
        </extensions>
      </trkpt>
      <trkpt lat="23.15874374471604824066162109375" lon="113.40710498392581939697265625">
        <ele>15.80000019073486328125</ele>
        <time>2023-01-14T01:38:28.000Z</time>
        <extensions>
          <ns3:TrackPointExtension>
            <ns3:hr>161</ns3:hr>
          </ns3:TrackPointExtension>
        </extensions>
      </trkpt>
      <trkpt lat="23.15876402892172336578369140625" lon="113.40714027173817157745361328125">
        <ele>15.3999996185302734375</ele>
        <time>2023-01-14T01:38:29.000Z</time>
        <extensions>
          <ns3:TrackPointExtension>
            <ns3:hr>161</ns3:hr>
          </ns3:TrackPointExtension>
        </extensions>
      </trkpt>
      <trkpt lat="23.15878028981387615203857421875" lon="113.40717564336955547332763671875">
        <ele>15</ele>
        <time>2023-01-14T01:38:30.000Z</time>
        <extensions>
          <ns3:TrackPointExtension>
            <ns3:hr>161</ns3:hr>
          </ns3:TrackPointExtension>
        </extensions>
      </trkpt>
      <trkpt lat="23.15879085101187229156494140625" lon="113.407205902040004730224609375">
        <ele>14.6000003814697265625</ele>
        <time>2023-01-14T01:38:31.000Z</time>
        <extensions>
          <ns3:TrackPointExtension>
            <ns3:hr>161</ns3:hr>
          </ns3:TrackPointExtension>
        </extensions>
      </trkpt>
      <trkpt lat="23.15880023874342441558837890625" lon="113.4072322212159633636474609375">
        <ele>14.3999996185302734375</ele>
        <time>2023-01-14T01:38:32.000Z</time>
        <extensions>
          <ns3:TrackPointExtension>
            <ns3:hr>161</ns3:hr>
          </ns3:TrackPointExtension>
        </extensions>
      </trkpt>
      <trkpt lat="23.1588063575327396392822265625" lon="113.40724579989910125732421875">
        <ele>14.19999980926513671875</ele>
        <time>2023-01-14T01:38:33.000Z</time>
        <extensions>
          <ns3:TrackPointExtension>
            <ns3:hr>160</ns3:hr>
          </ns3:TrackPointExtension>
        </extensions>
      </trkpt>
      <trkpt lat="23.158817589282989501953125" lon="113.4072612226009368896484375">
        <ele>14</ele>
        <time>2023-01-14T01:38:34.000Z</time>
        <extensions>
          <ns3:TrackPointExtension>
            <ns3:hr>160</ns3:hr>
          </ns3:TrackPointExtension>
        </extensions>
      </trkpt>
      <trkpt lat="23.15883292816579341888427734375" lon="113.4072768129408359527587890625">
        <ele>14</ele>
        <time>2023-01-14T01:38:35.000Z</time>
        <extensions>
          <ns3:TrackPointExtension>
            <ns3:hr>160</ns3:hr>
          </ns3:TrackPointExtension>
        </extensions>
      </trkpt>
      <trkpt lat="23.158847428858280181884765625" lon="113.4072934091091156005859375">
        <ele>13.80000019073486328125</ele>
        <time>2023-01-14T01:38:36.000Z</time>
        <extensions>
          <ns3:TrackPointExtension>
            <ns3:hr>160</ns3:hr>
          </ns3:TrackPointExtension>
        </extensions>
      </trkpt>
      <trkpt lat="23.158858157694339752197265625" lon="113.4073095023632049560546875">
        <ele>13.80000019073486328125</ele>
        <time>2023-01-14T01:38:37.000Z</time>
        <extensions>
          <ns3:TrackPointExtension>
            <ns3:hr>157</ns3:hr>
          </ns3:TrackPointExtension>
        </extensions>
      </trkpt>
      <trkpt lat="23.1588650308549404144287109375" lon="113.4073207341134548187255859375">
        <ele>13.6000003814697265625</ele>
        <time>2023-01-14T01:38:38.000Z</time>
        <extensions>
          <ns3:TrackPointExtension>
            <ns3:hr>156</ns3:hr>
          </ns3:TrackPointExtension>
        </extensions>
      </trkpt>
      <trkpt lat="23.158872909843921661376953125" lon="113.40733339078724384307861328125">
        <ele>13.3999996185302734375</ele>
        <time>2023-01-14T01:38:39.000Z</time>
        <extensions>
          <ns3:TrackPointExtension>
            <ns3:hr>155</ns3:hr>
          </ns3:TrackPointExtension>
        </extensions>
      </trkpt>
      <trkpt lat="23.15888020209968090057373046875" lon="113.40734596364200115203857421875">
        <ele>13.3999996185302734375</ele>
        <time>2023-01-14T01:38:40.000Z</time>
        <extensions>
          <ns3:TrackPointExtension>
            <ns3:hr>154</ns3:hr>
          </ns3:TrackPointExtension>
        </extensions>
      </trkpt>
      <trkpt lat="23.15888724289834499359130859375" lon="113.4073582850396633148193359375">
        <ele>13.19999980926513671875</ele>
        <time>2023-01-14T01:38:41.000Z</time>
        <extensions>
          <ns3:TrackPointExtension>
            <ns3:hr>154</ns3:hr>
          </ns3:TrackPointExtension>
        </extensions>
      </trkpt>
      <trkpt lat="23.1588945351541042327880859375" lon="113.40737010352313518524169921875">
        <ele>13.19999980926513671875</ele>
        <time>2023-01-14T01:38:42.000Z</time>
        <extensions>
          <ns3:TrackPointExtension>
            <ns3:hr>152</ns3:hr>
          </ns3:TrackPointExtension>
        </extensions>
      </trkpt>
      <trkpt lat="23.1589002348482608795166015625" lon="113.407380916178226470947265625">
        <ele>13</ele>
        <time>2023-01-14T01:38:43.000Z</time>
        <extensions>
          <ns3:TrackPointExtension>
            <ns3:hr>152</ns3:hr>
          </ns3:TrackPointExtension>
        </extensions>
      </trkpt>
      <trkpt lat="23.15890383906662464141845703125" lon="113.407390974462032318115234375">
        <ele>13</ele>
        <time>2023-01-14T01:38:44.000Z</time>
        <extensions>
          <ns3:TrackPointExtension>
            <ns3:hr>152</ns3:hr>
          </ns3:TrackPointExtension>
        </extensions>
      </trkpt>
      <trkpt lat="23.15890610218048095703125" lon="113.40739977546036243438720703125">
        <ele>13</ele>
        <time>2023-01-14T01:38:45.000Z</time>
        <extensions>
          <ns3:TrackPointExtension>
            <ns3:hr>151</ns3:hr>
          </ns3:TrackPointExtension>
        </extensions>
      </trkpt>
      <trkpt lat="23.15890702418982982635498046875" lon="113.407401703298091888427734375">
        <ele>12.80000019073486328125</ele>
        <time>2023-01-14T01:38:46.000Z</time>
        <extensions>
          <ns3:TrackPointExtension>
            <ns3:hr>150</ns3:hr>
          </ns3:TrackPointExtension>
        </extensions>
      </trkpt>
      <trkpt lat="23.1589079461991786956787109375" lon="113.40740363113582134246826171875">
        <ele>12.80000019073486328125</ele>
        <time>2023-01-14T01:38:47.000Z</time>
        <extensions>
          <ns3:TrackPointExtension>
            <ns3:hr>149</ns3:hr>
          </ns3:TrackPointExtension>
        </extensions>
      </trkpt>
      <trkpt lat="23.158908784389495849609375" lon="113.40740564279258251190185546875">
        <ele>12.80000019073486328125</ele>
        <time>2023-01-14T01:38:48.000Z</time>
        <extensions>
          <ns3:TrackPointExtension>
            <ns3:hr>149</ns3:hr>
          </ns3:TrackPointExtension>
        </extensions>
      </trkpt>
      <trkpt lat="23.15891305916011333465576171875" lon="113.40740983374416828155517578125">
        <ele>12.80000019073486328125</ele>
        <time>2023-01-14T01:38:49.000Z</time>
        <extensions>
          <ns3:TrackPointExtension>
            <ns3:hr>148</ns3:hr>
          </ns3:TrackPointExtension>
        </extensions>
      </trkpt>
      <trkpt lat="23.1589206866919994354248046875" lon="113.407413773238658905029296875">
        <ele>12.80000019073486328125</ele>
        <time>2023-01-14T01:38:50.000Z</time>
        <extensions>
          <ns3:TrackPointExtension>
            <ns3:hr>148</ns3:hr>
          </ns3:TrackPointExtension>
        </extensions>
      </trkpt>
      <trkpt lat="23.15893015824258327484130859375" lon="113.40741771273314952850341796875">
        <ele>12.80000019073486328125</ele>
        <time>2023-01-14T01:38:51.000Z</time>
        <extensions>
          <ns3:TrackPointExtension>
            <ns3:hr>147</ns3:hr>
          </ns3:TrackPointExtension>
        </extensions>
      </trkpt>
      <trkpt lat="23.15893971361219882965087890625" lon="113.40742274187505245208740234375">
        <ele>12.80000019073486328125</ele>
        <time>2023-01-14T01:38:52.000Z</time>
        <extensions>
          <ns3:TrackPointExtension>
            <ns3:hr>146</ns3:hr>
          </ns3:TrackPointExtension>
        </extensions>
      </trkpt>
      <trkpt lat="23.1589501909911632537841796875" lon="113.40742844156920909881591796875">
        <ele>12.80000019073486328125</ele>
        <time>2023-01-14T01:38:53.000Z</time>
        <extensions>
          <ns3:TrackPointExtension>
            <ns3:hr>146</ns3:hr>
          </ns3:TrackPointExtension>
        </extensions>
      </trkpt>
      <trkpt lat="23.158961422741413116455078125" lon="113.40743296779692173004150390625">
        <ele>12.80000019073486328125</ele>
        <time>2023-01-14T01:38:54.000Z</time>
        <extensions>
          <ns3:TrackPointExtension>
            <ns3:hr>146</ns3:hr>
          </ns3:TrackPointExtension>
        </extensions>
      </trkpt>
      <trkpt lat="23.15897491760551929473876953125" lon="113.40743481181561946868896484375">
        <ele>12.80000019073486328125</ele>
        <time>2023-01-14T01:38:55.000Z</time>
        <extensions>
          <ns3:TrackPointExtension>
            <ns3:hr>145</ns3:hr>
          </ns3:TrackPointExtension>
        </extensions>
      </trkpt>
      <trkpt lat="23.15899218432605266571044921875" lon="113.407433219254016876220703125">
        <ele>12.80000019073486328125</ele>
        <time>2023-01-14T01:38:56.000Z</time>
        <extensions>
          <ns3:TrackPointExtension>
            <ns3:hr>144</ns3:hr>
          </ns3:TrackPointExtension>
        </extensions>
      </trkpt>
      <trkpt lat="23.1590236164629459381103515625" lon="113.40742609463632106781005859375">
        <ele>13.19999980926513671875</ele>
        <time>2023-01-14T01:38:57.000Z</time>
        <extensions>
          <ns3:TrackPointExtension>
            <ns3:hr>143</ns3:hr>
          </ns3:TrackPointExtension>
        </extensions>
      </trkpt>
      <trkpt lat="23.15907399170100688934326171875" lon="113.4074141085147857666015625">
        <ele>13.6000003814697265625</ele>
        <time>2023-01-14T01:38:58.000Z</time>
        <extensions>
          <ns3:TrackPointExtension>
            <ns3:hr>142</ns3:hr>
          </ns3:TrackPointExtension>
        </extensions>
      </trkpt>
      <trkpt lat="23.1591107882559299468994140625" lon="113.4074114263057708740234375">
        <ele>14</ele>
        <time>2023-01-14T01:38:59.000Z</time>
        <extensions>
          <ns3:TrackPointExtension>
            <ns3:hr>141</ns3:hr>
          </ns3:TrackPointExtension>
        </extensions>
      </trkpt>
      <trkpt lat="23.1591433100402355194091796875" lon="113.40741989202797412872314453125">
        <ele>13.80000019073486328125</ele>
        <time>2023-01-14T01:39:00.000Z</time>
        <extensions>
          <ns3:TrackPointExtension>
            <ns3:hr>141</ns3:hr>
          </ns3:TrackPointExtension>
        </extensions>
      </trkpt>
      <trkpt lat="23.1591691263020038604736328125" lon="113.4074360691010951995849609375">
        <ele>13.3999996185302734375</ele>
        <time>2023-01-14T01:39:01.000Z</time>
        <extensions>
          <ns3:TrackPointExtension>
            <ns3:hr>141</ns3:hr>
          </ns3:TrackPointExtension>
        </extensions>
      </trkpt>
      <trkpt lat="23.15919184125959873199462890625" lon="113.407459370791912078857421875">
        <ele>12.80000019073486328125</ele>
        <time>2023-01-14T01:39:02.000Z</time>
        <extensions>
          <ns3:TrackPointExtension>
            <ns3:hr>141</ns3:hr>
          </ns3:TrackPointExtension>
        </extensions>
      </trkpt>
      <trkpt lat="23.1592127121984958648681640625" lon="113.4074870310723781585693359375">
        <ele>12.3999996185302734375</ele>
        <time>2023-01-14T01:39:03.000Z</time>
        <extensions>
          <ns3:TrackPointExtension>
            <ns3:hr>141</ns3:hr>
          </ns3:TrackPointExtension>
        </extensions>
      </trkpt>
      <trkpt lat="23.15923408605158329010009765625" lon="113.40751779265701770782470703125">
        <ele>11.80000019073486328125</ele>
        <time>2023-01-14T01:39:04.000Z</time>
        <extensions>
          <ns3:TrackPointExtension>
            <ns3:hr>141</ns3:hr>
          </ns3:TrackPointExtension>
        </extensions>
      </trkpt>
      <trkpt lat="23.15925680100917816162109375" lon="113.40755098499357700347900390625">
        <ele>11</ele>
        <time>2023-01-14T01:39:05.000Z</time>
        <extensions>
          <ns3:TrackPointExtension>
            <ns3:hr>141</ns3:hr>
          </ns3:TrackPointExtension>
        </extensions>
      </trkpt>
      <trkpt lat="23.15928203053772449493408203125" lon="113.4075849317014217376708984375">
        <ele>10.80000019073486328125</ele>
        <time>2023-01-14T01:39:06.000Z</time>
        <extensions>
          <ns3:TrackPointExtension>
            <ns3:hr>141</ns3:hr>
          </ns3:TrackPointExtension>
        </extensions>
      </trkpt>
      <trkpt lat="23.15931019373238086700439453125" lon="113.4076224826276302337646484375">
        <ele>10.3999996185302734375</ele>
        <time>2023-01-14T01:39:07.000Z</time>
        <extensions>
          <ns3:TrackPointExtension>
            <ns3:hr>141</ns3:hr>
          </ns3:TrackPointExtension>
        </extensions>
      </trkpt>
      <trkpt lat="23.15933668054640293121337890625" lon="113.40765760280191898345947265625">
        <ele>10</ele>
        <time>2023-01-14T01:39:08.000Z</time>
        <extensions>
          <ns3:TrackPointExtension>
            <ns3:hr>142</ns3:hr>
          </ns3:TrackPointExtension>
        </extensions>
      </trkpt>
      <trkpt lat="23.15936165861785411834716796875" lon="113.40769196860492229461669921875">
        <ele>9.80000019073486328125</ele>
        <time>2023-01-14T01:39:09.000Z</time>
        <extensions>
          <ns3:TrackPointExtension>
            <ns3:hr>142</ns3:hr>
          </ns3:TrackPointExtension>
        </extensions>
      </trkpt>
      <trkpt lat="23.159386217594146728515625" lon="113.40772650204598903656005859375">
        <ele>9.3999996185302734375</ele>
        <time>2023-01-14T01:39:10.000Z</time>
        <extensions>
          <ns3:TrackPointExtension>
            <ns3:hr>142</ns3:hr>
          </ns3:TrackPointExtension>
        </extensions>
      </trkpt>
      <trkpt lat="23.1594108603894710540771484375" lon="113.40776237659156322479248046875">
        <ele>9.19999980926513671875</ele>
        <time>2023-01-14T01:39:11.000Z</time>
        <extensions>
          <ns3:TrackPointExtension>
            <ns3:hr>142</ns3:hr>
          </ns3:TrackPointExtension>
        </extensions>
      </trkpt>
      <trkpt lat="23.15943374298512935638427734375" lon="113.4077978320419788360595703125">
        <ele>9.19999980926513671875</ele>
        <time>2023-01-14T01:39:12.000Z</time>
        <extensions>
          <ns3:TrackPointExtension>
            <ns3:hr>142</ns3:hr>
          </ns3:TrackPointExtension>
        </extensions>
      </trkpt>
      <trkpt lat="23.15945394337177276611328125" lon="113.40783027000725269317626953125">
        <ele>9.19999980926513671875</ele>
        <time>2023-01-14T01:39:13.000Z</time>
        <extensions>
          <ns3:TrackPointExtension>
            <ns3:hr>142</ns3:hr>
          </ns3:TrackPointExtension>
        </extensions>
      </trkpt>
      <trkpt lat="23.1594715453684329986572265625" lon="113.40785809792578220367431640625">
        <ele>9</ele>
        <time>2023-01-14T01:39:14.000Z</time>
        <extensions>
          <ns3:TrackPointExtension>
            <ns3:hr>142</ns3:hr>
          </ns3:TrackPointExtension>
        </extensions>
      </trkpt>
      <trkpt lat="23.15948612987995147705078125" lon="113.4078793041408061981201171875">
        <ele>9</ele>
        <time>2023-01-14T01:39:15.000Z</time>
        <extensions>
          <ns3:TrackPointExtension>
            <ns3:hr>145</ns3:hr>
          </ns3:TrackPointExtension>
        </extensions>
      </trkpt>
      <trkpt lat="23.159495182335376739501953125" lon="113.40788743458688259124755859375">
        <ele>9</ele>
        <time>2023-01-14T01:39:16.000Z</time>
        <extensions>
          <ns3:TrackPointExtension>
            <ns3:hr>146</ns3:hr>
          </ns3:TrackPointExtension>
        </extensions>
      </trkpt>
      <trkpt lat="23.15950867719948291778564453125" lon="113.40789598412811756134033203125">
        <ele>9</ele>
        <time>2023-01-14T01:39:17.000Z</time>
        <extensions>
          <ns3:TrackPointExtension>
            <ns3:hr>148</ns3:hr>
          </ns3:TrackPointExtension>
        </extensions>
      </trkpt>
      <trkpt lat="23.15952510572969913482666015625" lon="113.40790537185966968536376953125">
        <ele>9</ele>
        <time>2023-01-14T01:39:18.000Z</time>
        <extensions>
          <ns3:TrackPointExtension>
            <ns3:hr>148</ns3:hr>
          </ns3:TrackPointExtension>
        </extensions>
      </trkpt>
      <trkpt lat="23.15954245626926422119140625" lon="113.40791861526668071746826171875">
        <ele>9</ele>
        <time>2023-01-14T01:39:19.000Z</time>
        <extensions>
          <ns3:TrackPointExtension>
            <ns3:hr>148</ns3:hr>
          </ns3:TrackPointExtension>
        </extensions>
      </trkpt>
      <trkpt lat="23.15956098027527332305908203125" lon="113.40793789364397525787353515625">
        <ele>8.80000019073486328125</ele>
        <time>2023-01-14T01:39:20.000Z</time>
        <extensions>
          <ns3:TrackPointExtension>
            <ns3:hr>148</ns3:hr>
          </ns3:TrackPointExtension>
        </extensions>
      </trkpt>
      <trkpt lat="23.1595932506024837493896484375" lon="113.40797728858888149261474609375">
        <ele>8.6000003814697265625</ele>
        <time>2023-01-14T01:39:21.000Z</time>
        <extensions>
          <ns3:TrackPointExtension>
            <ns3:hr>149</ns3:hr>
          </ns3:TrackPointExtension>
        </extensions>
      </trkpt>
      <trkpt lat="23.15962049178779125213623046875" lon="113.408013917505741119384765625">
        <ele>8.3999996185302734375</ele>
        <time>2023-01-14T01:39:22.000Z</time>
        <extensions>
          <ns3:TrackPointExtension>
            <ns3:hr>150</ns3:hr>
          </ns3:TrackPointExtension>
        </extensions>
      </trkpt>
      <trkpt lat="23.1596477329730987548828125" lon="113.40805171988904476165771484375">
        <ele>8.3999996185302734375</ele>
        <time>2023-01-14T01:39:23.000Z</time>
        <extensions>
          <ns3:TrackPointExtension>
            <ns3:hr>150</ns3:hr>
          </ns3:TrackPointExtension>
        </extensions>
      </trkpt>
      <trkpt lat="23.1596753932535648345947265625" lon="113.408087678253650665283203125">
        <ele>8.19999980926513671875</ele>
        <time>2023-01-14T01:39:24.000Z</time>
        <extensions>
          <ns3:TrackPointExtension>
            <ns3:hr>150</ns3:hr>
          </ns3:TrackPointExtension>
        </extensions>
      </trkpt>
      <trkpt lat="23.1597067415714263916015625" lon="113.40812799520790576934814453125">
        <ele>8.3999996185302734375</ele>
        <time>2023-01-14T01:39:25.000Z</time>
        <extensions>
          <ns3:TrackPointExtension>
            <ns3:hr>149</ns3:hr>
          </ns3:TrackPointExtension>
        </extensions>
      </trkpt>
      <trkpt lat="23.159736581146717071533203125" lon="113.4081673063337802886962890625">
        <ele>8.3999996185302734375</ele>
        <time>2023-01-14T01:39:26.000Z</time>
        <extensions>
          <ns3:TrackPointExtension>
            <ns3:hr>149</ns3:hr>
          </ns3:TrackPointExtension>
        </extensions>
      </trkpt>
      <trkpt lat="23.159766085445880889892578125" lon="113.40820661745965480804443359375">
        <ele>8.6000003814697265625</ele>
        <time>2023-01-14T01:39:27.000Z</time>
        <extensions>
          <ns3:TrackPointExtension>
            <ns3:hr>150</ns3:hr>
          </ns3:TrackPointExtension>
        </extensions>
      </trkpt>
      <trkpt lat="23.15979584120213985443115234375" lon="113.40824752114713191986083984375">
        <ele>8.6000003814697265625</ele>
        <time>2023-01-14T01:39:28.000Z</time>
        <extensions>
          <ns3:TrackPointExtension>
            <ns3:hr>150</ns3:hr>
          </ns3:TrackPointExtension>
        </extensions>
      </trkpt>
      <trkpt lat="23.1598255969583988189697265625" lon="113.4082896821200847625732421875">
        <ele>8.80000019073486328125</ele>
        <time>2023-01-14T01:39:29.000Z</time>
        <extensions>
          <ns3:TrackPointExtension>
            <ns3:hr>151</ns3:hr>
          </ns3:TrackPointExtension>
        </extensions>
      </trkpt>
      <trkpt lat="23.15985434688627719879150390625" lon="113.4083325974643230438232421875">
        <ele>8.80000019073486328125</ele>
        <time>2023-01-14T01:39:30.000Z</time>
        <extensions>
          <ns3:TrackPointExtension>
            <ns3:hr>151</ns3:hr>
          </ns3:TrackPointExtension>
        </extensions>
      </trkpt>
      <trkpt lat="23.15988251008093357086181640625" lon="113.4083751775324344635009765625">
        <ele>8.80000019073486328125</ele>
        <time>2023-01-14T01:39:31.000Z</time>
        <extensions>
          <ns3:TrackPointExtension>
            <ns3:hr>152</ns3:hr>
          </ns3:TrackPointExtension>
        </extensions>
      </trkpt>
      <trkpt lat="23.15991134382784366607666015625" lon="113.40841800905764102935791015625">
        <ele>9.19999980926513671875</ele>
        <time>2023-01-14T01:39:32.000Z</time>
        <extensions>
          <ns3:TrackPointExtension>
            <ns3:hr>153</ns3:hr>
          </ns3:TrackPointExtension>
        </extensions>
      </trkpt>
      <trkpt lat="23.15994202159345149993896484375" lon="113.408459164202213287353515625">
        <ele>9.80000019073486328125</ele>
        <time>2023-01-14T01:39:33.000Z</time>
        <extensions>
          <ns3:TrackPointExtension>
            <ns3:hr>153</ns3:hr>
          </ns3:TrackPointExtension>
        </extensions>
      </trkpt>
      <trkpt lat="23.15997471101582050323486328125" lon="113.40849897824227809906005859375">
        <ele>10</ele>
        <time>2023-01-14T01:39:34.000Z</time>
        <extensions>
          <ns3:TrackPointExtension>
            <ns3:hr>154</ns3:hr>
          </ns3:TrackPointExtension>
        </extensions>
      </trkpt>
      <trkpt lat="23.16000689752399921417236328125" lon="113.4085391275584697723388671875">
        <ele>10</ele>
        <time>2023-01-14T01:39:35.000Z</time>
        <extensions>
          <ns3:TrackPointExtension>
            <ns3:hr>155</ns3:hr>
          </ns3:TrackPointExtension>
        </extensions>
      </trkpt>
      <trkpt lat="23.1600388325750827789306640625" lon="113.408579193055629730224609375">
        <ele>10</ele>
        <time>2023-01-14T01:39:36.000Z</time>
        <extensions>
          <ns3:TrackPointExtension>
            <ns3:hr>155</ns3:hr>
          </ns3:TrackPointExtension>
        </extensions>
      </trkpt>
      <trkpt lat="23.16007244400680065155029296875" lon="113.40862118639051914215087890625">
        <ele>10</ele>
        <time>2023-01-14T01:39:37.000Z</time>
        <extensions>
          <ns3:TrackPointExtension>
            <ns3:hr>156</ns3:hr>
          </ns3:TrackPointExtension>
        </extensions>
      </trkpt>
      <trkpt lat="23.1601032055914402008056640625" lon="113.40866041369736194610595703125">
        <ele>10</ele>
        <time>2023-01-14T01:39:38.000Z</time>
        <extensions>
          <ns3:TrackPointExtension>
            <ns3:hr>156</ns3:hr>
          </ns3:TrackPointExtension>
        </extensions>
      </trkpt>
      <trkpt lat="23.160136230289936065673828125" lon="113.40869980864226818084716796875">
        <ele>10.19999980926513671875</ele>
        <time>2023-01-14T01:39:39.000Z</time>
        <extensions>
          <ns3:TrackPointExtension>
            <ns3:hr>157</ns3:hr>
          </ns3:TrackPointExtension>
        </extensions>
      </trkpt>
      <trkpt lat="23.16017101518809795379638671875" lon="113.4087376110255718231201171875">
        <ele>10.19999980926513671875</ele>
        <time>2023-01-14T01:39:40.000Z</time>
        <extensions>
          <ns3:TrackPointExtension>
            <ns3:hr>157</ns3:hr>
          </ns3:TrackPointExtension>
        </extensions>
      </trkpt>
      <trkpt lat="23.1602058000862598419189453125" lon="113.40877340175211429595947265625">
        <ele>10.3999996185302734375</ele>
        <time>2023-01-14T01:39:41.000Z</time>
        <extensions>
          <ns3:TrackPointExtension>
            <ns3:hr>157</ns3:hr>
          </ns3:TrackPointExtension>
        </extensions>
      </trkpt>
      <trkpt lat="23.1602399982511997222900390625" lon="113.4088076837360858917236328125">
        <ele>10.6000003814697265625</ele>
        <time>2023-01-14T01:39:42.000Z</time>
        <extensions>
          <ns3:TrackPointExtension>
            <ns3:hr>157</ns3:hr>
          </ns3:TrackPointExtension>
        </extensions>
      </trkpt>
      <trkpt lat="23.160273693501949310302734375" lon="113.4088418819010257720947265625">
        <ele>10.6000003814697265625</ele>
        <time>2023-01-14T01:39:43.000Z</time>
        <extensions>
          <ns3:TrackPointExtension>
            <ns3:hr>156</ns3:hr>
          </ns3:TrackPointExtension>
        </extensions>
      </trkpt>
      <trkpt lat="23.1603083945810794830322265625" lon="113.4088750742375850677490234375">
        <ele>10.80000019073486328125</ele>
        <time>2023-01-14T01:39:44.000Z</time>
        <extensions>
          <ns3:TrackPointExtension>
            <ns3:hr>155</ns3:hr>
          </ns3:TrackPointExtension>
        </extensions>
      </trkpt>
      <trkpt lat="23.16034485585987567901611328125" lon="113.4089075960218906402587890625">
        <ele>10.80000019073486328125</ele>
        <time>2023-01-14T01:39:45.000Z</time>
        <extensions>
          <ns3:TrackPointExtension>
            <ns3:hr>155</ns3:hr>
          </ns3:TrackPointExtension>
        </extensions>
      </trkpt>
      <trkpt lat="23.1603818200528621673583984375" lon="113.4089391119778156280517578125">
        <ele>11</ele>
        <time>2023-01-14T01:39:46.000Z</time>
        <extensions>
          <ns3:TrackPointExtension>
            <ns3:hr>154</ns3:hr>
          </ns3:TrackPointExtension>
        </extensions>
      </trkpt>
      <trkpt lat="23.1604200415313243865966796875" lon="113.40896920301020145416259765625">
        <ele>11.19999980926513671875</ele>
        <time>2023-01-14T01:39:47.000Z</time>
        <extensions>
          <ns3:TrackPointExtension>
            <ns3:hr>154</ns3:hr>
          </ns3:TrackPointExtension>
        </extensions>
      </trkpt>
      <trkpt lat="23.16045834682881832122802734375" lon="113.40899937786161899566650390625">
        <ele>11.6000003814697265625</ele>
        <time>2023-01-14T01:39:48.000Z</time>
        <extensions>
          <ns3:TrackPointExtension>
            <ns3:hr>154</ns3:hr>
          </ns3:TrackPointExtension>
        </extensions>
      </trkpt>
      <trkpt lat="23.16049522720277309417724609375" lon="113.40902821160852909088134765625">
        <ele>12</ele>
        <time>2023-01-14T01:39:49.000Z</time>
        <extensions>
          <ns3:TrackPointExtension>
            <ns3:hr>154</ns3:hr>
          </ns3:TrackPointExtension>
        </extensions>
      </trkpt>
      <trkpt lat="23.160534538328647613525390625" lon="113.40905897319316864013671875">
        <ele>12.19999980926513671875</ele>
        <time>2023-01-14T01:39:50.000Z</time>
        <extensions>
          <ns3:TrackPointExtension>
            <ns3:hr>153</ns3:hr>
          </ns3:TrackPointExtension>
        </extensions>
      </trkpt>
      <trkpt lat="23.16057099960744380950927734375" lon="113.409086801111698150634765625">
        <ele>12.3999996185302734375</ele>
        <time>2023-01-14T01:39:51.000Z</time>
        <extensions>
          <ns3:TrackPointExtension>
            <ns3:hr>153</ns3:hr>
          </ns3:TrackPointExtension>
        </extensions>
      </trkpt>
      <trkpt lat="23.160609304904937744140625" lon="113.4091147966682910919189453125">
        <ele>12.3999996185302734375</ele>
        <time>2023-01-14T01:39:52.000Z</time>
        <extensions>
          <ns3:TrackPointExtension>
            <ns3:hr>152</ns3:hr>
          </ns3:TrackPointExtension>
        </extensions>
      </trkpt>
      <trkpt lat="23.16064811311662197113037109375" lon="113.40913969092071056365966796875">
        <ele>12.6000003814697265625</ele>
        <time>2023-01-14T01:39:53.000Z</time>
        <extensions>
          <ns3:TrackPointExtension>
            <ns3:hr>152</ns3:hr>
          </ns3:TrackPointExtension>
        </extensions>
      </trkpt>
      <trkpt lat="23.160687424242496490478515625" lon="113.4091620706021785736083984375">
        <ele>12.80000019073486328125</ele>
        <time>2023-01-14T01:39:54.000Z</time>
        <extensions>
          <ns3:TrackPointExtension>
            <ns3:hr>152</ns3:hr>
          </ns3:TrackPointExtension>
        </extensions>
      </trkpt>
      <trkpt lat="23.16072723828256130218505859375" lon="113.409183025360107421875">
        <ele>12.80000019073486328125</ele>
        <time>2023-01-14T01:39:55.000Z</time>
        <extensions>
          <ns3:TrackPointExtension>
            <ns3:hr>152</ns3:hr>
          </ns3:TrackPointExtension>
        </extensions>
      </trkpt>
      <trkpt lat="23.16076713614165782928466796875" lon="113.4092031419277191162109375">
        <ele>12.80000019073486328125</ele>
        <time>2023-01-14T01:39:56.000Z</time>
        <extensions>
          <ns3:TrackPointExtension>
            <ns3:hr>151</ns3:hr>
          </ns3:TrackPointExtension>
        </extensions>
      </trkpt>
      <trkpt lat="23.16080904565751552581787109375" lon="113.40922300703823566436767578125">
        <ele>13</ele>
        <time>2023-01-14T01:39:57.000Z</time>
        <extensions>
          <ns3:TrackPointExtension>
            <ns3:hr>151</ns3:hr>
          </ns3:TrackPointExtension>
        </extensions>
      </trkpt>
      <trkpt lat="23.1608518771827220916748046875" lon="113.4092428721487522125244140625">
        <ele>12.6000003814697265625</ele>
        <time>2023-01-14T01:39:58.000Z</time>
        <extensions>
          <ns3:TrackPointExtension>
            <ns3:hr>151</ns3:hr>
          </ns3:TrackPointExtension>
        </extensions>
      </trkpt>
      <trkpt lat="23.160894624888896942138671875" lon="113.40926156379282474517822265625">
        <ele>12.3999996185302734375</ele>
        <time>2023-01-14T01:39:59.000Z</time>
        <extensions>
          <ns3:TrackPointExtension>
            <ns3:hr>151</ns3:hr>
          </ns3:TrackPointExtension>
        </extensions>
      </trkpt>
      <trkpt lat="23.1609336845576763153076171875" lon="113.40927849523723125457763671875">
        <ele>12</ele>
        <time>2023-01-14T01:40:00.000Z</time>
        <extensions>
          <ns3:TrackPointExtension>
            <ns3:hr>151</ns3:hr>
          </ns3:TrackPointExtension>
        </extensions>
      </trkpt>
      <trkpt lat="23.1609742529690265655517578125" lon="113.40929442085325717926025390625">
        <ele>11.80000019073486328125</ele>
        <time>2023-01-14T01:40:01.000Z</time>
        <extensions>
          <ns3:TrackPointExtension>
            <ns3:hr>151</ns3:hr>
          </ns3:TrackPointExtension>
        </extensions>
      </trkpt>
      <trkpt lat="23.1610191799700260162353515625" lon="113.409312106668949127197265625">
        <ele>11.6000003814697265625</ele>
        <time>2023-01-14T01:40:02.000Z</time>
        <extensions>
          <ns3:TrackPointExtension>
            <ns3:hr>151</ns3:hr>
          </ns3:TrackPointExtension>
        </extensions>
      </trkpt>
      <trkpt lat="23.161065280437469482421875" lon="113.4093292057514190673828125">
        <ele>11.19999980926513671875</ele>
        <time>2023-01-14T01:40:03.000Z</time>
        <extensions>
          <ns3:TrackPointExtension>
            <ns3:hr>151</ns3:hr>
          </ns3:TrackPointExtension>
        </extensions>
      </trkpt>
      <trkpt lat="23.16111129708588123321533203125" lon="113.40934420935809612274169921875">
        <ele>11.3999996185302734375</ele>
        <time>2023-01-14T01:40:04.000Z</time>
        <extensions>
          <ns3:TrackPointExtension>
            <ns3:hr>151</ns3:hr>
          </ns3:TrackPointExtension>
        </extensions>
      </trkpt>
      <trkpt lat="23.16115370951592922210693359375" lon="113.4093555249273777008056640625">
        <ele>11.6000003814697265625</ele>
        <time>2023-01-14T01:40:05.000Z</time>
        <extensions>
          <ns3:TrackPointExtension>
            <ns3:hr>152</ns3:hr>
          </ns3:TrackPointExtension>
        </extensions>
      </trkpt>
      <trkpt lat="23.16119696013629436492919921875" lon="113.4093629010021686553955078125">
        <ele>12</ele>
        <time>2023-01-14T01:40:06.000Z</time>
        <extensions>
          <ns3:TrackPointExtension>
            <ns3:hr>152</ns3:hr>
          </ns3:TrackPointExtension>
        </extensions>
      </trkpt>
      <trkpt lat="23.1612421385943889617919921875" lon="113.40936734341084957122802734375">
        <ele>12.19999980926513671875</ele>
        <time>2023-01-14T01:40:07.000Z</time>
        <extensions>
          <ns3:TrackPointExtension>
            <ns3:hr>152</ns3:hr>
          </ns3:TrackPointExtension>
        </extensions>
      </trkpt>
      <trkpt lat="23.1612941063940525054931640625" lon="113.409370444715023040771484375">
        <ele>12.19999980926513671875</ele>
        <time>2023-01-14T01:40:08.000Z</time>
        <extensions>
          <ns3:TrackPointExtension>
            <ns3:hr>153</ns3:hr>
          </ns3:TrackPointExtension>
        </extensions>
      </trkpt>
      <trkpt lat="23.1613443978130817413330078125" lon="113.4093732945621013641357421875">
        <ele>12.3999996185302734375</ele>
        <time>2023-01-14T01:40:09.000Z</time>
        <extensions>
          <ns3:TrackPointExtension>
            <ns3:hr>153</ns3:hr>
          </ns3:TrackPointExtension>
        </extensions>
      </trkpt>
      <trkpt lat="23.16139678470790386199951171875" lon="113.40937639586627483367919921875">
        <ele>12.80000019073486328125</ele>
        <time>2023-01-14T01:40:10.000Z</time>
        <extensions>
          <ns3:TrackPointExtension>
            <ns3:hr>154</ns3:hr>
          </ns3:TrackPointExtension>
        </extensions>
      </trkpt>
      <trkpt lat="23.161451183259487152099609375" lon="113.4093806706368923187255859375">
        <ele>13.19999980926513671875</ele>
        <time>2023-01-14T01:40:11.000Z</time>
        <extensions>
          <ns3:TrackPointExtension>
            <ns3:hr>154</ns3:hr>
          </ns3:TrackPointExtension>
        </extensions>
      </trkpt>
      <trkpt lat="23.16152653656899929046630859375" lon="113.40938980691134929656982421875">
        <ele>13.6000003814697265625</ele>
        <time>2023-01-14T01:40:12.000Z</time>
        <extensions>
          <ns3:TrackPointExtension>
            <ns3:hr>154</ns3:hr>
          </ns3:TrackPointExtension>
        </extensions>
      </trkpt>
      <trkpt lat="23.16158370114862918853759765625" lon="113.4093984402716159820556640625">
        <ele>13.3999996185302734375</ele>
        <time>2023-01-14T01:40:13.000Z</time>
        <extensions>
          <ns3:TrackPointExtension>
            <ns3:hr>155</ns3:hr>
          </ns3:TrackPointExtension>
        </extensions>
      </trkpt>
      <trkpt lat="23.16163633950054645538330078125" lon="113.40940707363188266754150390625">
        <ele>13.6000003814697265625</ele>
        <time>2023-01-14T01:40:14.000Z</time>
        <extensions>
          <ns3:TrackPointExtension>
            <ns3:hr>155</ns3:hr>
          </ns3:TrackPointExtension>
        </extensions>
      </trkpt>
      <trkpt lat="23.16167305223643779754638671875" lon="113.40941210277378559112548828125">
        <ele>14</ele>
        <time>2023-01-14T01:40:15.000Z</time>
        <extensions>
          <ns3:TrackPointExtension>
            <ns3:hr>156</ns3:hr>
          </ns3:TrackPointExtension>
        </extensions>
      </trkpt>
      <trkpt lat="23.16172284074127674102783203125" lon="113.40941696427762508392333984375">
        <ele>14.6000003814697265625</ele>
        <time>2023-01-14T01:40:16.000Z</time>
        <extensions>
          <ns3:TrackPointExtension>
            <ns3:hr>156</ns3:hr>
          </ns3:TrackPointExtension>
        </extensions>
      </trkpt>
      <trkpt lat="23.1617866270244121551513671875" lon="113.409424088895320892333984375">
        <ele>15.19999980926513671875</ele>
        <time>2023-01-14T01:40:17.000Z</time>
        <extensions>
          <ns3:TrackPointExtension>
            <ns3:hr>156</ns3:hr>
          </ns3:TrackPointExtension>
        </extensions>
      </trkpt>
      <trkpt lat="23.16182208247482776641845703125" lon="113.409428112208843231201171875">
        <ele>15.6000003814697265625</ele>
        <time>2023-01-14T01:40:18.000Z</time>
        <extensions>
          <ns3:TrackPointExtension>
            <ns3:hr>156</ns3:hr>
          </ns3:TrackPointExtension>
        </extensions>
      </trkpt>
      <trkpt lat="23.1618704460561275482177734375" lon="113.409433476626873016357421875">
        <ele>16</ele>
        <time>2023-01-14T01:40:19.000Z</time>
        <extensions>
          <ns3:TrackPointExtension>
            <ns3:hr>156</ns3:hr>
          </ns3:TrackPointExtension>
        </extensions>
      </trkpt>
      <trkpt lat="23.16191730089485645294189453125" lon="113.4094383381307125091552734375">
        <ele>16.6000003814697265625</ele>
        <time>2023-01-14T01:40:20.000Z</time>
        <extensions>
          <ns3:TrackPointExtension>
            <ns3:hr>156</ns3:hr>
          </ns3:TrackPointExtension>
        </extensions>
      </trkpt>
      <trkpt lat="23.161964826285839080810546875" lon="113.4094437025487422943115234375">
        <ele>17.200000762939453125</ele>
        <time>2023-01-14T01:40:21.000Z</time>
        <extensions>
          <ns3:TrackPointExtension>
            <ns3:hr>156</ns3:hr>
          </ns3:TrackPointExtension>
        </extensions>
      </trkpt>
      <trkpt lat="23.1620162911713123321533203125" lon="113.40944663621485233306884765625">
        <ele>17.799999237060546875</ele>
        <time>2023-01-14T01:40:22.000Z</time>
        <extensions>
          <ns3:TrackPointExtension>
            <ns3:hr>156</ns3:hr>
          </ns3:TrackPointExtension>
        </extensions>
      </trkpt>
      <trkpt lat="23.1620682589709758758544921875" lon="113.4094463847577571868896484375">
        <ele>18.200000762939453125</ele>
        <time>2023-01-14T01:40:23.000Z</time>
        <extensions>
          <ns3:TrackPointExtension>
            <ns3:hr>156</ns3:hr>
          </ns3:TrackPointExtension>
        </extensions>
      </trkpt>
      <trkpt lat="23.1621175445616245269775390625" lon="113.40944210998713970184326171875">
        <ele>18.799999237060546875</ele>
        <time>2023-01-14T01:40:24.000Z</time>
        <extensions>
          <ns3:TrackPointExtension>
            <ns3:hr>156</ns3:hr>
          </ns3:TrackPointExtension>
        </extensions>
      </trkpt>
      <trkpt lat="23.16216691397130489349365234375" lon="113.409437835216522216796875">
        <ele>19.200000762939453125</ele>
        <time>2023-01-14T01:40:25.000Z</time>
        <extensions>
          <ns3:TrackPointExtension>
            <ns3:hr>157</ns3:hr>
          </ns3:TrackPointExtension>
        </extensions>
      </trkpt>
      <trkpt lat="23.16221469081938266754150390625" lon="113.40943004004657268524169921875">
        <ele>18.6000003814697265625</ele>
        <time>2023-01-14T01:40:26.000Z</time>
        <extensions>
          <ns3:TrackPointExtension>
            <ns3:hr>157</ns3:hr>
          </ns3:TrackPointExtension>
        </extensions>
      </trkpt>
      <trkpt lat="23.162263222038745880126953125" lon="113.4094229154288768768310546875">
        <ele>18</ele>
        <time>2023-01-14T01:40:27.000Z</time>
        <extensions>
          <ns3:TrackPointExtension>
            <ns3:hr>158</ns3:hr>
          </ns3:TrackPointExtension>
        </extensions>
      </trkpt>
      <trkpt lat="23.16231250762939453125" lon="113.409416042268276214599609375">
        <ele>17.200000762939453125</ele>
        <time>2023-01-14T01:40:28.000Z</time>
        <extensions>
          <ns3:TrackPointExtension>
            <ns3:hr>159</ns3:hr>
          </ns3:TrackPointExtension>
        </extensions>
      </trkpt>
      <trkpt lat="23.16236355341970920562744140625" lon="113.40940807946026325225830078125">
        <ele>16.3999996185302734375</ele>
        <time>2023-01-14T01:40:29.000Z</time>
        <extensions>
          <ns3:TrackPointExtension>
            <ns3:hr>160</ns3:hr>
          </ns3:TrackPointExtension>
        </extensions>
      </trkpt>
      <trkpt lat="23.16241635940968990325927734375" lon="113.4093991108238697052001953125">
        <ele>16.200000762939453125</ele>
        <time>2023-01-14T01:40:30.000Z</time>
        <extensions>
          <ns3:TrackPointExtension>
            <ns3:hr>160</ns3:hr>
          </ns3:TrackPointExtension>
        </extensions>
      </trkpt>
      <trkpt lat="23.1624692492187023162841796875" lon="113.40938947163522243499755859375">
        <ele>15.80000019073486328125</ele>
        <time>2023-01-14T01:40:31.000Z</time>
        <extensions>
          <ns3:TrackPointExtension>
            <ns3:hr>160</ns3:hr>
          </ns3:TrackPointExtension>
        </extensions>
      </trkpt>
      <trkpt lat="23.1625228933990001678466796875" lon="113.40937958098948001861572265625">
        <ele>15.19999980926513671875</ele>
        <time>2023-01-14T01:40:32.000Z</time>
        <extensions>
          <ns3:TrackPointExtension>
            <ns3:hr>160</ns3:hr>
          </ns3:TrackPointExtension>
        </extensions>
      </trkpt>
      <trkpt lat="23.1625946424901485443115234375" lon="113.40936616994440555572509765625">
        <ele>14.3999996185302734375</ele>
        <time>2023-01-14T01:40:33.000Z</time>
        <extensions>
          <ns3:TrackPointExtension>
            <ns3:hr>161</ns3:hr>
          </ns3:TrackPointExtension>
        </extensions>
      </trkpt>
      <trkpt lat="23.16264568828046321868896484375" lon="113.4093565307557582855224609375">
        <ele>14.19999980926513671875</ele>
        <time>2023-01-14T01:40:34.000Z</time>
        <extensions>
          <ns3:TrackPointExtension>
            <ns3:hr>162</ns3:hr>
          </ns3:TrackPointExtension>
        </extensions>
      </trkpt>
      <trkpt lat="23.1626855023205280303955078125" lon="113.40934840030968189239501953125">
        <ele>13.80000019073486328125</ele>
        <time>2023-01-14T01:40:35.000Z</time>
        <extensions>
          <ns3:TrackPointExtension>
            <ns3:hr>163</ns3:hr>
          </ns3:TrackPointExtension>
        </extensions>
      </trkpt>
      <trkpt lat="23.1627564132213592529296875" lon="113.409334905445575714111328125">
        <ele>13.6000003814697265625</ele>
        <time>2023-01-14T01:40:36.000Z</time>
        <extensions>
          <ns3:TrackPointExtension>
            <ns3:hr>163</ns3:hr>
          </ns3:TrackPointExtension>
        </extensions>
      </trkpt>
      <trkpt lat="23.162819780409336090087890625" lon="113.409321494400501251220703125">
        <ele>13.6000003814697265625</ele>
        <time>2023-01-14T01:40:37.000Z</time>
        <extensions>
          <ns3:TrackPointExtension>
            <ns3:hr>165</ns3:hr>
          </ns3:TrackPointExtension>
        </extensions>
      </trkpt>
      <trkpt lat="23.1628756038844585418701171875" lon="113.40930850245058536529541015625">
        <ele>13.6000003814697265625</ele>
        <time>2023-01-14T01:40:38.000Z</time>
        <extensions>
          <ns3:TrackPointExtension>
            <ns3:hr>166</ns3:hr>
          </ns3:TrackPointExtension>
        </extensions>
      </trkpt>
      <trkpt lat="23.16293142735958099365234375" lon="113.4092955105006694793701171875">
        <ele>13.80000019073486328125</ele>
        <time>2023-01-14T01:40:39.000Z</time>
        <extensions>
          <ns3:TrackPointExtension>
            <ns3:hr>166</ns3:hr>
          </ns3:TrackPointExtension>
        </extensions>
      </trkpt>
      <trkpt lat="23.16298347897827625274658203125" lon="113.409283272922039031982421875">
        <ele>13.80000019073486328125</ele>
        <time>2023-01-14T01:40:40.000Z</time>
        <extensions>
          <ns3:TrackPointExtension>
            <ns3:hr>167</ns3:hr>
          </ns3:TrackPointExtension>
        </extensions>
      </trkpt>
      <trkpt lat="23.16303393803536891937255859375" lon="113.40926994569599628448486328125">
        <ele>13.80000019073486328125</ele>
        <time>2023-01-14T01:40:41.000Z</time>
        <extensions>
          <ns3:TrackPointExtension>
            <ns3:hr>168</ns3:hr>
          </ns3:TrackPointExtension>
        </extensions>
      </trkpt>
      <trkpt lat="23.16307048313319683074951171875" lon="113.4092599712312221527099609375">
        <ele>13.80000019073486328125</ele>
        <time>2023-01-14T01:40:42.000Z</time>
        <extensions>
          <ns3:TrackPointExtension>
            <ns3:hr>168</ns3:hr>
          </ns3:TrackPointExtension>
        </extensions>
      </trkpt>
      <trkpt lat="23.16311809234321117401123046875" lon="113.40924806892871856689453125">
        <ele>13.80000019073486328125</ele>
        <time>2023-01-14T01:40:43.000Z</time>
        <extensions>
          <ns3:TrackPointExtension>
            <ns3:hr>167</ns3:hr>
          </ns3:TrackPointExtension>
        </extensions>
      </trkpt>
      <trkpt lat="23.16316888667643070220947265625" lon="113.4092366695404052734375">
        <ele>13.80000019073486328125</ele>
        <time>2023-01-14T01:40:44.000Z</time>
        <extensions>
          <ns3:TrackPointExtension>
            <ns3:hr>167</ns3:hr>
          </ns3:TrackPointExtension>
        </extensions>
      </trkpt>
      <trkpt lat="23.16322110593318939208984375" lon="113.40922669507563114166259765625">
        <ele>14</ele>
        <time>2023-01-14T01:40:45.000Z</time>
        <extensions>
          <ns3:TrackPointExtension>
            <ns3:hr>167</ns3:hr>
          </ns3:TrackPointExtension>
        </extensions>
      </trkpt>
      <trkpt lat="23.1632745824754238128662109375" lon="113.409218899905681610107421875">
        <ele>14</ele>
        <time>2023-01-14T01:40:46.000Z</time>
        <extensions>
          <ns3:TrackPointExtension>
            <ns3:hr>167</ns3:hr>
          </ns3:TrackPointExtension>
        </extensions>
      </trkpt>
      <trkpt lat="23.16334624774754047393798828125" lon="113.409208171069622039794921875">
        <ele>13.6000003814697265625</ele>
        <time>2023-01-14T01:40:47.000Z</time>
        <extensions>
          <ns3:TrackPointExtension>
            <ns3:hr>167</ns3:hr>
          </ns3:TrackPointExtension>
        </extensions>
      </trkpt>
      <trkpt lat="23.1634013168513774871826171875" lon="113.409198783338069915771484375">
        <ele>13.3999996185302734375</ele>
        <time>2023-01-14T01:40:48.000Z</time>
        <extensions>
          <ns3:TrackPointExtension>
            <ns3:hr>167</ns3:hr>
          </ns3:TrackPointExtension>
        </extensions>
      </trkpt>
      <trkpt lat="23.16343702375888824462890625" lon="113.4091929160058498382568359375">
        <ele>13.19999980926513671875</ele>
        <time>2023-01-14T01:40:49.000Z</time>
        <extensions>
          <ns3:TrackPointExtension>
            <ns3:hr>167</ns3:hr>
          </ns3:TrackPointExtension>
        </extensions>
      </trkpt>
      <trkpt lat="23.16348320804536342620849609375" lon="113.40918612666428089141845703125">
        <ele>12.80000019073486328125</ele>
        <time>2023-01-14T01:40:50.000Z</time>
        <extensions>
          <ns3:TrackPointExtension>
            <ns3:hr>167</ns3:hr>
          </ns3:TrackPointExtension>
        </extensions>
      </trkpt>
      <trkpt lat="23.1635324098169803619384765625" lon="113.40917992405593395233154296875">
        <ele>12.6000003814697265625</ele>
        <time>2023-01-14T01:40:51.000Z</time>
        <extensions>
          <ns3:TrackPointExtension>
            <ns3:hr>167</ns3:hr>
          </ns3:TrackPointExtension>
        </extensions>
      </trkpt>
      <trkpt lat="23.16358228214085102081298828125" lon="113.4091731347143650054931640625">
        <ele>12.6000003814697265625</ele>
        <time>2023-01-14T01:40:52.000Z</time>
        <extensions>
          <ns3:TrackPointExtension>
            <ns3:hr>167</ns3:hr>
          </ns3:TrackPointExtension>
        </extensions>
      </trkpt>
      <trkpt lat="23.16363659687340259552001953125" lon="113.4091655910015106201171875">
        <ele>12.19999980926513671875</ele>
        <time>2023-01-14T01:40:53.000Z</time>
        <extensions>
          <ns3:TrackPointExtension>
            <ns3:hr>167</ns3:hr>
          </ns3:TrackPointExtension>
        </extensions>
      </trkpt>
      <trkpt lat="23.16370331682264804840087890625" lon="113.4091550298035144805908203125">
        <ele>12</ele>
        <time>2023-01-14T01:40:54.000Z</time>
        <extensions>
          <ns3:TrackPointExtension>
            <ns3:hr>167</ns3:hr>
          </ns3:TrackPointExtension>
        </extensions>
      </trkpt>
      <trkpt lat="23.16374019719660282135009765625" lon="113.4091469831764698028564453125">
        <ele>11.80000019073486328125</ele>
        <time>2023-01-14T01:40:55.000Z</time>
        <extensions>
          <ns3:TrackPointExtension>
            <ns3:hr>167</ns3:hr>
          </ns3:TrackPointExtension>
        </extensions>
      </trkpt>
      <trkpt lat="23.1637865491211414337158203125" lon="113.4091369248926639556884765625">
        <ele>11.3999996185302734375</ele>
        <time>2023-01-14T01:40:56.000Z</time>
        <extensions>
          <ns3:TrackPointExtension>
            <ns3:hr>167</ns3:hr>
          </ns3:TrackPointExtension>
        </extensions>
      </trkpt>
      <trkpt lat="23.16383558325469493865966796875" lon="113.4091272018849849700927734375">
        <ele>10.80000019073486328125</ele>
        <time>2023-01-14T01:40:57.000Z</time>
        <extensions>
          <ns3:TrackPointExtension>
            <ns3:hr>167</ns3:hr>
          </ns3:TrackPointExtension>
        </extensions>
      </trkpt>
      <trkpt lat="23.1638861261308193206787109375" lon="113.40911856852471828460693359375">
        <ele>11.6000003814697265625</ele>
        <time>2023-01-14T01:40:58.000Z</time>
        <extensions>
          <ns3:TrackPointExtension>
            <ns3:hr>167</ns3:hr>
          </ns3:TrackPointExtension>
        </extensions>
      </trkpt>
      <trkpt lat="23.16394102759659290313720703125" lon="113.4091092646121978759765625">
        <ele>12.6000003814697265625</ele>
        <time>2023-01-14T01:40:59.000Z</time>
        <extensions>
          <ns3:TrackPointExtension>
            <ns3:hr>167</ns3:hr>
          </ns3:TrackPointExtension>
        </extensions>
      </trkpt>
      <trkpt lat="23.164014033973217010498046875" lon="113.40909786522388458251953125">
        <ele>13.6000003814697265625</ele>
        <time>2023-01-14T01:41:00.000Z</time>
        <extensions>
          <ns3:TrackPointExtension>
            <ns3:hr>167</ns3:hr>
          </ns3:TrackPointExtension>
        </extensions>
      </trkpt>
      <trkpt lat="23.16406491212546825408935546875" lon="113.40909090824425220489501953125">
        <ele>13.6000003814697265625</ele>
        <time>2023-01-14T01:41:01.000Z</time>
        <extensions>
          <ns3:TrackPointExtension>
            <ns3:hr>167</ns3:hr>
          </ns3:TrackPointExtension>
        </extensions>
      </trkpt>
      <trkpt lat="23.1641027145087718963623046875" lon="113.40908520855009555816650390625">
        <ele>13.6000003814697265625</ele>
        <time>2023-01-14T01:41:02.000Z</time>
        <extensions>
          <ns3:TrackPointExtension>
            <ns3:hr>168</ns3:hr>
          </ns3:TrackPointExtension>
        </extensions>
      </trkpt>
      <trkpt lat="23.16414671950042247772216796875" lon="113.4090775810182094573974609375">
        <ele>14</ele>
        <time>2023-01-14T01:41:03.000Z</time>
        <extensions>
          <ns3:TrackPointExtension>
            <ns3:hr>169</ns3:hr>
          </ns3:TrackPointExtension>
        </extensions>
      </trkpt>
      <trkpt lat="23.16419399343430995941162109375" lon="113.40906878001987934112548828125">
        <ele>15</ele>
        <time>2023-01-14T01:41:04.000Z</time>
        <extensions>
          <ns3:TrackPointExtension>
            <ns3:hr>169</ns3:hr>
          </ns3:TrackPointExtension>
        </extensions>
      </trkpt>
      <trkpt lat="23.16424344666302204132080078125" lon="113.40905872173607349395751953125">
        <ele>16</ele>
        <time>2023-01-14T01:41:05.000Z</time>
        <extensions>
          <ns3:TrackPointExtension>
            <ns3:hr>169</ns3:hr>
          </ns3:TrackPointExtension>
        </extensions>
      </trkpt>
      <trkpt lat="23.1642978452146053314208984375" lon="113.4090477414429187774658203125">
        <ele>17.200000762939453125</ele>
        <time>2023-01-14T01:41:06.000Z</time>
        <extensions>
          <ns3:TrackPointExtension>
            <ns3:hr>169</ns3:hr>
          </ns3:TrackPointExtension>
        </extensions>
      </trkpt>
      <trkpt lat="23.1643706001341342926025390625" lon="113.40903491713106632232666015625">
        <ele>19</ele>
        <time>2023-01-14T01:41:07.000Z</time>
        <extensions>
          <ns3:TrackPointExtension>
            <ns3:hr>170</ns3:hr>
          </ns3:TrackPointExtension>
        </extensions>
      </trkpt>
      <trkpt lat="23.16442541778087615966796875" lon="113.40902586467564105987548828125">
        <ele>19.799999237060546875</ele>
        <time>2023-01-14T01:41:08.000Z</time>
        <extensions>
          <ns3:TrackPointExtension>
            <ns3:hr>170</ns3:hr>
          </ns3:TrackPointExtension>
        </extensions>
      </trkpt>
      <trkpt lat="23.16446187905967235565185546875" lon="113.40901874005794525146484375">
        <ele>20.200000762939453125</ele>
        <time>2023-01-14T01:41:09.000Z</time>
        <extensions>
          <ns3:TrackPointExtension>
            <ns3:hr>170</ns3:hr>
          </ns3:TrackPointExtension>
        </extensions>
      </trkpt>
      <trkpt lat="23.1645047105848789215087890625" lon="113.4090100228786468505859375">
        <ele>20.6000003814697265625</ele>
        <time>2023-01-14T01:41:10.000Z</time>
        <extensions>
          <ns3:TrackPointExtension>
            <ns3:hr>170</ns3:hr>
          </ns3:TrackPointExtension>
        </extensions>
      </trkpt>
      <trkpt lat="23.1645550020039081573486328125" lon="113.40899996459484100341796875">
        <ele>21.200000762939453125</ele>
        <time>2023-01-14T01:41:11.000Z</time>
        <extensions>
          <ns3:TrackPointExtension>
            <ns3:hr>170</ns3:hr>
          </ns3:TrackPointExtension>
        </extensions>
      </trkpt>
      <trkpt lat="23.16460722126066684722900390625" lon="113.40899099595844745635986328125">
        <ele>21.6000003814697265625</ele>
        <time>2023-01-14T01:41:12.000Z</time>
        <extensions>
          <ns3:TrackPointExtension>
            <ns3:hr>170</ns3:hr>
          </ns3:TrackPointExtension>
        </extensions>
      </trkpt>
      <trkpt lat="23.16465969197452068328857421875" lon="113.40898311696946620941162109375">
        <ele>22.200000762939453125</ele>
        <time>2023-01-14T01:41:13.000Z</time>
        <extensions>
          <ns3:TrackPointExtension>
            <ns3:hr>170</ns3:hr>
          </ns3:TrackPointExtension>
        </extensions>
      </trkpt>
      <trkpt lat="23.1647119112312793731689453125" lon="113.40897540561854839324951171875">
        <ele>22.200000762939453125</ele>
        <time>2023-01-14T01:41:14.000Z</time>
        <extensions>
          <ns3:TrackPointExtension>
            <ns3:hr>170</ns3:hr>
          </ns3:TrackPointExtension>
        </extensions>
      </trkpt>
      <trkpt lat="23.16476480104029178619384765625" lon="113.40896668843924999237060546875">
        <ele>22.6000003814697265625</ele>
        <time>2023-01-14T01:41:15.000Z</time>
        <extensions>
          <ns3:TrackPointExtension>
            <ns3:hr>170</ns3:hr>
          </ns3:TrackPointExtension>
        </extensions>
      </trkpt>
      <trkpt lat="23.16481408663094043731689453125" lon="113.40895780362188816070556640625">
        <ele>23</ele>
        <time>2023-01-14T01:41:16.000Z</time>
        <extensions>
          <ns3:TrackPointExtension>
            <ns3:hr>168</ns3:hr>
          </ns3:TrackPointExtension>
        </extensions>
      </trkpt>
      <trkpt lat="23.16486353985965251922607421875" lon="113.40894900262355804443359375">
        <ele>23.3999996185302734375</ele>
        <time>2023-01-14T01:41:17.000Z</time>
        <extensions>
          <ns3:TrackPointExtension>
            <ns3:hr>167</ns3:hr>
          </ns3:TrackPointExtension>
        </extensions>
      </trkpt>
      <trkpt lat="23.164911232888698577880859375" lon="113.4089407883584499359130859375">
        <ele>23.6000003814697265625</ele>
        <time>2023-01-14T01:41:18.000Z</time>
        <extensions>
          <ns3:TrackPointExtension>
            <ns3:hr>167</ns3:hr>
          </ns3:TrackPointExtension>
        </extensions>
      </trkpt>
      <trkpt lat="23.16496043466031551361083984375" lon="113.408931903541088104248046875">
        <ele>23.799999237060546875</ele>
        <time>2023-01-14T01:41:19.000Z</time>
        <extensions>
          <ns3:TrackPointExtension>
            <ns3:hr>167</ns3:hr>
          </ns3:TrackPointExtension>
        </extensions>
      </trkpt>
      <trkpt lat="23.16501491703093051910400390625" lon="113.40892310254275798797607421875">
        <ele>23.3999996185302734375</ele>
        <time>2023-01-14T01:41:20.000Z</time>
        <extensions>
          <ns3:TrackPointExtension>
            <ns3:hr>166</ns3:hr>
          </ns3:TrackPointExtension>
        </extensions>
      </trkpt>
      <trkpt lat="23.16507895477116107940673828125" lon="113.40891321189701557159423828125">
        <ele>22.799999237060546875</ele>
        <time>2023-01-14T01:41:21.000Z</time>
        <extensions>
          <ns3:TrackPointExtension>
            <ns3:hr>166</ns3:hr>
          </ns3:TrackPointExtension>
        </extensions>
      </trkpt>
      <trkpt lat="23.16514299251139163970947265625" lon="113.40890340507030487060546875">
        <ele>22.200000762939453125</ele>
        <time>2023-01-14T01:41:22.000Z</time>
        <extensions>
          <ns3:TrackPointExtension>
            <ns3:hr>166</ns3:hr>
          </ns3:TrackPointExtension>
        </extensions>
      </trkpt>
      <trkpt lat="23.16518054343760013580322265625" lon="113.40889711864292621612548828125">
        <ele>21.799999237060546875</ele>
        <time>2023-01-14T01:41:23.000Z</time>
        <extensions>
          <ns3:TrackPointExtension>
            <ns3:hr>165</ns3:hr>
          </ns3:TrackPointExtension>
        </extensions>
      </trkpt>
      <trkpt lat="23.1652265600860118865966796875" lon="113.40888806618750095367431640625">
        <ele>21.799999237060546875</ele>
        <time>2023-01-14T01:41:24.000Z</time>
        <extensions>
          <ns3:TrackPointExtension>
            <ns3:hr>165</ns3:hr>
          </ns3:TrackPointExtension>
        </extensions>
      </trkpt>
      <trkpt lat="23.165272660553455352783203125" lon="113.40887918137013912200927734375">
        <ele>21.3999996185302734375</ele>
        <time>2023-01-14T01:41:25.000Z</time>
        <extensions>
          <ns3:TrackPointExtension>
            <ns3:hr>165</ns3:hr>
          </ns3:TrackPointExtension>
        </extensions>
      </trkpt>
      <trkpt lat="23.1653217785060405731201171875" lon="113.408869206905364990234375">
        <ele>21</ele>
        <time>2023-01-14T01:41:26.000Z</time>
        <extensions>
          <ns3:TrackPointExtension>
            <ns3:hr>165</ns3:hr>
          </ns3:TrackPointExtension>
        </extensions>
      </trkpt>
      <trkpt lat="23.165369890630245208740234375" lon="113.40886124409735202789306640625">
        <ele>20.6000003814697265625</ele>
        <time>2023-01-14T01:41:27.000Z</time>
        <extensions>
          <ns3:TrackPointExtension>
            <ns3:hr>165</ns3:hr>
          </ns3:TrackPointExtension>
        </extensions>
      </trkpt>
      <trkpt lat="23.16541657783091068267822265625" lon="113.40885470621287822723388671875">
        <ele>20.3999996185302734375</ele>
        <time>2023-01-14T01:41:28.000Z</time>
        <extensions>
          <ns3:TrackPointExtension>
            <ns3:hr>166</ns3:hr>
          </ns3:TrackPointExtension>
        </extensions>
      </trkpt>
      <trkpt lat="23.16545982845127582550048828125" lon="113.40884984470903873443603515625">
        <ele>20.6000003814697265625</ele>
        <time>2023-01-14T01:41:29.000Z</time>
        <extensions>
          <ns3:TrackPointExtension>
            <ns3:hr>166</ns3:hr>
          </ns3:TrackPointExtension>
        </extensions>
      </trkpt>
      <trkpt lat="23.16550710238516330718994140625" lon="113.40884531848132610321044921875">
        <ele>20.799999237060546875</ele>
        <time>2023-01-14T01:41:30.000Z</time>
        <extensions>
          <ns3:TrackPointExtension>
            <ns3:hr>166</ns3:hr>
          </ns3:TrackPointExtension>
        </extensions>
      </trkpt>
      <trkpt lat="23.16555588506162166595458984375" lon="113.408840037882328033447265625">
        <ele>20.799999237060546875</ele>
        <time>2023-01-14T01:41:31.000Z</time>
        <extensions>
          <ns3:TrackPointExtension>
            <ns3:hr>167</ns3:hr>
          </ns3:TrackPointExtension>
        </extensions>
      </trkpt>
      <trkpt lat="23.16560424864292144775390625" lon="113.408834673464298248291015625">
        <ele>20.799999237060546875</ele>
        <time>2023-01-14T01:41:32.000Z</time>
        <extensions>
          <ns3:TrackPointExtension>
            <ns3:hr>167</ns3:hr>
          </ns3:TrackPointExtension>
        </extensions>
      </trkpt>
      <trkpt lat="23.16565244458615779876708984375" lon="113.40882888995110988616943359375">
        <ele>20.799999237060546875</ele>
        <time>2023-01-14T01:41:33.000Z</time>
        <extensions>
          <ns3:TrackPointExtension>
            <ns3:hr>167</ns3:hr>
          </ns3:TrackPointExtension>
        </extensions>
      </trkpt>
      <trkpt lat="23.1657006405293941497802734375" lon="113.408823944628238677978515625">
        <ele>20.799999237060546875</ele>
        <time>2023-01-14T01:41:34.000Z</time>
        <extensions>
          <ns3:TrackPointExtension>
            <ns3:hr>167</ns3:hr>
          </ns3:TrackPointExtension>
        </extensions>
      </trkpt>
      <trkpt lat="23.1657482497394084930419921875" lon="113.40881966985762119293212890625">
        <ele>20.6000003814697265625</ele>
        <time>2023-01-14T01:41:35.000Z</time>
        <extensions>
          <ns3:TrackPointExtension>
            <ns3:hr>167</ns3:hr>
          </ns3:TrackPointExtension>
        </extensions>
      </trkpt>
      <trkpt lat="23.16579661332070827484130859375" lon="113.40881598182022571563720703125">
        <ele>20.3999996185302734375</ele>
        <time>2023-01-14T01:41:36.000Z</time>
        <extensions>
          <ns3:TrackPointExtension>
            <ns3:hr>167</ns3:hr>
          </ns3:TrackPointExtension>
        </extensions>
      </trkpt>
      <trkpt lat="23.16584271378815174102783203125" lon="113.40881380252540111541748046875">
        <ele>20.3999996185302734375</ele>
        <time>2023-01-14T01:41:37.000Z</time>
        <extensions>
          <ns3:TrackPointExtension>
            <ns3:hr>167</ns3:hr>
          </ns3:TrackPointExtension>
        </extensions>
      </trkpt>
      <trkpt lat="23.1658883951604366302490234375" lon="113.40881288051605224609375">
        <ele>20.3999996185302734375</ele>
        <time>2023-01-14T01:41:38.000Z</time>
        <extensions>
          <ns3:TrackPointExtension>
            <ns3:hr>167</ns3:hr>
          </ns3:TrackPointExtension>
        </extensions>
      </trkpt>
      <trkpt lat="23.1659349985420703887939453125" lon="113.4088107012212276458740234375">
        <ele>20.3999996185302734375</ele>
        <time>2023-01-14T01:41:39.000Z</time>
        <extensions>
          <ns3:TrackPointExtension>
            <ns3:hr>167</ns3:hr>
          </ns3:TrackPointExtension>
        </extensions>
      </trkpt>
      <trkpt lat="23.1659862957894802093505859375" lon="113.40880843810737133026123046875">
        <ele>20.200000762939453125</ele>
        <time>2023-01-14T01:41:40.000Z</time>
        <extensions>
          <ns3:TrackPointExtension>
            <ns3:hr>166</ns3:hr>
          </ns3:TrackPointExtension>
        </extensions>
      </trkpt>
      <trkpt lat="23.16603750921785831451416015625" lon="113.40880726464092731475830078125">
        <ele>20</ele>
        <time>2023-01-14T01:41:41.000Z</time>
        <extensions>
          <ns3:TrackPointExtension>
            <ns3:hr>166</ns3:hr>
          </ns3:TrackPointExtension>
        </extensions>
      </trkpt>
      <trkpt lat="23.16608880646526813507080078125" lon="113.4088061749935150146484375">
        <ele>19.799999237060546875</ele>
        <time>2023-01-14T01:41:42.000Z</time>
        <extensions>
          <ns3:TrackPointExtension>
            <ns3:hr>166</ns3:hr>
          </ns3:TrackPointExtension>
        </extensions>
      </trkpt>
      <trkpt lat="23.166139014065265655517578125" lon="113.40880659408867359161376953125">
        <ele>19.200000762939453125</ele>
        <time>2023-01-14T01:41:43.000Z</time>
        <extensions>
          <ns3:TrackPointExtension>
            <ns3:hr>166</ns3:hr>
          </ns3:TrackPointExtension>
        </extensions>
      </trkpt>
      <trkpt lat="23.16618771292269229888916015625" lon="113.40880709700286388397216796875">
        <ele>18.6000003814697265625</ele>
        <time>2023-01-14T01:41:44.000Z</time>
        <extensions>
          <ns3:TrackPointExtension>
            <ns3:hr>166</ns3:hr>
          </ns3:TrackPointExtension>
        </extensions>
      </trkpt>
      <trkpt lat="23.16623532213270664215087890625" lon="113.40880927629768848419189453125">
        <ele>18.200000762939453125</ele>
        <time>2023-01-14T01:41:45.000Z</time>
        <extensions>
          <ns3:TrackPointExtension>
            <ns3:hr>166</ns3:hr>
          </ns3:TrackPointExtension>
        </extensions>
      </trkpt>
      <trkpt lat="23.166281841695308685302734375" lon="113.40881296433508396148681640625">
        <ele>17.6000003814697265625</ele>
        <time>2023-01-14T01:41:46.000Z</time>
        <extensions>
          <ns3:TrackPointExtension>
            <ns3:hr>166</ns3:hr>
          </ns3:TrackPointExtension>
        </extensions>
      </trkpt>
      <trkpt lat="23.16632702015340328216552734375" lon="113.4088170714676380157470703125">
        <ele>17.200000762939453125</ele>
        <time>2023-01-14T01:41:47.000Z</time>
        <extensions>
          <ns3:TrackPointExtension>
            <ns3:hr>165</ns3:hr>
          </ns3:TrackPointExtension>
        </extensions>
      </trkpt>
      <trkpt lat="23.16637228243052959442138671875" lon="113.408821262419223785400390625">
        <ele>16.799999237060546875</ele>
        <time>2023-01-14T01:41:48.000Z</time>
        <extensions>
          <ns3:TrackPointExtension>
            <ns3:hr>164</ns3:hr>
          </ns3:TrackPointExtension>
        </extensions>
      </trkpt>
      <trkpt lat="23.16641787998378276824951171875" lon="113.408826626837253570556640625">
        <ele>16.3999996185302734375</ele>
        <time>2023-01-14T01:41:49.000Z</time>
        <extensions>
          <ns3:TrackPointExtension>
            <ns3:hr>164</ns3:hr>
          </ns3:TrackPointExtension>
        </extensions>
      </trkpt>
      <trkpt lat="23.1664597056806087493896484375" lon="113.40883207507431507110595703125">
        <ele>16.200000762939453125</ele>
        <time>2023-01-14T01:41:50.000Z</time>
        <extensions>
          <ns3:TrackPointExtension>
            <ns3:hr>164</ns3:hr>
          </ns3:TrackPointExtension>
        </extensions>
      </trkpt>
      <trkpt lat="23.16650672815740108489990234375" lon="113.40883811004459857940673828125">
        <ele>15.80000019073486328125</ele>
        <time>2023-01-14T01:41:51.000Z</time>
        <extensions>
          <ns3:TrackPointExtension>
            <ns3:hr>164</ns3:hr>
          </ns3:TrackPointExtension>
        </extensions>
      </trkpt>
      <trkpt lat="23.1665549241006374359130859375" lon="113.40884439647197723388671875">
        <ele>15.3999996185302734375</ele>
        <time>2023-01-14T01:41:52.000Z</time>
        <extensions>
          <ns3:TrackPointExtension>
            <ns3:hr>163</ns3:hr>
          </ns3:TrackPointExtension>
        </extensions>
      </trkpt>
      <trkpt lat="23.16660211421549320220947265625" lon="113.40885101817548274993896484375">
        <ele>14.80000019073486328125</ele>
        <time>2023-01-14T01:41:53.000Z</time>
        <extensions>
          <ns3:TrackPointExtension>
            <ns3:hr>163</ns3:hr>
          </ns3:TrackPointExtension>
        </extensions>
      </trkpt>
      <trkpt lat="23.16665022633969783782958984375" lon="113.4088576398789882659912109375">
        <ele>14.6000003814697265625</ele>
        <time>2023-01-14T01:41:54.000Z</time>
        <extensions>
          <ns3:TrackPointExtension>
            <ns3:hr>163</ns3:hr>
          </ns3:TrackPointExtension>
        </extensions>
      </trkpt>
      <trkpt lat="23.166697919368743896484375" lon="113.40886560268700122833251953125">
        <ele>14.80000019073486328125</ele>
        <time>2023-01-14T01:41:55.000Z</time>
        <extensions>
          <ns3:TrackPointExtension>
            <ns3:hr>163</ns3:hr>
          </ns3:TrackPointExtension>
        </extensions>
      </trkpt>
      <trkpt lat="23.16674460656940937042236328125" lon="113.40887524187564849853515625">
        <ele>14.80000019073486328125</ele>
        <time>2023-01-14T01:41:56.000Z</time>
        <extensions>
          <ns3:TrackPointExtension>
            <ns3:hr>163</ns3:hr>
          </ns3:TrackPointExtension>
        </extensions>
      </trkpt>
      <trkpt lat="23.16679104231297969818115234375" lon="113.40888597071170806884765625">
        <ele>14.80000019073486328125</ele>
        <time>2023-01-14T01:41:57.000Z</time>
        <extensions>
          <ns3:TrackPointExtension>
            <ns3:hr>163</ns3:hr>
          </ns3:TrackPointExtension>
        </extensions>
      </trkpt>
      <trkpt lat="23.1668362207710742950439453125" lon="113.40889871120452880859375">
        <ele>14.80000019073486328125</ele>
        <time>2023-01-14T01:41:58.000Z</time>
        <extensions>
          <ns3:TrackPointExtension>
            <ns3:hr>162</ns3:hr>
          </ns3:TrackPointExtension>
        </extensions>
      </trkpt>
      <trkpt lat="23.16688098013401031494140625" lon="113.4089096076786518096923828125">
        <ele>14.80000019073486328125</ele>
        <time>2023-01-14T01:41:59.000Z</time>
        <extensions>
          <ns3:TrackPointExtension>
            <ns3:hr>162</ns3:hr>
          </ns3:TrackPointExtension>
        </extensions>
      </trkpt>
      <trkpt lat="23.16692582331597805023193359375" lon="113.40892042033374309539794921875">
        <ele>15</ele>
        <time>2023-01-14T01:42:00.000Z</time>
        <extensions>
          <ns3:TrackPointExtension>
            <ns3:hr>162</ns3:hr>
          </ns3:TrackPointExtension>
        </extensions>
      </trkpt>
      <trkpt lat="23.16697125323116779327392578125" lon="113.4089320711791515350341796875">
        <ele>15.3999996185302734375</ele>
        <time>2023-01-14T01:42:01.000Z</time>
        <extensions>
          <ns3:TrackPointExtension>
            <ns3:hr>162</ns3:hr>
          </ns3:TrackPointExtension>
        </extensions>
      </trkpt>
      <trkpt lat="23.16701668314635753631591796875" lon="113.408944644033908843994140625">
        <ele>15.80000019073486328125</ele>
        <time>2023-01-14T01:42:02.000Z</time>
        <extensions>
          <ns3:TrackPointExtension>
            <ns3:hr>162</ns3:hr>
          </ns3:TrackPointExtension>
        </extensions>
      </trkpt>
      <trkpt lat="23.16706144250929355621337890625" lon="113.40895830653607845306396484375">
        <ele>16.200000762939453125</ele>
        <time>2023-01-14T01:42:03.000Z</time>
        <extensions>
          <ns3:TrackPointExtension>
            <ns3:hr>162</ns3:hr>
          </ns3:TrackPointExtension>
        </extensions>
      </trkpt>
      <trkpt lat="23.16710469312965869903564453125" lon="113.40897389687597751617431640625">
        <ele>16.799999237060546875</ele>
        <time>2023-01-14T01:42:04.000Z</time>
        <extensions>
          <ns3:TrackPointExtension>
            <ns3:hr>162</ns3:hr>
          </ns3:TrackPointExtension>
        </extensions>
      </trkpt>
      <trkpt lat="23.16714844666421413421630859375" lon="113.4089910797774791717529296875">
        <ele>17.200000762939453125</ele>
        <time>2023-01-14T01:42:05.000Z</time>
        <extensions>
          <ns3:TrackPointExtension>
            <ns3:hr>162</ns3:hr>
          </ns3:TrackPointExtension>
        </extensions>
      </trkpt>
      <trkpt lat="23.1671926192939281463623046875" lon="113.4090085141360759735107421875">
        <ele>17.3999996185302734375</ele>
        <time>2023-01-14T01:42:06.000Z</time>
        <extensions>
          <ns3:TrackPointExtension>
            <ns3:hr>162</ns3:hr>
          </ns3:TrackPointExtension>
        </extensions>
      </trkpt>
      <trkpt lat="23.16723729483783245086669921875" lon="113.4090256132185459136962890625">
        <ele>17.6000003814697265625</ele>
        <time>2023-01-14T01:42:07.000Z</time>
        <extensions>
          <ns3:TrackPointExtension>
            <ns3:hr>162</ns3:hr>
          </ns3:TrackPointExtension>
        </extensions>
      </trkpt>
      <trkpt lat="23.1672821380198001861572265625" lon="113.409041874110698699951171875">
        <ele>17.799999237060546875</ele>
        <time>2023-01-14T01:42:08.000Z</time>
        <extensions>
          <ns3:TrackPointExtension>
            <ns3:hr>163</ns3:hr>
          </ns3:TrackPointExtension>
        </extensions>
      </trkpt>
      <trkpt lat="23.16732714883983135223388671875" lon="113.4090588055551052093505859375">
        <ele>17.799999237060546875</ele>
        <time>2023-01-14T01:42:09.000Z</time>
        <extensions>
          <ns3:TrackPointExtension>
            <ns3:hr>162</ns3:hr>
          </ns3:TrackPointExtension>
        </extensions>
      </trkpt>
      <trkpt lat="23.16737090237438678741455078125" lon="113.4090775810182094573974609375">
        <ele>18</ele>
        <time>2023-01-14T01:42:10.000Z</time>
        <extensions>
          <ns3:TrackPointExtension>
            <ns3:hr>162</ns3:hr>
          </ns3:TrackPointExtension>
        </extensions>
      </trkpt>
      <trkpt lat="23.16741415299475193023681640625" lon="113.40909778140485286712646484375">
        <ele>18.200000762939453125</ele>
        <time>2023-01-14T01:42:11.000Z</time>
        <extensions>
          <ns3:TrackPointExtension>
            <ns3:hr>162</ns3:hr>
          </ns3:TrackPointExtension>
        </extensions>
      </trkpt>
      <trkpt lat="23.16745740361511707305908203125" lon="113.40911798179149627685546875">
        <ele>18.200000762939453125</ele>
        <time>2023-01-14T01:42:12.000Z</time>
        <extensions>
          <ns3:TrackPointExtension>
            <ns3:hr>162</ns3:hr>
          </ns3:TrackPointExtension>
        </extensions>
      </trkpt>
      <trkpt lat="23.16750065423548221588134765625" lon="113.40913868509232997894287109375">
        <ele>18.200000762939453125</ele>
        <time>2023-01-14T01:42:13.000Z</time>
        <extensions>
          <ns3:TrackPointExtension>
            <ns3:hr>162</ns3:hr>
          </ns3:TrackPointExtension>
        </extensions>
      </trkpt>
      <trkpt lat="23.16754323430359363555908203125" lon="113.4091597236692905426025390625">
        <ele>18.200000762939453125</ele>
        <time>2023-01-14T01:42:14.000Z</time>
        <extensions>
          <ns3:TrackPointExtension>
            <ns3:hr>162</ns3:hr>
          </ns3:TrackPointExtension>
        </extensions>
      </trkpt>
      <trkpt lat="23.16758665256202220916748046875" lon="113.40918109752237796783447265625">
        <ele>18.200000762939453125</ele>
        <time>2023-01-14T01:42:15.000Z</time>
        <extensions>
          <ns3:TrackPointExtension>
            <ns3:hr>162</ns3:hr>
          </ns3:TrackPointExtension>
        </extensions>
      </trkpt>
      <trkpt lat="23.167629651725292205810546875" lon="113.40920272283256053924560546875">
        <ele>18.200000762939453125</ele>
        <time>2023-01-14T01:42:16.000Z</time>
        <extensions>
          <ns3:TrackPointExtension>
            <ns3:hr>162</ns3:hr>
          </ns3:TrackPointExtension>
        </extensions>
      </trkpt>
      <trkpt lat="23.16767223179340362548828125" lon="113.40922392904758453369140625">
        <ele>18.200000762939453125</ele>
        <time>2023-01-14T01:42:17.000Z</time>
        <extensions>
          <ns3:TrackPointExtension>
            <ns3:hr>162</ns3:hr>
          </ns3:TrackPointExtension>
        </extensions>
      </trkpt>
      <trkpt lat="23.16771288402378559112548828125" lon="113.40924530290067195892333984375">
        <ele>18</ele>
        <time>2023-01-14T01:42:18.000Z</time>
        <extensions>
          <ns3:TrackPointExtension>
            <ns3:hr>162</ns3:hr>
          </ns3:TrackPointExtension>
        </extensions>
      </trkpt>
      <trkpt lat="23.16775362007319927215576171875" lon="113.4092666767537593841552734375">
        <ele>17.6000003814697265625</ele>
        <time>2023-01-14T01:42:19.000Z</time>
        <extensions>
          <ns3:TrackPointExtension>
            <ns3:hr>162</ns3:hr>
          </ns3:TrackPointExtension>
        </extensions>
      </trkpt>
      <trkpt lat="23.167793937027454376220703125" lon="113.40928821824491024017333984375">
        <ele>17.3999996185302734375</ele>
        <time>2023-01-14T01:42:20.000Z</time>
        <extensions>
          <ns3:TrackPointExtension>
            <ns3:hr>162</ns3:hr>
          </ns3:TrackPointExtension>
        </extensions>
      </trkpt>
      <trkpt lat="23.16783391870558261871337890625" lon="113.4093102626502513885498046875">
        <ele>16.799999237060546875</ele>
        <time>2023-01-14T01:42:21.000Z</time>
        <extensions>
          <ns3:TrackPointExtension>
            <ns3:hr>162</ns3:hr>
          </ns3:TrackPointExtension>
        </extensions>
      </trkpt>
      <trkpt lat="23.16787331365048885345458984375" lon="113.4093317203223705291748046875">
        <ele>16.3999996185302734375</ele>
        <time>2023-01-14T01:42:22.000Z</time>
        <extensions>
          <ns3:TrackPointExtension>
            <ns3:hr>166</ns3:hr>
          </ns3:TrackPointExtension>
        </extensions>
      </trkpt>
      <trkpt lat="23.16790902055799961090087890625" lon="113.4093511663377285003662109375">
        <ele>16</ele>
        <time>2023-01-14T01:42:23.000Z</time>
        <extensions>
          <ns3:TrackPointExtension>
            <ns3:hr>166</ns3:hr>
          </ns3:TrackPointExtension>
        </extensions>
      </trkpt>
      <trkpt lat="23.1679473258554935455322265625" lon="113.40937103144824504852294921875">
        <ele>15.6000003814697265625</ele>
        <time>2023-01-14T01:42:24.000Z</time>
        <extensions>
          <ns3:TrackPointExtension>
            <ns3:hr>167</ns3:hr>
          </ns3:TrackPointExtension>
        </extensions>
      </trkpt>
      <trkpt lat="23.16798680461943149566650390625" lon="113.4093903936445713043212890625">
        <ele>15.19999980926513671875</ele>
        <time>2023-01-14T01:42:25.000Z</time>
        <extensions>
          <ns3:TrackPointExtension>
            <ns3:hr>167</ns3:hr>
          </ns3:TrackPointExtension>
        </extensions>
      </trkpt>
      <trkpt lat="23.16802619956433773040771484375" lon="113.40940858237445354461669921875">
        <ele>14.80000019073486328125</ele>
        <time>2023-01-14T01:42:26.000Z</time>
        <extensions>
          <ns3:TrackPointExtension>
            <ns3:hr>163</ns3:hr>
          </ns3:TrackPointExtension>
        </extensions>
      </trkpt>
      <trkpt lat="23.16806475631892681121826171875" lon="113.40942601673305034637451171875">
        <ele>14.19999980926513671875</ele>
        <time>2023-01-14T01:42:27.000Z</time>
        <extensions>
          <ns3:TrackPointExtension>
            <ns3:hr>163</ns3:hr>
          </ns3:TrackPointExtension>
        </extensions>
      </trkpt>
      <trkpt lat="23.16810113377869129180908203125" lon="113.40944244526326656341552734375">
        <ele>13.6000003814697265625</ele>
        <time>2023-01-14T01:42:28.000Z</time>
        <extensions>
          <ns3:TrackPointExtension>
            <ns3:hr>163</ns3:hr>
          </ns3:TrackPointExtension>
        </extensions>
      </trkpt>
      <trkpt lat="23.16813751123845577239990234375" lon="113.40945887379348278045654296875">
        <ele>13.19999980926513671875</ele>
        <time>2023-01-14T01:42:29.000Z</time>
        <extensions>
          <ns3:TrackPointExtension>
            <ns3:hr>163</ns3:hr>
          </ns3:TrackPointExtension>
        </extensions>
      </trkpt>
      <trkpt lat="23.16817489452660083770751953125" lon="113.40947873890399932861328125">
        <ele>12.6000003814697265625</ele>
        <time>2023-01-14T01:42:30.000Z</time>
        <extensions>
          <ns3:TrackPointExtension>
            <ns3:hr>163</ns3:hr>
          </ns3:TrackPointExtension>
        </extensions>
      </trkpt>
      <trkpt lat="23.1682120263576507568359375" lon="113.40949893929064273834228515625">
        <ele>12</ele>
        <time>2023-01-14T01:42:31.000Z</time>
        <extensions>
          <ns3:TrackPointExtension>
            <ns3:hr>163</ns3:hr>
          </ns3:TrackPointExtension>
        </extensions>
      </trkpt>
      <trkpt lat="23.16824764944612979888916015625" lon="113.40952098369598388671875">
        <ele>11.6000003814697265625</ele>
        <time>2023-01-14T01:42:32.000Z</time>
        <extensions>
          <ns3:TrackPointExtension>
            <ns3:hr>163</ns3:hr>
          </ns3:TrackPointExtension>
        </extensions>
      </trkpt>
      <trkpt lat="23.1682826019823551177978515625" lon="113.40954403392970561981201171875">
        <ele>11</ele>
        <time>2023-01-14T01:42:33.000Z</time>
        <extensions>
          <ns3:TrackPointExtension>
            <ns3:hr>163</ns3:hr>
          </ns3:TrackPointExtension>
        </extensions>
      </trkpt>
      <trkpt lat="23.168315626680850982666015625" lon="113.409569263458251953125">
        <ele>11.3999996185302734375</ele>
        <time>2023-01-14T01:42:34.000Z</time>
        <extensions>
          <ns3:TrackPointExtension>
            <ns3:hr>163</ns3:hr>
          </ns3:TrackPointExtension>
        </extensions>
      </trkpt>
      <trkpt lat="23.1683476455509662628173828125" lon="113.40959616936743259429931640625">
        <ele>11.6000003814697265625</ele>
        <time>2023-01-14T01:42:35.000Z</time>
        <extensions>
          <ns3:TrackPointExtension>
            <ns3:hr>165</ns3:hr>
          </ns3:TrackPointExtension>
        </extensions>
      </trkpt>
      <trkpt lat="23.1683784909546375274658203125" lon="113.4096254222095012664794921875">
        <ele>12</ele>
        <time>2023-01-14T01:42:36.000Z</time>
        <extensions>
          <ns3:TrackPointExtension>
            <ns3:hr>165</ns3:hr>
          </ns3:TrackPointExtension>
        </extensions>
      </trkpt>
      <trkpt lat="23.1684069894254207611083984375" lon="113.409654088318347930908203125">
        <ele>12.3999996185302734375</ele>
        <time>2023-01-14T01:42:37.000Z</time>
        <extensions>
          <ns3:TrackPointExtension>
            <ns3:hr>165</ns3:hr>
          </ns3:TrackPointExtension>
        </extensions>
      </trkpt>
      <trkpt lat="23.1684361584484577178955078125" lon="113.40968887321650981903076171875">
        <ele>12.6000003814697265625</ele>
        <time>2023-01-14T01:42:38.000Z</time>
        <extensions>
          <ns3:TrackPointExtension>
            <ns3:hr>165</ns3:hr>
          </ns3:TrackPointExtension>
        </extensions>
      </trkpt>
      <trkpt lat="23.168463148176670074462890625" lon="113.40972709469497203826904296875">
        <ele>13</ele>
        <time>2023-01-14T01:42:39.000Z</time>
        <extensions>
          <ns3:TrackPointExtension>
            <ns3:hr>165</ns3:hr>
          </ns3:TrackPointExtension>
        </extensions>
      </trkpt>
      <trkpt lat="23.16848770715296268463134765625" lon="113.4097655676305294036865234375">
        <ele>13.19999980926513671875</ele>
        <time>2023-01-14T01:42:40.000Z</time>
        <extensions>
          <ns3:TrackPointExtension>
            <ns3:hr>165</ns3:hr>
          </ns3:TrackPointExtension>
        </extensions>
      </trkpt>
      <trkpt lat="23.16851050592958927154541015625" lon="113.40980219654738903045654296875">
        <ele>13.3999996185302734375</ele>
        <time>2023-01-14T01:42:41.000Z</time>
        <extensions>
          <ns3:TrackPointExtension>
            <ns3:hr>164</ns3:hr>
          </ns3:TrackPointExtension>
        </extensions>
      </trkpt>
      <trkpt lat="23.1685343943536281585693359375" lon="113.40983086265623569488525390625">
        <ele>13.6000003814697265625</ele>
        <time>2023-01-14T01:42:42.000Z</time>
        <extensions>
          <ns3:TrackPointExtension>
            <ns3:hr>164</ns3:hr>
          </ns3:TrackPointExtension>
        </extensions>
      </trkpt>
      <trkpt lat="23.1685602106153964996337890625" lon="113.40984879992902278900146484375">
        <ele>14</ele>
        <time>2023-01-14T01:42:43.000Z</time>
        <extensions>
          <ns3:TrackPointExtension>
            <ns3:hr>164</ns3:hr>
          </ns3:TrackPointExtension>
        </extensions>
      </trkpt>
      <trkpt lat="23.16858611069619655609130859375" lon="113.40985550545156002044677734375">
        <ele>14.3999996185302734375</ele>
        <time>2023-01-14T01:42:44.000Z</time>
        <extensions>
          <ns3:TrackPointExtension>
            <ns3:hr>164</ns3:hr>
          </ns3:TrackPointExtension>
        </extensions>
      </trkpt>
      <trkpt lat="23.1686011143028736114501953125" lon="113.4098540805280208587646484375">
        <ele>14.6000003814697265625</ele>
        <time>2023-01-14T01:42:45.000Z</time>
        <extensions>
          <ns3:TrackPointExtension>
            <ns3:hr>164</ns3:hr>
          </ns3:TrackPointExtension>
        </extensions>
      </trkpt>
      <trkpt lat="23.16862131468951702117919921875" lon="113.4098477102816104888916015625">
        <ele>14.80000019073486328125</ele>
        <time>2023-01-14T01:42:46.000Z</time>
        <extensions>
          <ns3:TrackPointExtension>
            <ns3:hr>164</ns3:hr>
          </ns3:TrackPointExtension>
        </extensions>
      </trkpt>
      <trkpt lat="23.168644197285175323486328125" lon="113.40983840636909008026123046875">
        <ele>15.3999996185302734375</ele>
        <time>2023-01-14T01:42:47.000Z</time>
        <extensions>
          <ns3:TrackPointExtension>
            <ns3:hr>165</ns3:hr>
          </ns3:TrackPointExtension>
        </extensions>
      </trkpt>
      <trkpt lat="23.168677724897861480712890625" lon="113.40983002446591854095458984375">
        <ele>16.3999996185302734375</ele>
        <time>2023-01-14T01:42:48.000Z</time>
        <extensions>
          <ns3:TrackPointExtension>
            <ns3:hr>165</ns3:hr>
          </ns3:TrackPointExtension>
        </extensions>
      </trkpt>
      <trkpt lat="23.168711252510547637939453125" lon="113.40982164256274700164794921875">
        <ele>17.200000762939453125</ele>
        <time>2023-01-14T01:42:49.000Z</time>
        <extensions>
          <ns3:TrackPointExtension>
            <ns3:hr>165</ns3:hr>
          </ns3:TrackPointExtension>
        </extensions>
      </trkpt>
      <trkpt lat="23.16873983480036258697509765625" lon="113.40981929562985897064208984375">
        <ele>18</ele>
        <time>2023-01-14T01:42:50.000Z</time>
        <extensions>
          <ns3:TrackPointExtension>
            <ns3:hr>165</ns3:hr>
          </ns3:TrackPointExtension>
        </extensions>
      </trkpt>
      <trkpt lat="23.1687560118734836578369140625" lon="113.4098208881914615631103515625">
        <ele>18.3999996185302734375</ele>
        <time>2023-01-14T01:42:51.000Z</time>
        <extensions>
          <ns3:TrackPointExtension>
            <ns3:hr>165</ns3:hr>
          </ns3:TrackPointExtension>
        </extensions>
      </trkpt>
      <trkpt lat="23.16879264079034328460693359375" lon="113.40982868336141109466552734375">
        <ele>19.200000762939453125</ele>
        <time>2023-01-14T01:42:52.000Z</time>
        <extensions>
          <ns3:TrackPointExtension>
            <ns3:hr>165</ns3:hr>
          </ns3:TrackPointExtension>
        </extensions>
      </trkpt>
      <trkpt lat="23.16882155835628509521484375" lon="113.40983773581683635711669921875">
        <ele>19.799999237060546875</ele>
        <time>2023-01-14T01:42:53.000Z</time>
        <extensions>
          <ns3:TrackPointExtension>
            <ns3:hr>165</ns3:hr>
          </ns3:TrackPointExtension>
        </extensions>
      </trkpt>
      <trkpt lat="23.1688495539128780364990234375" lon="113.409845530986785888671875">
        <ele>20.200000762939453125</ele>
        <time>2023-01-14T01:42:54.000Z</time>
        <extensions>
          <ns3:TrackPointExtension>
            <ns3:hr>165</ns3:hr>
          </ns3:TrackPointExtension>
        </extensions>
      </trkpt>
      <trkpt lat="23.1688780523836612701416015625" lon="113.40985081158578395843505859375">
        <ele>20</ele>
        <time>2023-01-14T01:42:55.000Z</time>
        <extensions>
          <ns3:TrackPointExtension>
            <ns3:hr>165</ns3:hr>
          </ns3:TrackPointExtension>
        </extensions>
      </trkpt>
      <trkpt lat="23.16890537738800048828125" lon="113.40985558927059173583984375">
        <ele>20</ele>
        <time>2023-01-14T01:42:56.000Z</time>
        <extensions>
          <ns3:TrackPointExtension>
            <ns3:hr>164</ns3:hr>
          </ns3:TrackPointExtension>
        </extensions>
      </trkpt>
      <trkpt lat="23.16893295384943485260009765625" lon="113.40986053459346294403076171875">
        <ele>19.799999237060546875</ele>
        <time>2023-01-14T01:42:57.000Z</time>
        <extensions>
          <ns3:TrackPointExtension>
            <ns3:hr>164</ns3:hr>
          </ns3:TrackPointExtension>
        </extensions>
      </trkpt>
      <trkpt lat="23.1689635477960109710693359375" lon="113.40986757539212703704833984375">
        <ele>19.799999237060546875</ele>
        <time>2023-01-14T01:42:58.000Z</time>
        <extensions>
          <ns3:TrackPointExtension>
            <ns3:hr>164</ns3:hr>
          </ns3:TrackPointExtension>
        </extensions>
      </trkpt>
      <trkpt lat="23.1689937226474285125732421875" lon="113.40987763367593288421630859375">
        <ele>19.6000003814697265625</ele>
        <time>2023-01-14T01:42:59.000Z</time>
        <extensions>
          <ns3:TrackPointExtension>
            <ns3:hr>163</ns3:hr>
          </ns3:TrackPointExtension>
        </extensions>
      </trkpt>
      <trkpt lat="23.1690218858420848846435546875" lon="113.4098919667303562164306640625">
        <ele>19.3999996185302734375</ele>
        <time>2023-01-14T01:43:00.000Z</time>
        <extensions>
          <ns3:TrackPointExtension>
            <ns3:hr>163</ns3:hr>
          </ns3:TrackPointExtension>
        </extensions>
      </trkpt>
      <trkpt lat="23.16904661245644092559814453125" lon="113.409910239279270172119140625">
        <ele>19</ele>
        <time>2023-01-14T01:43:01.000Z</time>
        <extensions>
          <ns3:TrackPointExtension>
            <ns3:hr>163</ns3:hr>
          </ns3:TrackPointExtension>
        </extensions>
      </trkpt>
      <trkpt lat="23.16906672902405261993408203125" lon="113.40992943383753299713134765625">
        <ele>18.799999237060546875</ele>
        <time>2023-01-14T01:43:02.000Z</time>
        <extensions>
          <ns3:TrackPointExtension>
            <ns3:hr>163</ns3:hr>
          </ns3:TrackPointExtension>
        </extensions>
      </trkpt>
      <trkpt lat="23.169074691832065582275390625" lon="113.4099382348358631134033203125">
        <ele>18.6000003814697265625</ele>
        <time>2023-01-14T01:43:03.000Z</time>
        <extensions>
          <ns3:TrackPointExtension>
            <ns3:hr>163</ns3:hr>
          </ns3:TrackPointExtension>
        </extensions>
      </trkpt>
      <trkpt lat="23.16908265464007854461669921875" lon="113.40994678437709808349609375">
        <ele>18.6000003814697265625</ele>
        <time>2023-01-14T01:43:04.000Z</time>
        <extensions>
          <ns3:TrackPointExtension>
            <ns3:hr>163</ns3:hr>
          </ns3:TrackPointExtension>
        </extensions>
      </trkpt>
      <trkpt lat="23.16908885724842548370361328125" lon="113.40995206497609615325927734375">
        <ele>18.3999996185302734375</ele>
        <time>2023-01-14T01:43:05.000Z</time>
        <extensions>
          <ns3:TrackPointExtension>
            <ns3:hr>163</ns3:hr>
          </ns3:TrackPointExtension>
        </extensions>
      </trkpt>
      <trkpt lat="23.16909782588481903076171875" lon="113.40995860286056995391845703125">
        <ele>18.3999996185302734375</ele>
        <time>2023-01-14T01:43:06.000Z</time>
        <extensions>
          <ns3:TrackPointExtension>
            <ns3:hr>163</ns3:hr>
          </ns3:TrackPointExtension>
        </extensions>
      </trkpt>
      <trkpt lat="23.169109560549259185791015625" lon="113.40996581129729747772216796875">
        <ele>18.200000762939453125</ele>
        <time>2023-01-14T01:43:07.000Z</time>
        <extensions>
          <ns3:TrackPointExtension>
            <ns3:hr>163</ns3:hr>
          </ns3:TrackPointExtension>
        </extensions>
      </trkpt>
      <trkpt lat="23.1691248156130313873291015625" lon="113.40997318737208843231201171875">
        <ele>18.200000762939453125</ele>
        <time>2023-01-14T01:43:08.000Z</time>
        <extensions>
          <ns3:TrackPointExtension>
            <ns3:hr>163</ns3:hr>
          </ns3:TrackPointExtension>
        </extensions>
      </trkpt>
      <trkpt lat="23.1691486202180385589599609375" lon="113.40998358093202114105224609375">
        <ele>18</ele>
        <time>2023-01-14T01:43:09.000Z</time>
        <extensions>
          <ns3:TrackPointExtension>
            <ns3:hr>163</ns3:hr>
          </ns3:TrackPointExtension>
        </extensions>
      </trkpt>
      <trkpt lat="23.1691717542707920074462890625" lon="113.40999213047325611114501953125">
        <ele>17.799999237060546875</ele>
        <time>2023-01-14T01:43:10.000Z</time>
        <extensions>
          <ns3:TrackPointExtension>
            <ns3:hr>163</ns3:hr>
          </ns3:TrackPointExtension>
        </extensions>
      </trkpt>
      <trkpt lat="23.16919480450451374053955078125" lon="113.40999833308160305023193359375">
        <ele>17.6000003814697265625</ele>
        <time>2023-01-14T01:43:11.000Z</time>
        <extensions>
          <ns3:TrackPointExtension>
            <ns3:hr>162</ns3:hr>
          </ns3:TrackPointExtension>
        </extensions>
      </trkpt>
      <trkpt lat="23.16921609453856945037841796875" lon="113.4100022725760936737060546875">
        <ele>17.3999996185302734375</ele>
        <time>2023-01-14T01:43:12.000Z</time>
        <extensions>
          <ns3:TrackPointExtension>
            <ns3:hr>162</ns3:hr>
          </ns3:TrackPointExtension>
        </extensions>
      </trkpt>
      <trkpt lat="23.16926051862537860870361328125" lon="113.41000939719378948211669921875">
        <ele>17.200000762939453125</ele>
        <time>2023-01-14T01:43:13.000Z</time>
        <extensions>
          <ns3:TrackPointExtension>
            <ns3:hr>162</ns3:hr>
          </ns3:TrackPointExtension>
        </extensions>
      </trkpt>
      <trkpt lat="23.16925381310284137725830078125" lon="113.40993940830230712890625">
        <ele>18.200000762939453125</ele>
        <time>2023-01-14T01:43:36.000Z</time>
        <extensions>
          <ns3:TrackPointExtension>
            <ns3:hr>154</ns3:hr>
          </ns3:TrackPointExtension>
        </extensions>
      </trkpt>
      <trkpt lat="23.16925465129315853118896484375" lon="113.4099301882088184356689453125">
        <ele>18.3999996185302734375</ele>
        <time>2023-01-14T01:43:37.000Z</time>
        <extensions>
          <ns3:TrackPointExtension>
            <ns3:hr>154</ns3:hr>
          </ns3:TrackPointExtension>
        </extensions>
      </trkpt>
      <trkpt lat="23.1692562438547611236572265625" lon="113.4099191240966320037841796875">
        <ele>18.3999996185302734375</ele>
        <time>2023-01-14T01:43:38.000Z</time>
        <extensions>
          <ns3:TrackPointExtension>
            <ns3:hr>154</ns3:hr>
          </ns3:TrackPointExtension>
        </extensions>
      </trkpt>
      <trkpt lat="23.16925850696861743927001953125" lon="113.4099037013947963714599609375">
        <ele>18.3999996185302734375</ele>
        <time>2023-01-14T01:43:39.000Z</time>
        <extensions>
          <ns3:TrackPointExtension>
            <ns3:hr>153</ns3:hr>
          </ns3:TrackPointExtension>
        </extensions>
      </trkpt>
      <trkpt lat="23.1692632846534252166748046875" lon="113.4098778851330280303955078125">
        <ele>18.200000762939453125</ele>
        <time>2023-01-14T01:43:40.000Z</time>
        <extensions>
          <ns3:TrackPointExtension>
            <ns3:hr>153</ns3:hr>
          </ns3:TrackPointExtension>
        </extensions>
      </trkpt>
      <trkpt lat="23.16926789470016956329345703125" lon="113.4098527394235134124755859375">
        <ele>18</ele>
        <time>2023-01-14T01:43:41.000Z</time>
        <extensions>
          <ns3:TrackPointExtension>
            <ns3:hr>151</ns3:hr>
          </ns3:TrackPointExtension>
        </extensions>
      </trkpt>
      <trkpt lat="23.1692730076611042022705078125" lon="113.40983019210398197174072265625">
        <ele>17.799999237060546875</ele>
        <time>2023-01-14T01:43:42.000Z</time>
        <extensions>
          <ns3:TrackPointExtension>
            <ns3:hr>151</ns3:hr>
          </ns3:TrackPointExtension>
        </extensions>
      </trkpt>
      <trkpt lat="23.16928382031619548797607421875" lon="113.4097876958549022674560546875">
        <ele>17.3999996185302734375</ele>
        <time>2023-01-14T01:43:43.000Z</time>
        <extensions>
          <ns3:TrackPointExtension>
            <ns3:hr>151</ns3:hr>
          </ns3:TrackPointExtension>
        </extensions>
      </trkpt>
      <trkpt lat="23.16929723136126995086669921875" lon="113.40977269224822521209716796875">
        <ele>17.200000762939453125</ele>
        <time>2023-01-14T01:43:59.000Z</time>
        <extensions>
          <ns3:TrackPointExtension>
            <ns3:hr>144</ns3:hr>
          </ns3:TrackPointExtension>
        </extensions>
      </trkpt>
      <trkpt lat="23.16929974593222141265869140625" lon="113.4097652323544025421142578125">
        <ele>17</ele>
        <time>2023-01-14T01:44:00.000Z</time>
        <extensions>
          <ns3:TrackPointExtension>
            <ns3:hr>143</ns3:hr>
          </ns3:TrackPointExtension>
        </extensions>
      </trkpt>
      <trkpt lat="23.169302009046077728271484375" lon="113.409753330051898956298828125">
        <ele>17</ele>
        <time>2023-01-14T01:44:01.000Z</time>
        <extensions>
          <ns3:TrackPointExtension>
            <ns3:hr>143</ns3:hr>
          </ns3:TrackPointExtension>
        </extensions>
      </trkpt>
      <trkpt lat="23.16930578090250492095947265625" lon="113.4097303636372089385986328125">
        <ele>16.799999237060546875</ele>
        <time>2023-01-14T01:44:02.000Z</time>
        <extensions>
          <ns3:TrackPointExtension>
            <ns3:hr>143</ns3:hr>
          </ns3:TrackPointExtension>
        </extensions>
      </trkpt>
      <trkpt lat="23.1693095527589321136474609375" lon="113.40970613993704319000244140625">
        <ele>16.6000003814697265625</ele>
        <time>2023-01-14T01:44:03.000Z</time>
        <extensions>
          <ns3:TrackPointExtension>
            <ns3:hr>143</ns3:hr>
          </ns3:TrackPointExtension>
        </extensions>
      </trkpt>
      <trkpt lat="23.16931600682437419891357421875" lon="113.409660123288631439208984375">
        <ele>16.799999237060546875</ele>
        <time>2023-01-14T01:44:04.000Z</time>
        <extensions>
          <ns3:TrackPointExtension>
            <ns3:hr>143</ns3:hr>
          </ns3:TrackPointExtension>
        </extensions>
      </trkpt>
      <trkpt lat="23.1693236343562602996826171875" lon="113.409623242914676666259765625">
        <ele>17.200000762939453125</ele>
        <time>2023-01-14T01:44:05.000Z</time>
        <extensions>
          <ns3:TrackPointExtension>
            <ns3:hr>143</ns3:hr>
          </ns3:TrackPointExtension>
        </extensions>
      </trkpt>
      <trkpt lat="23.1693330220878124237060546875" lon="113.40958627872169017791748046875">
        <ele>17.6000003814697265625</ele>
        <time>2023-01-14T01:44:06.000Z</time>
        <extensions>
          <ns3:TrackPointExtension>
            <ns3:hr>144</ns3:hr>
          </ns3:TrackPointExtension>
        </extensions>
      </trkpt>
      <trkpt lat="23.16934324800968170166015625" lon="113.40954738669097423553466796875">
        <ele>17.799999237060546875</ele>
        <time>2023-01-14T01:44:07.000Z</time>
        <extensions>
          <ns3:TrackPointExtension>
            <ns3:hr>144</ns3:hr>
          </ns3:TrackPointExtension>
        </extensions>
      </trkpt>
      <trkpt lat="23.169350288808345794677734375" lon="113.4095070697367191314697265625">
        <ele>18.200000762939453125</ele>
        <time>2023-01-14T01:44:08.000Z</time>
        <extensions>
          <ns3:TrackPointExtension>
            <ns3:hr>144</ns3:hr>
          </ns3:TrackPointExtension>
        </extensions>
      </trkpt>
      <trkpt lat="23.16935339011251926422119140625" lon="113.4094678424298763275146484375">
        <ele>18.200000762939453125</ele>
        <time>2023-01-14T01:44:09.000Z</time>
        <extensions>
          <ns3:TrackPointExtension>
            <ns3:hr>144</ns3:hr>
          </ns3:TrackPointExtension>
        </extensions>
      </trkpt>
      <trkpt lat="23.16935129463672637939453125" lon="113.409425429999828338623046875">
        <ele>18.200000762939453125</ele>
        <time>2023-01-14T01:44:10.000Z</time>
        <extensions>
          <ns3:TrackPointExtension>
            <ns3:hr>144</ns3:hr>
          </ns3:TrackPointExtension>
        </extensions>
      </trkpt>
      <trkpt lat="23.169344924390316009521484375" lon="113.4093763120472431182861328125">
        <ele>18.3999996185302734375</ele>
        <time>2023-01-14T01:44:11.000Z</time>
        <extensions>
          <ns3:TrackPointExtension>
            <ns3:hr>145</ns3:hr>
          </ns3:TrackPointExtension>
        </extensions>
      </trkpt>
      <trkpt lat="23.16933788359165191650390625" lon="113.4093240089714527130126953125">
        <ele>18.6000003814697265625</ele>
        <time>2023-01-14T01:44:12.000Z</time>
        <extensions>
          <ns3:TrackPointExtension>
            <ns3:hr>145</ns3:hr>
          </ns3:TrackPointExtension>
        </extensions>
      </trkpt>
      <trkpt lat="23.169332183897495269775390625" lon="113.40927363373339176177978515625">
        <ele>18.799999237060546875</ele>
        <time>2023-01-14T01:44:13.000Z</time>
        <extensions>
          <ns3:TrackPointExtension>
            <ns3:hr>145</ns3:hr>
          </ns3:TrackPointExtension>
        </extensions>
      </trkpt>
      <trkpt lat="23.16932774148881435394287109375" lon="113.4092219173908233642578125">
        <ele>19</ele>
        <time>2023-01-14T01:44:14.000Z</time>
        <extensions>
          <ns3:TrackPointExtension>
            <ns3:hr>146</ns3:hr>
          </ns3:TrackPointExtension>
        </extensions>
      </trkpt>
      <trkpt lat="23.1693251430988311767578125" lon="113.40916500426828861236572265625">
        <ele>19.3999996185302734375</ele>
        <time>2023-01-14T01:44:15.000Z</time>
        <extensions>
          <ns3:TrackPointExtension>
            <ns3:hr>147</ns3:hr>
          </ns3:TrackPointExtension>
        </extensions>
      </trkpt>
      <trkpt lat="23.1693246401846408843994140625" lon="113.40910683386027812957763671875">
        <ele>20.200000762939453125</ele>
        <time>2023-01-14T01:44:16.000Z</time>
        <extensions>
          <ns3:TrackPointExtension>
            <ns3:hr>147</ns3:hr>
          </ns3:TrackPointExtension>
        </extensions>
      </trkpt>
      <trkpt lat="23.1693266518414020538330078125" lon="113.4090500883758068084716796875">
        <ele>21</ele>
        <time>2023-01-14T01:44:17.000Z</time>
        <extensions>
          <ns3:TrackPointExtension>
            <ns3:hr>149</ns3:hr>
          </ns3:TrackPointExtension>
        </extensions>
      </trkpt>
      <trkpt lat="23.1693305075168609619140625" lon="113.40899384580552577972412109375">
        <ele>21.799999237060546875</ele>
        <time>2023-01-14T01:44:18.000Z</time>
        <extensions>
          <ns3:TrackPointExtension>
            <ns3:hr>149</ns3:hr>
          </ns3:TrackPointExtension>
        </extensions>
      </trkpt>
      <trkpt lat="23.16933453083038330078125" lon="113.4089424647390842437744140625">
        <ele>22.6000003814697265625</ele>
        <time>2023-01-14T01:44:19.000Z</time>
        <extensions>
          <ns3:TrackPointExtension>
            <ns3:hr>149</ns3:hr>
          </ns3:TrackPointExtension>
        </extensions>
      </trkpt>
      <trkpt lat="23.16933964379131793975830078125" lon="113.4088864736258983612060546875">
        <ele>23.6000003814697265625</ele>
        <time>2023-01-14T01:44:20.000Z</time>
        <extensions>
          <ns3:TrackPointExtension>
            <ns3:hr>150</ns3:hr>
          </ns3:TrackPointExtension>
        </extensions>
      </trkpt>
      <trkpt lat="23.16934500820934772491455078125" lon="113.40882989577949047088623046875">
        <ele>25.200000762939453125</ele>
        <time>2023-01-14T01:44:21.000Z</time>
        <extensions>
          <ns3:TrackPointExtension>
            <ns3:hr>151</ns3:hr>
          </ns3:TrackPointExtension>
        </extensions>
      </trkpt>
      <trkpt lat="23.1693528033792972564697265625" lon="113.40877239592373371124267578125">
        <ele>26.6000003814697265625</ele>
        <time>2023-01-14T01:44:22.000Z</time>
        <extensions>
          <ns3:TrackPointExtension>
            <ns3:hr>153</ns3:hr>
          </ns3:TrackPointExtension>
        </extensions>
      </trkpt>
      <trkpt lat="23.16936068236827850341796875" lon="113.40871506370604038238525390625">
        <ele>28.200000762939453125</ele>
        <time>2023-01-14T01:44:23.000Z</time>
        <extensions>
          <ns3:TrackPointExtension>
            <ns3:hr>154</ns3:hr>
          </ns3:TrackPointExtension>
        </extensions>
      </trkpt>
      <trkpt lat="23.1693682260811328887939453125" lon="113.40865789912641048431396484375">
        <ele>29.6000003814697265625</ele>
        <time>2023-01-14T01:44:24.000Z</time>
        <extensions>
          <ns3:TrackPointExtension>
            <ns3:hr>156</ns3:hr>
          </ns3:TrackPointExtension>
        </extensions>
      </trkpt>
      <trkpt lat="23.1693759374320507049560546875" lon="113.4086004830896854400634765625">
        <ele>30.200000762939453125</ele>
        <time>2023-01-14T01:44:25.000Z</time>
        <extensions>
          <ns3:TrackPointExtension>
            <ns3:hr>156</ns3:hr>
          </ns3:TrackPointExtension>
        </extensions>
      </trkpt>
      <trkpt lat="23.16938272677361965179443359375" lon="113.4085438214242458343505859375">
        <ele>31</ele>
        <time>2023-01-14T01:44:26.000Z</time>
        <extensions>
          <ns3:TrackPointExtension>
            <ns3:hr>157</ns3:hr>
          </ns3:TrackPointExtension>
        </extensions>
      </trkpt>
      <trkpt lat="23.169389180839061737060546875" lon="113.40848858468234539031982421875">
        <ele>31.6000003814697265625</ele>
        <time>2023-01-14T01:44:27.000Z</time>
        <extensions>
          <ns3:TrackPointExtension>
            <ns3:hr>157</ns3:hr>
          </ns3:TrackPointExtension>
        </extensions>
      </trkpt>
      <trkpt lat="23.16939630545675754547119140625" lon="113.4084382094442844390869140625">
        <ele>32.40000152587890625</ele>
        <time>2023-01-14T01:44:28.000Z</time>
        <extensions>
          <ns3:TrackPointExtension>
            <ns3:hr>158</ns3:hr>
          </ns3:TrackPointExtension>
        </extensions>
      </trkpt>
      <trkpt lat="23.1694034300744533538818359375" lon="113.4083828888833522796630859375">
        <ele>33</ele>
        <time>2023-01-14T01:44:29.000Z</time>
        <extensions>
          <ns3:TrackPointExtension>
            <ns3:hr>158</ns3:hr>
          </ns3:TrackPointExtension>
        </extensions>
      </trkpt>
      <trkpt lat="23.16940971650183200836181640625" lon="113.4083258919417858123779296875">
        <ele>32</ele>
        <time>2023-01-14T01:44:30.000Z</time>
        <extensions>
          <ns3:TrackPointExtension>
            <ns3:hr>157</ns3:hr>
          </ns3:TrackPointExtension>
        </extensions>
      </trkpt>
      <trkpt lat="23.16941658966243267059326171875" lon="113.40826864354312419891357421875">
        <ele>31.200000762939453125</ele>
        <time>2023-01-14T01:44:31.000Z</time>
        <extensions>
          <ns3:TrackPointExtension>
            <ns3:hr>157</ns3:hr>
          </ns3:TrackPointExtension>
        </extensions>
      </trkpt>
      <trkpt lat="23.1694235466420650482177734375" lon="113.40821198187768459320068359375">
        <ele>30.3999996185302734375</ele>
        <time>2023-01-14T01:44:32.000Z</time>
        <extensions>
          <ns3:TrackPointExtension>
            <ns3:hr>157</ns3:hr>
          </ns3:TrackPointExtension>
        </extensions>
      </trkpt>
      <trkpt lat="23.16942907869815826416015625" lon="113.40815498493611812591552734375">
        <ele>29.6000003814697265625</ele>
        <time>2023-01-14T01:44:33.000Z</time>
        <extensions>
          <ns3:TrackPointExtension>
            <ns3:hr>157</ns3:hr>
          </ns3:TrackPointExtension>
        </extensions>
      </trkpt>
      <trkpt lat="23.16943352110683917999267578125" lon="113.408102430403232574462890625">
        <ele>28.6000003814697265625</ele>
        <time>2023-01-14T01:44:34.000Z</time>
        <extensions>
          <ns3:TrackPointExtension>
            <ns3:hr>157</ns3:hr>
          </ns3:TrackPointExtension>
        </extensions>
      </trkpt>
      <trkpt lat="23.1694372929632663726806640625" lon="113.4080456010997295379638671875">
        <ele>27</ele>
        <time>2023-01-14T01:44:35.000Z</time>
        <extensions>
          <ns3:TrackPointExtension>
            <ns3:hr>157</ns3:hr>
          </ns3:TrackPointExtension>
        </extensions>
      </trkpt>
      <trkpt lat="23.16944072954356670379638671875" lon="113.40798902325332164764404296875">
        <ele>25.6000003814697265625</ele>
        <time>2023-01-14T01:44:36.000Z</time>
        <extensions>
          <ns3:TrackPointExtension>
            <ns3:hr>156</ns3:hr>
          </ns3:TrackPointExtension>
        </extensions>
      </trkpt>
      <trkpt lat="23.1694439984858036041259765625" lon="113.40793319977819919586181640625">
        <ele>24.200000762939453125</ele>
        <time>2023-01-14T01:44:37.000Z</time>
        <extensions>
          <ns3:TrackPointExtension>
            <ns3:hr>156</ns3:hr>
          </ns3:TrackPointExtension>
        </extensions>
      </trkpt>
      <trkpt lat="23.1694485247135162353515625" lon="113.407877124845981597900390625">
        <ele>22.799999237060546875</ele>
        <time>2023-01-14T01:44:38.000Z</time>
        <extensions>
          <ns3:TrackPointExtension>
            <ns3:hr>156</ns3:hr>
          </ns3:TrackPointExtension>
        </extensions>
      </trkpt>
      <trkpt lat="23.169453553855419158935546875" lon="113.40782582759857177734375">
        <ele>21.799999237060546875</ele>
        <time>2023-01-14T01:44:39.000Z</time>
        <extensions>
          <ns3:TrackPointExtension>
            <ns3:hr>155</ns3:hr>
          </ns3:TrackPointExtension>
        </extensions>
      </trkpt>
      <trkpt lat="23.16945992410182952880859375" lon="113.40776992030441761016845703125">
        <ele>21.200000762939453125</ele>
        <time>2023-01-14T01:44:40.000Z</time>
        <extensions>
          <ns3:TrackPointExtension>
            <ns3:hr>155</ns3:hr>
          </ns3:TrackPointExtension>
        </extensions>
      </trkpt>
      <trkpt lat="23.1694647856056690216064453125" lon="113.40771258808672428131103515625">
        <ele>20.3999996185302734375</ele>
        <time>2023-01-14T01:44:41.000Z</time>
        <extensions>
          <ns3:TrackPointExtension>
            <ns3:hr>154</ns3:hr>
          </ns3:TrackPointExtension>
        </extensions>
      </trkpt>
      <trkpt lat="23.1694688089191913604736328125" lon="113.40765458531677722930908203125">
        <ele>19.799999237060546875</ele>
        <time>2023-01-14T01:44:42.000Z</time>
        <extensions>
          <ns3:TrackPointExtension>
            <ns3:hr>153</ns3:hr>
          </ns3:TrackPointExtension>
        </extensions>
      </trkpt>
      <trkpt lat="23.169472999870777130126953125" lon="113.40759691782295703887939453125">
        <ele>19.3999996185302734375</ele>
        <time>2023-01-14T01:44:43.000Z</time>
        <extensions>
          <ns3:TrackPointExtension>
            <ns3:hr>153</ns3:hr>
          </ns3:TrackPointExtension>
        </extensions>
      </trkpt>
      <trkpt lat="23.16947811283171176910400390625" lon="113.4075396694242954254150390625">
        <ele>19.200000762939453125</ele>
        <time>2023-01-14T01:44:44.000Z</time>
        <extensions>
          <ns3:TrackPointExtension>
            <ns3:hr>153</ns3:hr>
          </ns3:TrackPointExtension>
        </extensions>
      </trkpt>
      <trkpt lat="23.16948398016393184661865234375" lon="113.4074826724827289581298828125">
        <ele>20.200000762939453125</ele>
        <time>2023-01-14T01:44:45.000Z</time>
        <extensions>
          <ns3:TrackPointExtension>
            <ns3:hr>153</ns3:hr>
          </ns3:TrackPointExtension>
        </extensions>
      </trkpt>
      <trkpt lat="23.169490434229373931884765625" lon="113.40742542408406734466552734375">
        <ele>21.3999996185302734375</ele>
        <time>2023-01-14T01:44:46.000Z</time>
        <extensions>
          <ns3:TrackPointExtension>
            <ns3:hr>153</ns3:hr>
          </ns3:TrackPointExtension>
        </extensions>
      </trkpt>
      <trkpt lat="23.169495798647403717041015625" lon="113.40736691839993000030517578125">
        <ele>22.3999996185302734375</ele>
        <time>2023-01-14T01:44:47.000Z</time>
        <extensions>
          <ns3:TrackPointExtension>
            <ns3:hr>152</ns3:hr>
          </ns3:TrackPointExtension>
        </extensions>
      </trkpt>
      <trkpt lat="23.16950242035090923309326171875" lon="113.40728946961462497711181640625">
        <ele>23.3999996185302734375</ele>
        <time>2023-01-14T01:44:48.000Z</time>
        <extensions>
          <ns3:TrackPointExtension>
            <ns3:hr>151</ns3:hr>
          </ns3:TrackPointExtension>
        </extensions>
      </trkpt>
      <trkpt lat="23.1695050187408924102783203125" lon="113.407246135175228118896484375">
        <ele>24</ele>
        <time>2023-01-14T01:44:49.000Z</time>
        <extensions>
          <ns3:TrackPointExtension>
            <ns3:hr>151</ns3:hr>
          </ns3:TrackPointExtension>
        </extensions>
      </trkpt>
      <trkpt lat="23.169508539140224456787109375" lon="113.40719240717589855194091796875">
        <ele>24.3999996185302734375</ele>
        <time>2023-01-14T01:44:50.000Z</time>
        <extensions>
          <ns3:TrackPointExtension>
            <ns3:hr>151</ns3:hr>
          </ns3:TrackPointExtension>
        </extensions>
      </trkpt>
      <trkpt lat="23.1695120595395565032958984375" lon="113.407134823501110076904296875">
        <ele>25.200000762939453125</ele>
        <time>2023-01-14T01:44:51.000Z</time>
        <extensions>
          <ns3:TrackPointExtension>
            <ns3:hr>151</ns3:hr>
          </ns3:TrackPointExtension>
        </extensions>
      </trkpt>
      <trkpt lat="23.16951583139598369598388671875" lon="113.40705846436321735382080078125">
        <ele>26</ele>
        <time>2023-01-14T01:44:52.000Z</time>
        <extensions>
          <ns3:TrackPointExtension>
            <ns3:hr>151</ns3:hr>
          </ns3:TrackPointExtension>
        </extensions>
      </trkpt>
      <trkpt lat="23.16951801069080829620361328125" lon="113.4070149622857570648193359375">
        <ele>26.3999996185302734375</ele>
        <time>2023-01-14T01:44:53.000Z</time>
        <extensions>
          <ns3:TrackPointExtension>
            <ns3:hr>151</ns3:hr>
          </ns3:TrackPointExtension>
        </extensions>
      </trkpt>
      <trkpt lat="23.16952203400433063507080078125" lon="113.40696106664836406707763671875">
        <ele>25.799999237060546875</ele>
        <time>2023-01-14T01:44:54.000Z</time>
        <extensions>
          <ns3:TrackPointExtension>
            <ns3:hr>152</ns3:hr>
          </ns3:TrackPointExtension>
        </extensions>
      </trkpt>
      <trkpt lat="23.1695274822413921356201171875" lon="113.40690339915454387664794921875">
        <ele>24.799999237060546875</ele>
        <time>2023-01-14T01:44:55.000Z</time>
        <extensions>
          <ns3:TrackPointExtension>
            <ns3:hr>153</ns3:hr>
          </ns3:TrackPointExtension>
        </extensions>
      </trkpt>
      <trkpt lat="23.16953494213521480560302734375" lon="113.40683198533952236175537109375">
        <ele>23.799999237060546875</ele>
        <time>2023-01-14T01:44:56.000Z</time>
        <extensions>
          <ns3:TrackPointExtension>
            <ns3:hr>153</ns3:hr>
          </ns3:TrackPointExtension>
        </extensions>
      </trkpt>
      <trkpt lat="23.1695402227342128753662109375" lon="113.406786806881427764892578125">
        <ele>23.799999237060546875</ele>
        <time>2023-01-14T01:44:57.000Z</time>
        <extensions>
          <ns3:TrackPointExtension>
            <ns3:hr>153</ns3:hr>
          </ns3:TrackPointExtension>
        </extensions>
      </trkpt>
      <trkpt lat="23.16954977810382843017578125" lon="113.40671296231448650360107421875">
        <ele>23.6000003814697265625</ele>
        <time>2023-01-14T01:44:58.000Z</time>
        <extensions>
          <ns3:TrackPointExtension>
            <ns3:hr>154</ns3:hr>
          </ns3:TrackPointExtension>
        </extensions>
      </trkpt>
      <trkpt lat="23.1695583276450634002685546875" lon="113.4066525287926197052001953125">
        <ele>23.6000003814697265625</ele>
        <time>2023-01-14T01:44:59.000Z</time>
        <extensions>
          <ns3:TrackPointExtension>
            <ns3:hr>157</ns3:hr>
          </ns3:TrackPointExtension>
        </extensions>
      </trkpt>
      <trkpt lat="23.1695660389959812164306640625" lon="113.406593017280101776123046875">
        <ele>23.3999996185302734375</ele>
        <time>2023-01-14T01:45:00.000Z</time>
        <extensions>
          <ns3:TrackPointExtension>
            <ns3:hr>158</ns3:hr>
          </ns3:TrackPointExtension>
        </extensions>
      </trkpt>
      <trkpt lat="23.16957232542335987091064453125" lon="113.40653409250080585479736328125">
        <ele>23.6000003814697265625</ele>
        <time>2023-01-14T01:45:01.000Z</time>
        <extensions>
          <ns3:TrackPointExtension>
            <ns3:hr>155</ns3:hr>
          </ns3:TrackPointExtension>
        </extensions>
      </trkpt>
      <trkpt lat="23.16957852803170680999755859375" lon="113.4064755029976367950439453125">
        <ele>23.6000003814697265625</ele>
        <time>2023-01-14T01:45:02.000Z</time>
        <extensions>
          <ns3:TrackPointExtension>
            <ns3:hr>155</ns3:hr>
          </ns3:TrackPointExtension>
        </extensions>
      </trkpt>
      <trkpt lat="23.16958255134522914886474609375" lon="113.4064163267612457275390625">
        <ele>23.799999237060546875</ele>
        <time>2023-01-14T01:45:03.000Z</time>
        <extensions>
          <ns3:TrackPointExtension>
            <ns3:hr>155</ns3:hr>
          </ns3:TrackPointExtension>
        </extensions>
      </trkpt>
      <trkpt lat="23.16958732903003692626953125" lon="113.4063573181629180908203125">
        <ele>24.3999996185302734375</ele>
        <time>2023-01-14T01:45:04.000Z</time>
        <extensions>
          <ns3:TrackPointExtension>
            <ns3:hr>158</ns3:hr>
          </ns3:TrackPointExtension>
        </extensions>
      </trkpt>
      <trkpt lat="23.1695908494293689727783203125" lon="113.40629789046943187713623046875">
        <ele>24.200000762939453125</ele>
        <time>2023-01-14T01:45:05.000Z</time>
        <extensions>
          <ns3:TrackPointExtension>
            <ns3:hr>159</ns3:hr>
          </ns3:TrackPointExtension>
        </extensions>
      </trkpt>
      <trkpt lat="23.169594705104827880859375" lon="113.40623821131885051727294921875">
        <ele>24</ele>
        <time>2023-01-14T01:45:06.000Z</time>
        <extensions>
          <ns3:TrackPointExtension>
            <ns3:hr>160</ns3:hr>
          </ns3:TrackPointExtension>
        </extensions>
      </trkpt>
      <trkpt lat="23.1695992313325405120849609375" lon="113.40617752633988857269287109375">
        <ele>23.799999237060546875</ele>
        <time>2023-01-14T01:45:07.000Z</time>
        <extensions>
          <ns3:TrackPointExtension>
            <ns3:hr>161</ns3:hr>
          </ns3:TrackPointExtension>
        </extensions>
      </trkpt>
      <trkpt lat="23.16960635595023632049560546875" lon="113.406116925179958343505859375">
        <ele>23.799999237060546875</ele>
        <time>2023-01-14T01:45:08.000Z</time>
        <extensions>
          <ns3:TrackPointExtension>
            <ns3:hr>161</ns3:hr>
          </ns3:TrackPointExtension>
        </extensions>
      </trkpt>
      <trkpt lat="23.1696146540343761444091796875" lon="113.40605732984840869903564453125">
        <ele>24</ele>
        <time>2023-01-14T01:45:09.000Z</time>
        <extensions>
          <ns3:TrackPointExtension>
            <ns3:hr>161</ns3:hr>
          </ns3:TrackPointExtension>
        </extensions>
      </trkpt>
      <trkpt lat="23.16962085664272308349609375" lon="113.40599781833589076995849609375">
        <ele>24.200000762939453125</ele>
        <time>2023-01-14T01:45:10.000Z</time>
        <extensions>
          <ns3:TrackPointExtension>
            <ns3:hr>162</ns3:hr>
          </ns3:TrackPointExtension>
        </extensions>
      </trkpt>
      <trkpt lat="23.169626891613006591796875" lon="113.40593730099499225616455078125">
        <ele>24.3999996185302734375</ele>
        <time>2023-01-14T01:45:11.000Z</time>
        <extensions>
          <ns3:TrackPointExtension>
            <ns3:hr>162</ns3:hr>
          </ns3:TrackPointExtension>
        </extensions>
      </trkpt>
      <trkpt lat="23.16963317804038524627685546875" lon="113.4058760292828083038330078125">
        <ele>24.799999237060546875</ele>
        <time>2023-01-14T01:45:12.000Z</time>
        <extensions>
          <ns3:TrackPointExtension>
            <ns3:hr>162</ns3:hr>
          </ns3:TrackPointExtension>
        </extensions>
      </trkpt>
      <trkpt lat="23.16964055411517620086669921875" lon="113.405815176665782928466796875">
        <ele>25.200000762939453125</ele>
        <time>2023-01-14T01:45:13.000Z</time>
        <extensions>
          <ns3:TrackPointExtension>
            <ns3:hr>162</ns3:hr>
          </ns3:TrackPointExtension>
        </extensions>
      </trkpt>
      <trkpt lat="23.16964541561901569366455078125" lon="113.4057539887726306915283203125">
        <ele>25.799999237060546875</ele>
        <time>2023-01-14T01:45:14.000Z</time>
        <extensions>
          <ns3:TrackPointExtension>
            <ns3:hr>162</ns3:hr>
          </ns3:TrackPointExtension>
        </extensions>
      </trkpt>
      <trkpt lat="23.169648349285125732421875" lon="113.405691795051097869873046875">
        <ele>26.200000762939453125</ele>
        <time>2023-01-14T01:45:15.000Z</time>
        <extensions>
          <ns3:TrackPointExtension>
            <ns3:hr>162</ns3:hr>
          </ns3:TrackPointExtension>
        </extensions>
      </trkpt>
      <trkpt lat="23.16965094767510890960693359375" lon="113.4056302718818187713623046875">
        <ele>26.6000003814697265625</ele>
        <time>2023-01-14T01:45:16.000Z</time>
        <extensions>
          <ns3:TrackPointExtension>
            <ns3:hr>163</ns3:hr>
          </ns3:TrackPointExtension>
        </extensions>
      </trkpt>
      <trkpt lat="23.16965304315090179443359375" lon="113.4055689163506031036376953125">
        <ele>26.799999237060546875</ele>
        <time>2023-01-14T01:45:17.000Z</time>
        <extensions>
          <ns3:TrackPointExtension>
            <ns3:hr>163</ns3:hr>
          </ns3:TrackPointExtension>
        </extensions>
      </trkpt>
      <trkpt lat="23.16965631209313869476318359375" lon="113.405507393181324005126953125">
        <ele>26.799999237060546875</ele>
        <time>2023-01-14T01:45:18.000Z</time>
        <extensions>
          <ns3:TrackPointExtension>
            <ns3:hr>164</ns3:hr>
          </ns3:TrackPointExtension>
        </extensions>
      </trkpt>
      <trkpt lat="23.1696582399308681488037109375" lon="113.40544578619301319122314453125">
        <ele>26.799999237060546875</ele>
        <time>2023-01-14T01:45:19.000Z</time>
        <extensions>
          <ns3:TrackPointExtension>
            <ns3:hr>164</ns3:hr>
          </ns3:TrackPointExtension>
        </extensions>
      </trkpt>
      <trkpt lat="23.1696605868637561798095703125" lon="113.40538342483341693878173828125">
        <ele>27</ele>
        <time>2023-01-14T01:45:20.000Z</time>
        <extensions>
          <ns3:TrackPointExtension>
            <ns3:hr>164</ns3:hr>
          </ns3:TrackPointExtension>
        </extensions>
      </trkpt>
      <trkpt lat="23.1696619279682636260986328125" lon="113.4053219854831695556640625">
        <ele>26.799999237060546875</ele>
        <time>2023-01-14T01:45:21.000Z</time>
        <extensions>
          <ns3:TrackPointExtension>
            <ns3:hr>164</ns3:hr>
          </ns3:TrackPointExtension>
        </extensions>
      </trkpt>
      <trkpt lat="23.16966553218662738800048828125" lon="113.4052683413028717041015625">
        <ele>26.200000762939453125</ele>
        <time>2023-01-14T01:45:22.000Z</time>
        <extensions>
          <ns3:TrackPointExtension>
            <ns3:hr>163</ns3:hr>
          </ns3:TrackPointExtension>
        </extensions>
      </trkpt>
      <trkpt lat="23.16966955550014972686767578125" lon="113.40522517450153827667236328125">
        <ele>25.799999237060546875</ele>
        <time>2023-01-14T01:45:23.000Z</time>
        <extensions>
          <ns3:TrackPointExtension>
            <ns3:hr>163</ns3:hr>
          </ns3:TrackPointExtension>
        </extensions>
      </trkpt>
      <trkpt lat="23.16967810504138469696044921875" lon="113.4051531739532947540283203125">
        <ele>25.200000762939453125</ele>
        <time>2023-01-14T01:45:24.000Z</time>
        <extensions>
          <ns3:TrackPointExtension>
            <ns3:hr>163</ns3:hr>
          </ns3:TrackPointExtension>
        </extensions>
      </trkpt>
      <trkpt lat="23.16968522965908050537109375" lon="113.4051099233329296112060546875">
        <ele>24.6000003814697265625</ele>
        <time>2023-01-14T01:45:25.000Z</time>
        <extensions>
          <ns3:TrackPointExtension>
            <ns3:hr>163</ns3:hr>
          </ns3:TrackPointExtension>
        </extensions>
      </trkpt>
      <trkpt lat="23.16969419829547405242919921875" lon="113.40505720116198062896728515625">
        <ele>24.200000762939453125</ele>
        <time>2023-01-14T01:45:26.000Z</time>
        <extensions>
          <ns3:TrackPointExtension>
            <ns3:hr>163</ns3:hr>
          </ns3:TrackPointExtension>
        </extensions>
      </trkpt>
      <trkpt lat="23.169705010950565338134765625" lon="113.40500372461974620819091796875">
        <ele>23.200000762939453125</ele>
        <time>2023-01-14T01:45:27.000Z</time>
        <extensions>
          <ns3:TrackPointExtension>
            <ns3:hr>163</ns3:hr>
          </ns3:TrackPointExtension>
        </extensions>
      </trkpt>
      <trkpt lat="23.16971984691917896270751953125" lon="113.4049523435533046722412109375">
        <ele>22.3999996185302734375</ele>
        <time>2023-01-14T01:45:28.000Z</time>
        <extensions>
          <ns3:TrackPointExtension>
            <ns3:hr>163</ns3:hr>
          </ns3:TrackPointExtension>
        </extensions>
      </trkpt>
      <trkpt lat="23.16973619163036346435546875" lon="113.404904566705226898193359375">
        <ele>21.6000003814697265625</ele>
        <time>2023-01-14T01:45:29.000Z</time>
        <extensions>
          <ns3:TrackPointExtension>
            <ns3:hr>163</ns3:hr>
          </ns3:TrackPointExtension>
        </extensions>
      </trkpt>
      <trkpt lat="23.169751949608325958251953125" lon="113.40486307628452777862548828125">
        <ele>20.799999237060546875</ele>
        <time>2023-01-14T01:45:30.000Z</time>
        <extensions>
          <ns3:TrackPointExtension>
            <ns3:hr>163</ns3:hr>
          </ns3:TrackPointExtension>
        </extensions>
      </trkpt>
      <trkpt lat="23.169764019548892974853515625" lon="113.40482753701508045196533203125">
        <ele>20.3999996185302734375</ele>
        <time>2023-01-14T01:45:31.000Z</time>
        <extensions>
          <ns3:TrackPointExtension>
            <ns3:hr>163</ns3:hr>
          </ns3:TrackPointExtension>
        </extensions>
      </trkpt>
      <trkpt lat="23.16977265290915966033935546875" lon="113.40479669161140918731689453125">
        <ele>20</ele>
        <time>2023-01-14T01:45:32.000Z</time>
        <extensions>
          <ns3:TrackPointExtension>
            <ns3:hr>163</ns3:hr>
          </ns3:TrackPointExtension>
        </extensions>
      </trkpt>
      <trkpt lat="23.169777095317840576171875" lon="113.40476936660706996917724609375">
        <ele>19.6000003814697265625</ele>
        <time>2023-01-14T01:45:33.000Z</time>
        <extensions>
          <ns3:TrackPointExtension>
            <ns3:hr>160</ns3:hr>
          </ns3:TrackPointExtension>
        </extensions>
      </trkpt>
      <trkpt lat="23.169778101146221160888671875" lon="113.40475536882877349853515625">
        <ele>19.3999996185302734375</ele>
        <time>2023-01-14T01:45:34.000Z</time>
        <extensions>
          <ns3:TrackPointExtension>
            <ns3:hr>160</ns3:hr>
          </ns3:TrackPointExtension>
        </extensions>
      </trkpt>
      <trkpt lat="23.16977868787944316864013671875" lon="113.404739610850811004638671875">
        <ele>19.200000762939453125</ele>
        <time>2023-01-14T01:45:35.000Z</time>
        <extensions>
          <ns3:TrackPointExtension>
            <ns3:hr>159</ns3:hr>
          </ns3:TrackPointExtension>
        </extensions>
      </trkpt>
      <trkpt lat="23.16977885551750659942626953125" lon="113.40470440685749053955078125">
        <ele>18.3999996185302734375</ele>
        <time>2023-01-14T01:45:36.000Z</time>
        <extensions>
          <ns3:TrackPointExtension>
            <ns3:hr>156</ns3:hr>
          </ns3:TrackPointExtension>
        </extensions>
      </trkpt>
      <trkpt lat="23.16977382637560367584228515625" lon="113.40408942662179470062255859375">
        <ele>14.80000019073486328125</ele>
        <time>2023-01-14T01:47:00.000Z</time>
        <extensions>
          <ns3:TrackPointExtension>
            <ns3:hr>126</ns3:hr>
          </ns3:TrackPointExtension>
        </extensions>
      </trkpt>
      <trkpt lat="23.16977634094655513763427734375" lon="113.4040611796081066131591796875">
        <ele>15</ele>
        <time>2023-01-14T01:47:01.000Z</time>
        <extensions>
          <ns3:TrackPointExtension>
            <ns3:hr>127</ns3:hr>
          </ns3:TrackPointExtension>
        </extensions>
      </trkpt>
      <trkpt lat="23.16978271119296550750732421875" lon="113.4040015004575252532958984375">
        <ele>16.3999996185302734375</ele>
        <time>2023-01-14T01:47:02.000Z</time>
        <extensions>
          <ns3:TrackPointExtension>
            <ns3:hr>127</ns3:hr>
          </ns3:TrackPointExtension>
        </extensions>
      </trkpt>
      <trkpt lat="23.169787824153900146484375" lon="113.40395741164684295654296875">
        <ele>17.6000003814697265625</ele>
        <time>2023-01-14T01:47:03.000Z</time>
        <extensions>
          <ns3:TrackPointExtension>
            <ns3:hr>128</ns3:hr>
          </ns3:TrackPointExtension>
        </extensions>
      </trkpt>
      <trkpt lat="23.16979344002902507781982421875" lon="113.4039086289703845977783203125">
        <ele>18.200000762939453125</ele>
        <time>2023-01-14T01:47:04.000Z</time>
        <extensions>
          <ns3:TrackPointExtension>
            <ns3:hr>128</ns3:hr>
          </ns3:TrackPointExtension>
        </extensions>
      </trkpt>
      <trkpt lat="23.16979880444705486297607421875" lon="113.4038543142378330230712890625">
        <ele>18.6000003814697265625</ele>
        <time>2023-01-14T01:47:05.000Z</time>
        <extensions>
          <ns3:TrackPointExtension>
            <ns3:hr>129</ns3:hr>
          </ns3:TrackPointExtension>
        </extensions>
      </trkpt>
      <trkpt lat="23.16980651579797267913818359375" lon="113.40377711690962314605712890625">
        <ele>19</ele>
        <time>2023-01-14T01:47:06.000Z</time>
        <extensions>
          <ns3:TrackPointExtension>
            <ns3:hr>132</ns3:hr>
          </ns3:TrackPointExtension>
        </extensions>
      </trkpt>
      <trkpt lat="23.16981154493987560272216796875" lon="113.4037141688168048858642578125">
        <ele>19.200000762939453125</ele>
        <time>2023-01-14T01:47:07.000Z</time>
        <extensions>
          <ns3:TrackPointExtension>
            <ns3:hr>133</ns3:hr>
          </ns3:TrackPointExtension>
        </extensions>
      </trkpt>
      <trkpt lat="23.169814646244049072265625" lon="113.4036509692668914794921875">
        <ele>19.3999996185302734375</ele>
        <time>2023-01-14T01:47:08.000Z</time>
        <extensions>
          <ns3:TrackPointExtension>
            <ns3:hr>133</ns3:hr>
          </ns3:TrackPointExtension>
        </extensions>
      </trkpt>
      <trkpt lat="23.16981590352952480316162109375" lon="113.4035865962505340576171875">
        <ele>19.200000762939453125</ele>
        <time>2023-01-14T01:47:09.000Z</time>
        <extensions>
          <ns3:TrackPointExtension>
            <ns3:hr>134</ns3:hr>
          </ns3:TrackPointExtension>
        </extensions>
      </trkpt>
      <trkpt lat="23.1698161549866199493408203125" lon="113.403523229062557220458984375">
        <ele>19.200000762939453125</ele>
        <time>2023-01-14T01:47:10.000Z</time>
        <extensions>
          <ns3:TrackPointExtension>
            <ns3:hr>137</ns3:hr>
          </ns3:TrackPointExtension>
        </extensions>
      </trkpt>
      <trkpt lat="23.1698168255388736724853515625" lon="113.40345919132232666015625">
        <ele>19.6000003814697265625</ele>
        <time>2023-01-14T01:47:11.000Z</time>
        <extensions>
          <ns3:TrackPointExtension>
            <ns3:hr>138</ns3:hr>
          </ns3:TrackPointExtension>
        </extensions>
      </trkpt>
      <trkpt lat="23.16981791518628597259521484375" lon="113.40339624322950839996337890625">
        <ele>20</ele>
        <time>2023-01-14T01:47:12.000Z</time>
        <extensions>
          <ns3:TrackPointExtension>
            <ns3:hr>141</ns3:hr>
          </ns3:TrackPointExtension>
        </extensions>
      </trkpt>
      <trkpt lat="23.16981858573853969573974609375" lon="113.40333321131765842437744140625">
        <ele>20.799999237060546875</ele>
        <time>2023-01-14T01:47:13.000Z</time>
        <extensions>
          <ns3:TrackPointExtension>
            <ns3:hr>142</ns3:hr>
          </ns3:TrackPointExtension>
        </extensions>
      </trkpt>
      <trkpt lat="23.16982202231884002685546875" lon="113.4032700955867767333984375">
        <ele>21.6000003814697265625</ele>
        <time>2023-01-14T01:47:14.000Z</time>
        <extensions>
          <ns3:TrackPointExtension>
            <ns3:hr>142</ns3:hr>
          </ns3:TrackPointExtension>
        </extensions>
      </trkpt>
      <trkpt lat="23.1698267161846160888671875" lon="113.4032084047794342041015625">
        <ele>21.6000003814697265625</ele>
        <time>2023-01-14T01:47:15.000Z</time>
        <extensions>
          <ns3:TrackPointExtension>
            <ns3:hr>143</ns3:hr>
          </ns3:TrackPointExtension>
        </extensions>
      </trkpt>
      <trkpt lat="23.16983032040297985076904296875" lon="113.4031462110579013824462890625">
        <ele>21.3999996185302734375</ele>
        <time>2023-01-14T01:47:16.000Z</time>
        <extensions>
          <ns3:TrackPointExtension>
            <ns3:hr>144</ns3:hr>
          </ns3:TrackPointExtension>
        </extensions>
      </trkpt>
      <trkpt lat="23.169834427535533905029296875" lon="113.4030841849744319915771484375">
        <ele>21.3999996185302734375</ele>
        <time>2023-01-14T01:47:17.000Z</time>
        <extensions>
          <ns3:TrackPointExtension>
            <ns3:hr>145</ns3:hr>
          </ns3:TrackPointExtension>
        </extensions>
      </trkpt>
      <trkpt lat="23.16984213888645172119140625" lon="113.40302157215774059295654296875">
        <ele>21.799999237060546875</ele>
        <time>2023-01-14T01:47:18.000Z</time>
        <extensions>
          <ns3:TrackPointExtension>
            <ns3:hr>145</ns3:hr>
          </ns3:TrackPointExtension>
        </extensions>
      </trkpt>
      <trkpt lat="23.16985010169446468353271484375" lon="113.4029577858746051788330078125">
        <ele>21.200000762939453125</ele>
        <time>2023-01-14T01:47:19.000Z</time>
        <extensions>
          <ns3:TrackPointExtension>
            <ns3:hr>145</ns3:hr>
          </ns3:TrackPointExtension>
        </extensions>
      </trkpt>
      <trkpt lat="23.16985831595957279205322265625" lon="113.402893245220184326171875">
        <ele>20.200000762939453125</ele>
        <time>2023-01-14T01:47:20.000Z</time>
        <extensions>
          <ns3:TrackPointExtension>
            <ns3:hr>145</ns3:hr>
          </ns3:TrackPointExtension>
        </extensions>
      </trkpt>
      <trkpt lat="23.1698667816817760467529296875" lon="113.4028290398418903350830078125">
        <ele>19.3999996185302734375</ele>
        <time>2023-01-14T01:47:21.000Z</time>
        <extensions>
          <ns3:TrackPointExtension>
            <ns3:hr>145</ns3:hr>
          </ns3:TrackPointExtension>
        </extensions>
      </trkpt>
      <trkpt lat="23.169876001775264739990234375" lon="113.40276516973972320556640625">
        <ele>19.799999237060546875</ele>
        <time>2023-01-14T01:47:22.000Z</time>
        <extensions>
          <ns3:TrackPointExtension>
            <ns3:hr>145</ns3:hr>
          </ns3:TrackPointExtension>
        </extensions>
      </trkpt>
      <trkpt lat="23.16988580860197544097900390625" lon="113.4027009643614292144775390625">
        <ele>20.200000762939453125</ele>
        <time>2023-01-14T01:47:23.000Z</time>
        <extensions>
          <ns3:TrackPointExtension>
            <ns3:hr>145</ns3:hr>
          </ns3:TrackPointExtension>
        </extensions>
      </trkpt>
      <trkpt lat="23.16989419050514698028564453125" lon="113.40263633988797664642333984375">
        <ele>20.6000003814697265625</ele>
        <time>2023-01-14T01:47:24.000Z</time>
        <extensions>
          <ns3:TrackPointExtension>
            <ns3:hr>144</ns3:hr>
          </ns3:TrackPointExtension>
        </extensions>
      </trkpt>
      <trkpt lat="23.1699016503989696502685546875" lon="113.40256978757679462432861328125">
        <ele>21</ele>
        <time>2023-01-14T01:47:25.000Z</time>
        <extensions>
          <ns3:TrackPointExtension>
            <ns3:hr>143</ns3:hr>
          </ns3:TrackPointExtension>
        </extensions>
      </trkpt>
      <trkpt lat="23.16990911029279232025146484375" lon="113.4025021456182003021240234375">
        <ele>21.3999996185302734375</ele>
        <time>2023-01-14T01:47:26.000Z</time>
        <extensions>
          <ns3:TrackPointExtension>
            <ns3:hr>143</ns3:hr>
          </ns3:TrackPointExtension>
        </extensions>
      </trkpt>
      <trkpt lat="23.16991715691983699798583984375" lon="113.4024360962212085723876953125">
        <ele>22.200000762939453125</ele>
        <time>2023-01-14T01:47:27.000Z</time>
        <extensions>
          <ns3:TrackPointExtension>
            <ns3:hr>143</ns3:hr>
          </ns3:TrackPointExtension>
        </extensions>
      </trkpt>
      <trkpt lat="23.16992453299462795257568359375" lon="113.40237088501453399658203125">
        <ele>22.799999237060546875</ele>
        <time>2023-01-14T01:47:28.000Z</time>
        <extensions>
          <ns3:TrackPointExtension>
            <ns3:hr>143</ns3:hr>
          </ns3:TrackPointExtension>
        </extensions>
      </trkpt>
      <trkpt lat="23.1699314899742603302001953125" lon="113.40230441652238368988037109375">
        <ele>23.6000003814697265625</ele>
        <time>2023-01-14T01:47:29.000Z</time>
        <extensions>
          <ns3:TrackPointExtension>
            <ns3:hr>144</ns3:hr>
          </ns3:TrackPointExtension>
        </extensions>
      </trkpt>
      <trkpt lat="23.169939033687114715576171875" lon="113.4022382833063602447509765625">
        <ele>24.200000762939453125</ele>
        <time>2023-01-14T01:47:30.000Z</time>
        <extensions>
          <ns3:TrackPointExtension>
            <ns3:hr>144</ns3:hr>
          </ns3:TrackPointExtension>
        </extensions>
      </trkpt>
      <trkpt lat="23.16994699649512767791748046875" lon="113.40217374265193939208984375">
        <ele>25</ele>
        <time>2023-01-14T01:47:31.000Z</time>
        <extensions>
          <ns3:TrackPointExtension>
            <ns3:hr>145</ns3:hr>
          </ns3:TrackPointExtension>
        </extensions>
      </trkpt>
      <trkpt lat="23.169954456388950347900390625" lon="113.40210978873074054718017578125">
        <ele>25.799999237060546875</ele>
        <time>2023-01-14T01:47:32.000Z</time>
        <extensions>
          <ns3:TrackPointExtension>
            <ns3:hr>147</ns3:hr>
          </ns3:TrackPointExtension>
        </extensions>
      </trkpt>
      <trkpt lat="23.16996141336858272552490234375" lon="113.40204499661922454833984375">
        <ele>26.3999996185302734375</ele>
        <time>2023-01-14T01:47:33.000Z</time>
        <extensions>
          <ns3:TrackPointExtension>
            <ns3:hr>147</ns3:hr>
          </ns3:TrackPointExtension>
        </extensions>
      </trkpt>
      <trkpt lat="23.1699697114527225494384765625" lon="113.40197903104126453399658203125">
        <ele>27</ele>
        <time>2023-01-14T01:47:34.000Z</time>
        <extensions>
          <ns3:TrackPointExtension>
            <ns3:hr>147</ns3:hr>
          </ns3:TrackPointExtension>
        </extensions>
      </trkpt>
      <trkpt lat="23.16997750662267208099365234375" lon="113.40191096998751163482666015625">
        <ele>26.6000003814697265625</ele>
        <time>2023-01-14T01:47:35.000Z</time>
        <extensions>
          <ns3:TrackPointExtension>
            <ns3:hr>147</ns3:hr>
          </ns3:TrackPointExtension>
        </extensions>
      </trkpt>
      <trkpt lat="23.169986307621002197265625" lon="113.40184391476213932037353515625">
        <ele>26.200000762939453125</ele>
        <time>2023-01-14T01:47:36.000Z</time>
        <extensions>
          <ns3:TrackPointExtension>
            <ns3:hr>148</ns3:hr>
          </ns3:TrackPointExtension>
        </extensions>
      </trkpt>
      <trkpt lat="23.169992677867412567138671875" lon="113.401776440441608428955078125">
        <ele>25.799999237060546875</ele>
        <time>2023-01-14T01:47:37.000Z</time>
        <extensions>
          <ns3:TrackPointExtension>
            <ns3:hr>149</ns3:hr>
          </ns3:TrackPointExtension>
        </extensions>
      </trkpt>
      <trkpt lat="23.1699972040951251983642578125" lon="113.40170837938785552978515625">
        <ele>24.799999237060546875</ele>
        <time>2023-01-14T01:47:38.000Z</time>
        <extensions>
          <ns3:TrackPointExtension>
            <ns3:hr>150</ns3:hr>
          </ns3:TrackPointExtension>
        </extensions>
      </trkpt>
      <trkpt lat="23.170000724494457244873046875" lon="113.40164006687700748443603515625">
        <ele>23</ele>
        <time>2023-01-14T01:47:39.000Z</time>
        <extensions>
          <ns3:TrackPointExtension>
            <ns3:hr>150</ns3:hr>
          </ns3:TrackPointExtension>
        </extensions>
      </trkpt>
      <trkpt lat="23.17000550217926502227783203125" lon="113.40157024562358856201171875">
        <ele>21.200000762939453125</ele>
        <time>2023-01-14T01:47:40.000Z</time>
        <extensions>
          <ns3:TrackPointExtension>
            <ns3:hr>150</ns3:hr>
          </ns3:TrackPointExtension>
        </extensions>
      </trkpt>
      <trkpt lat="23.17001053132116794586181640625" lon="113.40150143019855022430419921875">
        <ele>19.6000003814697265625</ele>
        <time>2023-01-14T01:47:41.000Z</time>
        <extensions>
          <ns3:TrackPointExtension>
            <ns3:hr>150</ns3:hr>
          </ns3:TrackPointExtension>
        </extensions>
      </trkpt>
      <trkpt lat="23.17001639865338802337646484375" lon="113.40143538080155849456787109375">
        <ele>18</ele>
        <time>2023-01-14T01:47:42.000Z</time>
        <extensions>
          <ns3:TrackPointExtension>
            <ns3:hr>150</ns3:hr>
          </ns3:TrackPointExtension>
        </extensions>
      </trkpt>
      <trkpt lat="23.17002360709011554718017578125" lon="113.40137042105197906494140625">
        <ele>17.6000003814697265625</ele>
        <time>2023-01-14T01:47:43.000Z</time>
        <extensions>
          <ns3:TrackPointExtension>
            <ns3:hr>150</ns3:hr>
          </ns3:TrackPointExtension>
        </extensions>
      </trkpt>
      <trkpt lat="23.17002997733652591705322265625" lon="113.401306383311748504638671875">
        <ele>17</ele>
        <time>2023-01-14T01:47:44.000Z</time>
        <extensions>
          <ns3:TrackPointExtension>
            <ns3:hr>150</ns3:hr>
          </ns3:TrackPointExtension>
        </extensions>
      </trkpt>
      <trkpt lat="23.17003735341131687164306640625" lon="113.40124309994280338287353515625">
        <ele>16.6000003814697265625</ele>
        <time>2023-01-14T01:47:45.000Z</time>
        <extensions>
          <ns3:TrackPointExtension>
            <ns3:hr>150</ns3:hr>
          </ns3:TrackPointExtension>
        </extensions>
      </trkpt>
      <trkpt lat="23.17004439420998096466064453125" lon="113.40117990039288997650146484375">
        <ele>16.200000762939453125</ele>
        <time>2023-01-14T01:47:46.000Z</time>
        <extensions>
          <ns3:TrackPointExtension>
            <ns3:hr>150</ns3:hr>
          </ns3:TrackPointExtension>
        </extensions>
      </trkpt>
      <trkpt lat="23.1700505129992961883544921875" lon="113.40111670084297657012939453125">
        <ele>16.200000762939453125</ele>
        <time>2023-01-14T01:47:47.000Z</time>
        <extensions>
          <ns3:TrackPointExtension>
            <ns3:hr>150</ns3:hr>
          </ns3:TrackPointExtension>
        </extensions>
      </trkpt>
      <trkpt lat="23.1700552068650722503662109375" lon="113.4010534174740314483642578125">
        <ele>16.3999996185302734375</ele>
        <time>2023-01-14T01:47:48.000Z</time>
        <extensions>
          <ns3:TrackPointExtension>
            <ns3:hr>150</ns3:hr>
          </ns3:TrackPointExtension>
        </extensions>
      </trkpt>
      <trkpt lat="23.170059733092784881591796875" lon="113.40098778717219829559326171875">
        <ele>16.6000003814697265625</ele>
        <time>2023-01-14T01:47:49.000Z</time>
        <extensions>
          <ns3:TrackPointExtension>
            <ns3:hr>150</ns3:hr>
          </ns3:TrackPointExtension>
        </extensions>
      </trkpt>
      <trkpt lat="23.17006199620664119720458984375" lon="113.40092358179390430450439453125">
        <ele>16.6000003814697265625</ele>
        <time>2023-01-14T01:47:50.000Z</time>
        <extensions>
          <ns3:TrackPointExtension>
            <ns3:hr>150</ns3:hr>
          </ns3:TrackPointExtension>
        </extensions>
      </trkpt>
      <trkpt lat="23.17006283439695835113525390625" lon="113.40085837058722972869873046875">
        <ele>16.6000003814697265625</ele>
        <time>2023-01-14T01:47:51.000Z</time>
        <extensions>
          <ns3:TrackPointExtension>
            <ns3:hr>150</ns3:hr>
          </ns3:TrackPointExtension>
        </extensions>
      </trkpt>
      <trkpt lat="23.1700612418353557586669921875" lon="113.40079240500926971435546875">
        <ele>17</ele>
        <time>2023-01-14T01:47:52.000Z</time>
        <extensions>
          <ns3:TrackPointExtension>
            <ns3:hr>150</ns3:hr>
          </ns3:TrackPointExtension>
        </extensions>
      </trkpt>
      <trkpt lat="23.17005914635956287384033203125" lon="113.40072509832680225372314453125">
        <ele>17.200000762939453125</ele>
        <time>2023-01-14T01:47:53.000Z</time>
        <extensions>
          <ns3:TrackPointExtension>
            <ns3:hr>150</ns3:hr>
          </ns3:TrackPointExtension>
        </extensions>
      </trkpt>
      <trkpt lat="23.17006015218794345855712890625" lon="113.4006577916443347930908203125">
        <ele>17.6000003814697265625</ele>
        <time>2023-01-14T01:47:54.000Z</time>
        <extensions>
          <ns3:TrackPointExtension>
            <ns3:hr>151</ns3:hr>
          </ns3:TrackPointExtension>
        </extensions>
      </trkpt>
      <trkpt lat="23.1700659357011318206787109375" lon="113.4005883894860744476318359375">
        <ele>18</ele>
        <time>2023-01-14T01:47:55.000Z</time>
        <extensions>
          <ns3:TrackPointExtension>
            <ns3:hr>151</ns3:hr>
          </ns3:TrackPointExtension>
        </extensions>
      </trkpt>
      <trkpt lat="23.17007473669946193695068359375" lon="113.4005183167755603790283203125">
        <ele>17.6000003814697265625</ele>
        <time>2023-01-14T01:47:56.000Z</time>
        <extensions>
          <ns3:TrackPointExtension>
            <ns3:hr>151</ns3:hr>
          </ns3:TrackPointExtension>
        </extensions>
      </trkpt>
      <trkpt lat="23.170083202421665191650390625" lon="113.400448076426982879638671875">
        <ele>17.3999996185302734375</ele>
        <time>2023-01-14T01:47:57.000Z</time>
        <extensions>
          <ns3:TrackPointExtension>
            <ns3:hr>151</ns3:hr>
          </ns3:TrackPointExtension>
        </extensions>
      </trkpt>
      <trkpt lat="23.17008865065872669219970703125" lon="113.40037791989743709564208984375">
        <ele>17.3999996185302734375</ele>
        <time>2023-01-14T01:47:58.000Z</time>
        <extensions>
          <ns3:TrackPointExtension>
            <ns3:hr>151</ns3:hr>
          </ns3:TrackPointExtension>
        </extensions>
      </trkpt>
      <trkpt lat="23.1700917519629001617431640625" lon="113.400309272110462188720703125">
        <ele>17.3999996185302734375</ele>
        <time>2023-01-14T01:47:59.000Z</time>
        <extensions>
          <ns3:TrackPointExtension>
            <ns3:hr>151</ns3:hr>
          </ns3:TrackPointExtension>
        </extensions>
      </trkpt>
      <trkpt lat="23.1700951047241687774658203125" lon="113.4002418816089630126953125">
        <ele>16.799999237060546875</ele>
        <time>2023-01-14T01:48:00.000Z</time>
        <extensions>
          <ns3:TrackPointExtension>
            <ns3:hr>151</ns3:hr>
          </ns3:TrackPointExtension>
        </extensions>
      </trkpt>
      <trkpt lat="23.1701008044183254241943359375" lon="113.40017440728843212127685546875">
        <ele>16.6000003814697265625</ele>
        <time>2023-01-14T01:48:01.000Z</time>
        <extensions>
          <ns3:TrackPointExtension>
            <ns3:hr>150</ns3:hr>
          </ns3:TrackPointExtension>
        </extensions>
      </trkpt>
      <trkpt lat="23.17010675556957721710205078125" lon="113.40010802261531352996826171875">
        <ele>16.3999996185302734375</ele>
        <time>2023-01-14T01:48:02.000Z</time>
        <extensions>
          <ns3:TrackPointExtension>
            <ns3:hr>149</ns3:hr>
          </ns3:TrackPointExtension>
        </extensions>
      </trkpt>
      <trkpt lat="23.17011304199695587158203125" lon="113.40004247613251209259033203125">
        <ele>16.200000762939453125</ele>
        <time>2023-01-14T01:48:03.000Z</time>
        <extensions>
          <ns3:TrackPointExtension>
            <ns3:hr>149</ns3:hr>
          </ns3:TrackPointExtension>
        </extensions>
      </trkpt>
      <trkpt lat="23.17011882551014423370361328125" lon="113.39997827075421810150146484375">
        <ele>16.200000762939453125</ele>
        <time>2023-01-14T01:48:04.000Z</time>
        <extensions>
          <ns3:TrackPointExtension>
            <ns3:hr>149</ns3:hr>
          </ns3:TrackPointExtension>
        </extensions>
      </trkpt>
      <trkpt lat="23.170123435556888580322265625" lon="113.399916328489780426025390625">
        <ele>16.200000762939453125</ele>
        <time>2023-01-14T01:48:05.000Z</time>
        <extensions>
          <ns3:TrackPointExtension>
            <ns3:hr>149</ns3:hr>
          </ns3:TrackPointExtension>
        </extensions>
      </trkpt>
      <trkpt lat="23.1701262854039669036865234375" lon="113.3998558111488819122314453125">
        <ele>16.200000762939453125</ele>
        <time>2023-01-14T01:48:06.000Z</time>
        <extensions>
          <ns3:TrackPointExtension>
            <ns3:hr>148</ns3:hr>
          </ns3:TrackPointExtension>
        </extensions>
      </trkpt>
      <trkpt lat="23.17012913525104522705078125" lon="113.39979588054120540618896484375">
        <ele>16.200000762939453125</ele>
        <time>2023-01-14T01:48:07.000Z</time>
        <extensions>
          <ns3:TrackPointExtension>
            <ns3:hr>148</ns3:hr>
          </ns3:TrackPointExtension>
        </extensions>
      </trkpt>
      <trkpt lat="23.1701319850981235504150390625" lon="113.399735279381275177001953125">
        <ele>16.200000762939453125</ele>
        <time>2023-01-14T01:48:08.000Z</time>
        <extensions>
          <ns3:TrackPointExtension>
            <ns3:hr>148</ns3:hr>
          </ns3:TrackPointExtension>
        </extensions>
      </trkpt>
      <trkpt lat="23.17013525404036045074462890625" lon="113.3996734209358692169189453125">
        <ele>16.3999996185302734375</ele>
        <time>2023-01-14T01:48:09.000Z</time>
        <extensions>
          <ns3:TrackPointExtension>
            <ns3:hr>148</ns3:hr>
          </ns3:TrackPointExtension>
        </extensions>
      </trkpt>
      <trkpt lat="23.17013693042099475860595703125" lon="113.39961131103336811065673828125">
        <ele>16</ele>
        <time>2023-01-14T01:48:10.000Z</time>
        <extensions>
          <ns3:TrackPointExtension>
            <ns3:hr>148</ns3:hr>
          </ns3:TrackPointExtension>
        </extensions>
      </trkpt>
      <trkpt lat="23.17014145664870738983154296875" lon="113.39954777620732784271240234375">
        <ele>15.80000019073486328125</ele>
        <time>2023-01-14T01:48:11.000Z</time>
        <extensions>
          <ns3:TrackPointExtension>
            <ns3:hr>149</ns3:hr>
          </ns3:TrackPointExtension>
        </extensions>
      </trkpt>
      <trkpt lat="23.1701458990573883056640625" lon="113.39948323555290699005126953125">
        <ele>15.80000019073486328125</ele>
        <time>2023-01-14T01:48:12.000Z</time>
        <extensions>
          <ns3:TrackPointExtension>
            <ns3:hr>150</ns3:hr>
          </ns3:TrackPointExtension>
        </extensions>
      </trkpt>
      <trkpt lat="23.17014992237091064453125" lon="113.3994182758033275604248046875">
        <ele>16.200000762939453125</ele>
        <time>2023-01-14T01:48:13.000Z</time>
        <extensions>
          <ns3:TrackPointExtension>
            <ns3:hr>151</ns3:hr>
          </ns3:TrackPointExtension>
        </extensions>
      </trkpt>
      <trkpt lat="23.17015352658927440643310546875" lon="113.39935080148279666900634765625">
        <ele>17</ele>
        <time>2023-01-14T01:48:14.000Z</time>
        <extensions>
          <ns3:TrackPointExtension>
            <ns3:hr>151</ns3:hr>
          </ns3:TrackPointExtension>
        </extensions>
      </trkpt>
      <trkpt lat="23.17015771754086017608642578125" lon="113.399283997714519500732421875">
        <ele>17.799999237060546875</ele>
        <time>2023-01-14T01:48:15.000Z</time>
        <extensions>
          <ns3:TrackPointExtension>
            <ns3:hr>151</ns3:hr>
          </ns3:TrackPointExtension>
        </extensions>
      </trkpt>
      <trkpt lat="23.1701614893972873687744140625" lon="113.39921719394624233245849609375">
        <ele>18.6000003814697265625</ele>
        <time>2023-01-14T01:48:16.000Z</time>
        <extensions>
          <ns3:TrackPointExtension>
            <ns3:hr>152</ns3:hr>
          </ns3:TrackPointExtension>
        </extensions>
      </trkpt>
      <trkpt lat="23.170164339244365692138671875" lon="113.39915064163506031036376953125">
        <ele>19.799999237060546875</ele>
        <time>2023-01-14T01:48:17.000Z</time>
        <extensions>
          <ns3:TrackPointExtension>
            <ns3:hr>152</ns3:hr>
          </ns3:TrackPointExtension>
        </extensions>
      </trkpt>
      <trkpt lat="23.17016643472015857696533203125" lon="113.39908308349549770355224609375">
        <ele>20.6000003814697265625</ele>
        <time>2023-01-14T01:48:18.000Z</time>
        <extensions>
          <ns3:TrackPointExtension>
            <ns3:hr>152</ns3:hr>
          </ns3:TrackPointExtension>
        </extensions>
      </trkpt>
      <trkpt lat="23.170169703662395477294921875" lon="113.399015106260776519775390625">
        <ele>21.6000003814697265625</ele>
        <time>2023-01-14T01:48:19.000Z</time>
        <extensions>
          <ns3:TrackPointExtension>
            <ns3:hr>150</ns3:hr>
          </ns3:TrackPointExtension>
        </extensions>
      </trkpt>
      <trkpt lat="23.170172385871410369873046875" lon="113.39894763194024562835693359375">
        <ele>22.6000003814697265625</ele>
        <time>2023-01-14T01:48:20.000Z</time>
        <extensions>
          <ns3:TrackPointExtension>
            <ns3:hr>149</ns3:hr>
          </ns3:TrackPointExtension>
        </extensions>
      </trkpt>
      <trkpt lat="23.17017599008977413177490234375" lon="113.3988804928958415985107421875">
        <ele>22.3999996185302734375</ele>
        <time>2023-01-14T01:48:21.000Z</time>
        <extensions>
          <ns3:TrackPointExtension>
            <ns3:hr>149</ns3:hr>
          </ns3:TrackPointExtension>
        </extensions>
      </trkpt>
      <trkpt lat="23.17017984576523303985595703125" lon="113.3988122642040252685546875">
        <ele>22</ele>
        <time>2023-01-14T01:48:22.000Z</time>
        <extensions>
          <ns3:TrackPointExtension>
            <ns3:hr>149</ns3:hr>
          </ns3:TrackPointExtension>
        </extensions>
      </trkpt>
      <trkpt lat="23.17018185742199420928955078125" lon="113.39874294586479663848876953125">
        <ele>21.3999996185302734375</ele>
        <time>2023-01-14T01:48:23.000Z</time>
        <extensions>
          <ns3:TrackPointExtension>
            <ns3:hr>149</ns3:hr>
          </ns3:TrackPointExtension>
        </extensions>
      </trkpt>
      <trkpt lat="23.17018638364970684051513671875" lon="113.3986753039062023162841796875">
        <ele>21</ele>
        <time>2023-01-14T01:48:24.000Z</time>
        <extensions>
          <ns3:TrackPointExtension>
            <ns3:hr>149</ns3:hr>
          </ns3:TrackPointExtension>
        </extensions>
      </trkpt>
      <trkpt lat="23.17019090987741947174072265625" lon="113.398610763251781463623046875">
        <ele>20</ele>
        <time>2023-01-14T01:48:25.000Z</time>
        <extensions>
          <ns3:TrackPointExtension>
            <ns3:hr>151</ns3:hr>
          </ns3:TrackPointExtension>
        </extensions>
      </trkpt>
      <trkpt lat="23.17019493319094181060791015625" lon="113.3985475637018680572509765625">
        <ele>18.799999237060546875</ele>
        <time>2023-01-14T01:48:26.000Z</time>
        <extensions>
          <ns3:TrackPointExtension>
            <ns3:hr>152</ns3:hr>
          </ns3:TrackPointExtension>
        </extensions>
      </trkpt>
      <trkpt lat="23.17019929178059101104736328125" lon="113.39848528616130352020263671875">
        <ele>17.799999237060546875</ele>
        <time>2023-01-14T01:48:27.000Z</time>
        <extensions>
          <ns3:TrackPointExtension>
            <ns3:hr>152</ns3:hr>
          </ns3:TrackPointExtension>
        </extensions>
      </trkpt>
      <trkpt lat="23.17020331509411334991455078125" lon="113.39842359535396099090576171875">
        <ele>16.6000003814697265625</ele>
        <time>2023-01-14T01:48:28.000Z</time>
        <extensions>
          <ns3:TrackPointExtension>
            <ns3:hr>152</ns3:hr>
          </ns3:TrackPointExtension>
        </extensions>
      </trkpt>
      <trkpt lat="23.17020532675087451934814453125" lon="113.39836140163242816925048828125">
        <ele>15.6000003814697265625</ele>
        <time>2023-01-14T01:48:29.000Z</time>
        <extensions>
          <ns3:TrackPointExtension>
            <ns3:hr>153</ns3:hr>
          </ns3:TrackPointExtension>
        </extensions>
      </trkpt>
      <trkpt lat="23.170205242931842803955078125" lon="113.39829920791089534759521484375">
        <ele>15.19999980926513671875</ele>
        <time>2023-01-14T01:48:30.000Z</time>
        <extensions>
          <ns3:TrackPointExtension>
            <ns3:hr>153</ns3:hr>
          </ns3:TrackPointExtension>
        </extensions>
      </trkpt>
      <trkpt lat="23.17020163871347904205322265625" lon="113.39823818765580654144287109375">
        <ele>14.80000019073486328125</ele>
        <time>2023-01-14T01:48:31.000Z</time>
        <extensions>
          <ns3:TrackPointExtension>
            <ns3:hr>153</ns3:hr>
          </ns3:TrackPointExtension>
        </extensions>
      </trkpt>
      <trkpt lat="23.170196525752544403076171875" lon="113.39817783795297145843505859375">
        <ele>14.19999980926513671875</ele>
        <time>2023-01-14T01:48:32.000Z</time>
        <extensions>
          <ns3:TrackPointExtension>
            <ns3:hr>154</ns3:hr>
          </ns3:TrackPointExtension>
        </extensions>
      </trkpt>
      <trkpt lat="23.17019258625805377960205078125" lon="113.3981170691549777984619140625">
        <ele>13.80000019073486328125</ele>
        <time>2023-01-14T01:48:33.000Z</time>
        <extensions>
          <ns3:TrackPointExtension>
            <ns3:hr>154</ns3:hr>
          </ns3:TrackPointExtension>
        </extensions>
      </trkpt>
      <trkpt lat="23.17019074223935604095458984375" lon="113.39805579744279384613037109375">
        <ele>13.6000003814697265625</ele>
        <time>2023-01-14T01:48:34.000Z</time>
        <extensions>
          <ns3:TrackPointExtension>
            <ns3:hr>154</ns3:hr>
          </ns3:TrackPointExtension>
        </extensions>
      </trkpt>
      <trkpt lat="23.170190155506134033203125" lon="113.3979941904544830322265625">
        <ele>13.3999996185302734375</ele>
        <time>2023-01-14T01:48:35.000Z</time>
        <extensions>
          <ns3:TrackPointExtension>
            <ns3:hr>154</ns3:hr>
          </ns3:TrackPointExtension>
        </extensions>
      </trkpt>
      <trkpt lat="23.1701899878680706024169921875" lon="113.39793258346617221832275390625">
        <ele>13.19999980926513671875</ele>
        <time>2023-01-14T01:48:36.000Z</time>
        <extensions>
          <ns3:TrackPointExtension>
            <ns3:hr>154</ns3:hr>
          </ns3:TrackPointExtension>
        </extensions>
      </trkpt>
      <trkpt lat="23.1701909936964511871337890625" lon="113.39787240140140056610107421875">
        <ele>13</ele>
        <time>2023-01-14T01:48:37.000Z</time>
        <extensions>
          <ns3:TrackPointExtension>
            <ns3:hr>154</ns3:hr>
          </ns3:TrackPointExtension>
        </extensions>
      </trkpt>
      <trkpt lat="23.1701940111815929412841796875" lon="113.3978133089840412139892578125">
        <ele>12.80000019073486328125</ele>
        <time>2023-01-14T01:48:38.000Z</time>
        <extensions>
          <ns3:TrackPointExtension>
            <ns3:hr>155</ns3:hr>
          </ns3:TrackPointExtension>
        </extensions>
      </trkpt>
      <trkpt lat="23.17019711248576641082763671875" lon="113.3977526240050792694091796875">
        <ele>12.80000019073486328125</ele>
        <time>2023-01-14T01:48:39.000Z</time>
        <extensions>
          <ns3:TrackPointExtension>
            <ns3:hr>155</ns3:hr>
          </ns3:TrackPointExtension>
        </extensions>
      </trkpt>
      <trkpt lat="23.17020021378993988037109375" lon="113.39769202284514904022216796875">
        <ele>12.6000003814697265625</ele>
        <time>2023-01-14T01:48:40.000Z</time>
        <extensions>
          <ns3:TrackPointExtension>
            <ns3:hr>155</ns3:hr>
          </ns3:TrackPointExtension>
        </extensions>
      </trkpt>
      <trkpt lat="23.17020515911281108856201171875" lon="113.39763083495199680328369140625">
        <ele>12.19999980926513671875</ele>
        <time>2023-01-14T01:48:41.000Z</time>
        <extensions>
          <ns3:TrackPointExtension>
            <ns3:hr>155</ns3:hr>
          </ns3:TrackPointExtension>
        </extensions>
      </trkpt>
      <trkpt lat="23.17020960152149200439453125" lon="113.3975677192211151123046875">
        <ele>12</ele>
        <time>2023-01-14T01:48:42.000Z</time>
        <extensions>
          <ns3:TrackPointExtension>
            <ns3:hr>154</ns3:hr>
          </ns3:TrackPointExtension>
        </extensions>
      </trkpt>
      <trkpt lat="23.17021572031080722808837890625" lon="113.39750410057604312896728515625">
        <ele>12.6000003814697265625</ele>
        <time>2023-01-14T01:48:43.000Z</time>
        <extensions>
          <ns3:TrackPointExtension>
            <ns3:hr>153</ns3:hr>
          </ns3:TrackPointExtension>
        </extensions>
      </trkpt>
      <trkpt lat="23.17022175528109073638916015625" lon="113.3974428288638591766357421875">
        <ele>13.6000003814697265625</ele>
        <time>2023-01-14T01:48:44.000Z</time>
        <extensions>
          <ns3:TrackPointExtension>
            <ns3:hr>153</ns3:hr>
          </ns3:TrackPointExtension>
        </extensions>
      </trkpt>
      <trkpt lat="23.17022963427007198333740234375" lon="113.3973880112171173095703125">
        <ele>14.3999996185302734375</ele>
        <time>2023-01-14T01:48:45.000Z</time>
        <extensions>
          <ns3:TrackPointExtension>
            <ns3:hr>153</ns3:hr>
          </ns3:TrackPointExtension>
        </extensions>
      </trkpt>
      <trkpt lat="23.170237429440021514892578125" lon="113.39735490269958972930908203125">
        <ele>14.80000019073486328125</ele>
        <time>2023-01-14T01:48:46.000Z</time>
        <extensions>
          <ns3:TrackPointExtension>
            <ns3:hr>153</ns3:hr>
          </ns3:TrackPointExtension>
        </extensions>
      </trkpt>
      <trkpt lat="23.170248828828334808349609375" lon="113.3973201178014278411865234375">
        <ele>15.6000003814697265625</ele>
        <time>2023-01-14T01:48:47.000Z</time>
        <extensions>
          <ns3:TrackPointExtension>
            <ns3:hr>153</ns3:hr>
          </ns3:TrackPointExtension>
        </extensions>
      </trkpt>
      <trkpt lat="23.17026047967374324798583984375" lon="113.39728918857872486114501953125">
        <ele>16</ele>
        <time>2023-01-14T01:48:48.000Z</time>
        <extensions>
          <ns3:TrackPointExtension>
            <ns3:hr>153</ns3:hr>
          </ns3:TrackPointExtension>
        </extensions>
      </trkpt>
      <trkpt lat="23.170270957052707672119140625" lon="113.397264294326305389404296875">
        <ele>16.200000762939453125</ele>
        <time>2023-01-14T01:48:49.000Z</time>
        <extensions>
          <ns3:TrackPointExtension>
            <ns3:hr>152</ns3:hr>
          </ns3:TrackPointExtension>
        </extensions>
      </trkpt>
      <trkpt lat="23.17027590237557888031005859375" lon="113.39725431986153125762939453125">
        <ele>16.200000762939453125</ele>
        <time>2023-01-14T01:48:50.000Z</time>
        <extensions>
          <ns3:TrackPointExtension>
            <ns3:hr>152</ns3:hr>
          </ns3:TrackPointExtension>
        </extensions>
      </trkpt>
      <trkpt lat="23.1702811829745769500732421875" lon="113.39724459685385227203369140625">
        <ele>16.3999996185302734375</ele>
        <time>2023-01-14T01:48:51.000Z</time>
        <extensions>
          <ns3:TrackPointExtension>
            <ns3:hr>152</ns3:hr>
          </ns3:TrackPointExtension>
        </extensions>
      </trkpt>
      <trkpt lat="23.17028428427875041961669921875" lon="113.3972376398742198944091796875">
        <ele>16.3999996185302734375</ele>
        <time>2023-01-14T01:48:52.000Z</time>
        <extensions>
          <ns3:TrackPointExtension>
            <ns3:hr>152</ns3:hr>
          </ns3:TrackPointExtension>
        </extensions>
      </trkpt>
      <trkpt lat="23.1702872179448604583740234375" lon="113.39722766540944576263427734375">
        <ele>16.6000003814697265625</ele>
        <time>2023-01-14T01:48:53.000Z</time>
        <extensions>
          <ns3:TrackPointExtension>
            <ns3:hr>153</ns3:hr>
          </ns3:TrackPointExtension>
        </extensions>
      </trkpt>
      <trkpt lat="23.17028931342065334320068359375" lon="113.397215344011783599853515625">
        <ele>16.6000003814697265625</ele>
        <time>2023-01-14T01:48:54.000Z</time>
        <extensions>
          <ns3:TrackPointExtension>
            <ns3:hr>154</ns3:hr>
          </ns3:TrackPointExtension>
        </extensions>
      </trkpt>
      <trkpt lat="23.170290403068065643310546875" lon="113.39719983749091625213623046875">
        <ele>16.799999237060546875</ele>
        <time>2023-01-14T01:48:55.000Z</time>
        <extensions>
          <ns3:TrackPointExtension>
            <ns3:hr>154</ns3:hr>
          </ns3:TrackPointExtension>
        </extensions>
      </trkpt>
      <trkpt lat="23.17029140889644622802734375" lon="113.39718022383749485015869140625">
        <ele>16.799999237060546875</ele>
        <time>2023-01-14T01:48:56.000Z</time>
        <extensions>
          <ns3:TrackPointExtension>
            <ns3:hr>154</ns3:hr>
          </ns3:TrackPointExtension>
        </extensions>
      </trkpt>
      <trkpt lat="23.170290403068065643310546875" lon="113.3971477858722209930419921875">
        <ele>17.200000762939453125</ele>
        <time>2023-01-14T01:48:57.000Z</time>
        <extensions>
          <ns3:TrackPointExtension>
            <ns3:hr>154</ns3:hr>
          </ns3:TrackPointExtension>
        </extensions>
      </trkpt>
      <trkpt lat="23.1702882237732410430908203125" lon="113.39711518026888370513916015625">
        <ele>17.3999996185302734375</ele>
        <time>2023-01-14T01:48:58.000Z</time>
        <extensions>
          <ns3:TrackPointExtension>
            <ns3:hr>154</ns3:hr>
          </ns3:TrackPointExtension>
        </extensions>
      </trkpt>
      <trkpt lat="23.17028378136456012725830078125" lon="113.39705633930861949920654296875">
        <ele>17.799999237060546875</ele>
        <time>2023-01-14T01:48:59.000Z</time>
        <extensions>
          <ns3:TrackPointExtension>
            <ns3:hr>152</ns3:hr>
          </ns3:TrackPointExtension>
        </extensions>
      </trkpt>
      <trkpt lat="23.17027975805103778839111328125" lon="113.39700990356504917144775390625">
        <ele>18.200000762939453125</ele>
        <time>2023-01-14T01:49:00.000Z</time>
        <extensions>
          <ns3:TrackPointExtension>
            <ns3:hr>152</ns3:hr>
          </ns3:TrackPointExtension>
        </extensions>
      </trkpt>
      <trkpt lat="23.17027590237557888031005859375" lon="113.39696162380278110504150390625">
        <ele>18</ele>
        <time>2023-01-14T01:49:01.000Z</time>
        <extensions>
          <ns3:TrackPointExtension>
            <ns3:hr>152</ns3:hr>
          </ns3:TrackPointExtension>
        </extensions>
      </trkpt>
      <trkpt lat="23.17027539946138858795166015625" lon="113.39690999127924442291259765625">
        <ele>17.799999237060546875</ele>
        <time>2023-01-14T01:49:02.000Z</time>
        <extensions>
          <ns3:TrackPointExtension>
            <ns3:hr>151</ns3:hr>
          </ns3:TrackPointExtension>
        </extensions>
      </trkpt>
      <trkpt lat="23.17027531564235687255859375" lon="113.3968555927276611328125">
        <ele>17.3999996185302734375</ele>
        <time>2023-01-14T01:49:03.000Z</time>
        <extensions>
          <ns3:TrackPointExtension>
            <ns3:hr>151</ns3:hr>
          </ns3:TrackPointExtension>
        </extensions>
      </trkpt>
      <trkpt lat="23.1702741421759128570556640625" lon="113.39679968543350696563720703125">
        <ele>17</ele>
        <time>2023-01-14T01:49:04.000Z</time>
        <extensions>
          <ns3:TrackPointExtension>
            <ns3:hr>151</ns3:hr>
          </ns3:TrackPointExtension>
        </extensions>
      </trkpt>
      <trkpt lat="23.17027489654719829559326171875" lon="113.3967431075870990753173828125">
        <ele>16.6000003814697265625</ele>
        <time>2023-01-14T01:49:05.000Z</time>
        <extensions>
          <ns3:TrackPointExtension>
            <ns3:hr>151</ns3:hr>
          </ns3:TrackPointExtension>
        </extensions>
      </trkpt>
      <trkpt lat="23.17027791403234004974365234375" lon="113.39668502099812030792236328125">
        <ele>15.80000019073486328125</ele>
        <time>2023-01-14T01:49:06.000Z</time>
        <extensions>
          <ns3:TrackPointExtension>
            <ns3:hr>151</ns3:hr>
          </ns3:TrackPointExtension>
        </extensions>
      </trkpt>
      <trkpt lat="23.17028210498392581939697265625" lon="113.396625928580760955810546875">
        <ele>15</ele>
        <time>2023-01-14T01:49:07.000Z</time>
        <extensions>
          <ns3:TrackPointExtension>
            <ns3:hr>151</ns3:hr>
          </ns3:TrackPointExtension>
        </extensions>
      </trkpt>
      <trkpt lat="23.17028931342065334320068359375" lon="113.3965463005006313323974609375">
        <ele>14</ele>
        <time>2023-01-14T01:49:08.000Z</time>
        <extensions>
          <ns3:TrackPointExtension>
            <ns3:hr>152</ns3:hr>
          </ns3:TrackPointExtension>
        </extensions>
      </trkpt>
      <trkpt lat="23.17029283381998538970947265625" lon="113.39648301713168621063232421875">
        <ele>13.19999980926513671875</ele>
        <time>2023-01-14T01:49:09.000Z</time>
        <extensions>
          <ns3:TrackPointExtension>
            <ns3:hr>152</ns3:hr>
          </ns3:TrackPointExtension>
        </extensions>
      </trkpt>
      <trkpt lat="23.1702942587435245513916015625" lon="113.39642040431499481201171875">
        <ele>12.80000019073486328125</ele>
        <time>2023-01-14T01:49:10.000Z</time>
        <extensions>
          <ns3:TrackPointExtension>
            <ns3:hr>152</ns3:hr>
          </ns3:TrackPointExtension>
        </extensions>
      </trkpt>
      <trkpt lat="23.17029685713350772857666015625" lon="113.39635879732668399810791015625">
        <ele>13.6000003814697265625</ele>
        <time>2023-01-14T01:49:11.000Z</time>
        <extensions>
          <ns3:TrackPointExtension>
            <ns3:hr>153</ns3:hr>
          </ns3:TrackPointExtension>
        </extensions>
      </trkpt>
      <trkpt lat="23.17030155099928379058837890625" lon="113.39629811234772205352783203125">
        <ele>14.19999980926513671875</ele>
        <time>2023-01-14T01:49:12.000Z</time>
        <extensions>
          <ns3:TrackPointExtension>
            <ns3:hr>153</ns3:hr>
          </ns3:TrackPointExtension>
        </extensions>
      </trkpt>
      <trkpt lat="23.1703083403408527374267578125" lon="113.3962395228445529937744140625">
        <ele>15</ele>
        <time>2023-01-14T01:49:13.000Z</time>
        <extensions>
          <ns3:TrackPointExtension>
            <ns3:hr>153</ns3:hr>
          </ns3:TrackPointExtension>
        </extensions>
      </trkpt>
      <trkpt lat="23.1703140400350093841552734375" lon="113.39618143625557422637939453125">
        <ele>15.19999980926513671875</ele>
        <time>2023-01-14T01:49:14.000Z</time>
        <extensions>
          <ns3:TrackPointExtension>
            <ns3:hr>154</ns3:hr>
          </ns3:TrackPointExtension>
        </extensions>
      </trkpt>
      <trkpt lat="23.17031688988208770751953125" lon="113.39612259529531002044677734375">
        <ele>15.3999996185302734375</ele>
        <time>2023-01-14T01:49:15.000Z</time>
        <extensions>
          <ns3:TrackPointExtension>
            <ns3:hr>154</ns3:hr>
          </ns3:TrackPointExtension>
        </extensions>
      </trkpt>
      <trkpt lat="23.1703194044530391693115234375" lon="113.396064676344394683837890625">
        <ele>15.6000003814697265625</ele>
        <time>2023-01-14T01:49:16.000Z</time>
        <extensions>
          <ns3:TrackPointExtension>
            <ns3:hr>156</ns3:hr>
          </ns3:TrackPointExtension>
        </extensions>
      </trkpt>
      <trkpt lat="23.1703214161098003387451171875" lon="113.39602218009531497955322265625">
        <ele>15.80000019073486328125</ele>
        <time>2023-01-14T01:49:17.000Z</time>
        <extensions>
          <ns3:TrackPointExtension>
            <ns3:hr>156</ns3:hr>
          </ns3:TrackPointExtension>
        </extensions>
      </trkpt>
      <trkpt lat="23.1703251041471958160400390625" lon="113.395948670804500579833984375">
        <ele>16.200000762939453125</ele>
        <time>2023-01-14T01:49:18.000Z</time>
        <extensions>
          <ns3:TrackPointExtension>
            <ns3:hr>156</ns3:hr>
          </ns3:TrackPointExtension>
        </extensions>
      </trkpt>
      <trkpt lat="23.1703284569084644317626953125" lon="113.395886979997158050537109375">
        <ele>16.3999996185302734375</ele>
        <time>2023-01-14T01:49:19.000Z</time>
        <extensions>
          <ns3:TrackPointExtension>
            <ns3:hr>159</ns3:hr>
          </ns3:TrackPointExtension>
        </extensions>
      </trkpt>
      <trkpt lat="23.17033105529844760894775390625" lon="113.39582671411335468292236328125">
        <ele>16.6000003814697265625</ele>
        <time>2023-01-14T01:49:20.000Z</time>
        <extensions>
          <ns3:TrackPointExtension>
            <ns3:hr>159</ns3:hr>
          </ns3:TrackPointExtension>
        </extensions>
      </trkpt>
      <trkpt lat="23.1703344918787479400634765625" lon="113.39576661586761474609375">
        <ele>16.799999237060546875</ele>
        <time>2023-01-14T01:49:21.000Z</time>
        <extensions>
          <ns3:TrackPointExtension>
            <ns3:hr>159</ns3:hr>
          </ns3:TrackPointExtension>
        </extensions>
      </trkpt>
      <trkpt lat="23.17033658735454082489013671875" lon="113.39570651762187480926513671875">
        <ele>17</ele>
        <time>2023-01-14T01:49:22.000Z</time>
        <extensions>
          <ns3:TrackPointExtension>
            <ns3:hr>160</ns3:hr>
          </ns3:TrackPointExtension>
        </extensions>
      </trkpt>
      <trkpt lat="23.1703375093638896942138671875" lon="113.39565270580351352691650390625">
        <ele>17.200000762939453125</ele>
        <time>2023-01-14T01:49:23.000Z</time>
        <extensions>
          <ns3:TrackPointExtension>
            <ns3:hr>160</ns3:hr>
          </ns3:TrackPointExtension>
        </extensions>
      </trkpt>
      <trkpt lat="23.17033809609711170196533203125" lon="113.3956132270395755767822265625">
        <ele>17.3999996185302734375</ele>
        <time>2023-01-14T01:49:24.000Z</time>
        <extensions>
          <ns3:TrackPointExtension>
            <ns3:hr>158</ns3:hr>
          </ns3:TrackPointExtension>
        </extensions>
      </trkpt>
      <trkpt lat="23.1703391857445240020751953125" lon="113.3955572359263896942138671875">
        <ele>17.200000762939453125</ele>
        <time>2023-01-14T01:49:25.000Z</time>
        <extensions>
          <ns3:TrackPointExtension>
            <ns3:hr>159</ns3:hr>
          </ns3:TrackPointExtension>
        </extensions>
      </trkpt>
      <trkpt lat="23.170340359210968017578125" lon="113.3954767696559429168701171875">
        <ele>17</ele>
        <time>2023-01-14T01:49:26.000Z</time>
        <extensions>
          <ns3:TrackPointExtension>
            <ns3:hr>160</ns3:hr>
          </ns3:TrackPointExtension>
        </extensions>
      </trkpt>
      <trkpt lat="23.1703411974012851715087890625" lon="113.395418263971805572509765625">
        <ele>16.799999237060546875</ele>
        <time>2023-01-14T01:49:27.000Z</time>
        <extensions>
          <ns3:TrackPointExtension>
            <ns3:hr>160</ns3:hr>
          </ns3:TrackPointExtension>
        </extensions>
      </trkpt>
      <trkpt lat="23.1703422032296657562255859375" lon="113.395359925925731658935546875">
        <ele>16.6000003814697265625</ele>
        <time>2023-01-14T01:49:28.000Z</time>
        <extensions>
          <ns3:TrackPointExtension>
            <ns3:hr>161</ns3:hr>
          </ns3:TrackPointExtension>
        </extensions>
      </trkpt>
      <trkpt lat="23.17034798674285411834716796875" lon="113.39532799087464809417724609375">
        <ele>16.3999996185302734375</ele>
        <time>2023-01-14T01:49:29.000Z</time>
        <extensions>
          <ns3:TrackPointExtension>
            <ns3:hr>162</ns3:hr>
          </ns3:TrackPointExtension>
        </extensions>
      </trkpt>
      <trkpt lat="23.170366846024990081787109375" lon="113.395304270088672637939453125">
        <ele>16.6000003814697265625</ele>
        <time>2023-01-14T01:49:30.000Z</time>
        <extensions>
          <ns3:TrackPointExtension>
            <ns3:hr>162</ns3:hr>
          </ns3:TrackPointExtension>
        </extensions>
      </trkpt>
      <trkpt lat="23.170385621488094329833984375" lon="113.3952806331217288970947265625">
        <ele>16.799999237060546875</ele>
        <time>2023-01-14T01:49:31.000Z</time>
        <extensions>
          <ns3:TrackPointExtension>
            <ns3:hr>163</ns3:hr>
          </ns3:TrackPointExtension>
        </extensions>
      </trkpt>
      <trkpt lat="23.17041655071079730987548828125" lon="113.3952712453901767730712890625">
        <ele>17</ele>
        <time>2023-01-14T01:49:32.000Z</time>
        <extensions>
          <ns3:TrackPointExtension>
            <ns3:hr>162</ns3:hr>
          </ns3:TrackPointExtension>
        </extensions>
      </trkpt>
      <trkpt lat="23.17045309580862522125244140625" lon="113.395270407199859619140625">
        <ele>17.200000762939453125</ele>
        <time>2023-01-14T01:49:33.000Z</time>
        <extensions>
          <ns3:TrackPointExtension>
            <ns3:hr>162</ns3:hr>
          </ns3:TrackPointExtension>
        </extensions>
      </trkpt>
      <trkpt lat="23.17049433477222919464111328125" lon="113.3952745981514453887939453125">
        <ele>17</ele>
        <time>2023-01-14T01:49:34.000Z</time>
        <extensions>
          <ns3:TrackPointExtension>
            <ns3:hr>162</ns3:hr>
          </ns3:TrackPointExtension>
        </extensions>
      </trkpt>
      <trkpt lat="23.1705380044877529144287109375" lon="113.39528038166463375091552734375">
        <ele>17.200000762939453125</ele>
        <time>2023-01-14T01:49:35.000Z</time>
        <extensions>
          <ns3:TrackPointExtension>
            <ns3:hr>162</ns3:hr>
          </ns3:TrackPointExtension>
        </extensions>
      </trkpt>
      <trkpt lat="23.1705836020410060882568359375" lon="113.39528759010136127471923828125">
        <ele>18</ele>
        <time>2023-01-14T01:49:36.000Z</time>
        <extensions>
          <ns3:TrackPointExtension>
            <ns3:hr>163</ns3:hr>
          </ns3:TrackPointExtension>
        </extensions>
      </trkpt>
      <trkpt lat="23.17063062451779842376708984375" lon="113.395298235118389129638671875">
        <ele>18.6000003814697265625</ele>
        <time>2023-01-14T01:49:37.000Z</time>
        <extensions>
          <ns3:TrackPointExtension>
            <ns3:hr>163</ns3:hr>
          </ns3:TrackPointExtension>
        </extensions>
      </trkpt>
      <trkpt lat="23.17067789845168590545654296875" lon="113.39531122706830501556396484375">
        <ele>19.3999996185302734375</ele>
        <time>2023-01-14T01:49:38.000Z</time>
        <extensions>
          <ns3:TrackPointExtension>
            <ns3:hr>163</ns3:hr>
          </ns3:TrackPointExtension>
        </extensions>
      </trkpt>
      <trkpt lat="23.17072701640427112579345703125" lon="113.3953262306749820709228515625">
        <ele>20.200000762939453125</ele>
        <time>2023-01-14T01:49:39.000Z</time>
        <extensions>
          <ns3:TrackPointExtension>
            <ns3:hr>163</ns3:hr>
          </ns3:TrackPointExtension>
        </extensions>
      </trkpt>
      <trkpt lat="23.1707773916423320770263671875" lon="113.39534358121454715728759765625">
        <ele>20.799999237060546875</ele>
        <time>2023-01-14T01:49:40.000Z</time>
        <extensions>
          <ns3:TrackPointExtension>
            <ns3:hr>163</ns3:hr>
          </ns3:TrackPointExtension>
        </extensions>
      </trkpt>
      <trkpt lat="23.17082860507071018218994140625" lon="113.39536319486796855926513671875">
        <ele>21.200000762939453125</ele>
        <time>2023-01-14T01:49:41.000Z</time>
        <extensions>
          <ns3:TrackPointExtension>
            <ns3:hr>163</ns3:hr>
          </ns3:TrackPointExtension>
        </extensions>
      </trkpt>
      <trkpt lat="23.170896582305431365966796875" lon="113.39539202861487865447998046875">
        <ele>21.6000003814697265625</ele>
        <time>2023-01-14T01:49:42.000Z</time>
        <extensions>
          <ns3:TrackPointExtension>
            <ns3:hr>163</ns3:hr>
          </ns3:TrackPointExtension>
        </extensions>
      </trkpt>
      <trkpt lat="23.17095081321895122528076171875" lon="113.39541432447731494903564453125">
        <ele>22.200000762939453125</ele>
        <time>2023-01-14T01:49:43.000Z</time>
        <extensions>
          <ns3:TrackPointExtension>
            <ns3:hr>162</ns3:hr>
          </ns3:TrackPointExtension>
        </extensions>
      </trkpt>
      <trkpt lat="23.17100395448505878448486328125" lon="113.39543444104492664337158203125">
        <ele>22.6000003814697265625</ele>
        <time>2023-01-14T01:49:44.000Z</time>
        <extensions>
          <ns3:TrackPointExtension>
            <ns3:hr>161</ns3:hr>
          </ns3:TrackPointExtension>
        </extensions>
      </trkpt>
      <trkpt lat="23.17105717957019805908203125" lon="113.3954541385173797607421875">
        <ele>23</ele>
        <time>2023-01-14T01:49:45.000Z</time>
        <extensions>
          <ns3:TrackPointExtension>
            <ns3:hr>161</ns3:hr>
          </ns3:TrackPointExtension>
        </extensions>
      </trkpt>
      <trkpt lat="23.17110990174114704132080078125" lon="113.3954730816185474395751953125">
        <ele>22.799999237060546875</ele>
        <time>2023-01-14T01:49:46.000Z</time>
        <extensions>
          <ns3:TrackPointExtension>
            <ns3:hr>161</ns3:hr>
          </ns3:TrackPointExtension>
        </extensions>
      </trkpt>
      <trkpt lat="23.1711619533598423004150390625" lon="113.39549160562455654144287109375">
        <ele>22.200000762939453125</ele>
        <time>2023-01-14T01:49:47.000Z</time>
        <extensions>
          <ns3:TrackPointExtension>
            <ns3:hr>161</ns3:hr>
          </ns3:TrackPointExtension>
        </extensions>
      </trkpt>
      <trkpt lat="23.17121517844498157501220703125" lon="113.395511470735073089599609375">
        <ele>21.799999237060546875</ele>
        <time>2023-01-14T01:49:48.000Z</time>
        <extensions>
          <ns3:TrackPointExtension>
            <ns3:hr>161</ns3:hr>
          </ns3:TrackPointExtension>
        </extensions>
      </trkpt>
      <trkpt lat="23.17126731388270854949951171875" lon="113.39553317986428737640380859375">
        <ele>21.200000762939453125</ele>
        <time>2023-01-14T01:49:49.000Z</time>
        <extensions>
          <ns3:TrackPointExtension>
            <ns3:hr>163</ns3:hr>
          </ns3:TrackPointExtension>
        </extensions>
      </trkpt>
      <trkpt lat="23.17131894640624523162841796875" lon="113.39555530808866024017333984375">
        <ele>21.200000762939453125</ele>
        <time>2023-01-14T01:49:50.000Z</time>
        <extensions>
          <ns3:TrackPointExtension>
            <ns3:hr>163</ns3:hr>
          </ns3:TrackPointExtension>
        </extensions>
      </trkpt>
      <trkpt lat="23.17137041129171848297119140625" lon="113.395575843751430511474609375">
        <ele>20.799999237060546875</ele>
        <time>2023-01-14T01:49:51.000Z</time>
        <extensions>
          <ns3:TrackPointExtension>
            <ns3:hr>163</ns3:hr>
          </ns3:TrackPointExtension>
        </extensions>
      </trkpt>
      <trkpt lat="23.17142154090106487274169921875" lon="113.39559587650001049041748046875">
        <ele>20.200000762939453125</ele>
        <time>2023-01-14T01:49:52.000Z</time>
        <extensions>
          <ns3:TrackPointExtension>
            <ns3:hr>163</ns3:hr>
          </ns3:TrackPointExtension>
        </extensions>
      </trkpt>
      <trkpt lat="23.17147149704396724700927734375" lon="113.3956142328679561614990234375">
        <ele>19.799999237060546875</ele>
        <time>2023-01-14T01:49:53.000Z</time>
        <extensions>
          <ns3:TrackPointExtension>
            <ns3:hr>163</ns3:hr>
          </ns3:TrackPointExtension>
        </extensions>
      </trkpt>
      <trkpt lat="23.17152162082493305206298828125" lon="113.39563258923590183258056640625">
        <ele>19.6000003814697265625</ele>
        <time>2023-01-14T01:49:54.000Z</time>
        <extensions>
          <ns3:TrackPointExtension>
            <ns3:hr>163</ns3:hr>
          </ns3:TrackPointExtension>
        </extensions>
      </trkpt>
      <trkpt lat="23.17157643847167491912841796875" lon="113.395652286708354949951171875">
        <ele>19.200000762939453125</ele>
        <time>2023-01-14T01:49:55.000Z</time>
        <extensions>
          <ns3:TrackPointExtension>
            <ns3:hr>164</ns3:hr>
          </ns3:TrackPointExtension>
        </extensions>
      </trkpt>
      <trkpt lat="23.17162957973778247833251953125" lon="113.3956712298095226287841796875">
        <ele>18.799999237060546875</ele>
        <time>2023-01-14T01:49:56.000Z</time>
        <extensions>
          <ns3:TrackPointExtension>
            <ns3:hr>165</ns3:hr>
          </ns3:TrackPointExtension>
        </extensions>
      </trkpt>
      <trkpt lat="23.1716826371848583221435546875" lon="113.395690508186817169189453125">
        <ele>19</ele>
        <time>2023-01-14T01:49:57.000Z</time>
        <extensions>
          <ns3:TrackPointExtension>
            <ns3:hr>165</ns3:hr>
          </ns3:TrackPointExtension>
        </extensions>
      </trkpt>
      <trkpt lat="23.17173435352742671966552734375" lon="113.39571339078247547149658203125">
        <ele>18.799999237060546875</ele>
        <time>2023-01-14T01:49:58.000Z</time>
        <extensions>
          <ns3:TrackPointExtension>
            <ns3:hr>166</ns3:hr>
          </ns3:TrackPointExtension>
        </extensions>
      </trkpt>
      <trkpt lat="23.1717848964035511016845703125" lon="113.39573870413005352020263671875">
        <ele>18.3999996185302734375</ele>
        <time>2023-01-14T01:49:59.000Z</time>
        <extensions>
          <ns3:TrackPointExtension>
            <ns3:hr>165</ns3:hr>
          </ns3:TrackPointExtension>
        </extensions>
      </trkpt>
      <trkpt lat="23.17183502018451690673828125" lon="113.39576452039182186126708984375">
        <ele>17.799999237060546875</ele>
        <time>2023-01-14T01:50:00.000Z</time>
        <extensions>
          <ns3:TrackPointExtension>
            <ns3:hr>167</ns3:hr>
          </ns3:TrackPointExtension>
        </extensions>
      </trkpt>
      <trkpt lat="23.1718851439654827117919921875" lon="113.3957885764539241790771484375">
        <ele>17.3999996185302734375</ele>
        <time>2023-01-14T01:50:01.000Z</time>
        <extensions>
          <ns3:TrackPointExtension>
            <ns3:hr>167</ns3:hr>
          </ns3:TrackPointExtension>
        </extensions>
      </trkpt>
      <trkpt lat="23.17193518392741680145263671875" lon="113.39580894447863101959228515625">
        <ele>17.200000762939453125</ele>
        <time>2023-01-14T01:50:02.000Z</time>
        <extensions>
          <ns3:TrackPointExtension>
            <ns3:hr>167</ns3:hr>
          </ns3:TrackPointExtension>
        </extensions>
      </trkpt>
      <trkpt lat="23.17198530770838260650634765625" lon="113.395829312503337860107421875">
        <ele>17.200000762939453125</ele>
        <time>2023-01-14T01:50:03.000Z</time>
        <extensions>
          <ns3:TrackPointExtension>
            <ns3:hr>167</ns3:hr>
          </ns3:TrackPointExtension>
        </extensions>
      </trkpt>
      <trkpt lat="23.17203828133642673492431640625" lon="113.39584347791969776153564453125">
        <ele>17.200000762939453125</ele>
        <time>2023-01-14T01:50:04.000Z</time>
        <extensions>
          <ns3:TrackPointExtension>
            <ns3:hr>167</ns3:hr>
          </ns3:TrackPointExtension>
        </extensions>
      </trkpt>
      <trkpt lat="23.1720926798880100250244140625" lon="113.39585621841251850128173828125">
        <ele>17</ele>
        <time>2023-01-14T01:50:05.000Z</time>
        <extensions>
          <ns3:TrackPointExtension>
            <ns3:hr>168</ns3:hr>
          </ns3:TrackPointExtension>
        </extensions>
      </trkpt>
      <trkpt lat="23.17214615643024444580078125" lon="113.39586879126727581024169921875">
        <ele>17</ele>
        <time>2023-01-14T01:50:06.000Z</time>
        <extensions>
          <ns3:TrackPointExtension>
            <ns3:hr>168</ns3:hr>
          </ns3:TrackPointExtension>
        </extensions>
      </trkpt>
      <trkpt lat="23.1721992976963520050048828125" lon="113.3958807773888111114501953125">
        <ele>17</ele>
        <time>2023-01-14T01:50:07.000Z</time>
        <extensions>
          <ns3:TrackPointExtension>
            <ns3:hr>169</ns3:hr>
          </ns3:TrackPointExtension>
        </extensions>
      </trkpt>
      <trkpt lat="23.17225185222923755645751953125" lon="113.3958940207958221435546875">
        <ele>17</ele>
        <time>2023-01-14T01:50:08.000Z</time>
        <extensions>
          <ns3:TrackPointExtension>
            <ns3:hr>169</ns3:hr>
          </ns3:TrackPointExtension>
        </extensions>
      </trkpt>
      <trkpt lat="23.17230449058115482330322265625" lon="113.39590449817478656768798828125">
        <ele>17</ele>
        <time>2023-01-14T01:50:09.000Z</time>
        <extensions>
          <ns3:TrackPointExtension>
            <ns3:hr>168</ns3:hr>
          </ns3:TrackPointExtension>
        </extensions>
      </trkpt>
      <trkpt lat="23.17234287969768047332763671875" lon="113.39590810239315032958984375">
        <ele>17</ele>
        <time>2023-01-14T01:50:10.000Z</time>
        <extensions>
          <ns3:TrackPointExtension>
            <ns3:hr>168</ns3:hr>
          </ns3:TrackPointExtension>
        </extensions>
      </trkpt>
      <trkpt lat="23.172392584383487701416015625" lon="113.39590868912637233734130859375">
        <ele>17</ele>
        <time>2023-01-14T01:50:11.000Z</time>
        <extensions>
          <ns3:TrackPointExtension>
            <ns3:hr>170</ns3:hr>
          </ns3:TrackPointExtension>
        </extensions>
      </trkpt>
      <trkpt lat="23.17244530655443668365478515625" lon="113.39590550400316715240478515625">
        <ele>17</ele>
        <time>2023-01-14T01:50:12.000Z</time>
        <extensions>
          <ns3:TrackPointExtension>
            <ns3:hr>170</ns3:hr>
          </ns3:TrackPointExtension>
        </extensions>
      </trkpt>
      <trkpt lat="23.17249928601086139678955078125" lon="113.3958982117474079132080078125">
        <ele>17.200000762939453125</ele>
        <time>2023-01-14T01:50:13.000Z</time>
        <extensions>
          <ns3:TrackPointExtension>
            <ns3:hr>170</ns3:hr>
          </ns3:TrackPointExtension>
        </extensions>
      </trkpt>
      <trkpt lat="23.17257304675877094268798828125" lon="113.39588396251201629638671875">
        <ele>17.3999996185302734375</ele>
        <time>2023-01-14T01:50:14.000Z</time>
        <extensions>
          <ns3:TrackPointExtension>
            <ns3:hr>168</ns3:hr>
          </ns3:TrackPointExtension>
        </extensions>
      </trkpt>
      <trkpt lat="23.172629959881305694580078125" lon="113.3958690427243709564208984375">
        <ele>17.6000003814697265625</ele>
        <time>2023-01-14T01:50:15.000Z</time>
        <extensions>
          <ns3:TrackPointExtension>
            <ns3:hr>167</ns3:hr>
          </ns3:TrackPointExtension>
        </extensions>
      </trkpt>
      <trkpt lat="23.17268419079482555389404296875" lon="113.3958532847464084625244140625">
        <ele>18</ele>
        <time>2023-01-14T01:50:16.000Z</time>
        <extensions>
          <ns3:TrackPointExtension>
            <ns3:hr>167</ns3:hr>
          </ns3:TrackPointExtension>
        </extensions>
      </trkpt>
      <trkpt lat="23.17273783497512340545654296875" lon="113.39583543129265308380126953125">
        <ele>18</ele>
        <time>2023-01-14T01:50:17.000Z</time>
        <extensions>
          <ns3:TrackPointExtension>
            <ns3:hr>167</ns3:hr>
          </ns3:TrackPointExtension>
        </extensions>
      </trkpt>
      <trkpt lat="23.172789551317691802978515625" lon="113.395815901458263397216796875">
        <ele>18.200000762939453125</ele>
        <time>2023-01-14T01:50:18.000Z</time>
        <extensions>
          <ns3:TrackPointExtension>
            <ns3:hr>166</ns3:hr>
          </ns3:TrackPointExtension>
        </extensions>
      </trkpt>
      <trkpt lat="23.17284160293638706207275390625" lon="113.39579503051936626434326171875">
        <ele>18.3999996185302734375</ele>
        <time>2023-01-14T01:50:19.000Z</time>
        <extensions>
          <ns3:TrackPointExtension>
            <ns3:hr>165</ns3:hr>
          </ns3:TrackPointExtension>
        </extensions>
      </trkpt>
      <trkpt lat="23.172892816364765167236328125" lon="113.39577340520918369293212890625">
        <ele>18.6000003814697265625</ele>
        <time>2023-01-14T01:50:20.000Z</time>
        <extensions>
          <ns3:TrackPointExtension>
            <ns3:hr>165</ns3:hr>
          </ns3:TrackPointExtension>
        </extensions>
      </trkpt>
      <trkpt lat="23.17294319160282611846923828125" lon="113.39575312100350856781005859375">
        <ele>18.6000003814697265625</ele>
        <time>2023-01-14T01:50:21.000Z</time>
        <extensions>
          <ns3:TrackPointExtension>
            <ns3:hr>165</ns3:hr>
          </ns3:TrackPointExtension>
        </extensions>
      </trkpt>
      <trkpt lat="23.17299398593604564666748046875" lon="113.3957330882549285888671875">
        <ele>18.3999996185302734375</ele>
        <time>2023-01-14T01:50:22.000Z</time>
        <extensions>
          <ns3:TrackPointExtension>
            <ns3:hr>165</ns3:hr>
          </ns3:TrackPointExtension>
        </extensions>
      </trkpt>
      <trkpt lat="23.173043690621852874755859375" lon="113.39571171440184116363525390625">
        <ele>18.200000762939453125</ele>
        <time>2023-01-14T01:50:23.000Z</time>
        <extensions>
          <ns3:TrackPointExtension>
            <ns3:hr>165</ns3:hr>
          </ns3:TrackPointExtension>
        </extensions>
      </trkpt>
      <trkpt lat="23.17307914607226848602294921875" lon="113.395694196224212646484375">
        <ele>18</ele>
        <time>2023-01-14T01:50:24.000Z</time>
        <extensions>
          <ns3:TrackPointExtension>
            <ns3:hr>165</ns3:hr>
          </ns3:TrackPointExtension>
        </extensions>
      </trkpt>
      <trkpt lat="23.17312248051166534423828125" lon="113.3956698887050151824951171875">
        <ele>18</ele>
        <time>2023-01-14T01:50:25.000Z</time>
        <extensions>
          <ns3:TrackPointExtension>
            <ns3:hr>166</ns3:hr>
          </ns3:TrackPointExtension>
        </extensions>
      </trkpt>
      <trkpt lat="23.1731669045984745025634765625" lon="113.395642898976802825927734375">
        <ele>18</ele>
        <time>2023-01-14T01:50:26.000Z</time>
        <extensions>
          <ns3:TrackPointExtension>
            <ns3:hr>166</ns3:hr>
          </ns3:TrackPointExtension>
        </extensions>
      </trkpt>
      <trkpt lat="23.17320764064788818359375" lon="113.395615406334400177001953125">
        <ele>18</ele>
        <time>2023-01-14T01:50:27.000Z</time>
        <extensions>
          <ns3:TrackPointExtension>
            <ns3:hr>167</ns3:hr>
          </ns3:TrackPointExtension>
        </extensions>
      </trkpt>
      <trkpt lat="23.173240832984447479248046875" lon="113.39558816514909267425537109375">
        <ele>18</ele>
        <time>2023-01-14T01:50:28.000Z</time>
        <extensions>
          <ns3:TrackPointExtension>
            <ns3:hr>167</ns3:hr>
          </ns3:TrackPointExtension>
        </extensions>
      </trkpt>
      <trkpt lat="23.17326472140848636627197265625" lon="113.395561762154102325439453125">
        <ele>18</ele>
        <time>2023-01-14T01:50:29.000Z</time>
        <extensions>
          <ns3:TrackPointExtension>
            <ns3:hr>167</ns3:hr>
          </ns3:TrackPointExtension>
        </extensions>
      </trkpt>
      <trkpt lat="23.1732792221009731292724609375" lon="113.3955367840826511383056640625">
        <ele>18</ele>
        <time>2023-01-14T01:50:30.000Z</time>
        <extensions>
          <ns3:TrackPointExtension>
            <ns3:hr>168</ns3:hr>
          </ns3:TrackPointExtension>
        </extensions>
      </trkpt>
      <trkpt lat="23.1732865981757640838623046875" lon="113.39551088400185108184814453125">
        <ele>18</ele>
        <time>2023-01-14T01:50:31.000Z</time>
        <extensions>
          <ns3:TrackPointExtension>
            <ns3:hr>168</ns3:hr>
          </ns3:TrackPointExtension>
        </extensions>
      </trkpt>
      <trkpt lat="23.17328752018511295318603515625" lon="113.395495377480983734130859375">
        <ele>18</ele>
        <time>2023-01-14T01:50:32.000Z</time>
        <extensions>
          <ns3:TrackPointExtension>
            <ns3:hr>169</ns3:hr>
          </ns3:TrackPointExtension>
        </extensions>
      </trkpt>
      <trkpt lat="23.17328651435673236846923828125" lon="113.39547350071370601654052734375">
        <ele>18</ele>
        <time>2023-01-14T01:50:33.000Z</time>
        <extensions>
          <ns3:TrackPointExtension>
            <ns3:hr>170</ns3:hr>
          </ns3:TrackPointExtension>
        </extensions>
      </trkpt>
      <trkpt lat="23.1732855923473834991455078125" lon="113.395450115203857421875">
        <ele>18</ele>
        <time>2023-01-14T01:50:34.000Z</time>
        <extensions>
          <ns3:TrackPointExtension>
            <ns3:hr>170</ns3:hr>
          </ns3:TrackPointExtension>
        </extensions>
      </trkpt>
      <trkpt lat="23.17328584380447864532470703125" lon="113.39542798697948455810546875">
        <ele>18</ele>
        <time>2023-01-14T01:50:35.000Z</time>
        <extensions>
          <ns3:TrackPointExtension>
            <ns3:hr>170</ns3:hr>
          </ns3:TrackPointExtension>
        </extensions>
      </trkpt>
      <trkpt lat="23.17328617908060550689697265625" lon="113.39540543965995311737060546875">
        <ele>18</ele>
        <time>2023-01-14T01:50:36.000Z</time>
        <extensions>
          <ns3:TrackPointExtension>
            <ns3:hr>170</ns3:hr>
          </ns3:TrackPointExtension>
        </extensions>
      </trkpt>
      <trkpt lat="23.17328617908060550689697265625" lon="113.39538029395043849945068359375">
        <ele>18</ele>
        <time>2023-01-14T01:50:37.000Z</time>
        <extensions>
          <ns3:TrackPointExtension>
            <ns3:hr>170</ns3:hr>
          </ns3:TrackPointExtension>
        </extensions>
      </trkpt>
      <trkpt lat="23.17328601144254207611083984375" lon="113.3953543938696384429931640625">
        <ele>18</ele>
        <time>2023-01-14T01:50:38.000Z</time>
        <extensions>
          <ns3:TrackPointExtension>
            <ns3:hr>170</ns3:hr>
          </ns3:TrackPointExtension>
        </extensions>
      </trkpt>
      <trkpt lat="23.1732835806906223297119140625" lon="113.39532732032239437103271484375">
        <ele>18</ele>
        <time>2023-01-14T01:50:39.000Z</time>
        <extensions>
          <ns3:TrackPointExtension>
            <ns3:hr>170</ns3:hr>
          </ns3:TrackPointExtension>
        </extensions>
      </trkpt>
      <trkpt lat="23.1732772104442119598388671875" lon="113.3952977322041988372802734375">
        <ele>18</ele>
        <time>2023-01-14T01:50:40.000Z</time>
        <extensions>
          <ns3:TrackPointExtension>
            <ns3:hr>170</ns3:hr>
          </ns3:TrackPointExtension>
        </extensions>
      </trkpt>
      <trkpt lat="23.17326120100915431976318359375" lon="113.3952491171658039093017578125">
        <ele>17.799999237060546875</ele>
        <time>2023-01-14T01:50:41.000Z</time>
        <extensions>
          <ns3:TrackPointExtension>
            <ns3:hr>170</ns3:hr>
          </ns3:TrackPointExtension>
        </extensions>
      </trkpt>
      <trkpt lat="23.17324879579246044158935546875" lon="113.39521802030503749847412109375">
        <ele>17.799999237060546875</ele>
        <time>2023-01-14T01:50:42.000Z</time>
        <extensions>
          <ns3:TrackPointExtension>
            <ns3:hr>170</ns3:hr>
          </ns3:TrackPointExtension>
        </extensions>
      </trkpt>
      <trkpt lat="23.17323890514671802520751953125" lon="113.39519371278584003448486328125">
        <ele>17.6000003814697265625</ele>
        <time>2023-01-14T01:50:43.000Z</time>
        <extensions>
          <ns3:TrackPointExtension>
            <ns3:hr>169</ns3:hr>
          </ns3:TrackPointExtension>
        </extensions>
      </trkpt>
      <trkpt lat="23.17323253490030765533447265625" lon="113.39518181048333644866943359375">
        <ele>17.6000003814697265625</ele>
        <time>2023-01-14T01:50:44.000Z</time>
        <extensions>
          <ns3:TrackPointExtension>
            <ns3:hr>168</ns3:hr>
          </ns3:TrackPointExtension>
        </extensions>
      </trkpt>
      <trkpt lat="23.17322113551199436187744140625" lon="113.3951659686863422393798828125">
        <ele>17.6000003814697265625</ele>
        <time>2023-01-14T01:50:45.000Z</time>
        <extensions>
          <ns3:TrackPointExtension>
            <ns3:hr>168</ns3:hr>
          </ns3:TrackPointExtension>
        </extensions>
      </trkpt>
      <trkpt lat="23.173207305371761322021484375" lon="113.39514727704226970672607421875">
        <ele>17.6000003814697265625</ele>
        <time>2023-01-14T01:50:46.000Z</time>
        <extensions>
          <ns3:TrackPointExtension>
            <ns3:hr>168</ns3:hr>
          </ns3:TrackPointExtension>
        </extensions>
      </trkpt>
      <trkpt lat="23.17319649271667003631591796875" lon="113.3951257355511188507080078125">
        <ele>17.6000003814697265625</ele>
        <time>2023-01-14T01:50:47.000Z</time>
        <extensions>
          <ns3:TrackPointExtension>
            <ns3:hr>167</ns3:hr>
          </ns3:TrackPointExtension>
        </extensions>
      </trkpt>
      <trkpt lat="23.17318819463253021240234375" lon="113.3951032720506191253662109375">
        <ele>17.6000003814697265625</ele>
        <time>2023-01-14T01:50:48.000Z</time>
        <extensions>
          <ns3:TrackPointExtension>
            <ns3:hr>166</ns3:hr>
          </ns3:TrackPointExtension>
        </extensions>
      </trkpt>
      <trkpt lat="23.173181153833866119384765625" lon="113.3950804732739925384521484375">
        <ele>17.3999996185302734375</ele>
        <time>2023-01-14T01:50:49.000Z</time>
        <extensions>
          <ns3:TrackPointExtension>
            <ns3:hr>166</ns3:hr>
          </ns3:TrackPointExtension>
        </extensions>
      </trkpt>
      <trkpt lat="23.17317469976842403411865234375" lon="113.39506186544895172119140625">
        <ele>17.3999996185302734375</ele>
        <time>2023-01-14T01:50:50.000Z</time>
        <extensions>
          <ns3:TrackPointExtension>
            <ns3:hr>165</ns3:hr>
          </ns3:TrackPointExtension>
        </extensions>
      </trkpt>
      <trkpt lat="23.17317117936909198760986328125" lon="113.3950491249561309814453125">
        <ele>17.3999996185302734375</ele>
        <time>2023-01-14T01:50:51.000Z</time>
        <extensions>
          <ns3:TrackPointExtension>
            <ns3:hr>165</ns3:hr>
          </ns3:TrackPointExtension>
        </extensions>
      </trkpt>
      <trkpt lat="23.17316732369363307952880859375" lon="113.39503428898751735687255859375">
        <ele>17.6000003814697265625</ele>
        <time>2023-01-14T01:50:52.000Z</time>
        <extensions>
          <ns3:TrackPointExtension>
            <ns3:hr>165</ns3:hr>
          </ns3:TrackPointExtension>
        </extensions>
      </trkpt>
      <trkpt lat="23.17316271364688873291015625" lon="113.395018614828586578369140625">
        <ele>17.6000003814697265625</ele>
        <time>2023-01-14T01:50:53.000Z</time>
        <extensions>
          <ns3:TrackPointExtension>
            <ns3:hr>164</ns3:hr>
          </ns3:TrackPointExtension>
        </extensions>
      </trkpt>
      <trkpt lat="23.17315592430531978607177734375" lon="113.3950036950409412384033203125">
        <ele>17.799999237060546875</ele>
        <time>2023-01-14T01:50:54.000Z</time>
        <extensions>
          <ns3:TrackPointExtension>
            <ns3:hr>164</ns3:hr>
          </ns3:TrackPointExtension>
        </extensions>
      </trkpt>
      <trkpt lat="23.17314703948795795440673828125" lon="113.3949887752532958984375">
        <ele>18</ele>
        <time>2023-01-14T01:50:55.000Z</time>
        <extensions>
          <ns3:TrackPointExtension>
            <ns3:hr>164</ns3:hr>
          </ns3:TrackPointExtension>
        </extensions>
      </trkpt>
      <trkpt lat="23.173136226832866668701171875" lon="113.3949715085327625274658203125">
        <ele>18</ele>
        <time>2023-01-14T01:50:56.000Z</time>
        <extensions>
          <ns3:TrackPointExtension>
            <ns3:hr>163</ns3:hr>
          </ns3:TrackPointExtension>
        </extensions>
      </trkpt>
      <trkpt lat="23.1731219775974750518798828125" lon="113.39494778774678707122802734375">
        <ele>18.3999996185302734375</ele>
        <time>2023-01-14T01:50:57.000Z</time>
        <extensions>
          <ns3:TrackPointExtension>
            <ns3:hr>163</ns3:hr>
          </ns3:TrackPointExtension>
        </extensions>
      </trkpt>
      <trkpt lat="23.1731105782091617584228515625" lon="113.39492817409336566925048828125">
        <ele>18.6000003814697265625</ele>
        <time>2023-01-14T01:50:58.000Z</time>
        <extensions>
          <ns3:TrackPointExtension>
            <ns3:hr>163</ns3:hr>
          </ns3:TrackPointExtension>
        </extensions>
      </trkpt>
      <trkpt lat="23.17310194484889507293701171875" lon="113.394909314811229705810546875">
        <ele>18.6000003814697265625</ele>
        <time>2023-01-14T01:50:59.000Z</time>
        <extensions>
          <ns3:TrackPointExtension>
            <ns3:hr>163</ns3:hr>
          </ns3:TrackPointExtension>
        </extensions>
      </trkpt>
      <trkpt lat="23.17309540696442127227783203125" lon="113.39489213190972805023193359375">
        <ele>18.799999237060546875</ele>
        <time>2023-01-14T01:51:00.000Z</time>
        <extensions>
          <ns3:TrackPointExtension>
            <ns3:hr>163</ns3:hr>
          </ns3:TrackPointExtension>
        </extensions>
      </trkpt>
      <trkpt lat="23.1730918027460575103759765625" lon="113.3948809839785099029541015625">
        <ele>19</ele>
        <time>2023-01-14T01:51:01.000Z</time>
        <extensions>
          <ns3:TrackPointExtension>
            <ns3:hr>163</ns3:hr>
          </ns3:TrackPointExtension>
        </extensions>
      </trkpt>
      <trkpt lat="23.1730897910892963409423828125" lon="113.394867740571498870849609375">
        <ele>19</ele>
        <time>2023-01-14T01:51:02.000Z</time>
        <extensions>
          <ns3:TrackPointExtension>
            <ns3:hr>162</ns3:hr>
          </ns3:TrackPointExtension>
        </extensions>
      </trkpt>
      <trkpt lat="23.17308853380382061004638671875" lon="113.39485407806932926177978515625">
        <ele>19.200000762939453125</ele>
        <time>2023-01-14T01:51:03.000Z</time>
        <extensions>
          <ns3:TrackPointExtension>
            <ns3:hr>162</ns3:hr>
          </ns3:TrackPointExtension>
        </extensions>
      </trkpt>
      <trkpt lat="23.17308719269931316375732421875" lon="113.3948404155671596527099609375">
        <ele>19.200000762939453125</ele>
        <time>2023-01-14T01:51:04.000Z</time>
        <extensions>
          <ns3:TrackPointExtension>
            <ns3:hr>162</ns3:hr>
          </ns3:TrackPointExtension>
        </extensions>
      </trkpt>
      <trkpt lat="23.17308400757610797882080078125" lon="113.39482717216014862060546875">
        <ele>19.200000762939453125</ele>
        <time>2023-01-14T01:51:05.000Z</time>
        <extensions>
          <ns3:TrackPointExtension>
            <ns3:hr>162</ns3:hr>
          </ns3:TrackPointExtension>
        </extensions>
      </trkpt>
      <trkpt lat="23.1730797328054904937744140625" lon="113.3948166109621524810791015625">
        <ele>19.200000762939453125</ele>
        <time>2023-01-14T01:51:06.000Z</time>
        <extensions>
          <ns3:TrackPointExtension>
            <ns3:hr>163</ns3:hr>
          </ns3:TrackPointExtension>
        </extensions>
      </trkpt>
      <trkpt lat="23.17307688295841217041015625" lon="113.39480512775480747222900390625">
        <ele>19.200000762939453125</ele>
        <time>2023-01-14T01:51:07.000Z</time>
        <extensions>
          <ns3:TrackPointExtension>
            <ns3:hr>163</ns3:hr>
          </ns3:TrackPointExtension>
        </extensions>
      </trkpt>
      <trkpt lat="23.173074536025524139404296875" lon="113.3947928063571453094482421875">
        <ele>19.200000762939453125</ele>
        <time>2023-01-14T01:51:08.000Z</time>
        <extensions>
          <ns3:TrackPointExtension>
            <ns3:hr>163</ns3:hr>
          </ns3:TrackPointExtension>
        </extensions>
      </trkpt>
      <trkpt lat="23.17307151854038238525390625" lon="113.39477931149303913116455078125">
        <ele>19.200000762939453125</ele>
        <time>2023-01-14T01:51:09.000Z</time>
        <extensions>
          <ns3:TrackPointExtension>
            <ns3:hr>164</ns3:hr>
          </ns3:TrackPointExtension>
        </extensions>
      </trkpt>
      <trkpt lat="23.17306791432201862335205078125" lon="113.3947639726102352142333984375">
        <ele>19.200000762939453125</ele>
        <time>2023-01-14T01:51:10.000Z</time>
        <extensions>
          <ns3:TrackPointExtension>
            <ns3:hr>164</ns3:hr>
          </ns3:TrackPointExtension>
        </extensions>
      </trkpt>
      <trkpt lat="23.17306422628462314605712890625" lon="113.3947487175464630126953125">
        <ele>19.3999996185302734375</ele>
        <time>2023-01-14T01:51:11.000Z</time>
        <extensions>
          <ns3:TrackPointExtension>
            <ns3:hr>166</ns3:hr>
          </ns3:TrackPointExtension>
        </extensions>
      </trkpt>
      <trkpt lat="23.1730606220662593841552734375" lon="113.3947331272065639495849609375">
        <ele>19.6000003814697265625</ele>
        <time>2023-01-14T01:51:12.000Z</time>
        <extensions>
          <ns3:TrackPointExtension>
            <ns3:hr>167</ns3:hr>
          </ns3:TrackPointExtension>
        </extensions>
      </trkpt>
      <trkpt lat="23.173057101666927337646484375" lon="113.3947193808853626251220703125">
        <ele>19.799999237060546875</ele>
        <time>2023-01-14T01:51:13.000Z</time>
        <extensions>
          <ns3:TrackPointExtension>
            <ns3:hr>168</ns3:hr>
          </ns3:TrackPointExtension>
        </extensions>
      </trkpt>
      <trkpt lat="23.173054419457912445068359375" lon="113.39470789767801761627197265625">
        <ele>20</ele>
        <time>2023-01-14T01:51:14.000Z</time>
        <extensions>
          <ns3:TrackPointExtension>
            <ns3:hr>169</ns3:hr>
          </ns3:TrackPointExtension>
        </extensions>
      </trkpt>
      <trkpt lat="23.173051737248897552490234375" lon="113.39469842612743377685546875">
        <ele>20.200000762939453125</ele>
        <time>2023-01-14T01:51:15.000Z</time>
        <extensions>
          <ns3:TrackPointExtension>
            <ns3:hr>169</ns3:hr>
          </ns3:TrackPointExtension>
        </extensions>
      </trkpt>
      <trkpt lat="23.173049055039882659912109375" lon="113.39468979276716709136962890625">
        <ele>20.200000762939453125</ele>
        <time>2023-01-14T01:51:16.000Z</time>
        <extensions>
          <ns3:TrackPointExtension>
            <ns3:hr>169</ns3:hr>
          </ns3:TrackPointExtension>
        </extensions>
      </trkpt>
      <trkpt lat="23.17304603755474090576171875" lon="113.39468208141624927520751953125">
        <ele>20.3999996185302734375</ele>
        <time>2023-01-14T01:51:17.000Z</time>
        <extensions>
          <ns3:TrackPointExtension>
            <ns3:hr>169</ns3:hr>
          </ns3:TrackPointExtension>
        </extensions>
      </trkpt>
      <trkpt lat="23.17304410971701145172119140625" lon="113.39467369951307773590087890625">
        <ele>20.6000003814697265625</ele>
        <time>2023-01-14T01:51:18.000Z</time>
        <extensions>
          <ns3:TrackPointExtension>
            <ns3:hr>170</ns3:hr>
          </ns3:TrackPointExtension>
        </extensions>
      </trkpt>
      <trkpt lat="23.1730431877076625823974609375" lon="113.3946643956005573272705078125">
        <ele>20.6000003814697265625</ele>
        <time>2023-01-14T01:51:19.000Z</time>
        <extensions>
          <ns3:TrackPointExtension>
            <ns3:hr>170</ns3:hr>
          </ns3:TrackPointExtension>
        </extensions>
      </trkpt>
      <trkpt lat="23.1730431877076625823974609375" lon="113.39465416967868804931640625">
        <ele>20.799999237060546875</ele>
        <time>2023-01-14T01:51:20.000Z</time>
        <extensions>
          <ns3:TrackPointExtension>
            <ns3:hr>170</ns3:hr>
          </ns3:TrackPointExtension>
        </extensions>
      </trkpt>
      <trkpt lat="23.17304343916475772857666015625" lon="113.3946439437568187713623046875">
        <ele>20.799999237060546875</ele>
        <time>2023-01-14T01:51:21.000Z</time>
        <extensions>
          <ns3:TrackPointExtension>
            <ns3:hr>169</ns3:hr>
          </ns3:TrackPointExtension>
        </extensions>
      </trkpt>
      <trkpt lat="23.17304578609764575958251953125" lon="113.394634723663330078125">
        <ele>21</ele>
        <time>2023-01-14T01:51:22.000Z</time>
        <extensions>
          <ns3:TrackPointExtension>
            <ns3:hr>169</ns3:hr>
          </ns3:TrackPointExtension>
        </extensions>
      </trkpt>
      <trkpt lat="23.17304980941116809844970703125" lon="113.39462458156049251556396484375">
        <ele>21</ele>
        <time>2023-01-14T01:51:23.000Z</time>
        <extensions>
          <ns3:TrackPointExtension>
            <ns3:hr>169</ns3:hr>
          </ns3:TrackPointExtension>
        </extensions>
      </trkpt>
      <trkpt lat="23.17305634729564189910888671875" lon="113.3946146070957183837890625">
        <ele>21</ele>
        <time>2023-01-14T01:51:24.000Z</time>
        <extensions>
          <ns3:TrackPointExtension>
            <ns3:hr>168</ns3:hr>
          </ns3:TrackPointExtension>
        </extensions>
      </trkpt>
      <trkpt lat="23.1730668246746063232421875" lon="113.394604213535785675048828125">
        <ele>21</ele>
        <time>2023-01-14T01:51:25.000Z</time>
        <extensions>
          <ns3:TrackPointExtension>
            <ns3:hr>168</ns3:hr>
          </ns3:TrackPointExtension>
        </extensions>
      </trkpt>
      <trkpt lat="23.17308090627193450927734375" lon="113.39459172450006008148193359375">
        <ele>20.799999237060546875</ele>
        <time>2023-01-14T01:51:26.000Z</time>
        <extensions>
          <ns3:TrackPointExtension>
            <ns3:hr>167</ns3:hr>
          </ns3:TrackPointExtension>
        </extensions>
      </trkpt>
      <trkpt lat="23.17310563288629055023193359375" lon="113.39456993155181407928466796875">
        <ele>20.799999237060546875</ele>
        <time>2023-01-14T01:51:27.000Z</time>
        <extensions>
          <ns3:TrackPointExtension>
            <ns3:hr>167</ns3:hr>
          </ns3:TrackPointExtension>
        </extensions>
      </trkpt>
      <trkpt lat="23.1731467880308628082275390625" lon="113.3945379965007305145263671875">
        <ele>20.6000003814697265625</ele>
        <time>2023-01-14T01:51:28.000Z</time>
        <extensions>
          <ns3:TrackPointExtension>
            <ns3:hr>167</ns3:hr>
          </ns3:TrackPointExtension>
        </extensions>
      </trkpt>
      <trkpt lat="23.17317503504455089569091796875" lon="113.39451871812343597412109375">
        <ele>20.3999996185302734375</ele>
        <time>2023-01-14T01:51:29.000Z</time>
        <extensions>
          <ns3:TrackPointExtension>
            <ns3:hr>167</ns3:hr>
          </ns3:TrackPointExtension>
        </extensions>
      </trkpt>
      <trkpt lat="23.17320085130631923675537109375" lon="113.39450438506901264190673828125">
        <ele>20.200000762939453125</ele>
        <time>2023-01-14T01:51:30.000Z</time>
        <extensions>
          <ns3:TrackPointExtension>
            <ns3:hr>166</ns3:hr>
          </ns3:TrackPointExtension>
        </extensions>
      </trkpt>
      <trkpt lat="23.17322784103453159332275390625" lon="113.39449332095682621002197265625">
        <ele>19.799999237060546875</ele>
        <time>2023-01-14T01:51:31.000Z</time>
        <extensions>
          <ns3:TrackPointExtension>
            <ns3:hr>166</ns3:hr>
          </ns3:TrackPointExtension>
        </extensions>
      </trkpt>
      <trkpt lat="23.1732580997049808502197265625" lon="113.39448343031108379364013671875">
        <ele>19.6000003814697265625</ele>
        <time>2023-01-14T01:51:32.000Z</time>
        <extensions>
          <ns3:TrackPointExtension>
            <ns3:hr>166</ns3:hr>
          </ns3:TrackPointExtension>
        </extensions>
      </trkpt>
      <trkpt lat="23.17329104058444499969482421875" lon="113.39447312057018280029296875">
        <ele>19.3999996185302734375</ele>
        <time>2023-01-14T01:51:33.000Z</time>
        <extensions>
          <ns3:TrackPointExtension>
            <ns3:hr>166</ns3:hr>
          </ns3:TrackPointExtension>
        </extensions>
      </trkpt>
      <trkpt lat="23.173323981463909149169921875" lon="113.39445912279188632965087890625">
        <ele>19.799999237060546875</ele>
        <time>2023-01-14T01:51:34.000Z</time>
        <extensions>
          <ns3:TrackPointExtension>
            <ns3:hr>166</ns3:hr>
          </ns3:TrackPointExtension>
        </extensions>
      </trkpt>
      <trkpt lat="23.17336413078010082244873046875" lon="113.39444696903228759765625">
        <ele>20.200000762939453125</ele>
        <time>2023-01-14T01:51:35.000Z</time>
        <extensions>
          <ns3:TrackPointExtension>
            <ns3:hr>166</ns3:hr>
          </ns3:TrackPointExtension>
        </extensions>
      </trkpt>
      <trkpt lat="23.173406459391117095947265625" lon="113.39443732984364032745361328125">
        <ele>20.6000003814697265625</ele>
        <time>2023-01-14T01:51:36.000Z</time>
        <extensions>
          <ns3:TrackPointExtension>
            <ns3:hr>165</ns3:hr>
          </ns3:TrackPointExtension>
        </extensions>
      </trkpt>
      <trkpt lat="23.173446021974086761474609375" lon="113.394431881606578826904296875">
        <ele>21</ele>
        <time>2023-01-14T01:51:37.000Z</time>
        <extensions>
          <ns3:TrackPointExtension>
            <ns3:hr>165</ns3:hr>
          </ns3:TrackPointExtension>
        </extensions>
      </trkpt>
      <trkpt lat="23.17348382435739040374755859375" lon="113.39443213306367397308349609375">
        <ele>21</ele>
        <time>2023-01-14T01:51:38.000Z</time>
        <extensions>
          <ns3:TrackPointExtension>
            <ns3:hr>164</ns3:hr>
          </ns3:TrackPointExtension>
        </extensions>
      </trkpt>
      <trkpt lat="23.17351450212299823760986328125" lon="113.394429199397563934326171875">
        <ele>21.200000762939453125</ele>
        <time>2023-01-14T01:51:39.000Z</time>
        <extensions>
          <ns3:TrackPointExtension>
            <ns3:hr>164</ns3:hr>
          </ns3:TrackPointExtension>
        </extensions>
      </trkpt>
      <trkpt lat="23.17354015074670314788818359375" lon="113.39442349970340728759765625">
        <ele>21</ele>
        <time>2023-01-14T01:51:40.000Z</time>
        <extensions>
          <ns3:TrackPointExtension>
            <ns3:hr>164</ns3:hr>
          </ns3:TrackPointExtension>
        </extensions>
      </trkpt>
      <trkpt lat="23.1735518015921115875244140625" lon="113.39441821910440921783447265625">
        <ele>21.200000762939453125</ele>
        <time>2023-01-14T01:51:41.000Z</time>
        <extensions>
          <ns3:TrackPointExtension>
            <ns3:hr>163</ns3:hr>
          </ns3:TrackPointExtension>
        </extensions>
      </trkpt>
      <trkpt lat="23.1735645420849323272705078125" lon="113.39440648443996906280517578125">
        <ele>21.200000762939453125</ele>
        <time>2023-01-14T01:51:42.000Z</time>
        <extensions>
          <ns3:TrackPointExtension>
            <ns3:hr>163</ns3:hr>
          </ns3:TrackPointExtension>
        </extensions>
      </trkpt>
      <trkpt lat="23.17357535474002361297607421875" lon="113.3943847753107547760009765625">
        <ele>21.6000003814697265625</ele>
        <time>2023-01-14T01:51:43.000Z</time>
        <extensions>
          <ns3:TrackPointExtension>
            <ns3:hr>164</ns3:hr>
          </ns3:TrackPointExtension>
        </extensions>
      </trkpt>
      <trkpt lat="23.17358340136706829071044921875" lon="113.39435401372611522674560546875">
        <ele>22</ele>
        <time>2023-01-14T01:51:44.000Z</time>
        <extensions>
          <ns3:TrackPointExtension>
            <ns3:hr>163</ns3:hr>
          </ns3:TrackPointExtension>
        </extensions>
      </trkpt>
      <trkpt lat="23.1735925376415252685546875" lon="113.39429299347102642059326171875">
        <ele>22.799999237060546875</ele>
        <time>2023-01-14T01:51:45.000Z</time>
        <extensions>
          <ns3:TrackPointExtension>
            <ns3:hr>163</ns3:hr>
          </ns3:TrackPointExtension>
        </extensions>
      </trkpt>
      <trkpt lat="23.17359899170696735382080078125" lon="113.3942459709942340850830078125">
        <ele>23.6000003814697265625</ele>
        <time>2023-01-14T01:51:46.000Z</time>
        <extensions>
          <ns3:TrackPointExtension>
            <ns3:hr>163</ns3:hr>
          </ns3:TrackPointExtension>
        </extensions>
      </trkpt>
      <trkpt lat="23.17360796034336090087890625" lon="113.39420414529740810394287109375">
        <ele>23.799999237060546875</ele>
        <time>2023-01-14T01:51:47.000Z</time>
        <extensions>
          <ns3:TrackPointExtension>
            <ns3:hr>163</ns3:hr>
          </ns3:TrackPointExtension>
        </extensions>
      </trkpt>
      <trkpt lat="23.17362044937908649444580078125" lon="113.3941675163805484771728515625">
        <ele>24.200000762939453125</ele>
        <time>2023-01-14T01:51:48.000Z</time>
        <extensions>
          <ns3:TrackPointExtension>
            <ns3:hr>163</ns3:hr>
          </ns3:TrackPointExtension>
        </extensions>
      </trkpt>
      <trkpt lat="23.17363855428993701934814453125" lon="113.3941376768052577972412109375">
        <ele>24.6000003814697265625</ele>
        <time>2023-01-14T01:51:49.000Z</time>
        <extensions>
          <ns3:TrackPointExtension>
            <ns3:hr>163</ns3:hr>
          </ns3:TrackPointExtension>
        </extensions>
      </trkpt>
      <trkpt lat="23.17365934140980243682861328125" lon="113.3941101841628551483154296875">
        <ele>24.799999237060546875</ele>
        <time>2023-01-14T01:51:50.000Z</time>
        <extensions>
          <ns3:TrackPointExtension>
            <ns3:hr>163</ns3:hr>
          </ns3:TrackPointExtension>
        </extensions>
      </trkpt>
      <trkpt lat="23.17367929033935070037841796875" lon="113.39408227242529392242431640625">
        <ele>25</ele>
        <time>2023-01-14T01:51:51.000Z</time>
        <extensions>
          <ns3:TrackPointExtension>
            <ns3:hr>163</ns3:hr>
          </ns3:TrackPointExtension>
        </extensions>
      </trkpt>
      <trkpt lat="23.17369722761213779449462890625" lon="113.39405226521193981170654296875">
        <ele>25.3999996185302734375</ele>
        <time>2023-01-14T01:51:52.000Z</time>
        <extensions>
          <ns3:TrackPointExtension>
            <ns3:hr>163</ns3:hr>
          </ns3:TrackPointExtension>
        </extensions>
      </trkpt>
      <trkpt lat="23.173714242875576019287109375" lon="113.3940218389034271240234375">
        <ele>25.3999996185302734375</ele>
        <time>2023-01-14T01:51:53.000Z</time>
        <extensions>
          <ns3:TrackPointExtension>
            <ns3:hr>162</ns3:hr>
          </ns3:TrackPointExtension>
        </extensions>
      </trkpt>
      <trkpt lat="23.17373142577707767486572265625" lon="113.39399007149040699005126953125">
        <ele>25.6000003814697265625</ele>
        <time>2023-01-14T01:51:54.000Z</time>
        <extensions>
          <ns3:TrackPointExtension>
            <ns3:hr>162</ns3:hr>
          </ns3:TrackPointExtension>
        </extensions>
      </trkpt>
      <trkpt lat="23.173750452697277069091796875" lon="113.3939576335251331329345703125">
        <ele>25.799999237060546875</ele>
        <time>2023-01-14T01:51:55.000Z</time>
        <extensions>
          <ns3:TrackPointExtension>
            <ns3:hr>162</ns3:hr>
          </ns3:TrackPointExtension>
        </extensions>
      </trkpt>
      <trkpt lat="23.17377023398876190185546875" lon="113.39392452500760555267333984375">
        <ele>25.799999237060546875</ele>
        <time>2023-01-14T01:51:56.000Z</time>
        <extensions>
          <ns3:TrackPointExtension>
            <ns3:hr>162</ns3:hr>
          </ns3:TrackPointExtension>
        </extensions>
      </trkpt>
      <trkpt lat="23.1737883388996124267578125" lon="113.393887393176555633544921875">
        <ele>25.799999237060546875</ele>
        <time>2023-01-14T01:51:57.000Z</time>
        <extensions>
          <ns3:TrackPointExtension>
            <ns3:hr>162</ns3:hr>
          </ns3:TrackPointExtension>
        </extensions>
      </trkpt>
      <trkpt lat="23.17380619235336780548095703125" lon="113.39384707622230052947998046875">
        <ele>26</ele>
        <time>2023-01-14T01:51:58.000Z</time>
        <extensions>
          <ns3:TrackPointExtension>
            <ns3:hr>162</ns3:hr>
          </ns3:TrackPointExtension>
        </extensions>
      </trkpt>
      <trkpt lat="23.173823542892932891845703125" lon="113.39380349032580852508544921875">
        <ele>26</ele>
        <time>2023-01-14T01:51:59.000Z</time>
        <extensions>
          <ns3:TrackPointExtension>
            <ns3:hr>162</ns3:hr>
          </ns3:TrackPointExtension>
        </extensions>
      </trkpt>
      <trkpt lat="23.1738411448895931243896484375" lon="113.393757976591587066650390625">
        <ele>26.200000762939453125</ele>
        <time>2023-01-14T01:52:00.000Z</time>
        <extensions>
          <ns3:TrackPointExtension>
            <ns3:hr>164</ns3:hr>
          </ns3:TrackPointExtension>
        </extensions>
      </trkpt>
      <trkpt lat="23.17386151291429996490478515625" lon="113.39371212758123874664306640625">
        <ele>26.6000003814697265625</ele>
        <time>2023-01-14T01:52:01.000Z</time>
        <extensions>
          <ns3:TrackPointExtension>
            <ns3:hr>164</ns3:hr>
          </ns3:TrackPointExtension>
        </extensions>
      </trkpt>
      <trkpt lat="23.17388313822448253631591796875" lon="113.3936677873134613037109375">
        <ele>27.200000762939453125</ele>
        <time>2023-01-14T01:52:02.000Z</time>
        <extensions>
          <ns3:TrackPointExtension>
            <ns3:hr>164</ns3:hr>
          </ns3:TrackPointExtension>
        </extensions>
      </trkpt>
      <trkpt lat="23.17390375770628452301025390625" lon="113.3936253748834133148193359375">
        <ele>27.6000003814697265625</ele>
        <time>2023-01-14T01:52:03.000Z</time>
        <extensions>
          <ns3:TrackPointExtension>
            <ns3:hr>164</ns3:hr>
          </ns3:TrackPointExtension>
        </extensions>
      </trkpt>
      <trkpt lat="23.17392203025519847869873046875" lon="113.3935801126062870025634765625">
        <ele>27.799999237060546875</ele>
        <time>2023-01-14T01:52:04.000Z</time>
        <extensions>
          <ns3:TrackPointExtension>
            <ns3:hr>164</ns3:hr>
          </ns3:TrackPointExtension>
        </extensions>
      </trkpt>
      <trkpt lat="23.17394114099442958831787109375" lon="113.3935321681201457977294921875">
        <ele>28.200000762939453125</ele>
        <time>2023-01-14T01:52:05.000Z</time>
        <extensions>
          <ns3:TrackPointExtension>
            <ns3:hr>165</ns3:hr>
          </ns3:TrackPointExtension>
        </extensions>
      </trkpt>
      <trkpt lat="23.1739600002765655517578125" lon="113.3934842236340045928955078125">
        <ele>28.3999996185302734375</ele>
        <time>2023-01-14T01:52:06.000Z</time>
        <extensions>
          <ns3:TrackPointExtension>
            <ns3:hr>165</ns3:hr>
          </ns3:TrackPointExtension>
        </extensions>
      </trkpt>
      <trkpt lat="23.17397869192063808441162109375" lon="113.3934366144239902496337890625">
        <ele>28.799999237060546875</ele>
        <time>2023-01-14T01:52:07.000Z</time>
        <extensions>
          <ns3:TrackPointExtension>
            <ns3:hr>166</ns3:hr>
          </ns3:TrackPointExtension>
        </extensions>
      </trkpt>
      <trkpt lat="23.1739973835647106170654296875" lon="113.39339260943233966827392578125">
        <ele>29</ele>
        <time>2023-01-14T01:52:08.000Z</time>
        <extensions>
          <ns3:TrackPointExtension>
            <ns3:hr>167</ns3:hr>
          </ns3:TrackPointExtension>
        </extensions>
      </trkpt>
      <trkpt lat="23.1740161590278148651123046875" lon="113.39334868825972080230712890625">
        <ele>29.6000003814697265625</ele>
        <time>2023-01-14T01:52:09.000Z</time>
        <extensions>
          <ns3:TrackPointExtension>
            <ns3:hr>168</ns3:hr>
          </ns3:TrackPointExtension>
        </extensions>
      </trkpt>
      <trkpt lat="23.17403635941445827484130859375" lon="113.39330644346773624420166015625">
        <ele>30.200000762939453125</ele>
        <time>2023-01-14T01:52:10.000Z</time>
        <extensions>
          <ns3:TrackPointExtension>
            <ns3:hr>168</ns3:hr>
          </ns3:TrackPointExtension>
        </extensions>
      </trkpt>
      <trkpt lat="23.17405848763883113861083984375" lon="113.3932656235992908477783203125">
        <ele>30.6000003814697265625</ele>
        <time>2023-01-14T01:52:11.000Z</time>
        <extensions>
          <ns3:TrackPointExtension>
            <ns3:hr>168</ns3:hr>
          </ns3:TrackPointExtension>
        </extensions>
      </trkpt>
      <trkpt lat="23.1740791909396648406982421875" lon="113.39322430081665515899658203125">
        <ele>31</ele>
        <time>2023-01-14T01:52:12.000Z</time>
        <extensions>
          <ns3:TrackPointExtension>
            <ns3:hr>170</ns3:hr>
          </ns3:TrackPointExtension>
        </extensions>
      </trkpt>
      <trkpt lat="23.174095451831817626953125" lon="113.393183983862400054931640625">
        <ele>31.3999996185302734375</ele>
        <time>2023-01-14T01:52:13.000Z</time>
        <extensions>
          <ns3:TrackPointExtension>
            <ns3:hr>170</ns3:hr>
          </ns3:TrackPointExtension>
        </extensions>
      </trkpt>
      <trkpt lat="23.1741076894104480743408203125" lon="113.39314408600330352783203125">
        <ele>31.6000003814697265625</ele>
        <time>2023-01-14T01:52:14.000Z</time>
        <extensions>
          <ns3:TrackPointExtension>
            <ns3:hr>170</ns3:hr>
          </ns3:TrackPointExtension>
        </extensions>
      </trkpt>
      <trkpt lat="23.17411749623715877532958984375" lon="113.3931023441255092620849609375">
        <ele>32</ele>
        <time>2023-01-14T01:52:15.000Z</time>
        <extensions>
          <ns3:TrackPointExtension>
            <ns3:hr>170</ns3:hr>
          </ns3:TrackPointExtension>
        </extensions>
      </trkpt>
      <trkpt lat="23.17412805743515491485595703125" lon="113.39305951260030269622802734375">
        <ele>32.40000152587890625</ele>
        <time>2023-01-14T01:52:16.000Z</time>
        <extensions>
          <ns3:TrackPointExtension>
            <ns3:hr>170</ns3:hr>
          </ns3:TrackPointExtension>
        </extensions>
      </trkpt>
      <trkpt lat="23.1741408817470073699951171875" lon="113.3930175192654132843017578125">
        <ele>32.59999847412109375</ele>
        <time>2023-01-14T01:52:17.000Z</time>
        <extensions>
          <ns3:TrackPointExtension>
            <ns3:hr>170</ns3:hr>
          </ns3:TrackPointExtension>
        </extensions>
      </trkpt>
      <trkpt lat="23.17415655590593814849853515625" lon="113.3929789625108242034912109375">
        <ele>33</ele>
        <time>2023-01-14T01:52:18.000Z</time>
        <extensions>
          <ns3:TrackPointExtension>
            <ns3:hr>170</ns3:hr>
          </ns3:TrackPointExtension>
        </extensions>
      </trkpt>
      <trkpt lat="23.17417315207421779632568359375" lon="113.39294132776558399200439453125">
        <ele>33.200000762939453125</ele>
        <time>2023-01-14T01:52:19.000Z</time>
        <extensions>
          <ns3:TrackPointExtension>
            <ns3:hr>170</ns3:hr>
          </ns3:TrackPointExtension>
        </extensions>
      </trkpt>
      <trkpt lat="23.17418999969959259033203125" lon="113.39290310628712177276611328125">
        <ele>33.40000152587890625</ele>
        <time>2023-01-14T01:52:20.000Z</time>
        <extensions>
          <ns3:TrackPointExtension>
            <ns3:hr>170</ns3:hr>
          </ns3:TrackPointExtension>
        </extensions>
      </trkpt>
      <trkpt lat="23.1742069311439990997314453125" lon="113.392862118780612945556640625">
        <ele>33.40000152587890625</ele>
        <time>2023-01-14T01:52:21.000Z</time>
        <extensions>
          <ns3:TrackPointExtension>
            <ns3:hr>170</ns3:hr>
          </ns3:TrackPointExtension>
        </extensions>
      </trkpt>
      <trkpt lat="23.1742250360548496246337890625" lon="113.3928183652460575103759765625">
        <ele>33.200000762939453125</ele>
        <time>2023-01-14T01:52:22.000Z</time>
        <extensions>
          <ns3:TrackPointExtension>
            <ns3:hr>170</ns3:hr>
          </ns3:TrackPointExtension>
        </extensions>
      </trkpt>
      <trkpt lat="23.17424473352730274200439453125" lon="113.39277218095958232879638671875">
        <ele>33</ele>
        <time>2023-01-14T01:52:23.000Z</time>
        <extensions>
          <ns3:TrackPointExtension>
            <ns3:hr>169</ns3:hr>
          </ns3:TrackPointExtension>
        </extensions>
      </trkpt>
      <trkpt lat="23.174266107380390167236328125" lon="113.39272457174956798553466796875">
        <ele>33</ele>
        <time>2023-01-14T01:52:24.000Z</time>
        <extensions>
          <ns3:TrackPointExtension>
            <ns3:hr>169</ns3:hr>
          </ns3:TrackPointExtension>
        </extensions>
      </trkpt>
      <trkpt lat="23.17429125308990478515625" lon="113.39267947711050510406494140625">
        <ele>32.59999847412109375</ele>
        <time>2023-01-14T01:52:25.000Z</time>
        <extensions>
          <ns3:TrackPointExtension>
            <ns3:hr>169</ns3:hr>
          </ns3:TrackPointExtension>
        </extensions>
      </trkpt>
      <trkpt lat="23.1743158958852291107177734375" lon="113.3926363103091716766357421875">
        <ele>32.200000762939453125</ele>
        <time>2023-01-14T01:52:26.000Z</time>
        <extensions>
          <ns3:TrackPointExtension>
            <ns3:hr>169</ns3:hr>
          </ns3:TrackPointExtension>
        </extensions>
      </trkpt>
      <trkpt lat="23.17433760501444339752197265625" lon="113.3925954066216945648193359375">
        <ele>31.799999237060546875</ele>
        <time>2023-01-14T01:52:27.000Z</time>
        <extensions>
          <ns3:TrackPointExtension>
            <ns3:hr>169</ns3:hr>
          </ns3:TrackPointExtension>
        </extensions>
      </trkpt>
      <trkpt lat="23.17435721866786479949951171875" lon="113.3925466239452362060546875">
        <ele>31.3999996185302734375</ele>
        <time>2023-01-14T01:52:28.000Z</time>
        <extensions>
          <ns3:TrackPointExtension>
            <ns3:hr>169</ns3:hr>
          </ns3:TrackPointExtension>
        </extensions>
      </trkpt>
      <trkpt lat="23.17436962388455867767333984375" lon="113.3924929797649383544921875">
        <ele>31.3999996185302734375</ele>
        <time>2023-01-14T01:52:29.000Z</time>
        <extensions>
          <ns3:TrackPointExtension>
            <ns3:hr>169</ns3:hr>
          </ns3:TrackPointExtension>
        </extensions>
      </trkpt>
      <trkpt lat="23.17437750287353992462158203125" lon="113.39244578965008258819580078125">
        <ele>31.3999996185302734375</ele>
        <time>2023-01-14T01:52:30.000Z</time>
        <extensions>
          <ns3:TrackPointExtension>
            <ns3:hr>169</ns3:hr>
          </ns3:TrackPointExtension>
        </extensions>
      </trkpt>
      <trkpt lat="23.17438320256769657135009765625" lon="113.39241293258965015411376953125">
        <ele>31.6000003814697265625</ele>
        <time>2023-01-14T01:52:31.000Z</time>
        <extensions>
          <ns3:TrackPointExtension>
            <ns3:hr>169</ns3:hr>
          </ns3:TrackPointExtension>
        </extensions>
      </trkpt>
      <trkpt lat="23.1743879802525043487548828125" lon="113.39239700697362422943115234375">
        <ele>31.6000003814697265625</ele>
        <time>2023-01-14T01:52:32.000Z</time>
        <extensions>
          <ns3:TrackPointExtension>
            <ns3:hr>169</ns3:hr>
          </ns3:TrackPointExtension>
        </extensions>
      </trkpt>
      <trkpt lat="23.17438940517604351043701171875" lon="113.392393402755260467529296875">
        <ele>31.6000003814697265625</ele>
        <time>2023-01-14T01:52:33.000Z</time>
        <extensions>
          <ns3:TrackPointExtension>
            <ns3:hr>169</ns3:hr>
          </ns3:TrackPointExtension>
        </extensions>
      </trkpt>
      <trkpt lat="23.1743923388421535491943359375" lon="113.392389714717864990234375">
        <ele>31.6000003814697265625</ele>
        <time>2023-01-14T01:52:34.000Z</time>
        <extensions>
          <ns3:TrackPointExtension>
            <ns3:hr>169</ns3:hr>
          </ns3:TrackPointExtension>
        </extensions>
      </trkpt>
      <trkpt lat="23.17439627833664417266845703125" lon="113.39238611049950122833251953125">
        <ele>31.6000003814697265625</ele>
        <time>2023-01-14T01:52:35.000Z</time>
        <extensions>
          <ns3:TrackPointExtension>
            <ns3:hr>169</ns3:hr>
          </ns3:TrackPointExtension>
        </extensions>
      </trkpt>
      <trkpt lat="23.17440080456435680389404296875" lon="113.3923821710050106048583984375">
        <ele>31.6000003814697265625</ele>
        <time>2023-01-14T01:52:36.000Z</time>
        <extensions>
          <ns3:TrackPointExtension>
            <ns3:hr>169</ns3:hr>
          </ns3:TrackPointExtension>
        </extensions>
      </trkpt>
      <trkpt lat="23.174405582249164581298828125" lon="113.39237923733890056610107421875">
        <ele>31.6000003814697265625</ele>
        <time>2023-01-14T01:52:37.000Z</time>
        <extensions>
          <ns3:TrackPointExtension>
            <ns3:hr>169</ns3:hr>
          </ns3:TrackPointExtension>
        </extensions>
      </trkpt>
      <trkpt lat="23.17440834827721118927001953125" lon="113.3923803269863128662109375">
        <ele>31.6000003814697265625</ele>
        <time>2023-01-14T01:52:38.000Z</time>
        <extensions>
          <ns3:TrackPointExtension>
            <ns3:hr>168</ns3:hr>
          </ns3:TrackPointExtension>
        </extensions>
      </trkpt>
      <trkpt lat="23.17440901882946491241455078125" lon="113.3923868648707866668701171875">
        <ele>31.6000003814697265625</ele>
        <time>2023-01-14T01:52:39.000Z</time>
        <extensions>
          <ns3:TrackPointExtension>
            <ns3:hr>167</ns3:hr>
          </ns3:TrackPointExtension>
        </extensions>
      </trkpt>
      <trkpt lat="23.1744079291820526123046875" lon="113.39239683933556079864501953125">
        <ele>31.6000003814697265625</ele>
        <time>2023-01-14T01:52:40.000Z</time>
        <extensions>
          <ns3:TrackPointExtension>
            <ns3:hr>167</ns3:hr>
          </ns3:TrackPointExtension>
        </extensions>
      </trkpt>
      <trkpt lat="23.1744054146111011505126953125" lon="113.39240756817162036895751953125">
        <ele>31.6000003814697265625</ele>
        <time>2023-01-14T01:52:41.000Z</time>
        <extensions>
          <ns3:TrackPointExtension>
            <ns3:hr>165</ns3:hr>
          </ns3:TrackPointExtension>
        </extensions>
      </trkpt>
      <trkpt lat="23.1743972003459930419921875" lon="113.39244939386844635009765625">
        <ele>31.3999996185302734375</ele>
        <time>2023-01-14T01:52:42.000Z</time>
        <extensions>
          <ns3:TrackPointExtension>
            <ns3:hr>164</ns3:hr>
          </ns3:TrackPointExtension>
        </extensions>
      </trkpt>
    </trkseg>
  </trk>
</gpx>
