<gpx xmlns:ns3="http://www.garmin.com/xmlschemas/TrackPointExtension/v1" xmlns="http://www.topografix.com/GPX/1/1" xmlns:xsi="http://www.w3.org/2001/XMLSchema-instance" xmlns:ns2="http://www.garmin.com/xmlschemas/GpxExtensions/v3" creator="Garmin Connect" version="1.1" xsi:schemaLocation="http://www.topografix.com/GPX/1/1 http://www.topografix.com/GPX/11.xsd">
  <extensions>
<distance>7583.79</distance>
<average_hr>136.0</average_hr>
<average_speed>2.8389999866485596</average_speed>
<start_time>2026-02-24T23:10:15+00:00</start_time>
<end_time>2026-02-24T23:54:46.156000+00:00</end_time>
<moving_time>2669.07</moving_time>
<elapsed_time>3243.709</elapsed_time>
</extensions>
<metadata>
    <link href="connect.garmin.com">
      <text>Garmin Connect</text>
    </link>
    <time>2026-02-24T23:10:15.000Z</time>
  </metadata>
  <trk>
    <name>广州市 跑步</name>
    <type>running</type>
    <trkseg>
      <trkpt lat="23.1664814986288547515869140625" lon="113.41304850764572620391845703125">
        <ele>15.6000003814697265625</ele>
        <time>2026-02-24T23:10:15.000Z</time>
        <extensions>
          <ns3:TrackPointExtension>
            <ns3:hr>83</ns3:hr>
            <ns3:cad>0</ns3:cad>
          </ns3:TrackPointExtension>
        </extensions>
      </trkpt>
      <trkpt lat="23.16652835346758365631103515625" lon="113.41300760395824909210205078125">
        <ele>15.6000003814697265625</ele>
        <time>2026-02-24T23:10:16.000Z</time>
        <extensions>
          <ns3:TrackPointExtension>
            <ns3:hr>81</ns3:hr>
            <ns3:cad>0</ns3:cad>
          </ns3:TrackPointExtension>
        </extensions>
      </trkpt>
      <trkpt lat="23.166560120880603790283203125" lon="113.4130070172250270843505859375">
        <ele>15.6000003814697265625</ele>
        <time>2026-02-24T23:10:17.000Z</time>
        <extensions>
          <ns3:TrackPointExtension>
            <ns3:hr>80</ns3:hr>
            <ns3:cad>94</ns3:cad>
          </ns3:TrackPointExtension>
        </extensions>
      </trkpt>
      <trkpt lat="23.16657059825956821441650390625" lon="113.412994779646396636962890625">
        <ele>15.6000003814697265625</ele>
        <time>2026-02-24T23:10:18.000Z</time>
        <extensions>
          <ns3:TrackPointExtension>
            <ns3:hr>80</ns3:hr>
            <ns3:cad>94</ns3:cad>
          </ns3:TrackPointExtension>
        </extensions>
      </trkpt>
      <trkpt lat="23.1665857695043087005615234375" lon="113.41297902166843414306640625">
        <ele>15.6000003814697265625</ele>
        <time>2026-02-24T23:10:19.000Z</time>
        <extensions>
          <ns3:TrackPointExtension>
            <ns3:hr>80</ns3:hr>
            <ns3:cad>94</ns3:cad>
          </ns3:TrackPointExtension>
        </extensions>
      </trkpt>
      <trkpt lat="23.16659859381616115570068359375" lon="113.412962593138217926025390625">
        <ele>15.6000003814697265625</ele>
        <time>2026-02-24T23:10:20.000Z</time>
        <extensions>
          <ns3:TrackPointExtension>
            <ns3:hr>80</ns3:hr>
            <ns3:cad>96</ns3:cad>
          </ns3:TrackPointExtension>
        </extensions>
      </trkpt>
      <trkpt lat="23.1666176207363605499267578125" lon="113.41294842772185802459716796875">
        <ele>15.6000003814697265625</ele>
        <time>2026-02-24T23:10:21.000Z</time>
        <extensions>
          <ns3:TrackPointExtension>
            <ns3:hr>80</ns3:hr>
            <ns3:cad>97</ns3:cad>
          </ns3:TrackPointExtension>
        </extensions>
      </trkpt>
      <trkpt lat="23.16663580946624279022216796875" lon="113.41293334029614925384521484375">
        <ele>15.3999996185302734375</ele>
        <time>2026-02-24T23:10:22.000Z</time>
        <extensions>
          <ns3:TrackPointExtension>
            <ns3:hr>80</ns3:hr>
            <ns3:cad>97</ns3:cad>
          </ns3:TrackPointExtension>
        </extensions>
      </trkpt>
      <trkpt lat="23.16664083860814571380615234375" lon="113.41291959397494792938232421875">
        <ele>15.3999996185302734375</ele>
        <time>2026-02-24T23:10:23.000Z</time>
        <extensions>
          <ns3:TrackPointExtension>
            <ns3:hr>79</ns3:hr>
            <ns3:cad>97</ns3:cad>
          </ns3:TrackPointExtension>
        </extensions>
      </trkpt>
      <trkpt lat="23.16665877588093280792236328125" lon="113.4129059314727783203125">
        <ele>15.3999996185302734375</ele>
        <time>2026-02-24T23:10:24.000Z</time>
        <extensions>
          <ns3:TrackPointExtension>
            <ns3:hr>79</ns3:hr>
            <ns3:cad>96</ns3:cad>
          </ns3:TrackPointExtension>
        </extensions>
      </trkpt>
      <trkpt lat="23.16667336039245128631591796875" lon="113.41288405470550060272216796875">
        <ele>15.3999996185302734375</ele>
        <time>2026-02-24T23:10:25.000Z</time>
        <extensions>
          <ns3:TrackPointExtension>
            <ns3:hr>80</ns3:hr>
            <ns3:cad>96</ns3:cad>
          </ns3:TrackPointExtension>
        </extensions>
      </trkpt>
      <trkpt lat="23.16669163294136524200439453125" lon="113.41286360286176204681396484375">
        <ele>15.3999996185302734375</ele>
        <time>2026-02-24T23:10:26.000Z</time>
        <extensions>
          <ns3:TrackPointExtension>
            <ns3:hr>81</ns3:hr>
            <ns3:cad>97</ns3:cad>
          </ns3:TrackPointExtension>
        </extensions>
      </trkpt>
      <trkpt lat="23.16671392880380153656005859375" lon="113.41284180991351604461669921875">
        <ele>15.19999980926513671875</ele>
        <time>2026-02-24T23:10:27.000Z</time>
        <extensions>
          <ns3:TrackPointExtension>
            <ns3:hr>82</ns3:hr>
            <ns3:cad>97</ns3:cad>
          </ns3:TrackPointExtension>
        </extensions>
      </trkpt>
      <trkpt lat="23.16672742366790771484375" lon="113.4128187596797943115234375">
        <ele>15.19999980926513671875</ele>
        <time>2026-02-24T23:10:28.000Z</time>
        <extensions>
          <ns3:TrackPointExtension>
            <ns3:hr>83</ns3:hr>
            <ns3:cad>97</ns3:cad>
          </ns3:TrackPointExtension>
        </extensions>
      </trkpt>
      <trkpt lat="23.16674494184553623199462890625" lon="113.41280023567378520965576171875">
        <ele>15.19999980926513671875</ele>
        <time>2026-02-24T23:10:29.000Z</time>
        <extensions>
          <ns3:TrackPointExtension>
            <ns3:hr>83</ns3:hr>
            <ns3:cad>97</ns3:cad>
          </ns3:TrackPointExtension>
        </extensions>
      </trkpt>
      <trkpt lat="23.1667634658515453338623046875" lon="113.4127770178020000457763671875">
        <ele>15.19999980926513671875</ele>
        <time>2026-02-24T23:10:30.000Z</time>
        <extensions>
          <ns3:TrackPointExtension>
            <ns3:hr>84</ns3:hr>
            <ns3:cad>97</ns3:cad>
          </ns3:TrackPointExtension>
        </extensions>
      </trkpt>
      <trkpt lat="23.1667758710682392120361328125" lon="113.412755392491817474365234375">
        <ele>15.19999980926513671875</ele>
        <time>2026-02-24T23:10:31.000Z</time>
        <extensions>
          <ns3:TrackPointExtension>
            <ns3:hr>85</ns3:hr>
            <ns3:cad>97</ns3:cad>
          </ns3:TrackPointExtension>
        </extensions>
      </trkpt>
      <trkpt lat="23.16680043004453182220458984375" lon="113.412726558744907379150390625">
        <ele>15.19999980926513671875</ele>
        <time>2026-02-24T23:10:32.000Z</time>
        <extensions>
          <ns3:TrackPointExtension>
            <ns3:hr>85</ns3:hr>
            <ns3:cad>97</ns3:cad>
          </ns3:TrackPointExtension>
        </extensions>
      </trkpt>
      <trkpt lat="23.166811577975749969482421875" lon="113.41270837001502513885498046875">
        <ele>15.19999980926513671875</ele>
        <time>2026-02-24T23:10:33.000Z</time>
        <extensions>
          <ns3:TrackPointExtension>
            <ns3:hr>86</ns3:hr>
            <ns3:cad>97</ns3:cad>
          </ns3:TrackPointExtension>
        </extensions>
      </trkpt>
      <trkpt lat="23.16683270037174224853515625" lon="113.41268691234290599822998046875">
        <ele>15</ele>
        <time>2026-02-24T23:10:34.000Z</time>
        <extensions>
          <ns3:TrackPointExtension>
            <ns3:hr>86</ns3:hr>
            <ns3:cad>97</ns3:cad>
          </ns3:TrackPointExtension>
        </extensions>
      </trkpt>
      <trkpt lat="23.16685105673968791961669921875" lon="113.41266964562237262725830078125">
        <ele>15</ele>
        <time>2026-02-24T23:10:35.000Z</time>
        <extensions>
          <ns3:TrackPointExtension>
            <ns3:hr>87</ns3:hr>
            <ns3:cad>96</ns3:cad>
          </ns3:TrackPointExtension>
        </extensions>
      </trkpt>
      <trkpt lat="23.16687318496406078338623046875" lon="113.4126529656350612640380859375">
        <ele>15</ele>
        <time>2026-02-24T23:10:36.000Z</time>
        <extensions>
          <ns3:TrackPointExtension>
            <ns3:hr>87</ns3:hr>
            <ns3:cad>96</ns3:cad>
          </ns3:TrackPointExtension>
        </extensions>
      </trkpt>
      <trkpt lat="23.16689715720713138580322265625" lon="113.41263511218130588531494140625">
        <ele>15</ele>
        <time>2026-02-24T23:10:37.000Z</time>
        <extensions>
          <ns3:TrackPointExtension>
            <ns3:hr>87</ns3:hr>
            <ns3:cad>95</ns3:cad>
          </ns3:TrackPointExtension>
        </extensions>
      </trkpt>
      <trkpt lat="23.16691123880445957183837890625" lon="113.412618599832057952880859375">
        <ele>15</ele>
        <time>2026-02-24T23:10:38.000Z</time>
        <extensions>
          <ns3:TrackPointExtension>
            <ns3:hr>89</ns3:hr>
            <ns3:cad>95</ns3:cad>
          </ns3:TrackPointExtension>
        </extensions>
      </trkpt>
      <trkpt lat="23.16693319939076900482177734375" lon="113.41259739361703395843505859375">
        <ele>15</ele>
        <time>2026-02-24T23:10:39.000Z</time>
        <extensions>
          <ns3:TrackPointExtension>
            <ns3:hr>91</ns3:hr>
            <ns3:cad>93</ns3:cad>
          </ns3:TrackPointExtension>
        </extensions>
      </trkpt>
      <trkpt lat="23.16694694571197032928466796875" lon="113.4125788696110248565673828125">
        <ele>15</ele>
        <time>2026-02-24T23:10:40.000Z</time>
        <extensions>
          <ns3:TrackPointExtension>
            <ns3:hr>93</ns3:hr>
            <ns3:cad>93</ns3:cad>
          </ns3:TrackPointExtension>
        </extensions>
      </trkpt>
      <trkpt lat="23.16696655936539173126220703125" lon="113.41255749575793743133544921875">
        <ele>15</ele>
        <time>2026-02-24T23:10:41.000Z</time>
        <extensions>
          <ns3:TrackPointExtension>
            <ns3:hr>95</ns3:hr>
            <ns3:cad>94</ns3:cad>
          </ns3:TrackPointExtension>
        </extensions>
      </trkpt>
      <trkpt lat="23.1669837422668933868408203125" lon="113.41253637336194515228271484375">
        <ele>15.19999980926513671875</ele>
        <time>2026-02-24T23:10:42.000Z</time>
        <extensions>
          <ns3:TrackPointExtension>
            <ns3:hr>96</ns3:hr>
            <ns3:cad>94</ns3:cad>
          </ns3:TrackPointExtension>
        </extensions>
      </trkpt>
      <trkpt lat="23.1669961474835872650146484375" lon="113.41251474805176258087158203125">
        <ele>15.19999980926513671875</ele>
        <time>2026-02-24T23:10:43.000Z</time>
        <extensions>
          <ns3:TrackPointExtension>
            <ns3:hr>97</ns3:hr>
            <ns3:cad>94</ns3:cad>
          </ns3:TrackPointExtension>
        </extensions>
      </trkpt>
      <trkpt lat="23.1670135818421840667724609375" lon="113.4124947153031826019287109375">
        <ele>15.19999980926513671875</ele>
        <time>2026-02-24T23:10:44.000Z</time>
        <extensions>
          <ns3:TrackPointExtension>
            <ns3:hr>99</ns3:hr>
            <ns3:cad>94</ns3:cad>
          </ns3:TrackPointExtension>
        </extensions>
      </trkpt>
      <trkpt lat="23.16702422685921192169189453125" lon="113.41247166506946086883544921875">
        <ele>15.19999980926513671875</ele>
        <time>2026-02-24T23:10:45.000Z</time>
        <extensions>
          <ns3:TrackPointExtension>
            <ns3:hr>100</ns3:hr>
            <ns3:cad>95</ns3:cad>
          </ns3:TrackPointExtension>
        </extensions>
      </trkpt>
      <trkpt lat="23.16703512333333492279052734375" lon="113.41245607472956180572509765625">
        <ele>15.19999980926513671875</ele>
        <time>2026-02-24T23:10:46.000Z</time>
        <extensions>
          <ns3:TrackPointExtension>
            <ns3:hr>101</ns3:hr>
            <ns3:cad>95</ns3:cad>
          </ns3:TrackPointExtension>
        </extensions>
      </trkpt>
      <trkpt lat="23.1670501269400119781494140625" lon="113.41242657043039798736572265625">
        <ele>15</ele>
        <time>2026-02-24T23:10:47.000Z</time>
        <extensions>
          <ns3:TrackPointExtension>
            <ns3:hr>102</ns3:hr>
            <ns3:cad>97</ns3:cad>
          </ns3:TrackPointExtension>
        </extensions>
      </trkpt>
      <trkpt lat="23.167057335376739501953125" lon="113.41240293346345424652099609375">
        <ele>15</ele>
        <time>2026-02-24T23:10:48.000Z</time>
        <extensions>
          <ns3:TrackPointExtension>
            <ns3:hr>103</ns3:hr>
            <ns3:cad>97</ns3:cad>
          </ns3:TrackPointExtension>
        </extensions>
      </trkpt>
      <trkpt lat="23.167068399488925933837890625" lon="113.41236974112689495086669921875">
        <ele>15</ele>
        <time>2026-02-24T23:10:49.000Z</time>
        <extensions>
          <ns3:TrackPointExtension>
            <ns3:hr>103</ns3:hr>
            <ns3:cad>97</ns3:cad>
          </ns3:TrackPointExtension>
        </extensions>
      </trkpt>
      <trkpt lat="23.167079798877239227294921875" lon="113.41234736144542694091796875">
        <ele>15.19999980926513671875</ele>
        <time>2026-02-24T23:10:50.000Z</time>
        <extensions>
          <ns3:TrackPointExtension>
            <ns3:hr>105</ns3:hr>
            <ns3:cad>97</ns3:cad>
          </ns3:TrackPointExtension>
        </extensions>
      </trkpt>
      <trkpt lat="23.167093880474567413330078125" lon="113.41232095845043659210205078125">
        <ele>15.19999980926513671875</ele>
        <time>2026-02-24T23:10:51.000Z</time>
        <extensions>
          <ns3:TrackPointExtension>
            <ns3:hr>107</ns3:hr>
            <ns3:cad>96</ns3:cad>
          </ns3:TrackPointExtension>
        </extensions>
      </trkpt>
      <trkpt lat="23.16711240448057651519775390625" lon="113.412286341190338134765625">
        <ele>15.19999980926513671875</ele>
        <time>2026-02-24T23:10:52.000Z</time>
        <extensions>
          <ns3:TrackPointExtension>
            <ns3:hr>114</ns3:hr>
            <ns3:cad>96</ns3:cad>
          </ns3:TrackPointExtension>
        </extensions>
      </trkpt>
      <trkpt lat="23.16711969673633575439453125" lon="113.4122600220143795013427734375">
        <ele>15.19999980926513671875</ele>
        <time>2026-02-24T23:10:53.000Z</time>
        <extensions>
          <ns3:TrackPointExtension>
            <ns3:hr>119</ns3:hr>
            <ns3:cad>96</ns3:cad>
          </ns3:TrackPointExtension>
        </extensions>
      </trkpt>
      <trkpt lat="23.16713386215269565582275390625" lon="113.412227667868137359619140625">
        <ele>15.19999980926513671875</ele>
        <time>2026-02-24T23:10:54.000Z</time>
        <extensions>
          <ns3:TrackPointExtension>
            <ns3:hr>122</ns3:hr>
            <ns3:cad>96</ns3:cad>
          </ns3:TrackPointExtension>
        </extensions>
      </trkpt>
      <trkpt lat="23.1671440042555332183837890625" lon="113.41219849884510040283203125">
        <ele>15.19999980926513671875</ele>
        <time>2026-02-24T23:10:55.000Z</time>
        <extensions>
          <ns3:TrackPointExtension>
            <ns3:hr>125</ns3:hr>
            <ns3:cad>96</ns3:cad>
          </ns3:TrackPointExtension>
        </extensions>
      </trkpt>
      <trkpt lat="23.16715112887322902679443359375" lon="113.41216899454593658447265625">
        <ele>15</ele>
        <time>2026-02-24T23:10:56.000Z</time>
        <extensions>
          <ns3:TrackPointExtension>
            <ns3:hr>126</ns3:hr>
            <ns3:cad>96</ns3:cad>
          </ns3:TrackPointExtension>
        </extensions>
      </trkpt>
      <trkpt lat="23.167164623737335205078125" lon="113.4121374785900115966796875">
        <ele>15</ele>
        <time>2026-02-24T23:10:57.000Z</time>
        <extensions>
          <ns3:TrackPointExtension>
            <ns3:hr>127</ns3:hr>
            <ns3:cad>97</ns3:cad>
          </ns3:TrackPointExtension>
        </extensions>
      </trkpt>
      <trkpt lat="23.167171664535999298095703125" lon="113.41211141087114810943603515625">
        <ele>15.19999980926513671875</ele>
        <time>2026-02-24T23:10:58.000Z</time>
        <extensions>
          <ns3:TrackPointExtension>
            <ns3:hr>128</ns3:hr>
            <ns3:cad>97</ns3:cad>
          </ns3:TrackPointExtension>
        </extensions>
      </trkpt>
      <trkpt lat="23.16718298010528087615966796875" lon="113.41208006255328655242919921875">
        <ele>15.19999980926513671875</ele>
        <time>2026-02-24T23:10:59.000Z</time>
        <extensions>
          <ns3:TrackPointExtension>
            <ns3:hr>128</ns3:hr>
            <ns3:cad>96</ns3:cad>
          </ns3:TrackPointExtension>
        </extensions>
      </trkpt>
      <trkpt lat="23.1671912781894207000732421875" lon="113.41205474920570850372314453125">
        <ele>15.19999980926513671875</ele>
        <time>2026-02-24T23:11:00.000Z</time>
        <extensions>
          <ns3:TrackPointExtension>
            <ns3:hr>129</ns3:hr>
            <ns3:cad>96</ns3:cad>
          </ns3:TrackPointExtension>
        </extensions>
      </trkpt>
      <trkpt lat="23.1672050245106220245361328125" lon="113.41203362680971622467041015625">
        <ele>15.19999980926513671875</ele>
        <time>2026-02-24T23:11:01.000Z</time>
        <extensions>
          <ns3:TrackPointExtension>
            <ns3:hr>129</ns3:hr>
            <ns3:cad>96</ns3:cad>
          </ns3:TrackPointExtension>
        </extensions>
      </trkpt>
      <trkpt lat="23.1672174297273159027099609375" lon="113.4120075590908527374267578125">
        <ele>15.19999980926513671875</ele>
        <time>2026-02-24T23:11:02.000Z</time>
        <extensions>
          <ns3:TrackPointExtension>
            <ns3:hr>129</ns3:hr>
            <ns3:cad>96</ns3:cad>
          </ns3:TrackPointExtension>
        </extensions>
      </trkpt>
      <trkpt lat="23.167224638164043426513671875" lon="113.41198836453258991241455078125">
        <ele>15.19999980926513671875</ele>
        <time>2026-02-24T23:11:03.000Z</time>
        <extensions>
          <ns3:TrackPointExtension>
            <ns3:hr>130</ns3:hr>
            <ns3:cad>96</ns3:cad>
          </ns3:TrackPointExtension>
        </extensions>
      </trkpt>
      <trkpt lat="23.1672402285039424896240234375" lon="113.411962799727916717529296875">
        <ele>15.3999996185302734375</ele>
        <time>2026-02-24T23:11:04.000Z</time>
        <extensions>
          <ns3:TrackPointExtension>
            <ns3:hr>130</ns3:hr>
            <ns3:cad>96</ns3:cad>
          </ns3:TrackPointExtension>
        </extensions>
      </trkpt>
      <trkpt lat="23.167250454425811767578125" lon="113.411937318742275238037109375">
        <ele>15.3999996185302734375</ele>
        <time>2026-02-24T23:11:05.000Z</time>
        <extensions>
          <ns3:TrackPointExtension>
            <ns3:hr>131</ns3:hr>
            <ns3:cad>95</ns3:cad>
          </ns3:TrackPointExtension>
        </extensions>
      </trkpt>
      <trkpt lat="23.16726059652864933013916015625" lon="113.41191477142274379730224609375">
        <ele>15.3999996185302734375</ele>
        <time>2026-02-24T23:11:06.000Z</time>
        <extensions>
          <ns3:TrackPointExtension>
            <ns3:hr>131</ns3:hr>
            <ns3:cad>95</ns3:cad>
          </ns3:TrackPointExtension>
        </extensions>
      </trkpt>
      <trkpt lat="23.16727518104016780853271484375" lon="113.4118825010955333709716796875">
        <ele>15.19999980926513671875</ele>
        <time>2026-02-24T23:11:07.000Z</time>
        <extensions>
          <ns3:TrackPointExtension>
            <ns3:hr>132</ns3:hr>
            <ns3:cad>95</ns3:cad>
          </ns3:TrackPointExtension>
        </extensions>
      </trkpt>
      <trkpt lat="23.1672759354114532470703125" lon="113.41185576282441616058349609375">
        <ele>15.19999980926513671875</ele>
        <time>2026-02-24T23:11:08.000Z</time>
        <extensions>
          <ns3:TrackPointExtension>
            <ns3:hr>132</ns3:hr>
            <ns3:cad>97</ns3:cad>
          </ns3:TrackPointExtension>
        </extensions>
      </trkpt>
      <trkpt lat="23.167282640933990478515625" lon="113.41182709671556949615478515625">
        <ele>15.19999980926513671875</ele>
        <time>2026-02-24T23:11:09.000Z</time>
        <extensions>
          <ns3:TrackPointExtension>
            <ns3:hr>132</ns3:hr>
            <ns3:cad>97</ns3:cad>
          </ns3:TrackPointExtension>
        </extensions>
      </trkpt>
      <trkpt lat="23.16728758625686168670654296875" lon="113.4118013642728328704833984375">
        <ele>15.3999996185302734375</ele>
        <time>2026-02-24T23:11:10.000Z</time>
        <extensions>
          <ns3:TrackPointExtension>
            <ns3:hr>132</ns3:hr>
            <ns3:cad>97</ns3:cad>
          </ns3:TrackPointExtension>
        </extensions>
      </trkpt>
      <trkpt lat="23.16729278303682804107666015625" lon="113.4117799066007137298583984375">
        <ele>15.3999996185302734375</ele>
        <time>2026-02-24T23:11:11.000Z</time>
        <extensions>
          <ns3:TrackPointExtension>
            <ns3:hr>132</ns3:hr>
            <ns3:cad>96</ns3:cad>
          </ns3:TrackPointExtension>
        </extensions>
      </trkpt>
      <trkpt lat="23.167304433882236480712890625" lon="113.4117500670254230499267578125">
        <ele>15.3999996185302734375</ele>
        <time>2026-02-24T23:11:12.000Z</time>
        <extensions>
          <ns3:TrackPointExtension>
            <ns3:hr>132</ns3:hr>
            <ns3:cad>96</ns3:cad>
          </ns3:TrackPointExtension>
        </extensions>
      </trkpt>
      <trkpt lat="23.16730468533933162689208984375" lon="113.41172383166849613189697265625">
        <ele>15.3999996185302734375</ele>
        <time>2026-02-24T23:11:13.000Z</time>
        <extensions>
          <ns3:TrackPointExtension>
            <ns3:hr>132</ns3:hr>
            <ns3:cad>96</ns3:cad>
          </ns3:TrackPointExtension>
        </extensions>
      </trkpt>
      <trkpt lat="23.167313151061534881591796875" lon="113.4116923995316028594970703125">
        <ele>15.3999996185302734375</ele>
        <time>2026-02-24T23:11:14.000Z</time>
        <extensions>
          <ns3:TrackPointExtension>
            <ns3:hr>133</ns3:hr>
            <ns3:cad>95</ns3:cad>
          </ns3:TrackPointExtension>
        </extensions>
      </trkpt>
      <trkpt lat="23.16731625236570835113525390625" lon="113.41166214086115360260009765625">
        <ele>15.3999996185302734375</ele>
        <time>2026-02-24T23:11:15.000Z</time>
        <extensions>
          <ns3:TrackPointExtension>
            <ns3:hr>133</ns3:hr>
            <ns3:cad>96</ns3:cad>
          </ns3:TrackPointExtension>
        </extensions>
      </trkpt>
      <trkpt lat="23.16731994040310382843017578125" lon="113.41163548640906810760498046875">
        <ele>15.3999996185302734375</ele>
        <time>2026-02-24T23:11:16.000Z</time>
        <extensions>
          <ns3:TrackPointExtension>
            <ns3:hr>133</ns3:hr>
            <ns3:cad>97</ns3:cad>
          </ns3:TrackPointExtension>
        </extensions>
      </trkpt>
      <trkpt lat="23.167329244315624237060546875" lon="113.4116032160818576812744140625">
        <ele>15.3999996185302734375</ele>
        <time>2026-02-24T23:11:17.000Z</time>
        <extensions>
          <ns3:TrackPointExtension>
            <ns3:hr>133</ns3:hr>
            <ns3:cad>97</ns3:cad>
          </ns3:TrackPointExtension>
        </extensions>
      </trkpt>
      <trkpt lat="23.1673322618007659912109375" lon="113.41157597489655017852783203125">
        <ele>15.6000003814697265625</ele>
        <time>2026-02-24T23:11:18.000Z</time>
        <extensions>
          <ns3:TrackPointExtension>
            <ns3:hr>134</ns3:hr>
            <ns3:cad>97</ns3:cad>
          </ns3:TrackPointExtension>
        </extensions>
      </trkpt>
      <trkpt lat="23.1673361174762248992919921875" lon="113.4115448780357837677001953125">
        <ele>15.6000003814697265625</ele>
        <time>2026-02-24T23:11:19.000Z</time>
        <extensions>
          <ns3:TrackPointExtension>
            <ns3:hr>134</ns3:hr>
            <ns3:cad>97</ns3:cad>
          </ns3:TrackPointExtension>
        </extensions>
      </trkpt>
      <trkpt lat="23.16734961234033107757568359375" lon="113.4115130268037319183349609375">
        <ele>15.6000003814697265625</ele>
        <time>2026-02-24T23:11:20.000Z</time>
        <extensions>
          <ns3:TrackPointExtension>
            <ns3:hr>134</ns3:hr>
            <ns3:cad>97</ns3:cad>
          </ns3:TrackPointExtension>
        </extensions>
      </trkpt>
      <trkpt lat="23.16735849715769290924072265625" lon="113.411484695971012115478515625">
        <ele>15.6000003814697265625</ele>
        <time>2026-02-24T23:11:21.000Z</time>
        <extensions>
          <ns3:TrackPointExtension>
            <ns3:hr>135</ns3:hr>
            <ns3:cad>97</ns3:cad>
          </ns3:TrackPointExtension>
        </extensions>
      </trkpt>
      <trkpt lat="23.167373836040496826171875" lon="113.411451838910579681396484375">
        <ele>15.6000003814697265625</ele>
        <time>2026-02-24T23:11:22.000Z</time>
        <extensions>
          <ns3:TrackPointExtension>
            <ns3:hr>136</ns3:hr>
            <ns3:cad>97</ns3:cad>
          </ns3:TrackPointExtension>
        </extensions>
      </trkpt>
      <trkpt lat="23.16737861372530460357666015625" lon="113.41142610646784305572509765625">
        <ele>15.6000003814697265625</ele>
        <time>2026-02-24T23:11:23.000Z</time>
        <extensions>
          <ns3:TrackPointExtension>
            <ns3:hr>136</ns3:hr>
            <ns3:cad>96</ns3:cad>
          </ns3:TrackPointExtension>
        </extensions>
      </trkpt>
      <trkpt lat="23.16738967783749103546142578125" lon="113.41139961965382099151611328125">
        <ele>15.6000003814697265625</ele>
        <time>2026-02-24T23:11:24.000Z</time>
        <extensions>
          <ns3:TrackPointExtension>
            <ns3:hr>136</ns3:hr>
            <ns3:cad>96</ns3:cad>
          </ns3:TrackPointExtension>
        </extensions>
      </trkpt>
      <trkpt lat="23.16739755682647228240966796875" lon="113.41137179173529148101806640625">
        <ele>15.6000003814697265625</ele>
        <time>2026-02-24T23:11:25.000Z</time>
        <extensions>
          <ns3:TrackPointExtension>
            <ns3:hr>136</ns3:hr>
            <ns3:cad>96</ns3:cad>
          </ns3:TrackPointExtension>
        </extensions>
      </trkpt>
      <trkpt lat="23.1674046814441680908203125" lon="113.41134580783545970916748046875">
        <ele>15.6000003814697265625</ele>
        <time>2026-02-24T23:11:26.000Z</time>
        <extensions>
          <ns3:TrackPointExtension>
            <ns3:hr>136</ns3:hr>
            <ns3:cad>96</ns3:cad>
          </ns3:TrackPointExtension>
        </extensions>
      </trkpt>
      <trkpt lat="23.16741314716637134552001953125" lon="113.411312364041805267333984375">
        <ele>15.6000003814697265625</ele>
        <time>2026-02-24T23:11:27.000Z</time>
        <extensions>
          <ns3:TrackPointExtension>
            <ns3:hr>137</ns3:hr>
            <ns3:cad>96</ns3:cad>
          </ns3:TrackPointExtension>
        </extensions>
      </trkpt>
      <trkpt lat="23.16741608083248138427734375" lon="113.41128076426684856414794921875">
        <ele>15.80000019073486328125</ele>
        <time>2026-02-24T23:11:28.000Z</time>
        <extensions>
          <ns3:TrackPointExtension>
            <ns3:hr>137</ns3:hr>
            <ns3:cad>96</ns3:cad>
          </ns3:TrackPointExtension>
        </extensions>
      </trkpt>
      <trkpt lat="23.16741951741278171539306640625" lon="113.4112469851970672607421875">
        <ele>15.80000019073486328125</ele>
        <time>2026-02-24T23:11:29.000Z</time>
        <extensions>
          <ns3:TrackPointExtension>
            <ns3:hr>137</ns3:hr>
            <ns3:cad>96</ns3:cad>
          </ns3:TrackPointExtension>
        </extensions>
      </trkpt>
      <trkpt lat="23.16742320545017719268798828125" lon="113.41121521778404712677001953125">
        <ele>15.80000019073486328125</ele>
        <time>2026-02-24T23:11:30.000Z</time>
        <extensions>
          <ns3:TrackPointExtension>
            <ns3:hr>137</ns3:hr>
            <ns3:cad>96</ns3:cad>
          </ns3:TrackPointExtension>
        </extensions>
      </trkpt>
      <trkpt lat="23.16743242554366588592529296875" lon="113.4111911617219448089599609375">
        <ele>15.80000019073486328125</ele>
        <time>2026-02-24T23:11:31.000Z</time>
        <extensions>
          <ns3:TrackPointExtension>
            <ns3:hr>137</ns3:hr>
            <ns3:cad>96</ns3:cad>
          </ns3:TrackPointExtension>
        </extensions>
      </trkpt>
      <trkpt lat="23.16744097508490085601806640625" lon="113.41116408817470073699951171875">
        <ele>15.80000019073486328125</ele>
        <time>2026-02-24T23:11:32.000Z</time>
        <extensions>
          <ns3:TrackPointExtension>
            <ns3:hr>138</ns3:hr>
            <ns3:cad>96</ns3:cad>
          </ns3:TrackPointExtension>
        </extensions>
      </trkpt>
      <trkpt lat="23.16744365729391574859619140625" lon="113.41114304959774017333984375">
        <ele>15.80000019073486328125</ele>
        <time>2026-02-24T23:11:33.000Z</time>
        <extensions>
          <ns3:TrackPointExtension>
            <ns3:hr>137</ns3:hr>
            <ns3:cad>96</ns3:cad>
          </ns3:TrackPointExtension>
        </extensions>
      </trkpt>
      <trkpt lat="23.16745036281645298004150390625" lon="113.41111396439373493194580078125">
        <ele>16</ele>
        <time>2026-02-24T23:11:34.000Z</time>
        <extensions>
          <ns3:TrackPointExtension>
            <ns3:hr>137</ns3:hr>
            <ns3:cad>95</ns3:cad>
          </ns3:TrackPointExtension>
        </extensions>
      </trkpt>
      <trkpt lat="23.16744600422680377960205078125" lon="113.4110959433019161224365234375">
        <ele>16</ele>
        <time>2026-02-24T23:11:35.000Z</time>
        <extensions>
          <ns3:TrackPointExtension>
            <ns3:hr>137</ns3:hr>
            <ns3:cad>95</ns3:cad>
          </ns3:TrackPointExtension>
        </extensions>
      </trkpt>
      <trkpt lat="23.16744784824550151824951171875" lon="113.411069624125957489013671875">
        <ele>15.80000019073486328125</ele>
        <time>2026-02-24T23:11:36.000Z</time>
        <extensions>
          <ns3:TrackPointExtension>
            <ns3:hr>138</ns3:hr>
            <ns3:cad>95</ns3:cad>
          </ns3:TrackPointExtension>
        </extensions>
      </trkpt>
      <trkpt lat="23.16744449548423290252685546875" lon="113.41105076484382152557373046875">
        <ele>15.80000019073486328125</ele>
        <time>2026-02-24T23:11:37.000Z</time>
        <extensions>
          <ns3:TrackPointExtension>
            <ns3:hr>137</ns3:hr>
            <ns3:cad>95</ns3:cad>
          </ns3:TrackPointExtension>
        </extensions>
      </trkpt>
      <trkpt lat="23.1674467585980892181396484375" lon="113.41103316284716129302978515625">
        <ele>15.80000019073486328125</ele>
        <time>2026-02-24T23:11:38.000Z</time>
        <extensions>
          <ns3:TrackPointExtension>
            <ns3:hr>137</ns3:hr>
            <ns3:cad>95</ns3:cad>
          </ns3:TrackPointExtension>
        </extensions>
      </trkpt>
      <trkpt lat="23.167449273169040679931640625" lon="113.41100919060409069061279296875">
        <ele>15.80000019073486328125</ele>
        <time>2026-02-24T23:11:39.000Z</time>
        <extensions>
          <ns3:TrackPointExtension>
            <ns3:hr>138</ns3:hr>
            <ns3:cad>94</ns3:cad>
          </ns3:TrackPointExtension>
        </extensions>
      </trkpt>
      <trkpt lat="23.1674524582922458648681640625" lon="113.41098924167454242706298828125">
        <ele>15.80000019073486328125</ele>
        <time>2026-02-24T23:11:40.000Z</time>
        <extensions>
          <ns3:TrackPointExtension>
            <ns3:hr>138</ns3:hr>
            <ns3:cad>93</ns3:cad>
          </ns3:TrackPointExtension>
        </extensions>
      </trkpt>
      <trkpt lat="23.16745874471962451934814453125" lon="113.41095906682312488555908203125">
        <ele>15.80000019073486328125</ele>
        <time>2026-02-24T23:11:41.000Z</time>
        <extensions>
          <ns3:TrackPointExtension>
            <ns3:hr>138</ns3:hr>
            <ns3:cad>93</ns3:cad>
          </ns3:TrackPointExtension>
        </extensions>
      </trkpt>
      <trkpt lat="23.16745773889124393463134765625" lon="113.41093559749424457550048828125">
        <ele>16</ele>
        <time>2026-02-24T23:11:42.000Z</time>
        <extensions>
          <ns3:TrackPointExtension>
            <ns3:hr>139</ns3:hr>
            <ns3:cad>94</ns3:cad>
          </ns3:TrackPointExtension>
        </extensions>
      </trkpt>
      <trkpt lat="23.16745824180543422698974609375" lon="113.41091615147888660430908203125">
        <ele>16.200000762939453125</ele>
        <time>2026-02-24T23:11:43.000Z</time>
        <extensions>
          <ns3:TrackPointExtension>
            <ns3:hr>139</ns3:hr>
            <ns3:cad>94</ns3:cad>
          </ns3:TrackPointExtension>
        </extensions>
      </trkpt>
      <trkpt lat="23.167463354766368865966796875" lon="113.4108924306929111480712890625">
        <ele>16</ele>
        <time>2026-02-24T23:11:44.000Z</time>
        <extensions>
          <ns3:TrackPointExtension>
            <ns3:hr>139</ns3:hr>
            <ns3:cad>94</ns3:cad>
          </ns3:TrackPointExtension>
        </extensions>
      </trkpt>
      <trkpt lat="23.16746796481311321258544921875" lon="113.41086904518306255340576171875">
        <ele>15.80000019073486328125</ele>
        <time>2026-02-24T23:11:45.000Z</time>
        <extensions>
          <ns3:TrackPointExtension>
            <ns3:hr>140</ns3:hr>
            <ns3:cad>94</ns3:cad>
          </ns3:TrackPointExtension>
        </extensions>
      </trkpt>
      <trkpt lat="23.167470395565032958984375" lon="113.41083920560777187347412109375">
        <ele>15.80000019073486328125</ele>
        <time>2026-02-24T23:11:46.000Z</time>
        <extensions>
          <ns3:TrackPointExtension>
            <ns3:hr>141</ns3:hr>
            <ns3:cad>94</ns3:cad>
          </ns3:TrackPointExtension>
        </extensions>
      </trkpt>
      <trkpt lat="23.16747299395501613616943359375" lon="113.4108099527657032012939453125">
        <ele>15.6000003814697265625</ele>
        <time>2026-02-24T23:11:47.000Z</time>
        <extensions>
          <ns3:TrackPointExtension>
            <ns3:hr>141</ns3:hr>
            <ns3:cad>95</ns3:cad>
          </ns3:TrackPointExtension>
        </extensions>
      </trkpt>
      <trkpt lat="23.16748313605785369873046875" lon="113.41077013872563838958740234375">
        <ele>15.3999996185302734375</ele>
        <time>2026-02-24T23:11:48.000Z</time>
        <extensions>
          <ns3:TrackPointExtension>
            <ns3:hr>141</ns3:hr>
            <ns3:cad>96</ns3:cad>
          </ns3:TrackPointExtension>
        </extensions>
      </trkpt>
      <trkpt lat="23.16749386489391326904296875" lon="113.410741053521633148193359375">
        <ele>15.3999996185302734375</ele>
        <time>2026-02-24T23:11:49.000Z</time>
        <extensions>
          <ns3:TrackPointExtension>
            <ns3:hr>141</ns3:hr>
            <ns3:cad>96</ns3:cad>
          </ns3:TrackPointExtension>
        </extensions>
      </trkpt>
      <trkpt lat="23.1675071083009243011474609375" lon="113.4107107110321521759033203125">
        <ele>15.19999980926513671875</ele>
        <time>2026-02-24T23:11:50.000Z</time>
        <extensions>
          <ns3:TrackPointExtension>
            <ns3:hr>142</ns3:hr>
            <ns3:cad>96</ns3:cad>
          </ns3:TrackPointExtension>
        </extensions>
      </trkpt>
      <trkpt lat="23.16752328537404537200927734375" lon="113.41068129055202007293701171875">
        <ele>15.19999980926513671875</ele>
        <time>2026-02-24T23:11:51.000Z</time>
        <extensions>
          <ns3:TrackPointExtension>
            <ns3:hr>142</ns3:hr>
            <ns3:cad>96</ns3:cad>
          </ns3:TrackPointExtension>
        </extensions>
      </trkpt>
      <trkpt lat="23.16752697341144084930419921875" lon="113.41065488755702972412109375">
        <ele>15.19999980926513671875</ele>
        <time>2026-02-24T23:11:52.000Z</time>
        <extensions>
          <ns3:TrackPointExtension>
            <ns3:hr>142</ns3:hr>
            <ns3:cad>96</ns3:cad>
          </ns3:TrackPointExtension>
        </extensions>
      </trkpt>
      <trkpt lat="23.167536444962024688720703125" lon="113.4106255508959293365478515625">
        <ele>15</ele>
        <time>2026-02-24T23:11:53.000Z</time>
        <extensions>
          <ns3:TrackPointExtension>
            <ns3:hr>141</ns3:hr>
            <ns3:cad>96</ns3:cad>
          </ns3:TrackPointExtension>
        </extensions>
      </trkpt>
      <trkpt lat="23.1675406359136104583740234375" lon="113.41060166247189044952392578125">
        <ele>15</ele>
        <time>2026-02-24T23:11:54.000Z</time>
        <extensions>
          <ns3:TrackPointExtension>
            <ns3:hr>142</ns3:hr>
            <ns3:cad>96</ns3:cad>
          </ns3:TrackPointExtension>
        </extensions>
      </trkpt>
      <trkpt lat="23.1675299070775508880615234375" lon="113.4105898439884185791015625">
        <ele>14.80000019073486328125</ele>
        <time>2026-02-24T23:11:55.000Z</time>
        <extensions>
          <ns3:TrackPointExtension>
            <ns3:hr>143</ns3:hr>
            <ns3:cad>96</ns3:cad>
          </ns3:TrackPointExtension>
        </extensions>
      </trkpt>
      <trkpt lat="23.16751490347087383270263671875" lon="113.4105695597827434539794921875">
        <ele>14.80000019073486328125</ele>
        <time>2026-02-24T23:11:56.000Z</time>
        <extensions>
          <ns3:TrackPointExtension>
            <ns3:hr>143</ns3:hr>
            <ns3:cad>97</ns3:cad>
          </ns3:TrackPointExtension>
        </extensions>
      </trkpt>
      <trkpt lat="23.16750199533998966217041015625" lon="113.4105554781854152679443359375">
        <ele>14.80000019073486328125</ele>
        <time>2026-02-24T23:11:57.000Z</time>
        <extensions>
          <ns3:TrackPointExtension>
            <ns3:hr>144</ns3:hr>
            <ns3:cad>98</ns3:cad>
          </ns3:TrackPointExtension>
        </extensions>
      </trkpt>
      <trkpt lat="23.16748959012329578399658203125" lon="113.4105403907597064971923828125">
        <ele>14.80000019073486328125</ele>
        <time>2026-02-24T23:11:58.000Z</time>
        <extensions>
          <ns3:TrackPointExtension>
            <ns3:hr>144</ns3:hr>
            <ns3:cad>98</ns3:cad>
          </ns3:TrackPointExtension>
        </extensions>
      </trkpt>
      <trkpt lat="23.16747282631695270538330078125" lon="113.4105209447443485260009765625">
        <ele>14.80000019073486328125</ele>
        <time>2026-02-24T23:11:59.000Z</time>
        <extensions>
          <ns3:TrackPointExtension>
            <ns3:hr>144</ns3:hr>
            <ns3:cad>98</ns3:cad>
          </ns3:TrackPointExtension>
        </extensions>
      </trkpt>
      <trkpt lat="23.1674581579864025115966796875" lon="113.41050510294735431671142578125">
        <ele>14.80000019073486328125</ele>
        <time>2026-02-24T23:12:00.000Z</time>
        <extensions>
          <ns3:TrackPointExtension>
            <ns3:hr>145</ns3:hr>
            <ns3:cad>98</ns3:cad>
          </ns3:TrackPointExtension>
        </extensions>
      </trkpt>
      <trkpt lat="23.16744164563715457916259765625" lon="113.41048465110361576080322265625">
        <ele>14.80000019073486328125</ele>
        <time>2026-02-24T23:12:01.000Z</time>
        <extensions>
          <ns3:TrackPointExtension>
            <ns3:hr>145</ns3:hr>
            <ns3:cad>97</ns3:cad>
          </ns3:TrackPointExtension>
        </extensions>
      </trkpt>
      <trkpt lat="23.1674259714782238006591796875" lon="113.4104659594595432281494140625">
        <ele>15</ele>
        <time>2026-02-24T23:12:02.000Z</time>
        <extensions>
          <ns3:TrackPointExtension>
            <ns3:hr>145</ns3:hr>
            <ns3:cad>96</ns3:cad>
          </ns3:TrackPointExtension>
        </extensions>
      </trkpt>
      <trkpt lat="23.16741046495735645294189453125" lon="113.41045028530061244964599609375">
        <ele>15</ele>
        <time>2026-02-24T23:12:03.000Z</time>
        <extensions>
          <ns3:TrackPointExtension>
            <ns3:hr>145</ns3:hr>
            <ns3:cad>96</ns3:cad>
          </ns3:TrackPointExtension>
        </extensions>
      </trkpt>
      <trkpt lat="23.16739135421812534332275390625" lon="113.4104310907423496246337890625">
        <ele>14.80000019073486328125</ele>
        <time>2026-02-24T23:12:04.000Z</time>
        <extensions>
          <ns3:TrackPointExtension>
            <ns3:hr>145</ns3:hr>
            <ns3:cad>96</ns3:cad>
          </ns3:TrackPointExtension>
        </extensions>
      </trkpt>
      <trkpt lat="23.16737542860209941864013671875" lon="113.41042564250528812408447265625">
        <ele>14.80000019073486328125</ele>
        <time>2026-02-24T23:12:05.000Z</time>
        <extensions>
          <ns3:TrackPointExtension>
            <ns3:hr>145</ns3:hr>
            <ns3:cad>96</ns3:cad>
          </ns3:TrackPointExtension>
        </extensions>
      </trkpt>
      <trkpt lat="23.16735195927321910858154296875" lon="113.4104089625179767608642578125">
        <ele>14.80000019073486328125</ele>
        <time>2026-02-24T23:12:06.000Z</time>
        <extensions>
          <ns3:TrackPointExtension>
            <ns3:hr>144</ns3:hr>
            <ns3:cad>96</ns3:cad>
          </ns3:TrackPointExtension>
        </extensions>
      </trkpt>
      <trkpt lat="23.1673300825059413909912109375" lon="113.41039513237774372100830078125">
        <ele>14.80000019073486328125</ele>
        <time>2026-02-24T23:12:07.000Z</time>
        <extensions>
          <ns3:TrackPointExtension>
            <ns3:hr>145</ns3:hr>
            <ns3:cad>96</ns3:cad>
          </ns3:TrackPointExtension>
        </extensions>
      </trkpt>
      <trkpt lat="23.167309798300266265869140625" lon="113.41037551872432231903076171875">
        <ele>14.80000019073486328125</ele>
        <time>2026-02-24T23:12:08.000Z</time>
        <extensions>
          <ns3:TrackPointExtension>
            <ns3:hr>145</ns3:hr>
            <ns3:cad>96</ns3:cad>
          </ns3:TrackPointExtension>
        </extensions>
      </trkpt>
      <trkpt lat="23.16729060374200344085693359375" lon="113.4103511273860931396484375">
        <ele>15</ele>
        <time>2026-02-24T23:12:09.000Z</time>
        <extensions>
          <ns3:TrackPointExtension>
            <ns3:hr>145</ns3:hr>
            <ns3:cad>96</ns3:cad>
          </ns3:TrackPointExtension>
        </extensions>
      </trkpt>
      <trkpt lat="23.16727216355502605438232421875" lon="113.4103341959416866302490234375">
        <ele>15</ele>
        <time>2026-02-24T23:12:10.000Z</time>
        <extensions>
          <ns3:TrackPointExtension>
            <ns3:hr>144</ns3:hr>
            <ns3:cad>95</ns3:cad>
          </ns3:TrackPointExtension>
        </extensions>
      </trkpt>
      <trkpt lat="23.16724953241646289825439453125" lon="113.4103097207844257354736328125">
        <ele>15</ele>
        <time>2026-02-24T23:12:11.000Z</time>
        <extensions>
          <ns3:TrackPointExtension>
            <ns3:hr>145</ns3:hr>
            <ns3:cad>95</ns3:cad>
          </ns3:TrackPointExtension>
        </extensions>
      </trkpt>
      <trkpt lat="23.16723327152431011199951171875" lon="113.41029237024486064910888671875">
        <ele>15</ele>
        <time>2026-02-24T23:12:12.000Z</time>
        <extensions>
          <ns3:TrackPointExtension>
            <ns3:hr>145</ns3:hr>
            <ns3:cad>95</ns3:cad>
          </ns3:TrackPointExtension>
        </extensions>
      </trkpt>
      <trkpt lat="23.16721248440444469451904296875" lon="113.41026890091598033905029296875">
        <ele>15</ele>
        <time>2026-02-24T23:12:13.000Z</time>
        <extensions>
          <ns3:TrackPointExtension>
            <ns3:hr>145</ns3:hr>
            <ns3:cad>95</ns3:cad>
          </ns3:TrackPointExtension>
        </extensions>
      </trkpt>
      <trkpt lat="23.16719454713165760040283203125" lon="113.4102518856525421142578125">
        <ele>15</ele>
        <time>2026-02-24T23:12:14.000Z</time>
        <extensions>
          <ns3:TrackPointExtension>
            <ns3:hr>145</ns3:hr>
            <ns3:cad>95</ns3:cad>
          </ns3:TrackPointExtension>
        </extensions>
      </trkpt>
      <trkpt lat="23.1671788729727268218994140625" lon="113.41022850014269351959228515625">
        <ele>14.80000019073486328125</ele>
        <time>2026-02-24T23:12:15.000Z</time>
        <extensions>
          <ns3:TrackPointExtension>
            <ns3:hr>144</ns3:hr>
            <ns3:cad>93</ns3:cad>
          </ns3:TrackPointExtension>
        </extensions>
      </trkpt>
      <trkpt lat="23.16716487519443035125732421875" lon="113.410204946994781494140625">
        <ele>14.80000019073486328125</ele>
        <time>2026-02-24T23:12:16.000Z</time>
        <extensions>
          <ns3:TrackPointExtension>
            <ns3:hr>145</ns3:hr>
            <ns3:cad>93</ns3:cad>
          </ns3:TrackPointExtension>
        </extensions>
      </trkpt>
      <trkpt lat="23.16715263761579990386962890625" lon="113.4101823158562183380126953125">
        <ele>15</ele>
        <time>2026-02-24T23:12:17.000Z</time>
        <extensions>
          <ns3:TrackPointExtension>
            <ns3:hr>145</ns3:hr>
            <ns3:cad>95</ns3:cad>
          </ns3:TrackPointExtension>
        </extensions>
      </trkpt>
      <trkpt lat="23.1671396456658840179443359375" lon="113.4101575054228305816650390625">
        <ele>15</ele>
        <time>2026-02-24T23:12:18.000Z</time>
        <extensions>
          <ns3:TrackPointExtension>
            <ns3:hr>145</ns3:hr>
            <ns3:cad>95</ns3:cad>
          </ns3:TrackPointExtension>
        </extensions>
      </trkpt>
      <trkpt lat="23.16712816245853900909423828125" lon="113.4101337008178234100341796875">
        <ele>15</ele>
        <time>2026-02-24T23:12:19.000Z</time>
        <extensions>
          <ns3:TrackPointExtension>
            <ns3:hr>144</ns3:hr>
            <ns3:cad>95</ns3:cad>
          </ns3:TrackPointExtension>
        </extensions>
      </trkpt>
      <trkpt lat="23.1671168468892574310302734375" lon="113.41010964475572109222412109375">
        <ele>15</ele>
        <time>2026-02-24T23:12:20.000Z</time>
        <extensions>
          <ns3:TrackPointExtension>
            <ns3:hr>144</ns3:hr>
            <ns3:cad>95</ns3:cad>
          </ns3:TrackPointExtension>
        </extensions>
      </trkpt>
      <trkpt lat="23.16710360348224639892578125" lon="113.4100867621600627899169921875">
        <ele>15</ele>
        <time>2026-02-24T23:12:21.000Z</time>
        <extensions>
          <ns3:TrackPointExtension>
            <ns3:hr>144</ns3:hr>
            <ns3:cad>96</ns3:cad>
          </ns3:TrackPointExtension>
        </extensions>
      </trkpt>
      <trkpt lat="23.16709882579743862152099609375" lon="113.4100659750401973724365234375">
        <ele>15</ele>
        <time>2026-02-24T23:12:22.000Z</time>
        <extensions>
          <ns3:TrackPointExtension>
            <ns3:hr>144</ns3:hr>
            <ns3:cad>96</ns3:cad>
          </ns3:TrackPointExtension>
        </extensions>
      </trkpt>
      <trkpt lat="23.16708776168525218963623046875" lon="113.41004342772066593170166015625">
        <ele>15</ele>
        <time>2026-02-24T23:12:23.000Z</time>
        <extensions>
          <ns3:TrackPointExtension>
            <ns3:hr>144</ns3:hr>
            <ns3:cad>95</ns3:cad>
          </ns3:TrackPointExtension>
        </extensions>
      </trkpt>
      <trkpt lat="23.167076446115970611572265625" lon="113.41002783738076686859130859375">
        <ele>15</ele>
        <time>2026-02-24T23:12:24.000Z</time>
        <extensions>
          <ns3:TrackPointExtension>
            <ns3:hr>143</ns3:hr>
            <ns3:cad>95</ns3:cad>
          </ns3:TrackPointExtension>
        </extensions>
      </trkpt>
      <trkpt lat="23.1670598499476909637451171875" lon="113.41000051237642765045166015625">
        <ele>14.80000019073486328125</ele>
        <time>2026-02-24T23:12:25.000Z</time>
        <extensions>
          <ns3:TrackPointExtension>
            <ns3:hr>143</ns3:hr>
            <ns3:cad>95</ns3:cad>
          </ns3:TrackPointExtension>
        </extensions>
      </trkpt>
      <trkpt lat="23.16704434342682361602783203125" lon="113.409978635609149932861328125">
        <ele>14.80000019073486328125</ele>
        <time>2026-02-24T23:12:26.000Z</time>
        <extensions>
          <ns3:TrackPointExtension>
            <ns3:hr>143</ns3:hr>
            <ns3:cad>95</ns3:cad>
          </ns3:TrackPointExtension>
        </extensions>
      </trkpt>
      <trkpt lat="23.1670330278575420379638671875" lon="113.40995541773736476898193359375">
        <ele>14.80000019073486328125</ele>
        <time>2026-02-24T23:12:27.000Z</time>
        <extensions>
          <ns3:TrackPointExtension>
            <ns3:hr>143</ns3:hr>
            <ns3:cad>94</ns3:cad>
          </ns3:TrackPointExtension>
        </extensions>
      </trkpt>
      <trkpt lat="23.1670132465660572052001953125" lon="113.40992264449596405029296875">
        <ele>14.80000019073486328125</ele>
        <time>2026-02-24T23:12:28.000Z</time>
        <extensions>
          <ns3:TrackPointExtension>
            <ns3:hr>142</ns3:hr>
            <ns3:cad>95</ns3:cad>
          </ns3:TrackPointExtension>
        </extensions>
      </trkpt>
      <trkpt lat="23.16699673421680927276611328125" lon="113.409898169338703155517578125">
        <ele>14.80000019073486328125</ele>
        <time>2026-02-24T23:12:29.000Z</time>
        <extensions>
          <ns3:TrackPointExtension>
            <ns3:hr>142</ns3:hr>
            <ns3:cad>95</ns3:cad>
          </ns3:TrackPointExtension>
        </extensions>
      </trkpt>
      <trkpt lat="23.1669760309159755706787109375" lon="113.409863300621509552001953125">
        <ele>14.80000019073486328125</ele>
        <time>2026-02-24T23:12:30.000Z</time>
        <extensions>
          <ns3:TrackPointExtension>
            <ns3:hr>142</ns3:hr>
            <ns3:cad>95</ns3:cad>
          </ns3:TrackPointExtension>
        </extensions>
      </trkpt>
      <trkpt lat="23.16695650108158588409423828125" lon="113.409837149083614349365234375">
        <ele>15</ele>
        <time>2026-02-24T23:12:31.000Z</time>
        <extensions>
          <ns3:TrackPointExtension>
            <ns3:hr>142</ns3:hr>
            <ns3:cad>96</ns3:cad>
          </ns3:TrackPointExtension>
        </extensions>
      </trkpt>
      <trkpt lat="23.16693655215203762054443359375" lon="113.40981066226959228515625">
        <ele>15</ele>
        <time>2026-02-24T23:12:32.000Z</time>
        <extensions>
          <ns3:TrackPointExtension>
            <ns3:hr>142</ns3:hr>
            <ns3:cad>97</ns3:cad>
          </ns3:TrackPointExtension>
        </extensions>
      </trkpt>
      <trkpt lat="23.1669193692505359649658203125" lon="113.409780152142047882080078125">
        <ele>15</ele>
        <time>2026-02-24T23:12:33.000Z</time>
        <extensions>
          <ns3:TrackPointExtension>
            <ns3:hr>142</ns3:hr>
            <ns3:cad>97</ns3:cad>
          </ns3:TrackPointExtension>
        </extensions>
      </trkpt>
      <trkpt lat="23.16690017469227313995361328125" lon="113.40975576080381870269775390625">
        <ele>15</ele>
        <time>2026-02-24T23:12:34.000Z</time>
        <extensions>
          <ns3:TrackPointExtension>
            <ns3:hr>142</ns3:hr>
            <ns3:cad>97</ns3:cad>
          </ns3:TrackPointExtension>
        </extensions>
      </trkpt>
      <trkpt lat="23.1668821536004543304443359375" lon="113.4097260050475597381591796875">
        <ele>15</ele>
        <time>2026-02-24T23:12:35.000Z</time>
        <extensions>
          <ns3:TrackPointExtension>
            <ns3:hr>141</ns3:hr>
            <ns3:cad>97</ns3:cad>
          </ns3:TrackPointExtension>
        </extensions>
      </trkpt>
      <trkpt lat="23.16686430014669895172119140625" lon="113.4096938185393810272216796875">
        <ele>15</ele>
        <time>2026-02-24T23:12:36.000Z</time>
        <extensions>
          <ns3:TrackPointExtension>
            <ns3:hr>142</ns3:hr>
            <ns3:cad>98</ns3:cad>
          </ns3:TrackPointExtension>
        </extensions>
      </trkpt>
      <trkpt lat="23.166846446692943572998046875" lon="113.409673534333705902099609375">
        <ele>15</ele>
        <time>2026-02-24T23:12:37.000Z</time>
        <extensions>
          <ns3:TrackPointExtension>
            <ns3:hr>142</ns3:hr>
            <ns3:cad>98</ns3:cad>
          </ns3:TrackPointExtension>
        </extensions>
      </trkpt>
      <trkpt lat="23.1668280065059661865234375" lon="113.40965400449931621551513671875">
        <ele>15</ele>
        <time>2026-02-24T23:12:38.000Z</time>
        <extensions>
          <ns3:TrackPointExtension>
            <ns3:hr>141</ns3:hr>
            <ns3:cad>98</ns3:cad>
          </ns3:TrackPointExtension>
        </extensions>
      </trkpt>
      <trkpt lat="23.16681317053735256195068359375" lon="113.4096327982842922210693359375">
        <ele>14.80000019073486328125</ele>
        <time>2026-02-24T23:12:39.000Z</time>
        <extensions>
          <ns3:TrackPointExtension>
            <ns3:hr>142</ns3:hr>
            <ns3:cad>98</ns3:cad>
          </ns3:TrackPointExtension>
        </extensions>
      </trkpt>
      <trkpt lat="23.1667922995984554290771484375" lon="113.4096133522689342498779296875">
        <ele>15</ele>
        <time>2026-02-24T23:12:40.000Z</time>
        <extensions>
          <ns3:TrackPointExtension>
            <ns3:hr>142</ns3:hr>
            <ns3:cad>98</ns3:cad>
          </ns3:TrackPointExtension>
        </extensions>
      </trkpt>
      <trkpt lat="23.1667705066502094268798828125" lon="113.40958527289330959320068359375">
        <ele>15</ele>
        <time>2026-02-24T23:12:41.000Z</time>
        <extensions>
          <ns3:TrackPointExtension>
            <ns3:hr>141</ns3:hr>
            <ns3:cad>98</ns3:cad>
          </ns3:TrackPointExtension>
        </extensions>
      </trkpt>
      <trkpt lat="23.16675567068159580230712890625" lon="113.4095680899918079376220703125">
        <ele>15</ele>
        <time>2026-02-24T23:12:42.000Z</time>
        <extensions>
          <ns3:TrackPointExtension>
            <ns3:hr>142</ns3:hr>
            <ns3:cad>98</ns3:cad>
          </ns3:TrackPointExtension>
        </extensions>
      </trkpt>
      <trkpt lat="23.1667369790375232696533203125" lon="113.4095429442822933197021484375">
        <ele>15</ele>
        <time>2026-02-24T23:12:43.000Z</time>
        <extensions>
          <ns3:TrackPointExtension>
            <ns3:hr>141</ns3:hr>
            <ns3:cad>98</ns3:cad>
          </ns3:TrackPointExtension>
        </extensions>
      </trkpt>
      <trkpt lat="23.1667207181453704833984375" lon="113.409516625106334686279296875">
        <ele>15</ele>
        <time>2026-02-24T23:12:44.000Z</time>
        <extensions>
          <ns3:TrackPointExtension>
            <ns3:hr>141</ns3:hr>
            <ns3:cad>98</ns3:cad>
          </ns3:TrackPointExtension>
        </extensions>
      </trkpt>
      <trkpt lat="23.16670672036707401275634765625" lon="113.4094939939677715301513671875">
        <ele>15</ele>
        <time>2026-02-24T23:12:45.000Z</time>
        <extensions>
          <ns3:TrackPointExtension>
            <ns3:hr>141</ns3:hr>
            <ns3:cad>97</ns3:cad>
          </ns3:TrackPointExtension>
        </extensions>
      </trkpt>
      <trkpt lat="23.16668861545622348785400390625" lon="113.4094621427357196807861328125">
        <ele>15</ele>
        <time>2026-02-24T23:12:46.000Z</time>
        <extensions>
          <ns3:TrackPointExtension>
            <ns3:hr>142</ns3:hr>
            <ns3:cad>97</ns3:cad>
          </ns3:TrackPointExtension>
        </extensions>
      </trkpt>
      <trkpt lat="23.16667067818343639373779296875" lon="113.4094400145113468170166015625">
        <ele>15</ele>
        <time>2026-02-24T23:12:47.000Z</time>
        <extensions>
          <ns3:TrackPointExtension>
            <ns3:hr>141</ns3:hr>
            <ns3:cad>95</ns3:cad>
          </ns3:TrackPointExtension>
        </extensions>
      </trkpt>
      <trkpt lat="23.1666534952819347381591796875" lon="113.40941243804991245269775390625">
        <ele>15</ele>
        <time>2026-02-24T23:12:48.000Z</time>
        <extensions>
          <ns3:TrackPointExtension>
            <ns3:hr>141</ns3:hr>
            <ns3:cad>96</ns3:cad>
          </ns3:TrackPointExtension>
        </extensions>
      </trkpt>
      <trkpt lat="23.1666394136846065521240234375" lon="113.40938444249331951141357421875">
        <ele>15</ele>
        <time>2026-02-24T23:12:49.000Z</time>
        <extensions>
          <ns3:TrackPointExtension>
            <ns3:hr>142</ns3:hr>
            <ns3:cad>96</ns3:cad>
          </ns3:TrackPointExtension>
        </extensions>
      </trkpt>
      <trkpt lat="23.16662508063018321990966796875" lon="113.40936340391635894775390625">
        <ele>15</ele>
        <time>2026-02-24T23:12:50.000Z</time>
        <extensions>
          <ns3:TrackPointExtension>
            <ns3:hr>142</ns3:hr>
            <ns3:cad>96</ns3:cad>
          </ns3:TrackPointExtension>
        </extensions>
      </trkpt>
      <trkpt lat="23.1666092388331890106201171875" lon="113.40932996012270450592041015625">
        <ele>15</ele>
        <time>2026-02-24T23:12:51.000Z</time>
        <extensions>
          <ns3:TrackPointExtension>
            <ns3:hr>142</ns3:hr>
            <ns3:cad>97</ns3:cad>
          </ns3:TrackPointExtension>
        </extensions>
      </trkpt>
      <trkpt lat="23.16659155301749706268310546875" lon="113.4093069098889827728271484375">
        <ele>15</ele>
        <time>2026-02-24T23:12:52.000Z</time>
        <extensions>
          <ns3:TrackPointExtension>
            <ns3:hr>142</ns3:hr>
            <ns3:cad>97</ns3:cad>
          </ns3:TrackPointExtension>
        </extensions>
      </trkpt>
      <trkpt lat="23.1665807403624057769775390625" lon="113.40928017161786556243896484375">
        <ele>15</ele>
        <time>2026-02-24T23:12:53.000Z</time>
        <extensions>
          <ns3:TrackPointExtension>
            <ns3:hr>142</ns3:hr>
            <ns3:cad>97</ns3:cad>
          </ns3:TrackPointExtension>
        </extensions>
      </trkpt>
      <trkpt lat="23.16656691022217273712158203125" lon="113.4092552773654460906982421875">
        <ele>15</ele>
        <time>2026-02-24T23:12:54.000Z</time>
        <extensions>
          <ns3:TrackPointExtension>
            <ns3:hr>141</ns3:hr>
            <ns3:cad>97</ns3:cad>
          </ns3:TrackPointExtension>
        </extensions>
      </trkpt>
      <trkpt lat="23.16655232571065425872802734375" lon="113.40924136340618133544921875">
        <ele>15</ele>
        <time>2026-02-24T23:12:55.000Z</time>
        <extensions>
          <ns3:TrackPointExtension>
            <ns3:hr>142</ns3:hr>
            <ns3:cad>97</ns3:cad>
          </ns3:TrackPointExtension>
        </extensions>
      </trkpt>
      <trkpt lat="23.1665383279323577880859375" lon="113.40921781025826930999755859375">
        <ele>15.19999980926513671875</ele>
        <time>2026-02-24T23:12:56.000Z</time>
        <extensions>
          <ns3:TrackPointExtension>
            <ns3:hr>142</ns3:hr>
            <ns3:cad>97</ns3:cad>
          </ns3:TrackPointExtension>
        </extensions>
      </trkpt>
      <trkpt lat="23.16652516834437847137451171875" lon="113.4092016331851482391357421875">
        <ele>15.19999980926513671875</ele>
        <time>2026-02-24T23:12:57.000Z</time>
        <extensions>
          <ns3:TrackPointExtension>
            <ns3:hr>142</ns3:hr>
            <ns3:cad>97</ns3:cad>
          </ns3:TrackPointExtension>
        </extensions>
      </trkpt>
      <trkpt lat="23.16651075147092342376708984375" lon="113.4091790020465850830078125">
        <ele>15.19999980926513671875</ele>
        <time>2026-02-24T23:12:58.000Z</time>
        <extensions>
          <ns3:TrackPointExtension>
            <ns3:hr>142</ns3:hr>
            <ns3:cad>97</ns3:cad>
          </ns3:TrackPointExtension>
        </extensions>
      </trkpt>
      <trkpt lat="23.166496753692626953125" lon="113.40915326960384845733642578125">
        <ele>15.19999980926513671875</ele>
        <time>2026-02-24T23:12:59.000Z</time>
        <extensions>
          <ns3:TrackPointExtension>
            <ns3:hr>141</ns3:hr>
            <ns3:cad>96</ns3:cad>
          </ns3:TrackPointExtension>
        </extensions>
      </trkpt>
      <trkpt lat="23.16648342646658420562744140625" lon="113.40912929736077785491943359375">
        <ele>15.19999980926513671875</ele>
        <time>2026-02-24T23:13:00.000Z</time>
        <extensions>
          <ns3:TrackPointExtension>
            <ns3:hr>142</ns3:hr>
            <ns3:cad>95</ns3:cad>
          </ns3:TrackPointExtension>
        </extensions>
      </trkpt>
      <trkpt lat="23.1664737872779369354248046875" lon="113.40909660793840885162353515625">
        <ele>15</ele>
        <time>2026-02-24T23:13:01.000Z</time>
        <extensions>
          <ns3:TrackPointExtension>
            <ns3:hr>142</ns3:hr>
            <ns3:cad>95</ns3:cad>
          </ns3:TrackPointExtension>
        </extensions>
      </trkpt>
      <trkpt lat="23.16646180115640163421630859375" lon="113.40907012112438678741455078125">
        <ele>15</ele>
        <time>2026-02-24T23:13:02.000Z</time>
        <extensions>
          <ns3:TrackPointExtension>
            <ns3:hr>142</ns3:hr>
            <ns3:cad>94</ns3:cad>
          </ns3:TrackPointExtension>
        </extensions>
      </trkpt>
      <trkpt lat="23.16646750085055828094482421875" lon="113.40903374366462230682373046875">
        <ele>15</ele>
        <time>2026-02-24T23:13:03.000Z</time>
        <extensions>
          <ns3:TrackPointExtension>
            <ns3:hr>142</ns3:hr>
            <ns3:cad>94</ns3:cad>
          </ns3:TrackPointExtension>
        </extensions>
      </trkpt>
      <trkpt lat="23.16648543812334537506103515625" lon="113.409009017050266265869140625">
        <ele>14.80000019073486328125</ele>
        <time>2026-02-24T23:13:04.000Z</time>
        <extensions>
          <ns3:TrackPointExtension>
            <ns3:hr>141</ns3:hr>
            <ns3:cad>94</ns3:cad>
          </ns3:TrackPointExtension>
        </extensions>
      </trkpt>
      <trkpt lat="23.166509158909320831298828125" lon="113.40900323353707790374755859375">
        <ele>14.80000019073486328125</ele>
        <time>2026-02-24T23:13:05.000Z</time>
        <extensions>
          <ns3:TrackPointExtension>
            <ns3:hr>142</ns3:hr>
            <ns3:cad>93</ns3:cad>
          </ns3:TrackPointExtension>
        </extensions>
      </trkpt>
      <trkpt lat="23.166542351245880126953125" lon="113.40900599956512451171875">
        <ele>14.80000019073486328125</ele>
        <time>2026-02-24T23:13:06.000Z</time>
        <extensions>
          <ns3:TrackPointExtension>
            <ns3:hr>142</ns3:hr>
            <ns3:cad>93</ns3:cad>
          </ns3:TrackPointExtension>
        </extensions>
      </trkpt>
      <trkpt lat="23.1665633060038089752197265625" lon="113.40900608338415622711181640625">
        <ele>15</ele>
        <time>2026-02-24T23:13:07.000Z</time>
        <extensions>
          <ns3:TrackPointExtension>
            <ns3:hr>142</ns3:hr>
            <ns3:cad>93</ns3:cad>
          </ns3:TrackPointExtension>
        </extensions>
      </trkpt>
      <trkpt lat="23.166593648493289947509765625" lon="113.40901203453540802001953125">
        <ele>15</ele>
        <time>2026-02-24T23:13:08.000Z</time>
        <extensions>
          <ns3:TrackPointExtension>
            <ns3:hr>142</ns3:hr>
            <ns3:cad>96</ns3:cad>
          </ns3:TrackPointExtension>
        </extensions>
      </trkpt>
      <trkpt lat="23.16661904565989971160888671875" lon="113.4090111963450908660888671875">
        <ele>15</ele>
        <time>2026-02-24T23:13:09.000Z</time>
        <extensions>
          <ns3:TrackPointExtension>
            <ns3:hr>142</ns3:hr>
            <ns3:cad>96</ns3:cad>
          </ns3:TrackPointExtension>
        </extensions>
      </trkpt>
      <trkpt lat="23.1666474603116512298583984375" lon="113.409011699259281158447265625">
        <ele>15</ele>
        <time>2026-02-24T23:13:10.000Z</time>
        <extensions>
          <ns3:TrackPointExtension>
            <ns3:hr>142</ns3:hr>
            <ns3:cad>96</ns3:cad>
          </ns3:TrackPointExtension>
        </extensions>
      </trkpt>
      <trkpt lat="23.16667637787759304046630859375" lon="113.4090127050876617431640625">
        <ele>15</ele>
        <time>2026-02-24T23:13:11.000Z</time>
        <extensions>
          <ns3:TrackPointExtension>
            <ns3:hr>143</ns3:hr>
            <ns3:cad>96</ns3:cad>
          </ns3:TrackPointExtension>
        </extensions>
      </trkpt>
      <trkpt lat="23.1666984222829341888427734375" lon="113.40901195071637630462646484375">
        <ele>15</ele>
        <time>2026-02-24T23:13:12.000Z</time>
        <extensions>
          <ns3:TrackPointExtension>
            <ns3:hr>143</ns3:hr>
            <ns3:cad>96</ns3:cad>
          </ns3:TrackPointExtension>
        </extensions>
      </trkpt>
      <trkpt lat="23.1667287647724151611328125" lon="113.4090185724198818206787109375">
        <ele>15</ele>
        <time>2026-02-24T23:13:13.000Z</time>
        <extensions>
          <ns3:TrackPointExtension>
            <ns3:hr>143</ns3:hr>
            <ns3:cad>96</ns3:cad>
          </ns3:TrackPointExtension>
        </extensions>
      </trkpt>
      <trkpt lat="23.166756927967071533203125" lon="113.409026451408863067626953125">
        <ele>15.19999980926513671875</ele>
        <time>2026-02-24T23:13:14.000Z</time>
        <extensions>
          <ns3:TrackPointExtension>
            <ns3:hr>143</ns3:hr>
            <ns3:cad>96</ns3:cad>
          </ns3:TrackPointExtension>
        </extensions>
      </trkpt>
      <trkpt lat="23.16678266040980815887451171875" lon="113.4090314805507659912109375">
        <ele>15.19999980926513671875</ele>
        <time>2026-02-24T23:13:15.000Z</time>
        <extensions>
          <ns3:TrackPointExtension>
            <ns3:hr>143</ns3:hr>
            <ns3:cad>96</ns3:cad>
          </ns3:TrackPointExtension>
        </extensions>
      </trkpt>
      <trkpt lat="23.16681333817541599273681640625" lon="113.40903692878782749176025390625">
        <ele>15.3999996185302734375</ele>
        <time>2026-02-24T23:13:16.000Z</time>
        <extensions>
          <ns3:TrackPointExtension>
            <ns3:hr>143</ns3:hr>
            <ns3:cad>96</ns3:cad>
          </ns3:TrackPointExtension>
        </extensions>
      </trkpt>
      <trkpt lat="23.16683898679912090301513671875" lon="113.40903743170201778411865234375">
        <ele>15.3999996185302734375</ele>
        <time>2026-02-24T23:13:17.000Z</time>
        <extensions>
          <ns3:TrackPointExtension>
            <ns3:hr>143</ns3:hr>
            <ns3:cad>97</ns3:cad>
          </ns3:TrackPointExtension>
        </extensions>
      </trkpt>
      <trkpt lat="23.166867233812808990478515625" lon="113.40904229320585727691650390625">
        <ele>15.3999996185302734375</ele>
        <time>2026-02-24T23:13:18.000Z</time>
        <extensions>
          <ns3:TrackPointExtension>
            <ns3:hr>143</ns3:hr>
            <ns3:cad>97</ns3:cad>
          </ns3:TrackPointExtension>
        </extensions>
      </trkpt>
      <trkpt lat="23.16689170897006988525390625" lon="113.40905101038515567779541015625">
        <ele>15.3999996185302734375</ele>
        <time>2026-02-24T23:13:19.000Z</time>
        <extensions>
          <ns3:TrackPointExtension>
            <ns3:hr>143</ns3:hr>
            <ns3:cad>97</ns3:cad>
          </ns3:TrackPointExtension>
        </extensions>
      </trkpt>
      <trkpt lat="23.1669151782989501953125" lon="113.40905335731804370880126953125">
        <ele>15.3999996185302734375</ele>
        <time>2026-02-24T23:13:20.000Z</time>
        <extensions>
          <ns3:TrackPointExtension>
            <ns3:hr>144</ns3:hr>
            <ns3:cad>97</ns3:cad>
          </ns3:TrackPointExtension>
        </extensions>
      </trkpt>
      <trkpt lat="23.166949041187763214111328125" lon="113.4090577997267246246337890625">
        <ele>15.3999996185302734375</ele>
        <time>2026-02-24T23:13:21.000Z</time>
        <extensions>
          <ns3:TrackPointExtension>
            <ns3:hr>143</ns3:hr>
            <ns3:cad>97</ns3:cad>
          </ns3:TrackPointExtension>
        </extensions>
      </trkpt>
      <trkpt lat="23.1669733487069606781005859375" lon="113.40905763208866119384765625">
        <ele>15.3999996185302734375</ele>
        <time>2026-02-24T23:13:22.000Z</time>
        <extensions>
          <ns3:TrackPointExtension>
            <ns3:hr>143</ns3:hr>
            <ns3:cad>97</ns3:cad>
          </ns3:TrackPointExtension>
        </extensions>
      </trkpt>
      <trkpt lat="23.1670025177299976348876953125" lon="113.4090601466596126556396484375">
        <ele>15.3999996185302734375</ele>
        <time>2026-02-24T23:13:23.000Z</time>
        <extensions>
          <ns3:TrackPointExtension>
            <ns3:hr>143</ns3:hr>
            <ns3:cad>97</ns3:cad>
          </ns3:TrackPointExtension>
        </extensions>
      </trkpt>
      <trkpt lat="23.16702925600111484527587890625" lon="113.40906525962054729461669921875">
        <ele>15.3999996185302734375</ele>
        <time>2026-02-24T23:13:24.000Z</time>
        <extensions>
          <ns3:TrackPointExtension>
            <ns3:hr>143</ns3:hr>
            <ns3:cad>97</ns3:cad>
          </ns3:TrackPointExtension>
        </extensions>
      </trkpt>
      <trkpt lat="23.1670541502535343170166015625" lon="113.40906836092472076416015625">
        <ele>15.3999996185302734375</ele>
        <time>2026-02-24T23:13:25.000Z</time>
        <extensions>
          <ns3:TrackPointExtension>
            <ns3:hr>143</ns3:hr>
            <ns3:cad>96</ns3:cad>
          </ns3:TrackPointExtension>
        </extensions>
      </trkpt>
      <trkpt lat="23.16708306781947612762451171875" lon="113.40907900594174861907958984375">
        <ele>15.3999996185302734375</ele>
        <time>2026-02-24T23:13:26.000Z</time>
        <extensions>
          <ns3:TrackPointExtension>
            <ns3:hr>144</ns3:hr>
            <ns3:cad>97</ns3:cad>
          </ns3:TrackPointExtension>
        </extensions>
      </trkpt>
      <trkpt lat="23.1671084649860858917236328125" lon="113.4090849570930004119873046875">
        <ele>15.3999996185302734375</ele>
        <time>2026-02-24T23:13:27.000Z</time>
        <extensions>
          <ns3:TrackPointExtension>
            <ns3:hr>143</ns3:hr>
            <ns3:cad>97</ns3:cad>
          </ns3:TrackPointExtension>
        </extensions>
      </trkpt>
      <trkpt lat="23.16713470034301280975341796875" lon="113.40909107588231563568115234375">
        <ele>15.3999996185302734375</ele>
        <time>2026-02-24T23:13:28.000Z</time>
        <extensions>
          <ns3:TrackPointExtension>
            <ns3:hr>143</ns3:hr>
            <ns3:cad>97</ns3:cad>
          </ns3:TrackPointExtension>
        </extensions>
      </trkpt>
      <trkpt lat="23.167161606252193450927734375" lon="113.40910054743289947509765625">
        <ele>15.3999996185302734375</ele>
        <time>2026-02-24T23:13:29.000Z</time>
        <extensions>
          <ns3:TrackPointExtension>
            <ns3:hr>143</ns3:hr>
            <ns3:cad>97</ns3:cad>
          </ns3:TrackPointExtension>
        </extensions>
      </trkpt>
      <trkpt lat="23.1671828962862491607666015625" lon="113.409106247127056121826171875">
        <ele>15.6000003814697265625</ele>
        <time>2026-02-24T23:13:30.000Z</time>
        <extensions>
          <ns3:TrackPointExtension>
            <ns3:hr>143</ns3:hr>
            <ns3:cad>97</ns3:cad>
          </ns3:TrackPointExtension>
        </extensions>
      </trkpt>
      <trkpt lat="23.16721064038574695587158203125" lon="113.4091208316385746002197265625">
        <ele>15.6000003814697265625</ele>
        <time>2026-02-24T23:13:31.000Z</time>
        <extensions>
          <ns3:TrackPointExtension>
            <ns3:hr>143</ns3:hr>
            <ns3:cad>96</ns3:cad>
          </ns3:TrackPointExtension>
        </extensions>
      </trkpt>
      <trkpt lat="23.16723377443850040435791015625" lon="113.409124352037906646728515625">
        <ele>15.80000019073486328125</ele>
        <time>2026-02-24T23:13:32.000Z</time>
        <extensions>
          <ns3:TrackPointExtension>
            <ns3:hr>143</ns3:hr>
            <ns3:cad>96</ns3:cad>
          </ns3:TrackPointExtension>
        </extensions>
      </trkpt>
      <trkpt lat="23.1672606803476810455322265625" lon="113.4091332368552684783935546875">
        <ele>15.80000019073486328125</ele>
        <time>2026-02-24T23:13:33.000Z</time>
        <extensions>
          <ns3:TrackPointExtension>
            <ns3:hr>143</ns3:hr>
            <ns3:cad>96</ns3:cad>
          </ns3:TrackPointExtension>
        </extensions>
      </trkpt>
      <trkpt lat="23.1672866642475128173828125" lon="113.40914480388164520263671875">
        <ele>16</ele>
        <time>2026-02-24T23:13:34.000Z</time>
        <extensions>
          <ns3:TrackPointExtension>
            <ns3:hr>143</ns3:hr>
            <ns3:cad>96</ns3:cad>
          </ns3:TrackPointExtension>
        </extensions>
      </trkpt>
      <trkpt lat="23.1673092953860759735107421875" lon="113.409151844680309295654296875">
        <ele>16</ele>
        <time>2026-02-24T23:13:35.000Z</time>
        <extensions>
          <ns3:TrackPointExtension>
            <ns3:hr>143</ns3:hr>
            <ns3:cad>96</ns3:cad>
          </ns3:TrackPointExtension>
        </extensions>
      </trkpt>
      <trkpt lat="23.16734223626554012298583984375" lon="113.4091654233634471893310546875">
        <ele>16</ele>
        <time>2026-02-24T23:13:36.000Z</time>
        <extensions>
          <ns3:TrackPointExtension>
            <ns3:hr>144</ns3:hr>
            <ns3:cad>96</ns3:cad>
          </ns3:TrackPointExtension>
        </extensions>
      </trkpt>
      <trkpt lat="23.1673646159470081329345703125" lon="113.40917070396244525909423828125">
        <ele>16</ele>
        <time>2026-02-24T23:13:37.000Z</time>
        <extensions>
          <ns3:TrackPointExtension>
            <ns3:hr>143</ns3:hr>
            <ns3:cad>95</ns3:cad>
          </ns3:TrackPointExtension>
        </extensions>
      </trkpt>
      <trkpt lat="23.16738967783749103546142578125" lon="113.40917942114174365997314453125">
        <ele>16</ele>
        <time>2026-02-24T23:13:38.000Z</time>
        <extensions>
          <ns3:TrackPointExtension>
            <ns3:hr>143</ns3:hr>
            <ns3:cad>95</ns3:cad>
          </ns3:TrackPointExtension>
        </extensions>
      </trkpt>
      <trkpt lat="23.16741608083248138427734375" lon="113.409189395606517791748046875">
        <ele>16</ele>
        <time>2026-02-24T23:13:39.000Z</time>
        <extensions>
          <ns3:TrackPointExtension>
            <ns3:hr>143</ns3:hr>
            <ns3:cad>95</ns3:cad>
          </ns3:TrackPointExtension>
        </extensions>
      </trkpt>
      <trkpt lat="23.16744030453264713287353515625" lon="113.40919551439583301544189453125">
        <ele>15.80000019073486328125</ele>
        <time>2026-02-24T23:13:40.000Z</time>
        <extensions>
          <ns3:TrackPointExtension>
            <ns3:hr>143</ns3:hr>
            <ns3:cad>96</ns3:cad>
          </ns3:TrackPointExtension>
        </extensions>
      </trkpt>
      <trkpt lat="23.16747332923114299774169921875" lon="113.409206829965114593505859375">
        <ele>15.80000019073486328125</ele>
        <time>2026-02-24T23:13:41.000Z</time>
        <extensions>
          <ns3:TrackPointExtension>
            <ns3:hr>143</ns3:hr>
            <ns3:cad>97</ns3:cad>
          </ns3:TrackPointExtension>
        </extensions>
      </trkpt>
      <trkpt lat="23.1674997322261333465576171875" lon="113.4092090092599391937255859375">
        <ele>15.80000019073486328125</ele>
        <time>2026-02-24T23:13:42.000Z</time>
        <extensions>
          <ns3:TrackPointExtension>
            <ns3:hr>144</ns3:hr>
            <ns3:cad>97</ns3:cad>
          </ns3:TrackPointExtension>
        </extensions>
      </trkpt>
      <trkpt lat="23.16753217019140720367431640625" lon="113.40921328403055667877197265625">
        <ele>15.80000019073486328125</ele>
        <time>2026-02-24T23:13:43.000Z</time>
        <extensions>
          <ns3:TrackPointExtension>
            <ns3:hr>143</ns3:hr>
            <ns3:cad>97</ns3:cad>
          </ns3:TrackPointExtension>
        </extensions>
      </trkpt>
      <trkpt lat="23.16755446605384349822998046875" lon="113.40922082774341106414794921875">
        <ele>16</ele>
        <time>2026-02-24T23:13:44.000Z</time>
        <extensions>
          <ns3:TrackPointExtension>
            <ns3:hr>143</ns3:hr>
            <ns3:cad>97</ns3:cad>
          </ns3:TrackPointExtension>
        </extensions>
      </trkpt>
      <trkpt lat="23.167573995888233184814453125" lon="113.40922661125659942626953125">
        <ele>16</ele>
        <time>2026-02-24T23:13:45.000Z</time>
        <extensions>
          <ns3:TrackPointExtension>
            <ns3:hr>143</ns3:hr>
            <ns3:cad>97</ns3:cad>
          </ns3:TrackPointExtension>
        </extensions>
      </trkpt>
      <trkpt lat="23.16760140471160411834716796875" lon="113.4092331491410732269287109375">
        <ele>16.200000762939453125</ele>
        <time>2026-02-24T23:13:46.000Z</time>
        <extensions>
          <ns3:TrackPointExtension>
            <ns3:hr>144</ns3:hr>
            <ns3:cad>96</ns3:cad>
          </ns3:TrackPointExtension>
        </extensions>
      </trkpt>
      <trkpt lat="23.167617581784725189208984375" lon="113.40924077667295932769775390625">
        <ele>16.200000762939453125</ele>
        <time>2026-02-24T23:13:47.000Z</time>
        <extensions>
          <ns3:TrackPointExtension>
            <ns3:hr>144</ns3:hr>
            <ns3:cad>96</ns3:cad>
          </ns3:TrackPointExtension>
        </extensions>
      </trkpt>
      <trkpt lat="23.16763375885784626007080078125" lon="113.4092556126415729522705078125">
        <ele>16.3999996185302734375</ele>
        <time>2026-02-24T23:13:48.000Z</time>
        <extensions>
          <ns3:TrackPointExtension>
            <ns3:hr>144</ns3:hr>
            <ns3:cad>95</ns3:cad>
          </ns3:TrackPointExtension>
        </extensions>
      </trkpt>
      <trkpt lat="23.16765169613063335418701171875" lon="113.40926013886928558349609375">
        <ele>16.3999996185302734375</ele>
        <time>2026-02-24T23:13:49.000Z</time>
        <extensions>
          <ns3:TrackPointExtension>
            <ns3:hr>144</ns3:hr>
            <ns3:cad>94</ns3:cad>
          </ns3:TrackPointExtension>
        </extensions>
      </trkpt>
      <trkpt lat="23.167671225965023040771484375" lon="113.40926793403923511505126953125">
        <ele>16.6000003814697265625</ele>
        <time>2026-02-24T23:13:50.000Z</time>
        <extensions>
          <ns3:TrackPointExtension>
            <ns3:hr>144</ns3:hr>
            <ns3:cad>94</ns3:cad>
          </ns3:TrackPointExtension>
        </extensions>
      </trkpt>
      <trkpt lat="23.16768958233296871185302734375" lon="113.40928050689399242401123046875">
        <ele>16.799999237060546875</ele>
        <time>2026-02-24T23:13:51.000Z</time>
        <extensions>
          <ns3:TrackPointExtension>
            <ns3:hr>144</ns3:hr>
            <ns3:cad>93</ns3:cad>
          </ns3:TrackPointExtension>
        </extensions>
      </trkpt>
      <trkpt lat="23.16770802251994609832763671875" lon="113.40928955934941768646240234375">
        <ele>17</ele>
        <time>2026-02-24T23:13:52.000Z</time>
        <extensions>
          <ns3:TrackPointExtension>
            <ns3:hr>144</ns3:hr>
            <ns3:cad>93</ns3:cad>
          </ns3:TrackPointExtension>
        </extensions>
      </trkpt>
      <trkpt lat="23.1677320785820484161376953125" lon="113.4093062393367290496826171875">
        <ele>17</ele>
        <time>2026-02-24T23:13:53.000Z</time>
        <extensions>
          <ns3:TrackPointExtension>
            <ns3:hr>145</ns3:hr>
            <ns3:cad>94</ns3:cad>
          </ns3:TrackPointExtension>
        </extensions>
      </trkpt>
      <trkpt lat="23.16775646992027759552001953125" lon="113.409312106668949127197265625">
        <ele>17</ele>
        <time>2026-02-24T23:13:54.000Z</time>
        <extensions>
          <ns3:TrackPointExtension>
            <ns3:hr>145</ns3:hr>
            <ns3:cad>94</ns3:cad>
          </ns3:TrackPointExtension>
        </extensions>
      </trkpt>
      <trkpt lat="23.16777792759239673614501953125" lon="113.40932727791368961334228515625">
        <ele>17</ele>
        <time>2026-02-24T23:13:55.000Z</time>
        <extensions>
          <ns3:TrackPointExtension>
            <ns3:hr>145</ns3:hr>
            <ns3:cad>95</ns3:cad>
          </ns3:TrackPointExtension>
        </extensions>
      </trkpt>
      <trkpt lat="23.16779888235032558441162109375" lon="113.40933700092136859893798828125">
        <ele>17</ele>
        <time>2026-02-24T23:13:56.000Z</time>
        <extensions>
          <ns3:TrackPointExtension>
            <ns3:hr>144</ns3:hr>
            <ns3:cad>95</ns3:cad>
          </ns3:TrackPointExtension>
        </extensions>
      </trkpt>
      <trkpt lat="23.1678199209272861480712890625" lon="113.4093494899570941925048828125">
        <ele>17.200000762939453125</ele>
        <time>2026-02-24T23:13:57.000Z</time>
        <extensions>
          <ns3:TrackPointExtension>
            <ns3:hr>145</ns3:hr>
            <ns3:cad>95</ns3:cad>
          </ns3:TrackPointExtension>
        </extensions>
      </trkpt>
      <trkpt lat="23.16784464754164218902587890625" lon="113.4093642421066761016845703125">
        <ele>17.200000762939453125</ele>
        <time>2026-02-24T23:13:58.000Z</time>
        <extensions>
          <ns3:TrackPointExtension>
            <ns3:hr>145</ns3:hr>
            <ns3:cad>95</ns3:cad>
          </ns3:TrackPointExtension>
        </extensions>
      </trkpt>
      <trkpt lat="23.16786576993763446807861328125" lon="113.40936918742954730987548828125">
        <ele>17.200000762939453125</ele>
        <time>2026-02-24T23:13:59.000Z</time>
        <extensions>
          <ns3:TrackPointExtension>
            <ns3:hr>145</ns3:hr>
            <ns3:cad>94</ns3:cad>
          </ns3:TrackPointExtension>
        </extensions>
      </trkpt>
      <trkpt lat="23.16789410077035427093505859375" lon="113.40938628651201725006103515625">
        <ele>17.3999996185302734375</ele>
        <time>2026-02-24T23:14:00.000Z</time>
        <extensions>
          <ns3:TrackPointExtension>
            <ns3:hr>146</ns3:hr>
            <ns3:cad>94</ns3:cad>
          </ns3:TrackPointExtension>
        </extensions>
      </trkpt>
      <trkpt lat="23.16791455261409282684326171875" lon="113.40938997454941272735595703125">
        <ele>17.3999996185302734375</ele>
        <time>2026-02-24T23:14:01.000Z</time>
        <extensions>
          <ns3:TrackPointExtension>
            <ns3:hr>146</ns3:hr>
            <ns3:cad>95</ns3:cad>
          </ns3:TrackPointExtension>
        </extensions>
      </trkpt>
      <trkpt lat="23.1679426319897174835205078125" lon="113.4094058163464069366455078125">
        <ele>17.3999996185302734375</ele>
        <time>2026-02-24T23:14:02.000Z</time>
        <extensions>
          <ns3:TrackPointExtension>
            <ns3:hr>146</ns3:hr>
            <ns3:cad>95</ns3:cad>
          </ns3:TrackPointExtension>
        </extensions>
      </trkpt>
      <trkpt lat="23.1679714657366275787353515625" lon="113.40942241251468658447265625">
        <ele>17.3999996185302734375</ele>
        <time>2026-02-24T23:14:03.000Z</time>
        <extensions>
          <ns3:TrackPointExtension>
            <ns3:hr>146</ns3:hr>
            <ns3:cad>95</ns3:cad>
          </ns3:TrackPointExtension>
        </extensions>
      </trkpt>
      <trkpt lat="23.167996443808078765869140625" lon="113.409435488283634185791015625">
        <ele>17.6000003814697265625</ele>
        <time>2026-02-24T23:14:04.000Z</time>
        <extensions>
          <ns3:TrackPointExtension>
            <ns3:hr>146</ns3:hr>
            <ns3:cad>95</ns3:cad>
          </ns3:TrackPointExtension>
        </extensions>
      </trkpt>
      <trkpt lat="23.16802091896533966064453125" lon="113.40945015661418437957763671875">
        <ele>17.6000003814697265625</ele>
        <time>2026-02-24T23:14:05.000Z</time>
        <extensions>
          <ns3:TrackPointExtension>
            <ns3:hr>145</ns3:hr>
            <ns3:cad>95</ns3:cad>
          </ns3:TrackPointExtension>
        </extensions>
      </trkpt>
      <trkpt lat="23.1680462323129177093505859375" lon="113.40945803560316562652587890625">
        <ele>17.6000003814697265625</ele>
        <time>2026-02-24T23:14:06.000Z</time>
        <extensions>
          <ns3:TrackPointExtension>
            <ns3:hr>146</ns3:hr>
            <ns3:cad>97</ns3:cad>
          </ns3:TrackPointExtension>
        </extensions>
      </trkpt>
      <trkpt lat="23.16806592978537082672119140625" lon="113.4094713628292083740234375">
        <ele>17.799999237060546875</ele>
        <time>2026-02-24T23:14:07.000Z</time>
        <extensions>
          <ns3:TrackPointExtension>
            <ns3:hr>145</ns3:hr>
            <ns3:cad>97</ns3:cad>
          </ns3:TrackPointExtension>
        </extensions>
      </trkpt>
      <trkpt lat="23.16808403469622135162353515625" lon="113.40948217548429965972900390625">
        <ele>18</ele>
        <time>2026-02-24T23:14:08.000Z</time>
        <extensions>
          <ns3:TrackPointExtension>
            <ns3:hr>146</ns3:hr>
            <ns3:cad>97</ns3:cad>
          </ns3:TrackPointExtension>
        </extensions>
      </trkpt>
      <trkpt lat="23.16809643991291522979736328125" lon="113.40949592180550098419189453125">
        <ele>18.200000762939453125</ele>
        <time>2026-02-24T23:14:09.000Z</time>
        <extensions>
          <ns3:TrackPointExtension>
            <ns3:hr>146</ns3:hr>
            <ns3:cad>97</ns3:cad>
          </ns3:TrackPointExtension>
        </extensions>
      </trkpt>
      <trkpt lat="23.16811320371925830841064453125" lon="113.40952031314373016357421875">
        <ele>18.200000762939453125</ele>
        <time>2026-02-24T23:14:10.000Z</time>
        <extensions>
          <ns3:TrackPointExtension>
            <ns3:hr>145</ns3:hr>
            <ns3:cad>97</ns3:cad>
          </ns3:TrackPointExtension>
        </extensions>
      </trkpt>
      <trkpt lat="23.168128542602062225341796875" lon="113.4095348976552486419677734375">
        <ele>18.3999996185302734375</ele>
        <time>2026-02-24T23:14:11.000Z</time>
        <extensions>
          <ns3:TrackPointExtension>
            <ns3:hr>146</ns3:hr>
            <ns3:cad>97</ns3:cad>
          </ns3:TrackPointExtension>
        </extensions>
      </trkpt>
      <trkpt lat="23.16814689897000789642333984375" lon="113.40955610387027263641357421875">
        <ele>18.3999996185302734375</ele>
        <time>2026-02-24T23:14:12.000Z</time>
        <extensions>
          <ns3:TrackPointExtension>
            <ns3:hr>146</ns3:hr>
            <ns3:cad>92</ns3:cad>
          </ns3:TrackPointExtension>
        </extensions>
      </trkpt>
      <trkpt lat="23.1681665964424610137939453125" lon="113.40956549160182476043701171875">
        <ele>18.200000762939453125</ele>
        <time>2026-02-24T23:14:13.000Z</time>
        <extensions>
          <ns3:TrackPointExtension>
            <ns3:hr>145</ns3:hr>
            <ns3:cad>92</ns3:cad>
          </ns3:TrackPointExtension>
        </extensions>
      </trkpt>
      <trkpt lat="23.16818595863878726959228515625" lon="113.4095865301787853240966796875">
        <ele>18.3999996185302734375</ele>
        <time>2026-02-24T23:14:14.000Z</time>
        <extensions>
          <ns3:TrackPointExtension>
            <ns3:hr>145</ns3:hr>
            <ns3:cad>94</ns3:cad>
          </ns3:TrackPointExtension>
        </extensions>
      </trkpt>
      <trkpt lat="23.16820255480706691741943359375" lon="113.40960119850933551788330078125">
        <ele>18.3999996185302734375</ele>
        <time>2026-02-24T23:14:15.000Z</time>
        <extensions>
          <ns3:TrackPointExtension>
            <ns3:hr>145</ns3:hr>
            <ns3:cad>95</ns3:cad>
          </ns3:TrackPointExtension>
        </extensions>
      </trkpt>
      <trkpt lat="23.168219737708568572998046875" lon="113.40962148271501064300537109375">
        <ele>18.6000003814697265625</ele>
        <time>2026-02-24T23:14:16.000Z</time>
        <extensions>
          <ns3:TrackPointExtension>
            <ns3:hr>145</ns3:hr>
            <ns3:cad>95</ns3:cad>
          </ns3:TrackPointExtension>
        </extensions>
      </trkpt>
      <trkpt lat="23.168238513171672821044921875" lon="113.40964176692068576812744140625">
        <ele>18.6000003814697265625</ele>
        <time>2026-02-24T23:14:17.000Z</time>
        <extensions>
          <ns3:TrackPointExtension>
            <ns3:hr>145</ns3:hr>
            <ns3:cad>95</ns3:cad>
          </ns3:TrackPointExtension>
        </extensions>
      </trkpt>
      <trkpt lat="23.1682576239109039306640625" lon="113.4096522442996501922607421875">
        <ele>18.6000003814697265625</ele>
        <time>2026-02-24T23:14:18.000Z</time>
        <extensions>
          <ns3:TrackPointExtension>
            <ns3:hr>145</ns3:hr>
            <ns3:cad>94</ns3:cad>
          </ns3:TrackPointExtension>
        </extensions>
      </trkpt>
      <trkpt lat="23.16827933304011821746826171875" lon="113.40967588126659393310546875">
        <ele>18.6000003814697265625</ele>
        <time>2026-02-24T23:14:19.000Z</time>
        <extensions>
          <ns3:TrackPointExtension>
            <ns3:hr>145</ns3:hr>
            <ns3:cad>94</ns3:cad>
          </ns3:TrackPointExtension>
        </extensions>
      </trkpt>
      <trkpt lat="23.16829861141741275787353515625" lon="113.409690298140048980712890625">
        <ele>18.3999996185302734375</ele>
        <time>2026-02-24T23:14:20.000Z</time>
        <extensions>
          <ns3:TrackPointExtension>
            <ns3:hr>145</ns3:hr>
            <ns3:cad>94</ns3:cad>
          </ns3:TrackPointExtension>
        </extensions>
      </trkpt>
      <trkpt lat="23.16831353120505809783935546875" lon="113.4097112528979778289794921875">
        <ele>18.3999996185302734375</ele>
        <time>2026-02-24T23:14:21.000Z</time>
        <extensions>
          <ns3:TrackPointExtension>
            <ns3:hr>145</ns3:hr>
            <ns3:cad>95</ns3:cad>
          </ns3:TrackPointExtension>
        </extensions>
      </trkpt>
      <trkpt lat="23.16833046264946460723876953125" lon="113.4097357280552387237548828125">
        <ele>18.3999996185302734375</ele>
        <time>2026-02-24T23:14:22.000Z</time>
        <extensions>
          <ns3:TrackPointExtension>
            <ns3:hr>146</ns3:hr>
            <ns3:cad>95</ns3:cad>
          </ns3:TrackPointExtension>
        </extensions>
      </trkpt>
      <trkpt lat="23.16834806464612483978271484375" lon="113.40975232422351837158203125">
        <ele>18.3999996185302734375</ele>
        <time>2026-02-24T23:14:23.000Z</time>
        <extensions>
          <ns3:TrackPointExtension>
            <ns3:hr>146</ns3:hr>
            <ns3:cad>95</ns3:cad>
          </ns3:TrackPointExtension>
        </extensions>
      </trkpt>
      <trkpt lat="23.16836424171924591064453125" lon="113.409777469933032989501953125">
        <ele>18.3999996185302734375</ele>
        <time>2026-02-24T23:14:24.000Z</time>
        <extensions>
          <ns3:TrackPointExtension>
            <ns3:hr>146</ns3:hr>
            <ns3:cad>95</ns3:cad>
          </ns3:TrackPointExtension>
        </extensions>
      </trkpt>
      <trkpt lat="23.1683811731636524200439453125" lon="113.40979867614805698394775390625">
        <ele>18.3999996185302734375</ele>
        <time>2026-02-24T23:14:25.000Z</time>
        <extensions>
          <ns3:TrackPointExtension>
            <ns3:hr>146</ns3:hr>
            <ns3:cad>95</ns3:cad>
          </ns3:TrackPointExtension>
        </extensions>
      </trkpt>
      <trkpt lat="23.1683939136564731597900390625" lon="113.40981694869697093963623046875">
        <ele>18.3999996185302734375</ele>
        <time>2026-02-24T23:14:26.000Z</time>
        <extensions>
          <ns3:TrackPointExtension>
            <ns3:hr>145</ns3:hr>
            <ns3:cad>95</ns3:cad>
          </ns3:TrackPointExtension>
        </extensions>
      </trkpt>
      <trkpt lat="23.1684110127389430999755859375" lon="113.40984544716775417327880859375">
        <ele>18.3999996185302734375</ele>
        <time>2026-02-24T23:14:27.000Z</time>
        <extensions>
          <ns3:TrackPointExtension>
            <ns3:hr>145</ns3:hr>
            <ns3:cad>95</ns3:cad>
          </ns3:TrackPointExtension>
        </extensions>
      </trkpt>
      <trkpt lat="23.16842668689787387847900390625" lon="113.4098638035356998443603515625">
        <ele>18.3999996185302734375</ele>
        <time>2026-02-24T23:14:28.000Z</time>
        <extensions>
          <ns3:TrackPointExtension>
            <ns3:hr>145</ns3:hr>
            <ns3:cad>97</ns3:cad>
          </ns3:TrackPointExtension>
        </extensions>
      </trkpt>
      <trkpt lat="23.168441355228424072265625" lon="113.40988903306424617767333984375">
        <ele>18.3999996185302734375</ele>
        <time>2026-02-24T23:14:29.000Z</time>
        <extensions>
          <ns3:TrackPointExtension>
            <ns3:hr>145</ns3:hr>
            <ns3:cad>98</ns3:cad>
          </ns3:TrackPointExtension>
        </extensions>
      </trkpt>
      <trkpt lat="23.16845552064478397369384765625" lon="113.409914933145046234130859375">
        <ele>18.3999996185302734375</ele>
        <time>2026-02-24T23:14:30.000Z</time>
        <extensions>
          <ns3:TrackPointExtension>
            <ns3:hr>144</ns3:hr>
            <ns3:cad>98</ns3:cad>
          </ns3:TrackPointExtension>
        </extensions>
      </trkpt>
      <trkpt lat="23.1684683449566364288330078125" lon="113.40993412770330905914306640625">
        <ele>18.3999996185302734375</ele>
        <time>2026-02-24T23:14:31.000Z</time>
        <extensions>
          <ns3:TrackPointExtension>
            <ns3:hr>144</ns3:hr>
            <ns3:cad>97</ns3:cad>
          </ns3:TrackPointExtension>
        </extensions>
      </trkpt>
      <trkpt lat="23.168478570878505706787109375" lon="113.4099660627543926239013671875">
        <ele>18.6000003814697265625</ele>
        <time>2026-02-24T23:14:32.000Z</time>
        <extensions>
          <ns3:TrackPointExtension>
            <ns3:hr>144</ns3:hr>
            <ns3:cad>97</ns3:cad>
          </ns3:TrackPointExtension>
        </extensions>
      </trkpt>
      <trkpt lat="23.16849038936197757720947265625" lon="113.40998123399913311004638671875">
        <ele>18.6000003814697265625</ele>
        <time>2026-02-24T23:14:33.000Z</time>
        <extensions>
          <ns3:TrackPointExtension>
            <ns3:hr>144</ns3:hr>
            <ns3:cad>96</ns3:cad>
          </ns3:TrackPointExtension>
        </extensions>
      </trkpt>
      <trkpt lat="23.16850262694060802459716796875" lon="113.41000604443252086639404296875">
        <ele>18.6000003814697265625</ele>
        <time>2026-02-24T23:14:34.000Z</time>
        <extensions>
          <ns3:TrackPointExtension>
            <ns3:hr>143</ns3:hr>
            <ns3:cad>96</ns3:cad>
          </ns3:TrackPointExtension>
        </extensions>
      </trkpt>
      <trkpt lat="23.1685092486441135406494140625" lon="113.41003739275038242340087890625">
        <ele>18.6000003814697265625</ele>
        <time>2026-02-24T23:14:35.000Z</time>
        <extensions>
          <ns3:TrackPointExtension>
            <ns3:hr>143</ns3:hr>
            <ns3:cad>95</ns3:cad>
          </ns3:TrackPointExtension>
        </extensions>
      </trkpt>
      <trkpt lat="23.1685204803943634033203125" lon="113.410060442984104156494140625">
        <ele>18.6000003814697265625</ele>
        <time>2026-02-24T23:14:36.000Z</time>
        <extensions>
          <ns3:TrackPointExtension>
            <ns3:hr>143</ns3:hr>
            <ns3:cad>95</ns3:cad>
          </ns3:TrackPointExtension>
        </extensions>
      </trkpt>
      <trkpt lat="23.168526850640773773193359375" lon="113.4100941382348537445068359375">
        <ele>18.6000003814697265625</ele>
        <time>2026-02-24T23:14:37.000Z</time>
        <extensions>
          <ns3:TrackPointExtension>
            <ns3:hr>144</ns3:hr>
            <ns3:cad>97</ns3:cad>
          </ns3:TrackPointExtension>
        </extensions>
      </trkpt>
      <trkpt lat="23.168534897267818450927734375" lon="113.41011802665889263153076171875">
        <ele>18.6000003814697265625</ele>
        <time>2026-02-24T23:14:38.000Z</time>
        <extensions>
          <ns3:TrackPointExtension>
            <ns3:hr>144</ns3:hr>
            <ns3:cad>97</ns3:cad>
          </ns3:TrackPointExtension>
        </extensions>
      </trkpt>
      <trkpt lat="23.16854151897132396697998046875" lon="113.41014250181615352630615234375">
        <ele>18.6000003814697265625</ele>
        <time>2026-02-24T23:14:39.000Z</time>
        <extensions>
          <ns3:TrackPointExtension>
            <ns3:hr>144</ns3:hr>
            <ns3:cad>98</ns3:cad>
          </ns3:TrackPointExtension>
        </extensions>
      </trkpt>
      <trkpt lat="23.16854638047516345977783203125" lon="113.41017200611531734466552734375">
        <ele>18.6000003814697265625</ele>
        <time>2026-02-24T23:14:40.000Z</time>
        <extensions>
          <ns3:TrackPointExtension>
            <ns3:hr>144</ns3:hr>
            <ns3:cad>98</ns3:cad>
          </ns3:TrackPointExtension>
        </extensions>
      </trkpt>
      <trkpt lat="23.16855308599770069122314453125" lon="113.41019799001514911651611328125">
        <ele>18.6000003814697265625</ele>
        <time>2026-02-24T23:14:41.000Z</time>
        <extensions>
          <ns3:TrackPointExtension>
            <ns3:hr>145</ns3:hr>
            <ns3:cad>98</ns3:cad>
          </ns3:TrackPointExtension>
        </extensions>
      </trkpt>
      <trkpt lat="23.168557696044445037841796875" lon="113.41022766195237636566162109375">
        <ele>18.6000003814697265625</ele>
        <time>2026-02-24T23:14:42.000Z</time>
        <extensions>
          <ns3:TrackPointExtension>
            <ns3:hr>145</ns3:hr>
            <ns3:cad>98</ns3:cad>
          </ns3:TrackPointExtension>
        </extensions>
      </trkpt>
      <trkpt lat="23.1685615517199039459228515625" lon="113.41025532223284244537353515625">
        <ele>18.6000003814697265625</ele>
        <time>2026-02-24T23:14:43.000Z</time>
        <extensions>
          <ns3:TrackPointExtension>
            <ns3:hr>145</ns3:hr>
            <ns3:cad>98</ns3:cad>
          </ns3:TrackPointExtension>
        </extensions>
      </trkpt>
      <trkpt lat="23.1685632281005382537841796875" lon="113.41028063558042049407958984375">
        <ele>18.6000003814697265625</ele>
        <time>2026-02-24T23:14:44.000Z</time>
        <extensions>
          <ns3:TrackPointExtension>
            <ns3:hr>145</ns3:hr>
            <ns3:cad>97</ns3:cad>
          </ns3:TrackPointExtension>
        </extensions>
      </trkpt>
      <trkpt lat="23.168565072119235992431640625" lon="113.410308547317981719970703125">
        <ele>18.6000003814697265625</ele>
        <time>2026-02-24T23:14:45.000Z</time>
        <extensions>
          <ns3:TrackPointExtension>
            <ns3:hr>144</ns3:hr>
            <ns3:cad>96</ns3:cad>
          </ns3:TrackPointExtension>
        </extensions>
      </trkpt>
      <trkpt lat="23.16857035271823406219482421875" lon="113.410334698855876922607421875">
        <ele>18.6000003814697265625</ele>
        <time>2026-02-24T23:14:46.000Z</time>
        <extensions>
          <ns3:TrackPointExtension>
            <ns3:hr>145</ns3:hr>
            <ns3:cad>96</ns3:cad>
          </ns3:TrackPointExtension>
        </extensions>
      </trkpt>
      <trkpt lat="23.168570101261138916015625" lon="113.41036596335470676422119140625">
        <ele>18.6000003814697265625</ele>
        <time>2026-02-24T23:14:47.000Z</time>
        <extensions>
          <ns3:TrackPointExtension>
            <ns3:hr>145</ns3:hr>
            <ns3:cad>96</ns3:cad>
          </ns3:TrackPointExtension>
        </extensions>
      </trkpt>
      <trkpt lat="23.168575130403041839599609375" lon="113.41038892976939678192138671875">
        <ele>18.6000003814697265625</ele>
        <time>2026-02-24T23:14:48.000Z</time>
        <extensions>
          <ns3:TrackPointExtension>
            <ns3:hr>145</ns3:hr>
            <ns3:cad>96</ns3:cad>
          </ns3:TrackPointExtension>
        </extensions>
      </trkpt>
      <trkpt lat="23.16857655532658100128173828125" lon="113.4104160033166408538818359375">
        <ele>18.6000003814697265625</ele>
        <time>2026-02-24T23:14:49.000Z</time>
        <extensions>
          <ns3:TrackPointExtension>
            <ns3:hr>145</ns3:hr>
            <ns3:cad>95</ns3:cad>
          </ns3:TrackPointExtension>
        </extensions>
      </trkpt>
      <trkpt lat="23.16857202909886837005615234375" lon="113.41044190339744091033935546875">
        <ele>18.6000003814697265625</ele>
        <time>2026-02-24T23:14:50.000Z</time>
        <extensions>
          <ns3:TrackPointExtension>
            <ns3:hr>145</ns3:hr>
            <ns3:cad>95</ns3:cad>
          </ns3:TrackPointExtension>
        </extensions>
      </trkpt>
      <trkpt lat="23.16857404075562953948974609375" lon="113.41046302579343318939208984375">
        <ele>18.6000003814697265625</ele>
        <time>2026-02-24T23:14:51.000Z</time>
        <extensions>
          <ns3:TrackPointExtension>
            <ns3:hr>144</ns3:hr>
            <ns3:cad>95</ns3:cad>
          </ns3:TrackPointExtension>
        </extensions>
      </trkpt>
      <trkpt lat="23.16857286728918552398681640625" lon="113.41049127280712127685546875">
        <ele>18.6000003814697265625</ele>
        <time>2026-02-24T23:14:52.000Z</time>
        <extensions>
          <ns3:TrackPointExtension>
            <ns3:hr>145</ns3:hr>
            <ns3:cad>95</ns3:cad>
          </ns3:TrackPointExtension>
        </extensions>
      </trkpt>
      <trkpt lat="23.168574459850788116455078125" lon="113.41051817871630191802978515625">
        <ele>18.6000003814697265625</ele>
        <time>2026-02-24T23:14:53.000Z</time>
        <extensions>
          <ns3:TrackPointExtension>
            <ns3:hr>145</ns3:hr>
            <ns3:cad>97</ns3:cad>
          </ns3:TrackPointExtension>
        </extensions>
      </trkpt>
      <trkpt lat="23.16857253201305866241455078125" lon="113.410542570054531097412109375">
        <ele>18.6000003814697265625</ele>
        <time>2026-02-24T23:14:54.000Z</time>
        <extensions>
          <ns3:TrackPointExtension>
            <ns3:hr>144</ns3:hr>
            <ns3:cad>97</ns3:cad>
          </ns3:TrackPointExtension>
        </extensions>
      </trkpt>
      <trkpt lat="23.1685685925185680389404296875" lon="113.41056897304952144622802734375">
        <ele>18.6000003814697265625</ele>
        <time>2026-02-24T23:14:55.000Z</time>
        <extensions>
          <ns3:TrackPointExtension>
            <ns3:hr>145</ns3:hr>
            <ns3:cad>97</ns3:cad>
          </ns3:TrackPointExtension>
        </extensions>
      </trkpt>
      <trkpt lat="23.16856901161372661590576171875" lon="113.4105906821787357330322265625">
        <ele>18.6000003814697265625</ele>
        <time>2026-02-24T23:14:56.000Z</time>
        <extensions>
          <ns3:TrackPointExtension>
            <ns3:hr>145</ns3:hr>
            <ns3:cad>97</ns3:cad>
          </ns3:TrackPointExtension>
        </extensions>
      </trkpt>
      <trkpt lat="23.16856498830020427703857421875" lon="113.4106218628585338592529296875">
        <ele>18.6000003814697265625</ele>
        <time>2026-02-24T23:14:57.000Z</time>
        <extensions>
          <ns3:TrackPointExtension>
            <ns3:hr>144</ns3:hr>
            <ns3:cad>97</ns3:cad>
          </ns3:TrackPointExtension>
        </extensions>
      </trkpt>
      <trkpt lat="23.16856264136731624603271484375" lon="113.41064876876771450042724609375">
        <ele>18.3999996185302734375</ele>
        <time>2026-02-24T23:14:58.000Z</time>
        <extensions>
          <ns3:TrackPointExtension>
            <ns3:hr>144</ns3:hr>
            <ns3:cad>96</ns3:cad>
          </ns3:TrackPointExtension>
        </extensions>
      </trkpt>
      <trkpt lat="23.1685608811676502227783203125" lon="113.4106761775910854339599609375">
        <ele>18.3999996185302734375</ele>
        <time>2026-02-24T23:14:59.000Z</time>
        <extensions>
          <ns3:TrackPointExtension>
            <ns3:hr>143</ns3:hr>
            <ns3:cad>95</ns3:cad>
          </ns3:TrackPointExtension>
        </extensions>
      </trkpt>
      <trkpt lat="23.16855660639703273773193359375" lon="113.41070610098540782928466796875">
        <ele>18.3999996185302734375</ele>
        <time>2026-02-24T23:15:00.000Z</time>
        <extensions>
          <ns3:TrackPointExtension>
            <ns3:hr>143</ns3:hr>
            <ns3:cad>95</ns3:cad>
          </ns3:TrackPointExtension>
        </extensions>
      </trkpt>
      <trkpt lat="23.1685571931302547454833984375" lon="113.4107346832752227783203125">
        <ele>18.200000762939453125</ele>
        <time>2026-02-24T23:15:01.000Z</time>
        <extensions>
          <ns3:TrackPointExtension>
            <ns3:hr>143</ns3:hr>
            <ns3:cad>96</ns3:cad>
          </ns3:TrackPointExtension>
        </extensions>
      </trkpt>
      <trkpt lat="23.168552331626415252685546875" lon="113.4107633493840694427490234375">
        <ele>18.200000762939453125</ele>
        <time>2026-02-24T23:15:02.000Z</time>
        <extensions>
          <ns3:TrackPointExtension>
            <ns3:hr>143</ns3:hr>
            <ns3:cad>97</ns3:cad>
          </ns3:TrackPointExtension>
        </extensions>
      </trkpt>
      <trkpt lat="23.16854822449386119842529296875" lon="113.4107928536832332611083984375">
        <ele>18.200000762939453125</ele>
        <time>2026-02-24T23:15:03.000Z</time>
        <extensions>
          <ns3:TrackPointExtension>
            <ns3:hr>143</ns3:hr>
            <ns3:cad>98</ns3:cad>
          </ns3:TrackPointExtension>
        </extensions>
      </trkpt>
      <trkpt lat="23.1685474701225757598876953125" lon="113.4108173288404941558837890625">
        <ele>18.200000762939453125</ele>
        <time>2026-02-24T23:15:04.000Z</time>
        <extensions>
          <ns3:TrackPointExtension>
            <ns3:hr>143</ns3:hr>
            <ns3:cad>98</ns3:cad>
          </ns3:TrackPointExtension>
        </extensions>
      </trkpt>
      <trkpt lat="23.1685404293239116668701171875" lon="113.41084842570126056671142578125">
        <ele>18.200000762939453125</ele>
        <time>2026-02-24T23:15:05.000Z</time>
        <extensions>
          <ns3:TrackPointExtension>
            <ns3:hr>143</ns3:hr>
            <ns3:cad>98</ns3:cad>
          </ns3:TrackPointExtension>
        </extensions>
      </trkpt>
      <trkpt lat="23.16853724420070648193359375" lon="113.41087776236236095428466796875">
        <ele>18.200000762939453125</ele>
        <time>2026-02-24T23:15:06.000Z</time>
        <extensions>
          <ns3:TrackPointExtension>
            <ns3:hr>142</ns3:hr>
            <ns3:cad>98</ns3:cad>
          </ns3:TrackPointExtension>
        </extensions>
      </trkpt>
      <trkpt lat="23.168538250029087066650390625" lon="113.41090324334800243377685546875">
        <ele>18.200000762939453125</ele>
        <time>2026-02-24T23:15:07.000Z</time>
        <extensions>
          <ns3:TrackPointExtension>
            <ns3:hr>142</ns3:hr>
            <ns3:cad>98</ns3:cad>
          </ns3:TrackPointExtension>
        </extensions>
      </trkpt>
      <trkpt lat="23.168532550334930419921875" lon="113.41093517839908599853515625">
        <ele>18.200000762939453125</ele>
        <time>2026-02-24T23:15:08.000Z</time>
        <extensions>
          <ns3:TrackPointExtension>
            <ns3:hr>142</ns3:hr>
            <ns3:cad>97</ns3:cad>
          </ns3:TrackPointExtension>
        </extensions>
      </trkpt>
      <trkpt lat="23.16852944903075695037841796875" lon="113.41096040792763233184814453125">
        <ele>18.200000762939453125</ele>
        <time>2026-02-24T23:15:09.000Z</time>
        <extensions>
          <ns3:TrackPointExtension>
            <ns3:hr>142</ns3:hr>
            <ns3:cad>97</ns3:cad>
          </ns3:TrackPointExtension>
        </extensions>
      </trkpt>
      <trkpt lat="23.1685226596891880035400390625" lon="113.41098806820809841156005859375">
        <ele>18.200000762939453125</ele>
        <time>2026-02-24T23:15:10.000Z</time>
        <extensions>
          <ns3:TrackPointExtension>
            <ns3:hr>142</ns3:hr>
            <ns3:cad>98</ns3:cad>
          </ns3:TrackPointExtension>
        </extensions>
      </trkpt>
      <trkpt lat="23.168518804013729095458984375" lon="113.4110181592404842376708984375">
        <ele>18.200000762939453125</ele>
        <time>2026-02-24T23:15:11.000Z</time>
        <extensions>
          <ns3:TrackPointExtension>
            <ns3:hr>142</ns3:hr>
            <ns3:cad>98</ns3:cad>
          </ns3:TrackPointExtension>
        </extensions>
      </trkpt>
      <trkpt lat="23.168513439595699310302734375" lon="113.41104447841644287109375">
        <ele>18</ele>
        <time>2026-02-24T23:15:12.000Z</time>
        <extensions>
          <ns3:TrackPointExtension>
            <ns3:hr>141</ns3:hr>
            <ns3:cad>98</ns3:cad>
          </ns3:TrackPointExtension>
        </extensions>
      </trkpt>
      <trkpt lat="23.16850908100605010986328125" lon="113.41107666492462158203125">
        <ele>18</ele>
        <time>2026-02-24T23:15:13.000Z</time>
        <extensions>
          <ns3:TrackPointExtension>
            <ns3:hr>141</ns3:hr>
            <ns3:cad>98</ns3:cad>
          </ns3:TrackPointExtension>
        </extensions>
      </trkpt>
      <trkpt lat="23.1685095839202404022216796875" lon="113.41109870932996273040771484375">
        <ele>18</ele>
        <time>2026-02-24T23:15:14.000Z</time>
        <extensions>
          <ns3:TrackPointExtension>
            <ns3:hr>141</ns3:hr>
            <ns3:cad>97</ns3:cad>
          </ns3:TrackPointExtension>
        </extensions>
      </trkpt>
      <trkpt lat="23.1685055606067180633544921875" lon="113.41112653724849224090576171875">
        <ele>18</ele>
        <time>2026-02-24T23:15:15.000Z</time>
        <extensions>
          <ns3:TrackPointExtension>
            <ns3:hr>140</ns3:hr>
            <ns3:cad>96</ns3:cad>
          </ns3:TrackPointExtension>
        </extensions>
      </trkpt>
      <trkpt lat="23.16850597970187664031982421875" lon="113.41115369461476802825927734375">
        <ele>18</ele>
        <time>2026-02-24T23:15:16.000Z</time>
        <extensions>
          <ns3:TrackPointExtension>
            <ns3:hr>141</ns3:hr>
            <ns3:cad>96</ns3:cad>
          </ns3:TrackPointExtension>
        </extensions>
      </trkpt>
      <trkpt lat="23.1685069017112255096435546875" lon="113.41118202544748783111572265625">
        <ele>18</ele>
        <time>2026-02-24T23:15:17.000Z</time>
        <extensions>
          <ns3:TrackPointExtension>
            <ns3:hr>141</ns3:hr>
            <ns3:cad>96</ns3:cad>
          </ns3:TrackPointExtension>
        </extensions>
      </trkpt>
      <trkpt lat="23.16850430332124233245849609375" lon="113.4112129546701908111572265625">
        <ele>18</ele>
        <time>2026-02-24T23:15:18.000Z</time>
        <extensions>
          <ns3:TrackPointExtension>
            <ns3:hr>141</ns3:hr>
            <ns3:cad>96</ns3:cad>
          </ns3:TrackPointExtension>
        </extensions>
      </trkpt>
      <trkpt lat="23.16850841045379638671875" lon="113.41123902238905429840087890625">
        <ele>17.799999237060546875</ele>
        <time>2026-02-24T23:15:19.000Z</time>
        <extensions>
          <ns3:TrackPointExtension>
            <ns3:hr>140</ns3:hr>
            <ns3:cad>95</ns3:cad>
          </ns3:TrackPointExtension>
        </extensions>
      </trkpt>
      <trkpt lat="23.16850581206381320953369140625" lon="113.41126802377402782440185546875">
        <ele>17.799999237060546875</ele>
        <time>2026-02-24T23:15:20.000Z</time>
        <extensions>
          <ns3:TrackPointExtension>
            <ns3:hr>140</ns3:hr>
            <ns3:cad>95</ns3:cad>
          </ns3:TrackPointExtension>
        </extensions>
      </trkpt>
      <trkpt lat="23.1685042195022106170654296875" lon="113.41129518114030361175537109375">
        <ele>17.799999237060546875</ele>
        <time>2026-02-24T23:15:21.000Z</time>
        <extensions>
          <ns3:TrackPointExtension>
            <ns3:hr>140</ns3:hr>
            <ns3:cad>97</ns3:cad>
          </ns3:TrackPointExtension>
        </extensions>
      </trkpt>
      <trkpt lat="23.1685070693492889404296875" lon="113.4113215841352939605712890625">
        <ele>17.799999237060546875</ele>
        <time>2026-02-24T23:15:22.000Z</time>
        <extensions>
          <ns3:TrackPointExtension>
            <ns3:hr>140</ns3:hr>
            <ns3:cad>97</ns3:cad>
          </ns3:TrackPointExtension>
        </extensions>
      </trkpt>
      <trkpt lat="23.16850698553025722503662109375" lon="113.41135268099606037139892578125">
        <ele>17.799999237060546875</ele>
        <time>2026-02-24T23:15:23.000Z</time>
        <extensions>
          <ns3:TrackPointExtension>
            <ns3:hr>140</ns3:hr>
            <ns3:cad>96</ns3:cad>
          </ns3:TrackPointExtension>
        </extensions>
      </trkpt>
      <trkpt lat="23.1685089133679866790771484375" lon="113.41137900017201900482177734375">
        <ele>17.799999237060546875</ele>
        <time>2026-02-24T23:15:24.000Z</time>
        <extensions>
          <ns3:TrackPointExtension>
            <ns3:hr>140</ns3:hr>
            <ns3:cad>96</ns3:cad>
          </ns3:TrackPointExtension>
        </extensions>
      </trkpt>
      <trkpt lat="23.16850681789219379425048828125" lon="113.41140800155699253082275390625">
        <ele>17.799999237060546875</ele>
        <time>2026-02-24T23:15:25.000Z</time>
        <extensions>
          <ns3:TrackPointExtension>
            <ns3:hr>140</ns3:hr>
            <ns3:cad>95</ns3:cad>
          </ns3:TrackPointExtension>
        </extensions>
      </trkpt>
      <trkpt lat="23.1685048900544643402099609375" lon="113.4114360809326171875">
        <ele>17.799999237060546875</ele>
        <time>2026-02-24T23:15:26.000Z</time>
        <extensions>
          <ns3:TrackPointExtension>
            <ns3:hr>140</ns3:hr>
            <ns3:cad>95</ns3:cad>
          </ns3:TrackPointExtension>
        </extensions>
      </trkpt>
      <trkpt lat="23.1685045547783374786376953125" lon="113.4114634059369564056396484375">
        <ele>17.799999237060546875</ele>
        <time>2026-02-24T23:15:27.000Z</time>
        <extensions>
          <ns3:TrackPointExtension>
            <ns3:hr>140</ns3:hr>
            <ns3:cad>96</ns3:cad>
          </ns3:TrackPointExtension>
        </extensions>
      </trkpt>
      <trkpt lat="23.16850279457867145538330078125" lon="113.4114982746541500091552734375">
        <ele>17.799999237060546875</ele>
        <time>2026-02-24T23:15:28.000Z</time>
        <extensions>
          <ns3:TrackPointExtension>
            <ns3:hr>140</ns3:hr>
            <ns3:cad>96</ns3:cad>
          </ns3:TrackPointExtension>
        </extensions>
      </trkpt>
      <trkpt lat="23.168505392968654632568359375" lon="113.4115267731249332427978515625">
        <ele>17.799999237060546875</ele>
        <time>2026-02-24T23:15:29.000Z</time>
        <extensions>
          <ns3:TrackPointExtension>
            <ns3:hr>140</ns3:hr>
            <ns3:cad>96</ns3:cad>
          </ns3:TrackPointExtension>
        </extensions>
      </trkpt>
      <trkpt lat="23.16850195638835430145263671875" lon="113.41155334375798702239990234375">
        <ele>17.799999237060546875</ele>
        <time>2026-02-24T23:15:30.000Z</time>
        <extensions>
          <ns3:TrackPointExtension>
            <ns3:hr>140</ns3:hr>
            <ns3:cad>97</ns3:cad>
          </ns3:TrackPointExtension>
        </extensions>
      </trkpt>
      <trkpt lat="23.1685025431215763092041015625" lon="113.41158234514296054840087890625">
        <ele>17.799999237060546875</ele>
        <time>2026-02-24T23:15:31.000Z</time>
        <extensions>
          <ns3:TrackPointExtension>
            <ns3:hr>140</ns3:hr>
            <ns3:cad>97</ns3:cad>
          </ns3:TrackPointExtension>
        </extensions>
      </trkpt>
      <trkpt lat="23.1685001961886882781982421875" lon="113.41161184944212436676025390625">
        <ele>17.799999237060546875</ele>
        <time>2026-02-24T23:15:32.000Z</time>
        <extensions>
          <ns3:TrackPointExtension>
            <ns3:hr>141</ns3:hr>
            <ns3:cad>97</ns3:cad>
          </ns3:TrackPointExtension>
        </extensions>
      </trkpt>
      <trkpt lat="23.16849139519035816192626953125" lon="113.4116424433887004852294921875">
        <ele>17.799999237060546875</ele>
        <time>2026-02-24T23:15:33.000Z</time>
        <extensions>
          <ns3:TrackPointExtension>
            <ns3:hr>140</ns3:hr>
            <ns3:cad>97</ns3:cad>
          </ns3:TrackPointExtension>
        </extensions>
      </trkpt>
      <trkpt lat="23.16848904825747013092041015625" lon="113.41166465543210506439208984375">
        <ele>17.799999237060546875</ele>
        <time>2026-02-24T23:15:34.000Z</time>
        <extensions>
          <ns3:TrackPointExtension>
            <ns3:hr>140</ns3:hr>
            <ns3:cad>96</ns3:cad>
          </ns3:TrackPointExtension>
        </extensions>
      </trkpt>
      <trkpt lat="23.16848569549620151519775390625" lon="113.4116900525987148284912109375">
        <ele>17.799999237060546875</ele>
        <time>2026-02-24T23:15:35.000Z</time>
        <extensions>
          <ns3:TrackPointExtension>
            <ns3:hr>140</ns3:hr>
            <ns3:cad>96</ns3:cad>
          </ns3:TrackPointExtension>
        </extensions>
      </trkpt>
      <trkpt lat="23.16848360002040863037109375" lon="113.4117178805172443389892578125">
        <ele>17.799999237060546875</ele>
        <time>2026-02-24T23:15:36.000Z</time>
        <extensions>
          <ns3:TrackPointExtension>
            <ns3:hr>140</ns3:hr>
            <ns3:cad>96</ns3:cad>
          </ns3:TrackPointExtension>
        </extensions>
      </trkpt>
      <trkpt lat="23.16847865469753742218017578125" lon="113.41174528934061527252197265625">
        <ele>17.6000003814697265625</ele>
        <time>2026-02-24T23:15:37.000Z</time>
        <extensions>
          <ns3:TrackPointExtension>
            <ns3:hr>140</ns3:hr>
            <ns3:cad>96</ns3:cad>
          </ns3:TrackPointExtension>
        </extensions>
      </trkpt>
      <trkpt lat="23.16847077570855617523193359375" lon="113.41177647002041339874267578125">
        <ele>17.6000003814697265625</ele>
        <time>2026-02-24T23:15:38.000Z</time>
        <extensions>
          <ns3:TrackPointExtension>
            <ns3:hr>141</ns3:hr>
            <ns3:cad>96</ns3:cad>
          </ns3:TrackPointExtension>
        </extensions>
      </trkpt>
      <trkpt lat="23.1684700213372707366943359375" lon="113.4118022024631500244140625">
        <ele>17.3999996185302734375</ele>
        <time>2026-02-24T23:15:39.000Z</time>
        <extensions>
          <ns3:TrackPointExtension>
            <ns3:hr>141</ns3:hr>
            <ns3:cad>96</ns3:cad>
          </ns3:TrackPointExtension>
        </extensions>
      </trkpt>
      <trkpt lat="23.16846549510955810546875" lon="113.4118322096765041351318359375">
        <ele>17.3999996185302734375</ele>
        <time>2026-02-24T23:15:40.000Z</time>
        <extensions>
          <ns3:TrackPointExtension>
            <ns3:hr>142</ns3:hr>
            <ns3:cad>96</ns3:cad>
          </ns3:TrackPointExtension>
        </extensions>
      </trkpt>
      <trkpt lat="23.16846239380538463592529296875" lon="113.41185878030955791473388671875">
        <ele>17.200000762939453125</ele>
        <time>2026-02-24T23:15:41.000Z</time>
        <extensions>
          <ns3:TrackPointExtension>
            <ns3:hr>142</ns3:hr>
            <ns3:cad>96</ns3:cad>
          </ns3:TrackPointExtension>
        </extensions>
      </trkpt>
      <trkpt lat="23.168459795415401458740234375" lon="113.41188199818134307861328125">
        <ele>17.200000762939453125</ele>
        <time>2026-02-24T23:15:42.000Z</time>
        <extensions>
          <ns3:TrackPointExtension>
            <ns3:hr>142</ns3:hr>
            <ns3:cad>96</ns3:cad>
          </ns3:TrackPointExtension>
        </extensions>
      </trkpt>
      <trkpt lat="23.16845283843576908111572265625" lon="113.411911837756633758544921875">
        <ele>17.200000762939453125</ele>
        <time>2026-02-24T23:15:43.000Z</time>
        <extensions>
          <ns3:TrackPointExtension>
            <ns3:hr>141</ns3:hr>
            <ns3:cad>96</ns3:cad>
          </ns3:TrackPointExtension>
        </extensions>
      </trkpt>
      <trkpt lat="23.16845367662608623504638671875" lon="113.411933965981006622314453125">
        <ele>17</ele>
        <time>2026-02-24T23:15:44.000Z</time>
        <extensions>
          <ns3:TrackPointExtension>
            <ns3:hr>141</ns3:hr>
            <ns3:cad>96</ns3:cad>
          </ns3:TrackPointExtension>
        </extensions>
      </trkpt>
      <trkpt lat="23.16844713874161243438720703125" lon="113.411965481936931610107421875">
        <ele>17</ele>
        <time>2026-02-24T23:15:45.000Z</time>
        <extensions>
          <ns3:TrackPointExtension>
            <ns3:hr>141</ns3:hr>
            <ns3:cad>96</ns3:cad>
          </ns3:TrackPointExtension>
        </extensions>
      </trkpt>
      <trkpt lat="23.16844596527516841888427734375" lon="113.41198987327516078948974609375">
        <ele>17</ele>
        <time>2026-02-24T23:15:46.000Z</time>
        <extensions>
          <ns3:TrackPointExtension>
            <ns3:hr>141</ns3:hr>
            <ns3:cad>96</ns3:cad>
          </ns3:TrackPointExtension>
        </extensions>
      </trkpt>
      <trkpt lat="23.16844202578067779541015625" lon="113.41201703064143657684326171875">
        <ele>17</ele>
        <time>2026-02-24T23:15:47.000Z</time>
        <extensions>
          <ns3:TrackPointExtension>
            <ns3:hr>141</ns3:hr>
            <ns3:cad>96</ns3:cad>
          </ns3:TrackPointExtension>
        </extensions>
      </trkpt>
      <trkpt lat="23.16843842156231403350830078125" lon="113.412051312625408172607421875">
        <ele>17</ele>
        <time>2026-02-24T23:15:48.000Z</time>
        <extensions>
          <ns3:TrackPointExtension>
            <ns3:hr>141</ns3:hr>
            <ns3:cad>95</ns3:cad>
          </ns3:TrackPointExtension>
        </extensions>
      </trkpt>
      <trkpt lat="23.16843691281974315643310546875" lon="113.41207637451589107513427734375">
        <ele>16.799999237060546875</ele>
        <time>2026-02-24T23:15:49.000Z</time>
        <extensions>
          <ns3:TrackPointExtension>
            <ns3:hr>140</ns3:hr>
            <ns3:cad>95</ns3:cad>
          </ns3:TrackPointExtension>
        </extensions>
      </trkpt>
      <trkpt lat="23.1684319674968719482421875" lon="113.41210688464343547821044921875">
        <ele>16.799999237060546875</ele>
        <time>2026-02-24T23:15:50.000Z</time>
        <extensions>
          <ns3:TrackPointExtension>
            <ns3:hr>141</ns3:hr>
            <ns3:cad>95</ns3:cad>
          </ns3:TrackPointExtension>
        </extensions>
      </trkpt>
      <trkpt lat="23.16842853091657161712646484375" lon="113.41213270090520381927490234375">
        <ele>16.799999237060546875</ele>
        <time>2026-02-24T23:15:51.000Z</time>
        <extensions>
          <ns3:TrackPointExtension>
            <ns3:hr>140</ns3:hr>
            <ns3:cad>95</ns3:cad>
          </ns3:TrackPointExtension>
        </extensions>
      </trkpt>
      <trkpt lat="23.16842534579336643218994140625" lon="113.4121624566614627838134765625">
        <ele>16.799999237060546875</ele>
        <time>2026-02-24T23:15:52.000Z</time>
        <extensions>
          <ns3:TrackPointExtension>
            <ns3:hr>140</ns3:hr>
            <ns3:cad>95</ns3:cad>
          </ns3:TrackPointExtension>
        </extensions>
      </trkpt>
      <trkpt lat="23.16842325031757354736328125" lon="113.412192799150943756103515625">
        <ele>16.799999237060546875</ele>
        <time>2026-02-24T23:15:53.000Z</time>
        <extensions>
          <ns3:TrackPointExtension>
            <ns3:hr>140</ns3:hr>
            <ns3:cad>95</ns3:cad>
          </ns3:TrackPointExtension>
        </extensions>
      </trkpt>
      <trkpt lat="23.168421573936939239501953125" lon="113.41221651993691921234130859375">
        <ele>16.799999237060546875</ele>
        <time>2026-02-24T23:15:54.000Z</time>
        <extensions>
          <ns3:TrackPointExtension>
            <ns3:hr>140</ns3:hr>
            <ns3:cad>95</ns3:cad>
          </ns3:TrackPointExtension>
        </extensions>
      </trkpt>
      <trkpt lat="23.16841654479503631591796875" lon="113.41224384494125843048095703125">
        <ele>16.799999237060546875</ele>
        <time>2026-02-24T23:15:55.000Z</time>
        <extensions>
          <ns3:TrackPointExtension>
            <ns3:hr>139</ns3:hr>
            <ns3:cad>95</ns3:cad>
          </ns3:TrackPointExtension>
        </extensions>
      </trkpt>
      <trkpt lat="23.16841411404311656951904296875" lon="113.41226882301270961761474609375">
        <ele>16.799999237060546875</ele>
        <time>2026-02-24T23:15:56.000Z</time>
        <extensions>
          <ns3:TrackPointExtension>
            <ns3:hr>139</ns3:hr>
            <ns3:cad>96</ns3:cad>
          </ns3:TrackPointExtension>
        </extensions>
      </trkpt>
      <trkpt lat="23.16840774379670619964599609375" lon="113.41229866258800029754638671875">
        <ele>16.6000003814697265625</ele>
        <time>2026-02-24T23:15:57.000Z</time>
        <extensions>
          <ns3:TrackPointExtension>
            <ns3:hr>139</ns3:hr>
            <ns3:cad>96</ns3:cad>
          </ns3:TrackPointExtension>
        </extensions>
      </trkpt>
      <trkpt lat="23.16840874962508678436279296875" lon="113.41232917271554470062255859375">
        <ele>16.6000003814697265625</ele>
        <time>2026-02-24T23:15:58.000Z</time>
        <extensions>
          <ns3:TrackPointExtension>
            <ns3:hr>139</ns3:hr>
            <ns3:cad>96</ns3:cad>
          </ns3:TrackPointExtension>
        </extensions>
      </trkpt>
      <trkpt lat="23.16840439103543758392333984375" lon="113.41235549189150333404541015625">
        <ele>16.6000003814697265625</ele>
        <time>2026-02-24T23:15:59.000Z</time>
        <extensions>
          <ns3:TrackPointExtension>
            <ns3:hr>139</ns3:hr>
            <ns3:cad>96</ns3:cad>
          </ns3:TrackPointExtension>
        </extensions>
      </trkpt>
      <trkpt lat="23.168400116264820098876953125" lon="113.41238231398165225982666015625">
        <ele>16.6000003814697265625</ele>
        <time>2026-02-24T23:16:00.000Z</time>
        <extensions>
          <ns3:TrackPointExtension>
            <ns3:hr>139</ns3:hr>
            <ns3:cad>96</ns3:cad>
          </ns3:TrackPointExtension>
        </extensions>
      </trkpt>
      <trkpt lat="23.16840003244578838348388671875" lon="113.41240494512021541595458984375">
        <ele>16.6000003814697265625</ele>
        <time>2026-02-24T23:16:01.000Z</time>
        <extensions>
          <ns3:TrackPointExtension>
            <ns3:hr>139</ns3:hr>
            <ns3:cad>96</ns3:cad>
          </ns3:TrackPointExtension>
        </extensions>
      </trkpt>
      <trkpt lat="23.168398104608058929443359375" lon="113.4124326892197132110595703125">
        <ele>16.6000003814697265625</ele>
        <time>2026-02-24T23:16:02.000Z</time>
        <extensions>
          <ns3:TrackPointExtension>
            <ns3:hr>139</ns3:hr>
            <ns3:cad>96</ns3:cad>
          </ns3:TrackPointExtension>
        </extensions>
      </trkpt>
      <trkpt lat="23.168398439884185791015625" lon="113.4124588407576084136962890625">
        <ele>16.6000003814697265625</ele>
        <time>2026-02-24T23:16:03.000Z</time>
        <extensions>
          <ns3:TrackPointExtension>
            <ns3:hr>139</ns3:hr>
            <ns3:cad>96</ns3:cad>
          </ns3:TrackPointExtension>
        </extensions>
      </trkpt>
      <trkpt lat="23.1683939136564731597900390625" lon="113.412486501038074493408203125">
        <ele>16.3999996185302734375</ele>
        <time>2026-02-24T23:16:04.000Z</time>
        <extensions>
          <ns3:TrackPointExtension>
            <ns3:hr>138</ns3:hr>
            <ns3:cad>95</ns3:cad>
          </ns3:TrackPointExtension>
        </extensions>
      </trkpt>
      <trkpt lat="23.16838980652391910552978515625" lon="113.41251541860401630401611328125">
        <ele>16.3999996185302734375</ele>
        <time>2026-02-24T23:16:05.000Z</time>
        <extensions>
          <ns3:TrackPointExtension>
            <ns3:hr>138</ns3:hr>
            <ns3:cad>95</ns3:cad>
          </ns3:TrackPointExtension>
        </extensions>
      </trkpt>
      <trkpt lat="23.16839114762842655181884765625" lon="113.41254073195159435272216796875">
        <ele>16.3999996185302734375</ele>
        <time>2026-02-24T23:16:06.000Z</time>
        <extensions>
          <ns3:TrackPointExtension>
            <ns3:hr>138</ns3:hr>
            <ns3:cad>95</ns3:cad>
          </ns3:TrackPointExtension>
        </extensions>
      </trkpt>
      <trkpt lat="23.1683888845145702362060546875" lon="113.41257509775459766387939453125">
        <ele>16.200000762939453125</ele>
        <time>2026-02-24T23:16:07.000Z</time>
        <extensions>
          <ns3:TrackPointExtension>
            <ns3:hr>138</ns3:hr>
            <ns3:cad>95</ns3:cad>
          </ns3:TrackPointExtension>
        </extensions>
      </trkpt>
      <trkpt lat="23.16838745959103107452392578125" lon="113.41261088848114013671875">
        <ele>16.200000762939453125</ele>
        <time>2026-02-24T23:16:08.000Z</time>
        <extensions>
          <ns3:TrackPointExtension>
            <ns3:hr>138</ns3:hr>
            <ns3:cad>95</ns3:cad>
          </ns3:TrackPointExtension>
        </extensions>
      </trkpt>
      <trkpt lat="23.1683836877346038818359375" lon="113.41263695620000362396240234375">
        <ele>16.200000762939453125</ele>
        <time>2026-02-24T23:16:09.000Z</time>
        <extensions>
          <ns3:TrackPointExtension>
            <ns3:hr>137</ns3:hr>
            <ns3:cad>95</ns3:cad>
          </ns3:TrackPointExtension>
        </extensions>
      </trkpt>
      <trkpt lat="23.16838243044912815093994140625" lon="113.41266931034624576568603515625">
        <ele>16.200000762939453125</ele>
        <time>2026-02-24T23:16:10.000Z</time>
        <extensions>
          <ns3:TrackPointExtension>
            <ns3:hr>138</ns3:hr>
            <ns3:cad>96</ns3:cad>
          </ns3:TrackPointExtension>
        </extensions>
      </trkpt>
      <trkpt lat="23.16838494502007961273193359375" lon="113.4126952104270458221435546875">
        <ele>16.200000762939453125</ele>
        <time>2026-02-24T23:16:11.000Z</time>
        <extensions>
          <ns3:TrackPointExtension>
            <ns3:hr>138</ns3:hr>
            <ns3:cad>96</ns3:cad>
          </ns3:TrackPointExtension>
        </extensions>
      </trkpt>
      <trkpt lat="23.16838460974395275115966796875" lon="113.41272890567779541015625">
        <ele>16.200000762939453125</ele>
        <time>2026-02-24T23:16:12.000Z</time>
        <extensions>
          <ns3:TrackPointExtension>
            <ns3:hr>138</ns3:hr>
            <ns3:cad>96</ns3:cad>
          </ns3:TrackPointExtension>
        </extensions>
      </trkpt>
      <trkpt lat="23.16839114762842655181884765625" lon="113.41275664977729320526123046875">
        <ele>16</ele>
        <time>2026-02-24T23:16:13.000Z</time>
        <extensions>
          <ns3:TrackPointExtension>
            <ns3:hr>138</ns3:hr>
            <ns3:cad>96</ns3:cad>
          </ns3:TrackPointExtension>
        </extensions>
      </trkpt>
      <trkpt lat="23.16838779486715793609619140625" lon="113.41278732754290103912353515625">
        <ele>16</ele>
        <time>2026-02-24T23:16:14.000Z</time>
        <extensions>
          <ns3:TrackPointExtension>
            <ns3:hr>138</ns3:hr>
            <ns3:cad>96</ns3:cad>
          </ns3:TrackPointExtension>
        </extensions>
      </trkpt>
      <trkpt lat="23.1683848612010478973388671875" lon="113.41281934641301631927490234375">
        <ele>16.200000762939453125</ele>
        <time>2026-02-24T23:16:15.000Z</time>
        <extensions>
          <ns3:TrackPointExtension>
            <ns3:hr>138</ns3:hr>
            <ns3:cad>96</ns3:cad>
          </ns3:TrackPointExtension>
        </extensions>
      </trkpt>
      <trkpt lat="23.1683835200965404510498046875" lon="113.41284097172319889068603515625">
        <ele>16.200000762939453125</ele>
        <time>2026-02-24T23:16:16.000Z</time>
        <extensions>
          <ns3:TrackPointExtension>
            <ns3:hr>138</ns3:hr>
            <ns3:cad>96</ns3:cad>
          </ns3:TrackPointExtension>
        </extensions>
      </trkpt>
      <trkpt lat="23.16838041879236698150634765625" lon="113.41287148185074329376220703125">
        <ele>16.200000762939453125</ele>
        <time>2026-02-24T23:16:17.000Z</time>
        <extensions>
          <ns3:TrackPointExtension>
            <ns3:hr>138</ns3:hr>
            <ns3:cad>95</ns3:cad>
          </ns3:TrackPointExtension>
        </extensions>
      </trkpt>
      <trkpt lat="23.168387375771999359130859375" lon="113.41289319097995758056640625">
        <ele>16</ele>
        <time>2026-02-24T23:16:18.000Z</time>
        <extensions>
          <ns3:TrackPointExtension>
            <ns3:hr>138</ns3:hr>
            <ns3:cad>95</ns3:cad>
          </ns3:TrackPointExtension>
        </extensions>
      </trkpt>
      <trkpt lat="23.1683875434100627899169921875" lon="113.412921689450740814208984375">
        <ele>16</ele>
        <time>2026-02-24T23:16:19.000Z</time>
        <extensions>
          <ns3:TrackPointExtension>
            <ns3:hr>138</ns3:hr>
            <ns3:cad>95</ns3:cad>
          </ns3:TrackPointExtension>
        </extensions>
      </trkpt>
      <trkpt lat="23.16839399747550487518310546875" lon="113.41294859535992145538330078125">
        <ele>16</ele>
        <time>2026-02-24T23:16:20.000Z</time>
        <extensions>
          <ns3:TrackPointExtension>
            <ns3:hr>138</ns3:hr>
            <ns3:cad>95</ns3:cad>
          </ns3:TrackPointExtension>
        </extensions>
      </trkpt>
      <trkpt lat="23.16839450038969516754150390625" lon="113.41297307051718235015869140625">
        <ele>16</ele>
        <time>2026-02-24T23:16:21.000Z</time>
        <extensions>
          <ns3:TrackPointExtension>
            <ns3:hr>137</ns3:hr>
            <ns3:cad>95</ns3:cad>
          </ns3:TrackPointExtension>
        </extensions>
      </trkpt>
      <trkpt lat="23.168398439884185791015625" lon="113.4130033291876316070556640625">
        <ele>15.80000019073486328125</ele>
        <time>2026-02-24T23:16:22.000Z</time>
        <extensions>
          <ns3:TrackPointExtension>
            <ns3:hr>137</ns3:hr>
            <ns3:cad>95</ns3:cad>
          </ns3:TrackPointExtension>
        </extensions>
      </trkpt>
      <trkpt lat="23.168402127921581268310546875" lon="113.41302989982068538665771484375">
        <ele>15.80000019073486328125</ele>
        <time>2026-02-24T23:16:23.000Z</time>
        <extensions>
          <ns3:TrackPointExtension>
            <ns3:hr>137</ns3:hr>
            <ns3:cad>94</ns3:cad>
          </ns3:TrackPointExtension>
        </extensions>
      </trkpt>
      <trkpt lat="23.1683986075222492218017578125" lon="113.4130643494427204132080078125">
        <ele>15.80000019073486328125</ele>
        <time>2026-02-24T23:16:24.000Z</time>
        <extensions>
          <ns3:TrackPointExtension>
            <ns3:hr>136</ns3:hr>
            <ns3:cad>94</ns3:cad>
          </ns3:TrackPointExtension>
        </extensions>
      </trkpt>
      <trkpt lat="23.16840087063610553741455078125" lon="113.41308522038161754608154296875">
        <ele>15.80000019073486328125</ele>
        <time>2026-02-24T23:16:25.000Z</time>
        <extensions>
          <ns3:TrackPointExtension>
            <ns3:hr>135</ns3:hr>
            <ns3:cad>93</ns3:cad>
          </ns3:TrackPointExtension>
        </extensions>
      </trkpt>
      <trkpt lat="23.16839936189353466033935546875" lon="113.41311992146074771881103515625">
        <ele>15.80000019073486328125</ele>
        <time>2026-02-24T23:16:26.000Z</time>
        <extensions>
          <ns3:TrackPointExtension>
            <ns3:hr>134</ns3:hr>
            <ns3:cad>93</ns3:cad>
          </ns3:TrackPointExtension>
        </extensions>
      </trkpt>
      <trkpt lat="23.16839969716966152191162109375" lon="113.41314506717026233673095703125">
        <ele>15.80000019073486328125</ele>
        <time>2026-02-24T23:16:27.000Z</time>
        <extensions>
          <ns3:TrackPointExtension>
            <ns3:hr>134</ns3:hr>
            <ns3:cad>93</ns3:cad>
          </ns3:TrackPointExtension>
        </extensions>
      </trkpt>
      <trkpt lat="23.168398439884185791015625" lon="113.41316878795623779296875">
        <ele>15.80000019073486328125</ele>
        <time>2026-02-24T23:16:28.000Z</time>
        <extensions>
          <ns3:TrackPointExtension>
            <ns3:hr>134</ns3:hr>
            <ns3:cad>95</ns3:cad>
          </ns3:TrackPointExtension>
        </extensions>
      </trkpt>
      <trkpt lat="23.16839584149420261383056640625" lon="113.413201309740543365478515625">
        <ele>15.80000019073486328125</ele>
        <time>2026-02-24T23:16:29.000Z</time>
        <extensions>
          <ns3:TrackPointExtension>
            <ns3:hr>134</ns3:hr>
            <ns3:cad>96</ns3:cad>
          </ns3:TrackPointExtension>
        </extensions>
      </trkpt>
      <trkpt lat="23.1684002839028835296630859375" lon="113.41322603635489940643310546875">
        <ele>15.80000019073486328125</ele>
        <time>2026-02-24T23:16:30.000Z</time>
        <extensions>
          <ns3:TrackPointExtension>
            <ns3:hr>134</ns3:hr>
            <ns3:cad>96</ns3:cad>
          </ns3:TrackPointExtension>
        </extensions>
      </trkpt>
      <trkpt lat="23.168399445712566375732421875" lon="113.41325419954955577850341796875">
        <ele>15.80000019073486328125</ele>
        <time>2026-02-24T23:16:31.000Z</time>
        <extensions>
          <ns3:TrackPointExtension>
            <ns3:hr>134</ns3:hr>
            <ns3:cad>96</ns3:cad>
          </ns3:TrackPointExtension>
        </extensions>
      </trkpt>
      <trkpt lat="23.16839969716966152191162109375" lon="113.41328638605773448944091796875">
        <ele>15.80000019073486328125</ele>
        <time>2026-02-24T23:16:32.000Z</time>
        <extensions>
          <ns3:TrackPointExtension>
            <ns3:hr>133</ns3:hr>
            <ns3:cad>95</ns3:cad>
          </ns3:TrackPointExtension>
        </extensions>
      </trkpt>
      <trkpt lat="23.16840455867350101470947265625" lon="113.41331019066274166107177734375">
        <ele>15.6000003814697265625</ele>
        <time>2026-02-24T23:16:33.000Z</time>
        <extensions>
          <ns3:TrackPointExtension>
            <ns3:hr>133</ns3:hr>
            <ns3:cad>95</ns3:cad>
          </ns3:TrackPointExtension>
        </extensions>
      </trkpt>
      <trkpt lat="23.16839885897934436798095703125" lon="113.41334438882768154144287109375">
        <ele>15.6000003814697265625</ele>
        <time>2026-02-24T23:16:34.000Z</time>
        <extensions>
          <ns3:TrackPointExtension>
            <ns3:hr>134</ns3:hr>
            <ns3:cad>97</ns3:cad>
          </ns3:TrackPointExtension>
        </extensions>
      </trkpt>
      <trkpt lat="23.16839911043643951416015625" lon="113.4133728034794330596923828125">
        <ele>15.6000003814697265625</ele>
        <time>2026-02-24T23:16:35.000Z</time>
        <extensions>
          <ns3:TrackPointExtension>
            <ns3:hr>134</ns3:hr>
            <ns3:cad>97</ns3:cad>
          </ns3:TrackPointExtension>
        </extensions>
      </trkpt>
      <trkpt lat="23.168396763503551483154296875" lon="113.41339350678026676177978515625">
        <ele>15.6000003814697265625</ele>
        <time>2026-02-24T23:16:36.000Z</time>
        <extensions>
          <ns3:TrackPointExtension>
            <ns3:hr>134</ns3:hr>
            <ns3:cad>98</ns3:cad>
          </ns3:TrackPointExtension>
        </extensions>
      </trkpt>
      <trkpt lat="23.168393075466156005859375" lon="113.41342619620263576507568359375">
        <ele>15.6000003814697265625</ele>
        <time>2026-02-24T23:16:37.000Z</time>
        <extensions>
          <ns3:TrackPointExtension>
            <ns3:hr>134</ns3:hr>
            <ns3:cad>98</ns3:cad>
          </ns3:TrackPointExtension>
        </extensions>
      </trkpt>
      <trkpt lat="23.16839718259871006011962890625" lon="113.4134502522647380828857421875">
        <ele>15.6000003814697265625</ele>
        <time>2026-02-24T23:16:38.000Z</time>
        <extensions>
          <ns3:TrackPointExtension>
            <ns3:hr>134</ns3:hr>
            <ns3:cad>98</ns3:cad>
          </ns3:TrackPointExtension>
        </extensions>
      </trkpt>
      <trkpt lat="23.16839483566582202911376953125" lon="113.413479588925838470458984375">
        <ele>15.80000019073486328125</ele>
        <time>2026-02-24T23:16:39.000Z</time>
        <extensions>
          <ns3:TrackPointExtension>
            <ns3:hr>134</ns3:hr>
            <ns3:cad>98</ns3:cad>
          </ns3:TrackPointExtension>
        </extensions>
      </trkpt>
      <trkpt lat="23.1683915667235851287841796875" lon="113.4135126136243343353271484375">
        <ele>15.80000019073486328125</ele>
        <time>2026-02-24T23:16:40.000Z</time>
        <extensions>
          <ns3:TrackPointExtension>
            <ns3:hr>134</ns3:hr>
            <ns3:cad>98</ns3:cad>
          </ns3:TrackPointExtension>
        </extensions>
      </trkpt>
      <trkpt lat="23.16839399747550487518310546875" lon="113.41353767551481723785400390625">
        <ele>15.80000019073486328125</ele>
        <time>2026-02-24T23:16:41.000Z</time>
        <extensions>
          <ns3:TrackPointExtension>
            <ns3:hr>134</ns3:hr>
            <ns3:cad>98</ns3:cad>
          </ns3:TrackPointExtension>
        </extensions>
      </trkpt>
      <trkpt lat="23.16839039325714111328125" lon="113.4135729633271694183349609375">
        <ele>15.80000019073486328125</ele>
        <time>2026-02-24T23:16:42.000Z</time>
        <extensions>
          <ns3:TrackPointExtension>
            <ns3:hr>135</ns3:hr>
            <ns3:cad>98</ns3:cad>
          </ns3:TrackPointExtension>
        </extensions>
      </trkpt>
      <trkpt lat="23.16839014180004596710205078125" lon="113.4136017970740795135498046875">
        <ele>15.80000019073486328125</ele>
        <time>2026-02-24T23:16:43.000Z</time>
        <extensions>
          <ns3:TrackPointExtension>
            <ns3:hr>134</ns3:hr>
            <ns3:cad>98</ns3:cad>
          </ns3:TrackPointExtension>
        </extensions>
      </trkpt>
      <trkpt lat="23.16839097999036312103271484375" lon="113.41362853534519672393798828125">
        <ele>15.80000019073486328125</ele>
        <time>2026-02-24T23:16:44.000Z</time>
        <extensions>
          <ns3:TrackPointExtension>
            <ns3:hr>134</ns3:hr>
            <ns3:cad>97</ns3:cad>
          </ns3:TrackPointExtension>
        </extensions>
      </trkpt>
      <trkpt lat="23.1683862023055553436279296875" lon="113.41365904547274112701416015625">
        <ele>15.80000019073486328125</ele>
        <time>2026-02-24T23:16:45.000Z</time>
        <extensions>
          <ns3:TrackPointExtension>
            <ns3:hr>134</ns3:hr>
            <ns3:cad>97</ns3:cad>
          </ns3:TrackPointExtension>
        </extensions>
      </trkpt>
      <trkpt lat="23.16838343627750873565673828125" lon="113.4136856161057949066162109375">
        <ele>16</ele>
        <time>2026-02-24T23:16:46.000Z</time>
        <extensions>
          <ns3:TrackPointExtension>
            <ns3:hr>134</ns3:hr>
            <ns3:cad>98</ns3:cad>
          </ns3:TrackPointExtension>
        </extensions>
      </trkpt>
      <trkpt lat="23.1683778204023838043212890625" lon="113.413712270557880401611328125">
        <ele>16</ele>
        <time>2026-02-24T23:16:47.000Z</time>
        <extensions>
          <ns3:TrackPointExtension>
            <ns3:hr>134</ns3:hr>
            <ns3:cad>98</ns3:cad>
          </ns3:TrackPointExtension>
        </extensions>
      </trkpt>
      <trkpt lat="23.168369270861148834228515625" lon="113.413741774857044219970703125">
        <ele>16</ele>
        <time>2026-02-24T23:16:48.000Z</time>
        <extensions>
          <ns3:TrackPointExtension>
            <ns3:hr>134</ns3:hr>
            <ns3:cad>98</ns3:cad>
          </ns3:TrackPointExtension>
        </extensions>
      </trkpt>
      <trkpt lat="23.16836784593760967254638671875" lon="113.41376465745270252227783203125">
        <ele>16</ele>
        <time>2026-02-24T23:16:49.000Z</time>
        <extensions>
          <ns3:TrackPointExtension>
            <ns3:hr>134</ns3:hr>
            <ns3:cad>98</ns3:cad>
          </ns3:TrackPointExtension>
        </extensions>
      </trkpt>
      <trkpt lat="23.16835208795964717864990234375" lon="113.4137888811528682708740234375">
        <ele>16</ele>
        <time>2026-02-24T23:16:50.000Z</time>
        <extensions>
          <ns3:TrackPointExtension>
            <ns3:hr>135</ns3:hr>
            <ns3:cad>98</ns3:cad>
          </ns3:TrackPointExtension>
        </extensions>
      </trkpt>
      <trkpt lat="23.16833532415330410003662109375" lon="113.41381209902465343475341796875">
        <ele>16</ele>
        <time>2026-02-24T23:16:51.000Z</time>
        <extensions>
          <ns3:TrackPointExtension>
            <ns3:hr>134</ns3:hr>
            <ns3:cad>98</ns3:cad>
          </ns3:TrackPointExtension>
        </extensions>
      </trkpt>
      <trkpt lat="23.16831923089921474456787109375" lon="113.41383062303066253662109375">
        <ele>16</ele>
        <time>2026-02-24T23:16:52.000Z</time>
        <extensions>
          <ns3:TrackPointExtension>
            <ns3:hr>134</ns3:hr>
            <ns3:cad>98</ns3:cad>
          </ns3:TrackPointExtension>
        </extensions>
      </trkpt>
      <trkpt lat="23.16829509101808071136474609375" lon="113.413843028247356414794921875">
        <ele>16.200000762939453125</ele>
        <time>2026-02-24T23:16:53.000Z</time>
        <extensions>
          <ns3:TrackPointExtension>
            <ns3:hr>134</ns3:hr>
            <ns3:cad>98</ns3:cad>
          </ns3:TrackPointExtension>
        </extensions>
      </trkpt>
      <trkpt lat="23.16827229224145412445068359375" lon="113.4138545952737331390380859375">
        <ele>16.200000762939453125</ele>
        <time>2026-02-24T23:16:54.000Z</time>
        <extensions>
          <ns3:TrackPointExtension>
            <ns3:hr>135</ns3:hr>
            <ns3:cad>99</ns3:cad>
          </ns3:TrackPointExtension>
        </extensions>
      </trkpt>
      <trkpt lat="23.16825251094996929168701171875" lon="113.41387219727039337158203125">
        <ele>16.200000762939453125</ele>
        <time>2026-02-24T23:16:55.000Z</time>
        <extensions>
          <ns3:TrackPointExtension>
            <ns3:hr>135</ns3:hr>
            <ns3:cad>99</ns3:cad>
          </ns3:TrackPointExtension>
        </extensions>
      </trkpt>
      <trkpt lat="23.16824060864746570587158203125" lon="113.4139055572450160980224609375">
        <ele>16.200000762939453125</ele>
        <time>2026-02-24T23:16:56.000Z</time>
        <extensions>
          <ns3:TrackPointExtension>
            <ns3:hr>135</ns3:hr>
            <ns3:cad>99</ns3:cad>
          </ns3:TrackPointExtension>
        </extensions>
      </trkpt>
      <trkpt lat="23.168241195380687713623046875" lon="113.4139303676784038543701171875">
        <ele>16.200000762939453125</ele>
        <time>2026-02-24T23:16:57.000Z</time>
        <extensions>
          <ns3:TrackPointExtension>
            <ns3:hr>136</ns3:hr>
            <ns3:cad>98</ns3:cad>
          </ns3:TrackPointExtension>
        </extensions>
      </trkpt>
      <trkpt lat="23.16823977045714855194091796875" lon="113.41396096162497997283935546875">
        <ele>16.200000762939453125</ele>
        <time>2026-02-24T23:16:58.000Z</time>
        <extensions>
          <ns3:TrackPointExtension>
            <ns3:hr>136</ns3:hr>
            <ns3:cad>97</ns3:cad>
          </ns3:TrackPointExtension>
        </extensions>
      </trkpt>
      <trkpt lat="23.16824060864746570587158203125" lon="113.4139880351722240447998046875">
        <ele>16</ele>
        <time>2026-02-24T23:16:59.000Z</time>
        <extensions>
          <ns3:TrackPointExtension>
            <ns3:hr>138</ns3:hr>
            <ns3:cad>95</ns3:cad>
          </ns3:TrackPointExtension>
        </extensions>
      </trkpt>
      <trkpt lat="23.16823926754295825958251953125" lon="113.4140135161578655242919921875">
        <ele>16.200000762939453125</ele>
        <time>2026-02-24T23:17:00.000Z</time>
        <extensions>
          <ns3:TrackPointExtension>
            <ns3:hr>138</ns3:hr>
            <ns3:cad>95</ns3:cad>
          </ns3:TrackPointExtension>
        </extensions>
      </trkpt>
      <trkpt lat="23.16823742352426052093505859375" lon="113.41404830105602741241455078125">
        <ele>16.200000762939453125</ele>
        <time>2026-02-24T23:17:01.000Z</time>
        <extensions>
          <ns3:TrackPointExtension>
            <ns3:hr>139</ns3:hr>
            <ns3:cad>95</ns3:cad>
          </ns3:TrackPointExtension>
        </extensions>
      </trkpt>
      <trkpt lat="23.16824446432292461395263671875" lon="113.4140711836516857147216796875">
        <ele>16.200000762939453125</ele>
        <time>2026-02-24T23:17:02.000Z</time>
        <extensions>
          <ns3:TrackPointExtension>
            <ns3:hr>139</ns3:hr>
            <ns3:cad>95</ns3:cad>
          </ns3:TrackPointExtension>
        </extensions>
      </trkpt>
      <trkpt lat="23.16825024783611297607421875" lon="113.41410278342664241790771484375">
        <ele>16.200000762939453125</ele>
        <time>2026-02-24T23:17:03.000Z</time>
        <extensions>
          <ns3:TrackPointExtension>
            <ns3:hr>140</ns3:hr>
            <ns3:cad>97</ns3:cad>
          </ns3:TrackPointExtension>
        </extensions>
      </trkpt>
      <trkpt lat="23.16825770772993564605712890625" lon="113.414136059582233428955078125">
        <ele>16.3999996185302734375</ele>
        <time>2026-02-24T23:17:04.000Z</time>
        <extensions>
          <ns3:TrackPointExtension>
            <ns3:hr>140</ns3:hr>
            <ns3:cad>96</ns3:cad>
          </ns3:TrackPointExtension>
        </extensions>
      </trkpt>
      <trkpt lat="23.168266005814075469970703125" lon="113.4141586907207965850830078125">
        <ele>16.3999996185302734375</ele>
        <time>2026-02-24T23:17:05.000Z</time>
        <extensions>
          <ns3:TrackPointExtension>
            <ns3:hr>140</ns3:hr>
            <ns3:cad>96</ns3:cad>
          </ns3:TrackPointExtension>
        </extensions>
      </trkpt>
      <trkpt lat="23.16827438771724700927734375" lon="113.41419179923832416534423828125">
        <ele>16.6000003814697265625</ele>
        <time>2026-02-24T23:17:06.000Z</time>
        <extensions>
          <ns3:TrackPointExtension>
            <ns3:hr>140</ns3:hr>
            <ns3:cad>97</ns3:cad>
          </ns3:TrackPointExtension>
        </extensions>
      </trkpt>
      <trkpt lat="23.16828369162976741790771484375" lon="113.41421828605234622955322265625">
        <ele>16.799999237060546875</ele>
        <time>2026-02-24T23:17:07.000Z</time>
        <extensions>
          <ns3:TrackPointExtension>
            <ns3:hr>141</ns3:hr>
            <ns3:cad>97</ns3:cad>
          </ns3:TrackPointExtension>
        </extensions>
      </trkpt>
      <trkpt lat="23.1682899780571460723876953125" lon="113.41424091719090938568115234375">
        <ele>16.799999237060546875</ele>
        <time>2026-02-24T23:17:08.000Z</time>
        <extensions>
          <ns3:TrackPointExtension>
            <ns3:hr>141</ns3:hr>
            <ns3:cad>98</ns3:cad>
          </ns3:TrackPointExtension>
        </extensions>
      </trkpt>
      <trkpt lat="23.16829609684646129608154296875" lon="113.41427452862262725830078125">
        <ele>17</ele>
        <time>2026-02-24T23:17:09.000Z</time>
        <extensions>
          <ns3:TrackPointExtension>
            <ns3:hr>141</ns3:hr>
            <ns3:cad>98</ns3:cad>
          </ns3:TrackPointExtension>
        </extensions>
      </trkpt>
      <trkpt lat="23.1683027185499668121337890625" lon="113.41429875232279300689697265625">
        <ele>17.200000762939453125</ele>
        <time>2026-02-24T23:17:10.000Z</time>
        <extensions>
          <ns3:TrackPointExtension>
            <ns3:hr>142</ns3:hr>
            <ns3:cad>98</ns3:cad>
          </ns3:TrackPointExtension>
        </extensions>
      </trkpt>
      <trkpt lat="23.168298862874507904052734375" lon="113.41432741843163967132568359375">
        <ele>17.200000762939453125</ele>
        <time>2026-02-24T23:17:11.000Z</time>
        <extensions>
          <ns3:TrackPointExtension>
            <ns3:hr>142</ns3:hr>
            <ns3:cad>98</ns3:cad>
          </ns3:TrackPointExtension>
        </extensions>
      </trkpt>
      <trkpt lat="23.168291486799716949462890625" lon="113.414356671273708343505859375">
        <ele>17.200000762939453125</ele>
        <time>2026-02-24T23:17:12.000Z</time>
        <extensions>
          <ns3:TrackPointExtension>
            <ns3:hr>143</ns3:hr>
            <ns3:cad>97</ns3:cad>
          </ns3:TrackPointExtension>
        </extensions>
      </trkpt>
      <trkpt lat="23.16829316318035125732421875" lon="113.4143779613077640533447265625">
        <ele>17.200000762939453125</ele>
        <time>2026-02-24T23:17:13.000Z</time>
        <extensions>
          <ns3:TrackPointExtension>
            <ns3:hr>143</ns3:hr>
            <ns3:cad>97</ns3:cad>
          </ns3:TrackPointExtension>
        </extensions>
      </trkpt>
      <trkpt lat="23.16829090006649494171142578125" lon="113.41440352611243724822998046875">
        <ele>17.3999996185302734375</ele>
        <time>2026-02-24T23:17:14.000Z</time>
        <extensions>
          <ns3:TrackPointExtension>
            <ns3:hr>144</ns3:hr>
            <ns3:cad>98</ns3:cad>
          </ns3:TrackPointExtension>
        </extensions>
      </trkpt>
      <trkpt lat="23.16829039715230464935302734375" lon="113.41443085111677646636962890625">
        <ele>17.3999996185302734375</ele>
        <time>2026-02-24T23:17:15.000Z</time>
        <extensions>
          <ns3:TrackPointExtension>
            <ns3:hr>144</ns3:hr>
            <ns3:cad>98</ns3:cad>
          </ns3:TrackPointExtension>
        </extensions>
      </trkpt>
      <trkpt lat="23.16828486509621143341064453125" lon="113.41445448808372020721435546875">
        <ele>17.3999996185302734375</ele>
        <time>2026-02-24T23:17:16.000Z</time>
        <extensions>
          <ns3:TrackPointExtension>
            <ns3:hr>144</ns3:hr>
            <ns3:cad>98</ns3:cad>
          </ns3:TrackPointExtension>
        </extensions>
      </trkpt>
      <trkpt lat="23.16827581264078617095947265625" lon="113.41448751278221607208251953125">
        <ele>17.3999996185302734375</ele>
        <time>2026-02-24T23:17:17.000Z</time>
        <extensions>
          <ns3:TrackPointExtension>
            <ns3:hr>145</ns3:hr>
            <ns3:cad>97</ns3:cad>
          </ns3:TrackPointExtension>
        </extensions>
      </trkpt>
      <trkpt lat="23.16827614791691303253173828125" lon="113.41451148502528667449951171875">
        <ele>17.3999996185302734375</ele>
        <time>2026-02-24T23:17:18.000Z</time>
        <extensions>
          <ns3:TrackPointExtension>
            <ns3:hr>145</ns3:hr>
            <ns3:cad>97</ns3:cad>
          </ns3:TrackPointExtension>
        </extensions>
      </trkpt>
      <trkpt lat="23.16827078349888324737548828125" lon="113.41454115696251392364501953125">
        <ele>17.6000003814697265625</ele>
        <time>2026-02-24T23:17:19.000Z</time>
        <extensions>
          <ns3:TrackPointExtension>
            <ns3:hr>145</ns3:hr>
            <ns3:cad>96</ns3:cad>
          </ns3:TrackPointExtension>
        </extensions>
      </trkpt>
      <trkpt lat="23.1682668440043926239013671875" lon="113.41457015834748744964599609375">
        <ele>17.6000003814697265625</ele>
        <time>2026-02-24T23:17:20.000Z</time>
        <extensions>
          <ns3:TrackPointExtension>
            <ns3:hr>145</ns3:hr>
            <ns3:cad>96</ns3:cad>
          </ns3:TrackPointExtension>
        </extensions>
      </trkpt>
      <trkpt lat="23.1682624854147434234619140625" lon="113.41459639370441436767578125">
        <ele>17.799999237060546875</ele>
        <time>2026-02-24T23:17:21.000Z</time>
        <extensions>
          <ns3:TrackPointExtension>
            <ns3:hr>145</ns3:hr>
            <ns3:cad>97</ns3:cad>
          </ns3:TrackPointExtension>
        </extensions>
      </trkpt>
      <trkpt lat="23.1682571209967136383056640625" lon="113.41462564654648303985595703125">
        <ele>18</ele>
        <time>2026-02-24T23:17:22.000Z</time>
        <extensions>
          <ns3:TrackPointExtension>
            <ns3:hr>146</ns3:hr>
            <ns3:cad>97</ns3:cad>
          </ns3:TrackPointExtension>
        </extensions>
      </trkpt>
      <trkpt lat="23.16825829446315765380859375" lon="113.4146471880376338958740234375">
        <ele>18</ele>
        <time>2026-02-24T23:17:23.000Z</time>
        <extensions>
          <ns3:TrackPointExtension>
            <ns3:hr>146</ns3:hr>
            <ns3:cad>97</ns3:cad>
          </ns3:TrackPointExtension>
        </extensions>
      </trkpt>
      <trkpt lat="23.16825737245380878448486328125" lon="113.41467744670808315277099609375">
        <ele>18.200000762939453125</ele>
        <time>2026-02-24T23:17:24.000Z</time>
        <extensions>
          <ns3:TrackPointExtension>
            <ns3:hr>145</ns3:hr>
            <ns3:cad>97</ns3:cad>
          </ns3:TrackPointExtension>
        </extensions>
      </trkpt>
      <trkpt lat="23.16825829446315765380859375" lon="113.41469965875148773193359375">
        <ele>18.3999996185302734375</ele>
        <time>2026-02-24T23:17:25.000Z</time>
        <extensions>
          <ns3:TrackPointExtension>
            <ns3:hr>145</ns3:hr>
            <ns3:cad>97</ns3:cad>
          </ns3:TrackPointExtension>
        </extensions>
      </trkpt>
      <trkpt lat="23.16825435496866703033447265625" lon="113.4147202782332897186279296875">
        <ele>18.3999996185302734375</ele>
        <time>2026-02-24T23:17:26.000Z</time>
        <extensions>
          <ns3:TrackPointExtension>
            <ns3:hr>145</ns3:hr>
            <ns3:cad>97</ns3:cad>
          </ns3:TrackPointExtension>
        </extensions>
      </trkpt>
      <trkpt lat="23.1682504154741764068603515625" lon="113.41474852524697780609130859375">
        <ele>18.3999996185302734375</ele>
        <time>2026-02-24T23:17:27.000Z</time>
        <extensions>
          <ns3:TrackPointExtension>
            <ns3:hr>145</ns3:hr>
            <ns3:cad>97</ns3:cad>
          </ns3:TrackPointExtension>
        </extensions>
      </trkpt>
      <trkpt lat="23.16825116984546184539794921875" lon="113.4147685579955577850341796875">
        <ele>18.3999996185302734375</ele>
        <time>2026-02-24T23:17:28.000Z</time>
        <extensions>
          <ns3:TrackPointExtension>
            <ns3:hr>145</ns3:hr>
            <ns3:cad>97</ns3:cad>
          </ns3:TrackPointExtension>
        </extensions>
      </trkpt>
      <trkpt lat="23.16824764944612979888916015625" lon="113.41479529626667499542236328125">
        <ele>18.3999996185302734375</ele>
        <time>2026-02-24T23:17:29.000Z</time>
        <extensions>
          <ns3:TrackPointExtension>
            <ns3:hr>145</ns3:hr>
            <ns3:cad>97</ns3:cad>
          </ns3:TrackPointExtension>
        </extensions>
      </trkpt>
      <trkpt lat="23.16824412904679775238037109375" lon="113.414826057851314544677734375">
        <ele>18.200000762939453125</ele>
        <time>2026-02-24T23:17:30.000Z</time>
        <extensions>
          <ns3:TrackPointExtension>
            <ns3:hr>145</ns3:hr>
            <ns3:cad>95</ns3:cad>
          </ns3:TrackPointExtension>
        </extensions>
      </trkpt>
      <trkpt lat="23.16824530251324176788330078125" lon="113.414851538836956024169921875">
        <ele>18.200000762939453125</ele>
        <time>2026-02-24T23:17:31.000Z</time>
        <extensions>
          <ns3:TrackPointExtension>
            <ns3:hr>145</ns3:hr>
            <ns3:cad>95</ns3:cad>
          </ns3:TrackPointExtension>
        </extensions>
      </trkpt>
      <trkpt lat="23.16823742352426052093505859375" lon="113.41487978585064411163330078125">
        <ele>18.200000762939453125</ele>
        <time>2026-02-24T23:17:32.000Z</time>
        <extensions>
          <ns3:TrackPointExtension>
            <ns3:hr>145</ns3:hr>
            <ns3:cad>98</ns3:cad>
          </ns3:TrackPointExtension>
        </extensions>
      </trkpt>
      <trkpt lat="23.16822879016399383544921875" lon="113.41490845195949077606201171875">
        <ele>18.200000762939453125</ele>
        <time>2026-02-24T23:17:33.000Z</time>
        <extensions>
          <ns3:TrackPointExtension>
            <ns3:hr>145</ns3:hr>
            <ns3:cad>98</ns3:cad>
          </ns3:TrackPointExtension>
        </extensions>
      </trkpt>
      <trkpt lat="23.16822602413594722747802734375" lon="113.414929322898387908935546875">
        <ele>18.3999996185302734375</ele>
        <time>2026-02-24T23:17:34.000Z</time>
        <extensions>
          <ns3:TrackPointExtension>
            <ns3:hr>145</ns3:hr>
            <ns3:cad>99</ns3:cad>
          </ns3:TrackPointExtension>
        </extensions>
      </trkpt>
      <trkpt lat="23.16822032444179058074951171875" lon="113.4149610064923763275146484375">
        <ele>18.3999996185302734375</ele>
        <time>2026-02-24T23:17:35.000Z</time>
        <extensions>
          <ns3:TrackPointExtension>
            <ns3:hr>145</ns3:hr>
            <ns3:cad>99</ns3:cad>
          </ns3:TrackPointExtension>
        </extensions>
      </trkpt>
      <trkpt lat="23.16822032444179058074951171875" lon="113.41498305089771747589111328125">
        <ele>18.3999996185302734375</ele>
        <time>2026-02-24T23:17:36.000Z</time>
        <extensions>
          <ns3:TrackPointExtension>
            <ns3:hr>145</ns3:hr>
            <ns3:cad>99</ns3:cad>
          </ns3:TrackPointExtension>
        </extensions>
      </trkpt>
      <trkpt lat="23.16821529529988765716552734375" lon="113.415011130273342132568359375">
        <ele>18.6000003814697265625</ele>
        <time>2026-02-24T23:17:37.000Z</time>
        <extensions>
          <ns3:TrackPointExtension>
            <ns3:hr>145</ns3:hr>
            <ns3:cad>99</ns3:cad>
          </ns3:TrackPointExtension>
        </extensions>
      </trkpt>
      <trkpt lat="23.16820741631090641021728515625" lon="113.41504239477217197418212890625">
        <ele>18.6000003814697265625</ele>
        <time>2026-02-24T23:17:38.000Z</time>
        <extensions>
          <ns3:TrackPointExtension>
            <ns3:hr>144</ns3:hr>
            <ns3:cad>96</ns3:cad>
          </ns3:TrackPointExtension>
        </extensions>
      </trkpt>
      <trkpt lat="23.1682054884731769561767578125" lon="113.41506301425397396087646484375">
        <ele>18.6000003814697265625</ele>
        <time>2026-02-24T23:17:39.000Z</time>
        <extensions>
          <ns3:TrackPointExtension>
            <ns3:hr>145</ns3:hr>
            <ns3:cad>96</ns3:cad>
          </ns3:TrackPointExtension>
        </extensions>
      </trkpt>
      <trkpt lat="23.16820372827351093292236328125" lon="113.415090925991535186767578125">
        <ele>18.799999237060546875</ele>
        <time>2026-02-24T23:17:40.000Z</time>
        <extensions>
          <ns3:TrackPointExtension>
            <ns3:hr>145</ns3:hr>
            <ns3:cad>95</ns3:cad>
          </ns3:TrackPointExtension>
        </extensions>
      </trkpt>
      <trkpt lat="23.16819953732192516326904296875" lon="113.41512034647166728973388671875">
        <ele>18.799999237060546875</ele>
        <time>2026-02-24T23:17:41.000Z</time>
        <extensions>
          <ns3:TrackPointExtension>
            <ns3:hr>144</ns3:hr>
            <ns3:cad>95</ns3:cad>
          </ns3:TrackPointExtension>
        </extensions>
      </trkpt>
      <trkpt lat="23.16819786094129085540771484375" lon="113.41514314524829387664794921875">
        <ele>19</ele>
        <time>2026-02-24T23:17:42.000Z</time>
        <extensions>
          <ns3:TrackPointExtension>
            <ns3:hr>145</ns3:hr>
            <ns3:cad>97</ns3:cad>
          </ns3:TrackPointExtension>
        </extensions>
      </trkpt>
      <trkpt lat="23.16819316707551479339599609375" lon="113.41517734341323375701904296875">
        <ele>19</ele>
        <time>2026-02-24T23:17:43.000Z</time>
        <extensions>
          <ns3:TrackPointExtension>
            <ns3:hr>145</ns3:hr>
            <ns3:cad>98</ns3:cad>
          </ns3:TrackPointExtension>
        </extensions>
      </trkpt>
      <trkpt lat="23.16819517873227596282958984375" lon="113.4152027405798435211181640625">
        <ele>19</ele>
        <time>2026-02-24T23:17:44.000Z</time>
        <extensions>
          <ns3:TrackPointExtension>
            <ns3:hr>144</ns3:hr>
            <ns3:cad>98</ns3:cad>
          </ns3:TrackPointExtension>
        </extensions>
      </trkpt>
      <trkpt lat="23.168193586170673370361328125" lon="113.41522998176515102386474609375">
        <ele>19</ele>
        <time>2026-02-24T23:17:45.000Z</time>
        <extensions>
          <ns3:TrackPointExtension>
            <ns3:hr>145</ns3:hr>
            <ns3:cad>99</ns3:cad>
          </ns3:TrackPointExtension>
        </extensions>
      </trkpt>
      <trkpt lat="23.1681914068758487701416015625" lon="113.41526417993009090423583984375">
        <ele>19</ele>
        <time>2026-02-24T23:17:46.000Z</time>
        <extensions>
          <ns3:TrackPointExtension>
            <ns3:hr>145</ns3:hr>
            <ns3:cad>99</ns3:cad>
          </ns3:TrackPointExtension>
        </extensions>
      </trkpt>
      <trkpt lat="23.168193586170673370361328125" lon="113.41529217548668384552001953125">
        <ele>19</ele>
        <time>2026-02-24T23:17:47.000Z</time>
        <extensions>
          <ns3:TrackPointExtension>
            <ns3:hr>144</ns3:hr>
            <ns3:cad>99</ns3:cad>
          </ns3:TrackPointExtension>
        </extensions>
      </trkpt>
      <trkpt lat="23.168188892304897308349609375" lon="113.415322937071323394775390625">
        <ele>19.200000762939453125</ele>
        <time>2026-02-24T23:17:48.000Z</time>
        <extensions>
          <ns3:TrackPointExtension>
            <ns3:hr>145</ns3:hr>
            <ns3:cad>98</ns3:cad>
          </ns3:TrackPointExtension>
        </extensions>
      </trkpt>
      <trkpt lat="23.168183863162994384765625" lon="113.4153549559414386749267578125">
        <ele>19.200000762939453125</ele>
        <time>2026-02-24T23:17:49.000Z</time>
        <extensions>
          <ns3:TrackPointExtension>
            <ns3:hr>145</ns3:hr>
            <ns3:cad>98</ns3:cad>
          </ns3:TrackPointExtension>
        </extensions>
      </trkpt>
      <trkpt lat="23.16818377934396266937255859375" lon="113.4153774194419384002685546875">
        <ele>19.200000762939453125</ele>
        <time>2026-02-24T23:17:50.000Z</time>
        <extensions>
          <ns3:TrackPointExtension>
            <ns3:hr>145</ns3:hr>
            <ns3:cad>98</ns3:cad>
          </ns3:TrackPointExtension>
        </extensions>
      </trkpt>
      <trkpt lat="23.168179504573345184326171875" lon="113.4154102765023708343505859375">
        <ele>19.200000762939453125</ele>
        <time>2026-02-24T23:17:51.000Z</time>
        <extensions>
          <ns3:TrackPointExtension>
            <ns3:hr>145</ns3:hr>
            <ns3:cad>98</ns3:cad>
          </ns3:TrackPointExtension>
        </extensions>
      </trkpt>
      <trkpt lat="23.1681786663830280303955078125" lon="113.41543785296380519866943359375">
        <ele>19.3999996185302734375</ele>
        <time>2026-02-24T23:17:52.000Z</time>
        <extensions>
          <ns3:TrackPointExtension>
            <ns3:hr>145</ns3:hr>
            <ns3:cad>98</ns3:cad>
          </ns3:TrackPointExtension>
        </extensions>
      </trkpt>
      <trkpt lat="23.168176822364330291748046875" lon="113.41546249575912952423095703125">
        <ele>19.3999996185302734375</ele>
        <time>2026-02-24T23:17:53.000Z</time>
        <extensions>
          <ns3:TrackPointExtension>
            <ns3:hr>145</ns3:hr>
            <ns3:cad>97</ns3:cad>
          </ns3:TrackPointExtension>
        </extensions>
      </trkpt>
      <trkpt lat="23.16817237995564937591552734375" lon="113.41549359261989593505859375">
        <ele>19.6000003814697265625</ele>
        <time>2026-02-24T23:17:54.000Z</time>
        <extensions>
          <ns3:TrackPointExtension>
            <ns3:hr>145</ns3:hr>
            <ns3:cad>97</ns3:cad>
          </ns3:TrackPointExtension>
        </extensions>
      </trkpt>
      <trkpt lat="23.16817380487918853759765625" lon="113.415517397224903106689453125">
        <ele>19.6000003814697265625</ele>
        <time>2026-02-24T23:17:55.000Z</time>
        <extensions>
          <ns3:TrackPointExtension>
            <ns3:hr>145</ns3:hr>
            <ns3:cad>97</ns3:cad>
          </ns3:TrackPointExtension>
        </extensions>
      </trkpt>
      <trkpt lat="23.1681662611663341522216796875" lon="113.41554329730570316314697265625">
        <ele>19.6000003814697265625</ele>
        <time>2026-02-24T23:17:56.000Z</time>
        <extensions>
          <ns3:TrackPointExtension>
            <ns3:hr>145</ns3:hr>
            <ns3:cad>98</ns3:cad>
          </ns3:TrackPointExtension>
        </extensions>
      </trkpt>
      <trkpt lat="23.1681605614721775054931640625" lon="113.4155765734612941741943359375">
        <ele>19.799999237060546875</ele>
        <time>2026-02-24T23:17:57.000Z</time>
        <extensions>
          <ns3:TrackPointExtension>
            <ns3:hr>145</ns3:hr>
            <ns3:cad>98</ns3:cad>
          </ns3:TrackPointExtension>
        </extensions>
      </trkpt>
      <trkpt lat="23.16816248930990695953369140625" lon="113.415599204599857330322265625">
        <ele>19.799999237060546875</ele>
        <time>2026-02-24T23:17:58.000Z</time>
        <extensions>
          <ns3:TrackPointExtension>
            <ns3:hr>144</ns3:hr>
            <ns3:cad>98</ns3:cad>
          </ns3:TrackPointExtension>
        </extensions>
      </trkpt>
      <trkpt lat="23.1681575439870357513427734375" lon="113.4156295470893383026123046875">
        <ele>19.799999237060546875</ele>
        <time>2026-02-24T23:17:59.000Z</time>
        <extensions>
          <ns3:TrackPointExtension>
            <ns3:hr>145</ns3:hr>
            <ns3:cad>98</ns3:cad>
          </ns3:TrackPointExtension>
        </extensions>
      </trkpt>
      <trkpt lat="23.1681528501212596893310546875" lon="113.41566198505461215972900390625">
        <ele>19.799999237060546875</ele>
        <time>2026-02-24T23:18:00.000Z</time>
        <extensions>
          <ns3:TrackPointExtension>
            <ns3:hr>145</ns3:hr>
            <ns3:cad>99</ns3:cad>
          </ns3:TrackPointExtension>
        </extensions>
      </trkpt>
      <trkpt lat="23.168152682483196258544921875" lon="113.41568344272673130035400390625">
        <ele>20</ele>
        <time>2026-02-24T23:18:01.000Z</time>
        <extensions>
          <ns3:TrackPointExtension>
            <ns3:hr>145</ns3:hr>
            <ns3:cad>99</ns3:cad>
          </ns3:TrackPointExtension>
        </extensions>
      </trkpt>
      <trkpt lat="23.1681503355503082275390625" lon="113.41571713797748088836669921875">
        <ele>20</ele>
        <time>2026-02-24T23:18:02.000Z</time>
        <extensions>
          <ns3:TrackPointExtension>
            <ns3:hr>145</ns3:hr>
            <ns3:cad>98</ns3:cad>
          </ns3:TrackPointExtension>
        </extensions>
      </trkpt>
      <trkpt lat="23.16815209574997425079345703125" lon="113.41574060730636119842529296875">
        <ele>20</ele>
        <time>2026-02-24T23:18:03.000Z</time>
        <extensions>
          <ns3:TrackPointExtension>
            <ns3:hr>145</ns3:hr>
            <ns3:cad>98</ns3:cad>
          </ns3:TrackPointExtension>
        </extensions>
      </trkpt>
      <trkpt lat="23.1681494973599910736083984375" lon="113.41576809994876384735107421875">
        <ele>20.200000762939453125</ele>
        <time>2026-02-24T23:18:04.000Z</time>
        <extensions>
          <ns3:TrackPointExtension>
            <ns3:hr>146</ns3:hr>
            <ns3:cad>98</ns3:cad>
          </ns3:TrackPointExtension>
        </extensions>
      </trkpt>
      <trkpt lat="23.16814254038035869598388671875" lon="113.41580162756145000457763671875">
        <ele>20.200000762939453125</ele>
        <time>2026-02-24T23:18:05.000Z</time>
        <extensions>
          <ns3:TrackPointExtension>
            <ns3:hr>146</ns3:hr>
            <ns3:cad>97</ns3:cad>
          </ns3:TrackPointExtension>
        </extensions>
      </trkpt>
      <trkpt lat="23.16814354620873928070068359375" lon="113.41582694090902805328369140625">
        <ele>20.200000762939453125</ele>
        <time>2026-02-24T23:18:06.000Z</time>
        <extensions>
          <ns3:TrackPointExtension>
            <ns3:hr>147</ns3:hr>
            <ns3:cad>96</ns3:cad>
          </ns3:TrackPointExtension>
        </extensions>
      </trkpt>
      <trkpt lat="23.16814027726650238037109375" lon="113.41586097143590450286865234375">
        <ele>20.3999996185302734375</ele>
        <time>2026-02-24T23:18:07.000Z</time>
        <extensions>
          <ns3:TrackPointExtension>
            <ns3:hr>147</ns3:hr>
            <ns3:cad>96</ns3:cad>
          </ns3:TrackPointExtension>
        </extensions>
      </trkpt>
      <trkpt lat="23.16814103163778781890869140625" lon="113.415884859859943389892578125">
        <ele>20.3999996185302734375</ele>
        <time>2026-02-24T23:18:08.000Z</time>
        <extensions>
          <ns3:TrackPointExtension>
            <ns3:hr>147</ns3:hr>
            <ns3:cad>96</ns3:cad>
          </ns3:TrackPointExtension>
        </extensions>
      </trkpt>
      <trkpt lat="23.1681364215910434722900390625" lon="113.4159086644649505615234375">
        <ele>20.3999996185302734375</ele>
        <time>2026-02-24T23:18:09.000Z</time>
        <extensions>
          <ns3:TrackPointExtension>
            <ns3:hr>148</ns3:hr>
            <ns3:cad>97</ns3:cad>
          </ns3:TrackPointExtension>
        </extensions>
      </trkpt>
      <trkpt lat="23.16812820732593536376953125" lon="113.41593959368765354156494140625">
        <ele>20.3999996185302734375</ele>
        <time>2026-02-24T23:18:10.000Z</time>
        <extensions>
          <ns3:TrackPointExtension>
            <ns3:hr>148</ns3:hr>
            <ns3:cad>97</ns3:cad>
          </ns3:TrackPointExtension>
        </extensions>
      </trkpt>
      <trkpt lat="23.16812829114496707916259765625" lon="113.4159618057310581207275390625">
        <ele>20.6000003814697265625</ele>
        <time>2026-02-24T23:18:11.000Z</time>
        <extensions>
          <ns3:TrackPointExtension>
            <ns3:hr>148</ns3:hr>
            <ns3:cad>97</ns3:cad>
          </ns3:TrackPointExtension>
        </extensions>
      </trkpt>
      <trkpt lat="23.1681250222027301788330078125" lon="113.4159919805824756622314453125">
        <ele>20.6000003814697265625</ele>
        <time>2026-02-24T23:18:12.000Z</time>
        <extensions>
          <ns3:TrackPointExtension>
            <ns3:hr>148</ns3:hr>
            <ns3:cad>96</ns3:cad>
          </ns3:TrackPointExtension>
        </extensions>
      </trkpt>
      <trkpt lat="23.16812150180339813232421875" lon="113.41601687483489513397216796875">
        <ele>20.6000003814697265625</ele>
        <time>2026-02-24T23:18:13.000Z</time>
        <extensions>
          <ns3:TrackPointExtension>
            <ns3:hr>149</ns3:hr>
            <ns3:cad>96</ns3:cad>
          </ns3:TrackPointExtension>
        </extensions>
      </trkpt>
      <trkpt lat="23.16812292672693729400634765625" lon="113.41604084707796573638916015625">
        <ele>20.799999237060546875</ele>
        <time>2026-02-24T23:18:14.000Z</time>
        <extensions>
          <ns3:TrackPointExtension>
            <ns3:hr>148</ns3:hr>
            <ns3:cad>95</ns3:cad>
          </ns3:TrackPointExtension>
        </extensions>
      </trkpt>
      <trkpt lat="23.16811722703278064727783203125" lon="113.41607269831001758575439453125">
        <ele>20.799999237060546875</ele>
        <time>2026-02-24T23:18:15.000Z</time>
        <extensions>
          <ns3:TrackPointExtension>
            <ns3:hr>148</ns3:hr>
            <ns3:cad>95</ns3:cad>
          </ns3:TrackPointExtension>
        </extensions>
      </trkpt>
      <trkpt lat="23.1681173108518123626708984375" lon="113.41609398834407329559326171875">
        <ele>20.799999237060546875</ele>
        <time>2026-02-24T23:18:16.000Z</time>
        <extensions>
          <ns3:TrackPointExtension>
            <ns3:hr>148</ns3:hr>
            <ns3:cad>96</ns3:cad>
          </ns3:TrackPointExtension>
        </extensions>
      </trkpt>
      <trkpt lat="23.16811353899538516998291015625" lon="113.416118212044239044189453125">
        <ele>21</ele>
        <time>2026-02-24T23:18:17.000Z</time>
        <extensions>
          <ns3:TrackPointExtension>
            <ns3:hr>148</ns3:hr>
            <ns3:cad>96</ns3:cad>
          </ns3:TrackPointExtension>
        </extensions>
      </trkpt>
      <trkpt lat="23.1681101024150848388671875" lon="113.41614176519215106964111328125">
        <ele>21</ele>
        <time>2026-02-24T23:18:18.000Z</time>
        <extensions>
          <ns3:TrackPointExtension>
            <ns3:hr>148</ns3:hr>
            <ns3:cad>97</ns3:cad>
          </ns3:TrackPointExtension>
        </extensions>
      </trkpt>
      <trkpt lat="23.16810540854930877685546875" lon="113.4161653183400630950927734375">
        <ele>21</ele>
        <time>2026-02-24T23:18:19.000Z</time>
        <extensions>
          <ns3:TrackPointExtension>
            <ns3:hr>148</ns3:hr>
            <ns3:cad>97</ns3:cad>
          </ns3:TrackPointExtension>
        </extensions>
      </trkpt>
      <trkpt lat="23.1680988706648349761962890625" lon="113.416198678314685821533203125">
        <ele>21.200000762939453125</ele>
        <time>2026-02-24T23:18:20.000Z</time>
        <extensions>
          <ns3:TrackPointExtension>
            <ns3:hr>147</ns3:hr>
            <ns3:cad>97</ns3:cad>
          </ns3:TrackPointExtension>
        </extensions>
      </trkpt>
      <trkpt lat="23.16809878684580326080322265625" lon="113.41622223146259784698486328125">
        <ele>21.200000762939453125</ele>
        <time>2026-02-24T23:18:21.000Z</time>
        <extensions>
          <ns3:TrackPointExtension>
            <ns3:hr>148</ns3:hr>
            <ns3:cad>96</ns3:cad>
          </ns3:TrackPointExtension>
        </extensions>
      </trkpt>
      <trkpt lat="23.16809627227485179901123046875" lon="113.41624863445758819580078125">
        <ele>21.3999996185302734375</ele>
        <time>2026-02-24T23:18:22.000Z</time>
        <extensions>
          <ns3:TrackPointExtension>
            <ns3:hr>148</ns3:hr>
            <ns3:cad>96</ns3:cad>
          </ns3:TrackPointExtension>
        </extensions>
      </trkpt>
      <trkpt lat="23.168094344437122344970703125" lon="113.41628023423254489898681640625">
        <ele>21.3999996185302734375</ele>
        <time>2026-02-24T23:18:23.000Z</time>
        <extensions>
          <ns3:TrackPointExtension>
            <ns3:hr>147</ns3:hr>
            <ns3:cad>96</ns3:cad>
          </ns3:TrackPointExtension>
        </extensions>
      </trkpt>
      <trkpt lat="23.1680904887616634368896484375" lon="113.416303284466266632080078125">
        <ele>21.6000003814697265625</ele>
        <time>2026-02-24T23:18:24.000Z</time>
        <extensions>
          <ns3:TrackPointExtension>
            <ns3:hr>148</ns3:hr>
            <ns3:cad>97</ns3:cad>
          </ns3:TrackPointExtension>
        </extensions>
      </trkpt>
      <trkpt lat="23.16808453761041164398193359375" lon="113.416333459317684173583984375">
        <ele>21.6000003814697265625</ele>
        <time>2026-02-24T23:18:25.000Z</time>
        <extensions>
          <ns3:TrackPointExtension>
            <ns3:hr>148</ns3:hr>
            <ns3:cad>97</ns3:cad>
          </ns3:TrackPointExtension>
        </extensions>
      </trkpt>
      <trkpt lat="23.16808638162910938262939453125" lon="113.41635860502719879150390625">
        <ele>21.799999237060546875</ele>
        <time>2026-02-24T23:18:26.000Z</time>
        <extensions>
          <ns3:TrackPointExtension>
            <ns3:hr>147</ns3:hr>
            <ns3:cad>97</ns3:cad>
          </ns3:TrackPointExtension>
        </extensions>
      </trkpt>
      <trkpt lat="23.16808755509555339813232421875" lon="113.416384756565093994140625">
        <ele>21.799999237060546875</ele>
        <time>2026-02-24T23:18:27.000Z</time>
        <extensions>
          <ns3:TrackPointExtension>
            <ns3:hr>148</ns3:hr>
            <ns3:cad>97</ns3:cad>
          </ns3:TrackPointExtension>
        </extensions>
      </trkpt>
      <trkpt lat="23.16808856092393398284912109375" lon="113.416417278349399566650390625">
        <ele>21.799999237060546875</ele>
        <time>2026-02-24T23:18:28.000Z</time>
        <extensions>
          <ns3:TrackPointExtension>
            <ns3:hr>148</ns3:hr>
            <ns3:cad>96</ns3:cad>
          </ns3:TrackPointExtension>
        </extensions>
      </trkpt>
      <trkpt lat="23.1680931709706783294677734375" lon="113.41644099913537502288818359375">
        <ele>21.799999237060546875</ele>
        <time>2026-02-24T23:18:29.000Z</time>
        <extensions>
          <ns3:TrackPointExtension>
            <ns3:hr>148</ns3:hr>
            <ns3:cad>96</ns3:cad>
          </ns3:TrackPointExtension>
        </extensions>
      </trkpt>
      <trkpt lat="23.16808889620006084442138671875" lon="113.41647268272936344146728515625">
        <ele>22</ele>
        <time>2026-02-24T23:18:30.000Z</time>
        <extensions>
          <ns3:TrackPointExtension>
            <ns3:hr>147</ns3:hr>
            <ns3:cad>96</ns3:cad>
          </ns3:TrackPointExtension>
        </extensions>
      </trkpt>
      <trkpt lat="23.168085627257823944091796875" lon="113.41650168411433696746826171875">
        <ele>22</ele>
        <time>2026-02-24T23:18:31.000Z</time>
        <extensions>
          <ns3:TrackPointExtension>
            <ns3:hr>148</ns3:hr>
            <ns3:cad>96</ns3:cad>
          </ns3:TrackPointExtension>
        </extensions>
      </trkpt>
      <trkpt lat="23.16808319650590419769287109375" lon="113.41652615927159786224365234375">
        <ele>22.200000762939453125</ele>
        <time>2026-02-24T23:18:32.000Z</time>
        <extensions>
          <ns3:TrackPointExtension>
            <ns3:hr>148</ns3:hr>
            <ns3:cad>96</ns3:cad>
          </ns3:TrackPointExtension>
        </extensions>
      </trkpt>
      <trkpt lat="23.1680703721940517425537109375" lon="113.4165550768375396728515625">
        <ele>22.3999996185302734375</ele>
        <time>2026-02-24T23:18:33.000Z</time>
        <extensions>
          <ns3:TrackPointExtension>
            <ns3:hr>147</ns3:hr>
            <ns3:cad>98</ns3:cad>
          </ns3:TrackPointExtension>
        </extensions>
      </trkpt>
      <trkpt lat="23.168066181242465972900390625" lon="113.4165767021477222442626953125">
        <ele>22.6000003814697265625</ele>
        <time>2026-02-24T23:18:34.000Z</time>
        <extensions>
          <ns3:TrackPointExtension>
            <ns3:hr>148</ns3:hr>
            <ns3:cad>98</ns3:cad>
          </ns3:TrackPointExtension>
        </extensions>
      </trkpt>
      <trkpt lat="23.16806224174797534942626953125" lon="113.4165988303720951080322265625">
        <ele>22.6000003814697265625</ele>
        <time>2026-02-24T23:18:35.000Z</time>
        <extensions>
          <ns3:TrackPointExtension>
            <ns3:hr>148</ns3:hr>
            <ns3:cad>98</ns3:cad>
          </ns3:TrackPointExtension>
        </extensions>
      </trkpt>
      <trkpt lat="23.16805805079638957977294921875" lon="113.41662791557610034942626953125">
        <ele>22.799999237060546875</ele>
        <time>2026-02-24T23:18:36.000Z</time>
        <extensions>
          <ns3:TrackPointExtension>
            <ns3:hr>147</ns3:hr>
            <ns3:cad>98</ns3:cad>
          </ns3:TrackPointExtension>
        </extensions>
      </trkpt>
      <trkpt lat="23.16806157119572162628173828125" lon="113.4166491217911243438720703125">
        <ele>22.799999237060546875</ele>
        <time>2026-02-24T23:18:37.000Z</time>
        <extensions>
          <ns3:TrackPointExtension>
            <ns3:hr>148</ns3:hr>
            <ns3:cad>98</ns3:cad>
          </ns3:TrackPointExtension>
        </extensions>
      </trkpt>
      <trkpt lat="23.1680593080818653106689453125" lon="113.41667653061449527740478515625">
        <ele>22.799999237060546875</ele>
        <time>2026-02-24T23:18:38.000Z</time>
        <extensions>
          <ns3:TrackPointExtension>
            <ns3:hr>148</ns3:hr>
            <ns3:cad>97</ns3:cad>
          </ns3:TrackPointExtension>
        </extensions>
      </trkpt>
      <trkpt lat="23.1680576317012310028076171875" lon="113.41670117340981960296630859375">
        <ele>23</ele>
        <time>2026-02-24T23:18:39.000Z</time>
        <extensions>
          <ns3:TrackPointExtension>
            <ns3:hr>147</ns3:hr>
            <ns3:cad>97</ns3:cad>
          </ns3:TrackPointExtension>
        </extensions>
      </trkpt>
      <trkpt lat="23.16805310547351837158203125" lon="113.416723720729351043701171875">
        <ele>23</ele>
        <time>2026-02-24T23:18:40.000Z</time>
        <extensions>
          <ns3:TrackPointExtension>
            <ns3:hr>148</ns3:hr>
            <ns3:cad>97</ns3:cad>
          </ns3:TrackPointExtension>
        </extensions>
      </trkpt>
      <trkpt lat="23.16804639995098114013671875" lon="113.41675548814237117767333984375">
        <ele>23.200000762939453125</ele>
        <time>2026-02-24T23:18:41.000Z</time>
        <extensions>
          <ns3:TrackPointExtension>
            <ns3:hr>148</ns3:hr>
            <ns3:cad>97</ns3:cad>
          </ns3:TrackPointExtension>
        </extensions>
      </trkpt>
      <trkpt lat="23.16804480738937854766845703125" lon="113.41677744872868061065673828125">
        <ele>23.200000762939453125</ele>
        <time>2026-02-24T23:18:42.000Z</time>
        <extensions>
          <ns3:TrackPointExtension>
            <ns3:hr>147</ns3:hr>
            <ns3:cad>97</ns3:cad>
          </ns3:TrackPointExtension>
        </extensions>
      </trkpt>
      <trkpt lat="23.1680381856858730316162109375" lon="113.41680259443819522857666015625">
        <ele>23.3999996185302734375</ele>
        <time>2026-02-24T23:18:43.000Z</time>
        <extensions>
          <ns3:TrackPointExtension>
            <ns3:hr>147</ns3:hr>
            <ns3:cad>97</ns3:cad>
          </ns3:TrackPointExtension>
        </extensions>
      </trkpt>
      <trkpt lat="23.16803256981074810028076171875" lon="113.4168325178325176239013671875">
        <ele>23.3999996185302734375</ele>
        <time>2026-02-24T23:18:44.000Z</time>
        <extensions>
          <ns3:TrackPointExtension>
            <ns3:hr>147</ns3:hr>
            <ns3:cad>97</ns3:cad>
          </ns3:TrackPointExtension>
        </extensions>
      </trkpt>
      <trkpt lat="23.16803156398236751556396484375" lon="113.4168563224375247955322265625">
        <ele>23.6000003814697265625</ele>
        <time>2026-02-24T23:18:45.000Z</time>
        <extensions>
          <ns3:TrackPointExtension>
            <ns3:hr>146</ns3:hr>
            <ns3:cad>97</ns3:cad>
          </ns3:TrackPointExtension>
        </extensions>
      </trkpt>
      <trkpt lat="23.1680269539356231689453125" lon="113.41688440181314945220947265625">
        <ele>23.6000003814697265625</ele>
        <time>2026-02-24T23:18:46.000Z</time>
        <extensions>
          <ns3:TrackPointExtension>
            <ns3:hr>146</ns3:hr>
            <ns3:cad>97</ns3:cad>
          </ns3:TrackPointExtension>
        </extensions>
      </trkpt>
      <trkpt lat="23.16802754066884517669677734375" lon="113.41690736822783946990966796875">
        <ele>23.6000003814697265625</ele>
        <time>2026-02-24T23:18:47.000Z</time>
        <extensions>
          <ns3:TrackPointExtension>
            <ns3:hr>146</ns3:hr>
            <ns3:cad>97</ns3:cad>
          </ns3:TrackPointExtension>
        </extensions>
      </trkpt>
      <trkpt lat="23.16802435554563999176025390625" lon="113.41693234629929065704345703125">
        <ele>23.799999237060546875</ele>
        <time>2026-02-24T23:18:48.000Z</time>
        <extensions>
          <ns3:TrackPointExtension>
            <ns3:hr>146</ns3:hr>
            <ns3:cad>97</ns3:cad>
          </ns3:TrackPointExtension>
        </extensions>
      </trkpt>
      <trkpt lat="23.1680230982601642608642578125" lon="113.41696067713201045989990234375">
        <ele>23.799999237060546875</ele>
        <time>2026-02-24T23:18:49.000Z</time>
        <extensions>
          <ns3:TrackPointExtension>
            <ns3:hr>146</ns3:hr>
            <ns3:cad>97</ns3:cad>
          </ns3:TrackPointExtension>
        </extensions>
      </trkpt>
      <trkpt lat="23.16802502609789371490478515625" lon="113.41698280535638332366943359375">
        <ele>24</ele>
        <time>2026-02-24T23:18:50.000Z</time>
        <extensions>
          <ns3:TrackPointExtension>
            <ns3:hr>145</ns3:hr>
            <ns3:cad>97</ns3:cad>
          </ns3:TrackPointExtension>
        </extensions>
      </trkpt>
      <trkpt lat="23.16802117042243480682373046875" lon="113.41700929217040538787841796875">
        <ele>24</ele>
        <time>2026-02-24T23:18:51.000Z</time>
        <extensions>
          <ns3:TrackPointExtension>
            <ns3:hr>145</ns3:hr>
            <ns3:cad>97</ns3:cad>
          </ns3:TrackPointExtension>
        </extensions>
      </trkpt>
      <trkpt lat="23.16801555454730987548828125" lon="113.41703695245087146759033203125">
        <ele>24.200000762939453125</ele>
        <time>2026-02-24T23:18:52.000Z</time>
        <extensions>
          <ns3:TrackPointExtension>
            <ns3:hr>145</ns3:hr>
            <ns3:cad>97</ns3:cad>
          </ns3:TrackPointExtension>
        </extensions>
      </trkpt>
      <trkpt lat="23.168011866509914398193359375" lon="113.41705723665654659271240234375">
        <ele>24.200000762939453125</ele>
        <time>2026-02-24T23:18:53.000Z</time>
        <extensions>
          <ns3:TrackPointExtension>
            <ns3:hr>144</ns3:hr>
            <ns3:cad>96</ns3:cad>
          </ns3:TrackPointExtension>
        </extensions>
      </trkpt>
      <trkpt lat="23.1680026464164257049560546875" lon="113.41708858497440814971923828125">
        <ele>24.200000762939453125</ele>
        <time>2026-02-24T23:18:54.000Z</time>
        <extensions>
          <ns3:TrackPointExtension>
            <ns3:hr>144</ns3:hr>
            <ns3:cad>96</ns3:cad>
          </ns3:TrackPointExtension>
        </extensions>
      </trkpt>
      <trkpt lat="23.1680033169686794281005859375" lon="113.4171116352081298828125">
        <ele>24.200000762939453125</ele>
        <time>2026-02-24T23:18:55.000Z</time>
        <extensions>
          <ns3:TrackPointExtension>
            <ns3:hr>144</ns3:hr>
            <ns3:cad>98</ns3:cad>
          </ns3:TrackPointExtension>
        </extensions>
      </trkpt>
      <trkpt lat="23.1679989583790302276611328125" lon="113.4171346016228199005126953125">
        <ele>24.200000762939453125</ele>
        <time>2026-02-24T23:18:56.000Z</time>
        <extensions>
          <ns3:TrackPointExtension>
            <ns3:hr>144</ns3:hr>
            <ns3:cad>98</ns3:cad>
          </ns3:TrackPointExtension>
        </extensions>
      </trkpt>
      <trkpt lat="23.16799351014196872711181640625" lon="113.41716050170361995697021484375">
        <ele>24.200000762939453125</ele>
        <time>2026-02-24T23:18:57.000Z</time>
        <extensions>
          <ns3:TrackPointExtension>
            <ns3:hr>144</ns3:hr>
            <ns3:cad>98</ns3:cad>
          </ns3:TrackPointExtension>
        </extensions>
      </trkpt>
      <trkpt lat="23.16799501888453960418701171875" lon="113.417181707918643951416015625">
        <ele>24.3999996185302734375</ele>
        <time>2026-02-24T23:18:58.000Z</time>
        <extensions>
          <ns3:TrackPointExtension>
            <ns3:hr>145</ns3:hr>
            <ns3:cad>98</ns3:cad>
          </ns3:TrackPointExtension>
        </extensions>
      </trkpt>
      <trkpt lat="23.16798982210457324981689453125" lon="113.4172095358371734619140625">
        <ele>24.3999996185302734375</ele>
        <time>2026-02-24T23:18:59.000Z</time>
        <extensions>
          <ns3:TrackPointExtension>
            <ns3:hr>145</ns3:hr>
            <ns3:cad>98</ns3:cad>
          </ns3:TrackPointExtension>
        </extensions>
      </trkpt>
      <trkpt lat="23.1679912470281124114990234375" lon="113.417232334613800048828125">
        <ele>24.6000003814697265625</ele>
        <time>2026-02-24T23:19:00.000Z</time>
        <extensions>
          <ns3:TrackPointExtension>
            <ns3:hr>145</ns3:hr>
            <ns3:cad>97</ns3:cad>
          </ns3:TrackPointExtension>
        </extensions>
      </trkpt>
      <trkpt lat="23.16798605024814605712890625" lon="113.41725689359009265899658203125">
        <ele>24.6000003814697265625</ele>
        <time>2026-02-24T23:19:01.000Z</time>
        <extensions>
          <ns3:TrackPointExtension>
            <ns3:hr>145</ns3:hr>
            <ns3:cad>97</ns3:cad>
          </ns3:TrackPointExtension>
        </extensions>
      </trkpt>
      <trkpt lat="23.1679815240204334259033203125" lon="113.4172881580889225006103515625">
        <ele>24.799999237060546875</ele>
        <time>2026-02-24T23:19:02.000Z</time>
        <extensions>
          <ns3:TrackPointExtension>
            <ns3:hr>144</ns3:hr>
            <ns3:cad>97</ns3:cad>
          </ns3:TrackPointExtension>
        </extensions>
      </trkpt>
      <trkpt lat="23.1679798476397991180419921875" lon="113.41731288470327854156494140625">
        <ele>24.799999237060546875</ele>
        <time>2026-02-24T23:19:03.000Z</time>
        <extensions>
          <ns3:TrackPointExtension>
            <ns3:hr>144</ns3:hr>
            <ns3:cad>97</ns3:cad>
          </ns3:TrackPointExtension>
        </extensions>
      </trkpt>
      <trkpt lat="23.1679741479456424713134765625" lon="113.4173414669930934906005859375">
        <ele>25</ele>
        <time>2026-02-24T23:19:04.000Z</time>
        <extensions>
          <ns3:TrackPointExtension>
            <ns3:hr>144</ns3:hr>
            <ns3:cad>97</ns3:cad>
          </ns3:TrackPointExtension>
        </extensions>
      </trkpt>
      <trkpt lat="23.16797372885048389434814453125" lon="113.41736854054033756256103515625">
        <ele>25.200000762939453125</ele>
        <time>2026-02-24T23:19:05.000Z</time>
        <extensions>
          <ns3:TrackPointExtension>
            <ns3:hr>144</ns3:hr>
            <ns3:cad>97</ns3:cad>
          </ns3:TrackPointExtension>
        </extensions>
      </trkpt>
      <trkpt lat="23.16797205246984958648681640625" lon="113.41739502735435962677001953125">
        <ele>25.3999996185302734375</ele>
        <time>2026-02-24T23:19:06.000Z</time>
        <extensions>
          <ns3:TrackPointExtension>
            <ns3:hr>145</ns3:hr>
            <ns3:cad>96</ns3:cad>
          </ns3:TrackPointExtension>
        </extensions>
      </trkpt>
      <trkpt lat="23.1679677776992321014404296875" lon="113.41742704622447490692138671875">
        <ele>25.3999996185302734375</ele>
        <time>2026-02-24T23:19:07.000Z</time>
        <extensions>
          <ns3:TrackPointExtension>
            <ns3:hr>145</ns3:hr>
            <ns3:cad>96</ns3:cad>
          </ns3:TrackPointExtension>
        </extensions>
      </trkpt>
      <trkpt lat="23.16796685568988323211669921875" lon="113.4174511022865772247314453125">
        <ele>25.3999996185302734375</ele>
        <time>2026-02-24T23:19:08.000Z</time>
        <extensions>
          <ns3:TrackPointExtension>
            <ns3:hr>146</ns3:hr>
            <ns3:cad>96</ns3:cad>
          </ns3:TrackPointExtension>
        </extensions>
      </trkpt>
      <trkpt lat="23.16796266473829746246337890625" lon="113.4174779243767261505126953125">
        <ele>25.3999996185302734375</ele>
        <time>2026-02-24T23:19:09.000Z</time>
        <extensions>
          <ns3:TrackPointExtension>
            <ns3:hr>146</ns3:hr>
            <ns3:cad>97</ns3:cad>
          </ns3:TrackPointExtension>
        </extensions>
      </trkpt>
      <trkpt lat="23.1679580546915531158447265625" lon="113.4175067581236362457275390625">
        <ele>25.6000003814697265625</ele>
        <time>2026-02-24T23:19:10.000Z</time>
        <extensions>
          <ns3:TrackPointExtension>
            <ns3:hr>146</ns3:hr>
            <ns3:cad>97</ns3:cad>
          </ns3:TrackPointExtension>
        </extensions>
      </trkpt>
      <trkpt lat="23.16795646212995052337646484375" lon="113.41753081418573856353759765625">
        <ele>25.6000003814697265625</ele>
        <time>2026-02-24T23:19:11.000Z</time>
        <extensions>
          <ns3:TrackPointExtension>
            <ns3:hr>146</ns3:hr>
            <ns3:cad>97</ns3:cad>
          </ns3:TrackPointExtension>
        </extensions>
      </trkpt>
      <trkpt lat="23.16794958896934986114501953125" lon="113.41756149195134639739990234375">
        <ele>25.799999237060546875</ele>
        <time>2026-02-24T23:19:12.000Z</time>
        <extensions>
          <ns3:TrackPointExtension>
            <ns3:hr>147</ns3:hr>
            <ns3:cad>98</ns3:cad>
          </ns3:TrackPointExtension>
        </extensions>
      </trkpt>
      <trkpt lat="23.16794875077903270721435546875" lon="113.41758973896503448486328125">
        <ele>26</ele>
        <time>2026-02-24T23:19:13.000Z</time>
        <extensions>
          <ns3:TrackPointExtension>
            <ns3:hr>147</ns3:hr>
            <ns3:cad>98</ns3:cad>
          </ns3:TrackPointExtension>
        </extensions>
      </trkpt>
      <trkpt lat="23.167946822941303253173828125" lon="113.41761387884616851806640625">
        <ele>26.200000762939453125</ele>
        <time>2026-02-24T23:19:14.000Z</time>
        <extensions>
          <ns3:TrackPointExtension>
            <ns3:hr>147</ns3:hr>
            <ns3:cad>98</ns3:cad>
          </ns3:TrackPointExtension>
        </extensions>
      </trkpt>
      <trkpt lat="23.1679409556090831756591796875" lon="113.4176452271640300750732421875">
        <ele>26.200000762939453125</ele>
        <time>2026-02-24T23:19:15.000Z</time>
        <extensions>
          <ns3:TrackPointExtension>
            <ns3:hr>147</ns3:hr>
            <ns3:cad>98</ns3:cad>
          </ns3:TrackPointExtension>
        </extensions>
      </trkpt>
      <trkpt lat="23.16794204525649547576904296875" lon="113.41766978614032268524169921875">
        <ele>26.3999996185302734375</ele>
        <time>2026-02-24T23:19:16.000Z</time>
        <extensions>
          <ns3:TrackPointExtension>
            <ns3:hr>146</ns3:hr>
            <ns3:cad>98</ns3:cad>
          </ns3:TrackPointExtension>
        </extensions>
      </trkpt>
      <trkpt lat="23.1679396145045757293701171875" lon="113.41769610531628131866455078125">
        <ele>26.6000003814697265625</ele>
        <time>2026-02-24T23:19:17.000Z</time>
        <extensions>
          <ns3:TrackPointExtension>
            <ns3:hr>147</ns3:hr>
            <ns3:cad>98</ns3:cad>
          </ns3:TrackPointExtension>
        </extensions>
      </trkpt>
      <trkpt lat="23.167936094105243682861328125" lon="113.41772426851093769073486328125">
        <ele>26.799999237060546875</ele>
        <time>2026-02-24T23:19:18.000Z</time>
        <extensions>
          <ns3:TrackPointExtension>
            <ns3:hr>147</ns3:hr>
            <ns3:cad>98</ns3:cad>
          </ns3:TrackPointExtension>
        </extensions>
      </trkpt>
      <trkpt lat="23.16793785430490970611572265625" lon="113.417747318744659423828125">
        <ele>27</ele>
        <time>2026-02-24T23:19:19.000Z</time>
        <extensions>
          <ns3:TrackPointExtension>
            <ns3:hr>147</ns3:hr>
            <ns3:cad>98</ns3:cad>
          </ns3:TrackPointExtension>
        </extensions>
      </trkpt>
      <trkpt lat="23.16793316043913364410400390625" lon="113.417772464454174041748046875">
        <ele>27</ele>
        <time>2026-02-24T23:19:20.000Z</time>
        <extensions>
          <ns3:TrackPointExtension>
            <ns3:hr>147</ns3:hr>
            <ns3:cad>98</ns3:cad>
          </ns3:TrackPointExtension>
        </extensions>
      </trkpt>
      <trkpt lat="23.16792813129723072052001953125" lon="113.4178001247346401214599609375">
        <ele>27.200000762939453125</ele>
        <time>2026-02-24T23:19:21.000Z</time>
        <extensions>
          <ns3:TrackPointExtension>
            <ns3:hr>148</ns3:hr>
            <ns3:cad>98</ns3:cad>
          </ns3:TrackPointExtension>
        </extensions>
      </trkpt>
      <trkpt lat="23.16792461089789867401123046875" lon="113.41782602481544017791748046875">
        <ele>27.200000762939453125</ele>
        <time>2026-02-24T23:19:22.000Z</time>
        <extensions>
          <ns3:TrackPointExtension>
            <ns3:hr>148</ns3:hr>
            <ns3:cad>98</ns3:cad>
          </ns3:TrackPointExtension>
        </extensions>
      </trkpt>
      <trkpt lat="23.16791790537536144256591796875" lon="113.4178561158478260040283203125">
        <ele>27.200000762939453125</ele>
        <time>2026-02-24T23:19:23.000Z</time>
        <extensions>
          <ns3:TrackPointExtension>
            <ns3:hr>149</ns3:hr>
            <ns3:cad>98</ns3:cad>
          </ns3:TrackPointExtension>
        </extensions>
      </trkpt>
      <trkpt lat="23.16791899502277374267578125" lon="113.4178879670798778533935546875">
        <ele>27.200000762939453125</ele>
        <time>2026-02-24T23:19:24.000Z</time>
        <extensions>
          <ns3:TrackPointExtension>
            <ns3:hr>149</ns3:hr>
            <ns3:cad>98</ns3:cad>
          </ns3:TrackPointExtension>
        </extensions>
      </trkpt>
      <trkpt lat="23.16791270859539508819580078125" lon="113.41791721992194652557373046875">
        <ele>27.3999996185302734375</ele>
        <time>2026-02-24T23:19:25.000Z</time>
        <extensions>
          <ns3:TrackPointExtension>
            <ns3:hr>149</ns3:hr>
            <ns3:cad>98</ns3:cad>
          </ns3:TrackPointExtension>
        </extensions>
      </trkpt>
      <trkpt lat="23.16790692508220672607421875" lon="113.41795451939105987548828125">
        <ele>27.3999996185302734375</ele>
        <time>2026-02-24T23:19:26.000Z</time>
        <extensions>
          <ns3:TrackPointExtension>
            <ns3:hr>149</ns3:hr>
            <ns3:cad>98</ns3:cad>
          </ns3:TrackPointExtension>
        </extensions>
      </trkpt>
      <trkpt lat="23.16790826618671417236328125" lon="113.417984358966350555419921875">
        <ele>27.3999996185302734375</ele>
        <time>2026-02-24T23:19:27.000Z</time>
        <extensions>
          <ns3:TrackPointExtension>
            <ns3:hr>149</ns3:hr>
            <ns3:cad>98</ns3:cad>
          </ns3:TrackPointExtension>
        </extensions>
      </trkpt>
      <trkpt lat="23.1679062545299530029296875" lon="113.4180116839706897735595703125">
        <ele>27.3999996185302734375</ele>
        <time>2026-02-24T23:19:28.000Z</time>
        <extensions>
          <ns3:TrackPointExtension>
            <ns3:hr>150</ns3:hr>
            <ns3:cad>98</ns3:cad>
          </ns3:TrackPointExtension>
        </extensions>
      </trkpt>
      <trkpt lat="23.16789996810257434844970703125" lon="113.4180438704788684844970703125">
        <ele>27.3999996185302734375</ele>
        <time>2026-02-24T23:19:29.000Z</time>
        <extensions>
          <ns3:TrackPointExtension>
            <ns3:hr>150</ns3:hr>
            <ns3:cad>98</ns3:cad>
          </ns3:TrackPointExtension>
        </extensions>
      </trkpt>
      <trkpt lat="23.167903237044811248779296875" lon="113.41806541197001934051513671875">
        <ele>27.3999996185302734375</ele>
        <time>2026-02-24T23:19:30.000Z</time>
        <extensions>
          <ns3:TrackPointExtension>
            <ns3:hr>150</ns3:hr>
            <ns3:cad>98</ns3:cad>
          </ns3:TrackPointExtension>
        </extensions>
      </trkpt>
      <trkpt lat="23.167899884283542633056640625" lon="113.41809240169823169708251953125">
        <ele>27.6000003814697265625</ele>
        <time>2026-02-24T23:19:31.000Z</time>
        <extensions>
          <ns3:TrackPointExtension>
            <ns3:hr>150</ns3:hr>
            <ns3:cad>98</ns3:cad>
          </ns3:TrackPointExtension>
        </extensions>
      </trkpt>
      <trkpt lat="23.16789443604648113250732421875" lon="113.41812483966350555419921875">
        <ele>27.6000003814697265625</ele>
        <time>2026-02-24T23:19:32.000Z</time>
        <extensions>
          <ns3:TrackPointExtension>
            <ns3:hr>150</ns3:hr>
            <ns3:cad>98</ns3:cad>
          </ns3:TrackPointExtension>
        </extensions>
      </trkpt>
      <trkpt lat="23.1678896583616733551025390625" lon="113.41815040446817874908447265625">
        <ele>27.6000003814697265625</ele>
        <time>2026-02-24T23:19:33.000Z</time>
        <extensions>
          <ns3:TrackPointExtension>
            <ns3:hr>151</ns3:hr>
            <ns3:cad>97</ns3:cad>
          </ns3:TrackPointExtension>
        </extensions>
      </trkpt>
      <trkpt lat="23.167881779372692108154296875" lon="113.4181850217282772064208984375">
        <ele>27.6000003814697265625</ele>
        <time>2026-02-24T23:19:34.000Z</time>
        <extensions>
          <ns3:TrackPointExtension>
            <ns3:hr>151</ns3:hr>
            <ns3:cad>97</ns3:cad>
          </ns3:TrackPointExtension>
        </extensions>
      </trkpt>
      <trkpt lat="23.16788018681108951568603515625" lon="113.41820991598069667816162109375">
        <ele>27.3999996185302734375</ele>
        <time>2026-02-24T23:19:35.000Z</time>
        <extensions>
          <ns3:TrackPointExtension>
            <ns3:hr>151</ns3:hr>
            <ns3:cad>97</ns3:cad>
          </ns3:TrackPointExtension>
        </extensions>
      </trkpt>
      <trkpt lat="23.16787146963179111480712890625" lon="113.418237157166004180908203125">
        <ele>27.3999996185302734375</ele>
        <time>2026-02-24T23:19:36.000Z</time>
        <extensions>
          <ns3:TrackPointExtension>
            <ns3:hr>151</ns3:hr>
            <ns3:cad>97</ns3:cad>
          </ns3:TrackPointExtension>
        </extensions>
      </trkpt>
      <trkpt lat="23.16786677576601505279541015625" lon="113.4182661585509777069091796875">
        <ele>27.6000003814697265625</ele>
        <time>2026-02-24T23:19:37.000Z</time>
        <extensions>
          <ns3:TrackPointExtension>
            <ns3:hr>152</ns3:hr>
            <ns3:cad>97</ns3:cad>
          </ns3:TrackPointExtension>
        </extensions>
      </trkpt>
      <trkpt lat="23.1678608246147632598876953125" lon="113.4182923100888729095458984375">
        <ele>27.6000003814697265625</ele>
        <time>2026-02-24T23:19:38.000Z</time>
        <extensions>
          <ns3:TrackPointExtension>
            <ns3:hr>151</ns3:hr>
            <ns3:cad>97</ns3:cad>
          </ns3:TrackPointExtension>
        </extensions>
      </trkpt>
      <trkpt lat="23.16785420291125774383544921875" lon="113.41832642443478107452392578125">
        <ele>27.6000003814697265625</ele>
        <time>2026-02-24T23:19:39.000Z</time>
        <extensions>
          <ns3:TrackPointExtension>
            <ns3:hr>151</ns3:hr>
            <ns3:cad>97</ns3:cad>
          </ns3:TrackPointExtension>
        </extensions>
      </trkpt>
      <trkpt lat="23.167855627834796905517578125" lon="113.418356515467166900634765625">
        <ele>27.6000003814697265625</ele>
        <time>2026-02-24T23:19:40.000Z</time>
        <extensions>
          <ns3:TrackPointExtension>
            <ns3:hr>151</ns3:hr>
            <ns3:cad>97</ns3:cad>
          </ns3:TrackPointExtension>
        </extensions>
      </trkpt>
      <trkpt lat="23.16784867085516452789306640625" lon="113.418382667005062103271484375">
        <ele>27.6000003814697265625</ele>
        <time>2026-02-24T23:19:41.000Z</time>
        <extensions>
          <ns3:TrackPointExtension>
            <ns3:hr>151</ns3:hr>
            <ns3:cad>97</ns3:cad>
          </ns3:TrackPointExtension>
        </extensions>
      </trkpt>
      <trkpt lat="23.16784230060875415802001953125" lon="113.418420888483524322509765625">
        <ele>27.6000003814697265625</ele>
        <time>2026-02-24T23:19:42.000Z</time>
        <extensions>
          <ns3:TrackPointExtension>
            <ns3:hr>151</ns3:hr>
            <ns3:cad>97</ns3:cad>
          </ns3:TrackPointExtension>
        </extensions>
      </trkpt>
      <trkpt lat="23.16784699447453022003173828125" lon="113.41844561509788036346435546875">
        <ele>27.3999996185302734375</ele>
        <time>2026-02-24T23:19:43.000Z</time>
        <extensions>
          <ns3:TrackPointExtension>
            <ns3:hr>151</ns3:hr>
            <ns3:cad>98</ns3:cad>
          </ns3:TrackPointExtension>
        </extensions>
      </trkpt>
      <trkpt lat="23.167840875685214996337890625" lon="113.418480567634105682373046875">
        <ele>27.6000003814697265625</ele>
        <time>2026-02-24T23:19:44.000Z</time>
        <extensions>
          <ns3:TrackPointExtension>
            <ns3:hr>151</ns3:hr>
            <ns3:cad>98</ns3:cad>
          </ns3:TrackPointExtension>
        </extensions>
      </trkpt>
      <trkpt lat="23.16783039830625057220458984375" lon="113.4185115806758403778076171875">
        <ele>27.799999237060546875</ele>
        <time>2026-02-24T23:19:45.000Z</time>
        <extensions>
          <ns3:TrackPointExtension>
            <ns3:hr>151</ns3:hr>
            <ns3:cad>98</ns3:cad>
          </ns3:TrackPointExtension>
        </extensions>
      </trkpt>
      <trkpt lat="23.1678158976137638092041015625" lon="113.41853496618568897247314453125">
        <ele>27.6000003814697265625</ele>
        <time>2026-02-24T23:19:46.000Z</time>
        <extensions>
          <ns3:TrackPointExtension>
            <ns3:hr>151</ns3:hr>
            <ns3:cad>98</ns3:cad>
          </ns3:TrackPointExtension>
        </extensions>
      </trkpt>
      <trkpt lat="23.16779368557035923004150390625" lon="113.418555669486522674560546875">
        <ele>27.6000003814697265625</ele>
        <time>2026-02-24T23:19:47.000Z</time>
        <extensions>
          <ns3:TrackPointExtension>
            <ns3:hr>151</ns3:hr>
            <ns3:cad>98</ns3:cad>
          </ns3:TrackPointExtension>
        </extensions>
      </trkpt>
      <trkpt lat="23.1677813641726970672607421875" lon="113.4185662306845188140869140625">
        <ele>27.6000003814697265625</ele>
        <time>2026-02-24T23:19:48.000Z</time>
        <extensions>
          <ns3:TrackPointExtension>
            <ns3:hr>150</ns3:hr>
            <ns3:cad>98</ns3:cad>
          </ns3:TrackPointExtension>
        </extensions>
      </trkpt>
      <trkpt lat="23.16776267252862453460693359375" lon="113.41858081519603729248046875">
        <ele>27.6000003814697265625</ele>
        <time>2026-02-24T23:19:49.000Z</time>
        <extensions>
          <ns3:TrackPointExtension>
            <ns3:hr>150</ns3:hr>
            <ns3:cad>98</ns3:cad>
          </ns3:TrackPointExtension>
        </extensions>
      </trkpt>
      <trkpt lat="23.16774465143680572509765625" lon="113.41860101558268070220947265625">
        <ele>27.200000762939453125</ele>
        <time>2026-02-24T23:19:50.000Z</time>
        <extensions>
          <ns3:TrackPointExtension>
            <ns3:hr>150</ns3:hr>
            <ns3:cad>98</ns3:cad>
          </ns3:TrackPointExtension>
        </extensions>
      </trkpt>
      <trkpt lat="23.1677257083356380462646484375" lon="113.41861300170421600341796875">
        <ele>27.200000762939453125</ele>
        <time>2026-02-24T23:19:51.000Z</time>
        <extensions>
          <ns3:TrackPointExtension>
            <ns3:hr>150</ns3:hr>
            <ns3:cad>98</ns3:cad>
          </ns3:TrackPointExtension>
        </extensions>
      </trkpt>
      <trkpt lat="23.16769813187420368194580078125" lon="113.41862180270254611968994140625">
        <ele>27.200000762939453125</ele>
        <time>2026-02-24T23:19:52.000Z</time>
        <extensions>
          <ns3:TrackPointExtension>
            <ns3:hr>150</ns3:hr>
            <ns3:cad>98</ns3:cad>
          </ns3:TrackPointExtension>
        </extensions>
      </trkpt>
      <trkpt lat="23.16768237389624118804931640625" lon="113.41863068751990795135498046875">
        <ele>27</ele>
        <time>2026-02-24T23:19:53.000Z</time>
        <extensions>
          <ns3:TrackPointExtension>
            <ns3:hr>149</ns3:hr>
            <ns3:cad>98</ns3:cad>
          </ns3:TrackPointExtension>
        </extensions>
      </trkpt>
      <trkpt lat="23.16765991039574146270751953125" lon="113.41863303445279598236083984375">
        <ele>27</ele>
        <time>2026-02-24T23:19:54.000Z</time>
        <extensions>
          <ns3:TrackPointExtension>
            <ns3:hr>149</ns3:hr>
            <ns3:cad>98</ns3:cad>
          </ns3:TrackPointExtension>
        </extensions>
      </trkpt>
      <trkpt lat="23.1676348485052585601806640625" lon="113.4186336211860179901123046875">
        <ele>27</ele>
        <time>2026-02-24T23:19:55.000Z</time>
        <extensions>
          <ns3:TrackPointExtension>
            <ns3:hr>149</ns3:hr>
            <ns3:cad>98</ns3:cad>
          </ns3:TrackPointExtension>
        </extensions>
      </trkpt>
      <trkpt lat="23.1676103733479976654052734375" lon="113.4186245687305927276611328125">
        <ele>27.200000762939453125</ele>
        <time>2026-02-24T23:19:56.000Z</time>
        <extensions>
          <ns3:TrackPointExtension>
            <ns3:hr>148</ns3:hr>
            <ns3:cad>98</ns3:cad>
          </ns3:TrackPointExtension>
        </extensions>
      </trkpt>
      <trkpt lat="23.1677694618701934814453125" lon="113.41935287229716777801513671875">
        <ele>24.200000762939453125</ele>
        <time>2026-02-24T23:23:55.000Z</time>
        <extensions>
          <ns3:TrackPointExtension>
            <ns3:hr>116</ns3:hr>
            <ns3:cad>88</ns3:cad>
          </ns3:TrackPointExtension>
        </extensions>
      </trkpt>
      <trkpt lat="23.16777708940207958221435546875" lon="113.41938137076795101165771484375">
        <ele>23.799999237060546875</ele>
        <time>2026-02-24T23:23:56.000Z</time>
        <extensions>
          <ns3:TrackPointExtension>
            <ns3:hr>119</ns3:hr>
            <ns3:cad>88</ns3:cad>
          </ns3:TrackPointExtension>
        </extensions>
      </trkpt>
      <trkpt lat="23.1677748262882232666015625" lon="113.4194094501435756683349609375">
        <ele>23.6000003814697265625</ele>
        <time>2026-02-24T23:23:57.000Z</time>
        <extensions>
          <ns3:TrackPointExtension>
            <ns3:hr>120</ns3:hr>
            <ns3:cad>0</ns3:cad>
          </ns3:TrackPointExtension>
        </extensions>
      </trkpt>
      <trkpt lat="23.16777507774531841278076171875" lon="113.419443480670452117919921875">
        <ele>23.3999996185302734375</ele>
        <time>2026-02-24T23:23:58.000Z</time>
        <extensions>
          <ns3:TrackPointExtension>
            <ns3:hr>121</ns3:hr>
            <ns3:cad>0</ns3:cad>
          </ns3:TrackPointExtension>
        </extensions>
      </trkpt>
      <trkpt lat="23.16777558065950870513916015625" lon="113.4194704703986644744873046875">
        <ele>23.200000762939453125</ele>
        <time>2026-02-24T23:23:59.000Z</time>
        <extensions>
          <ns3:TrackPointExtension>
            <ns3:hr>121</ns3:hr>
            <ns3:cad>94</ns3:cad>
          </ns3:TrackPointExtension>
        </extensions>
      </trkpt>
      <trkpt lat="23.1677723117172718048095703125" lon="113.419500477612018585205078125">
        <ele>23.200000762939453125</ele>
        <time>2026-02-24T23:24:00.000Z</time>
        <extensions>
          <ns3:TrackPointExtension>
            <ns3:hr>121</ns3:hr>
            <ns3:cad>94</ns3:cad>
          </ns3:TrackPointExtension>
        </extensions>
      </trkpt>
      <trkpt lat="23.16777239553630352020263671875" lon="113.4195304848253726959228515625">
        <ele>23.200000762939453125</ele>
        <time>2026-02-24T23:24:01.000Z</time>
        <extensions>
          <ns3:TrackPointExtension>
            <ns3:hr>122</ns3:hr>
            <ns3:cad>94</ns3:cad>
          </ns3:TrackPointExtension>
        </extensions>
      </trkpt>
      <trkpt lat="23.167770802974700927734375" lon="113.41955621726810932159423828125">
        <ele>23.200000762939453125</ele>
        <time>2026-02-24T23:24:02.000Z</time>
        <extensions>
          <ns3:TrackPointExtension>
            <ns3:hr>123</ns3:hr>
            <ns3:cad>94</ns3:cad>
          </ns3:TrackPointExtension>
        </extensions>
      </trkpt>
      <trkpt lat="23.167770802974700927734375" lon="113.419588319957256317138671875">
        <ele>23</ele>
        <time>2026-02-24T23:24:03.000Z</time>
        <extensions>
          <ns3:TrackPointExtension>
            <ns3:hr>124</ns3:hr>
            <ns3:cad>96</ns3:cad>
          </ns3:TrackPointExtension>
        </extensions>
      </trkpt>
      <trkpt lat="23.1677713058888912200927734375" lon="113.41961304657161235809326171875">
        <ele>23</ele>
        <time>2026-02-24T23:24:04.000Z</time>
        <extensions>
          <ns3:TrackPointExtension>
            <ns3:hr>124</ns3:hr>
            <ns3:cad>96</ns3:cad>
          </ns3:TrackPointExtension>
        </extensions>
      </trkpt>
      <trkpt lat="23.16776820458471775054931640625" lon="113.41964338906109333038330078125">
        <ele>23</ele>
        <time>2026-02-24T23:24:05.000Z</time>
        <extensions>
          <ns3:TrackPointExtension>
            <ns3:hr>126</ns3:hr>
            <ns3:cad>96</ns3:cad>
          </ns3:TrackPointExtension>
        </extensions>
      </trkpt>
      <trkpt lat="23.16776971332728862762451171875" lon="113.41967155225574970245361328125">
        <ele>22.799999237060546875</ele>
        <time>2026-02-24T23:24:06.000Z</time>
        <extensions>
          <ns3:TrackPointExtension>
            <ns3:hr>126</ns3:hr>
            <ns3:cad>97</ns3:cad>
          </ns3:TrackPointExtension>
        </extensions>
      </trkpt>
      <trkpt lat="23.16776401363313198089599609375" lon="113.41969602741301059722900390625">
        <ele>22.799999237060546875</ele>
        <time>2026-02-24T23:24:07.000Z</time>
        <extensions>
          <ns3:TrackPointExtension>
            <ns3:hr>127</ns3:hr>
            <ns3:cad>98</ns3:cad>
          </ns3:TrackPointExtension>
        </extensions>
      </trkpt>
      <trkpt lat="23.16775781102478504180908203125" lon="113.419733829796314239501953125">
        <ele>22.799999237060546875</ele>
        <time>2026-02-24T23:24:08.000Z</time>
        <extensions>
          <ns3:TrackPointExtension>
            <ns3:hr>127</ns3:hr>
            <ns3:cad>98</ns3:cad>
          </ns3:TrackPointExtension>
        </extensions>
      </trkpt>
      <trkpt lat="23.16776032559573650360107421875" lon="113.4197675250470638275146484375">
        <ele>22.6000003814697265625</ele>
        <time>2026-02-24T23:24:09.000Z</time>
        <extensions>
          <ns3:TrackPointExtension>
            <ns3:hr>127</ns3:hr>
            <ns3:cad>98</ns3:cad>
          </ns3:TrackPointExtension>
        </extensions>
      </trkpt>
      <trkpt lat="23.16775596700608730316162109375" lon="113.41980096884071826934814453125">
        <ele>22.3999996185302734375</ele>
        <time>2026-02-24T23:24:10.000Z</time>
        <extensions>
          <ns3:TrackPointExtension>
            <ns3:hr>127</ns3:hr>
            <ns3:cad>97</ns3:cad>
          </ns3:TrackPointExtension>
        </extensions>
      </trkpt>
      <trkpt lat="23.16775328479707241058349609375" lon="113.41983214952051639556884765625">
        <ele>22.200000762939453125</ele>
        <time>2026-02-24T23:24:11.000Z</time>
        <extensions>
          <ns3:TrackPointExtension>
            <ns3:hr>127</ns3:hr>
            <ns3:cad>97</ns3:cad>
          </ns3:TrackPointExtension>
        </extensions>
      </trkpt>
      <trkpt lat="23.167753033339977264404296875" lon="113.4198610670864582061767578125">
        <ele>22.200000762939453125</ele>
        <time>2026-02-24T23:24:12.000Z</time>
        <extensions>
          <ns3:TrackPointExtension>
            <ns3:hr>127</ns3:hr>
            <ns3:cad>97</ns3:cad>
          </ns3:TrackPointExtension>
        </extensions>
      </trkpt>
      <trkpt lat="23.16774691455066204071044921875" lon="113.4198996238410472869873046875">
        <ele>22</ele>
        <time>2026-02-24T23:24:13.000Z</time>
        <extensions>
          <ns3:TrackPointExtension>
            <ns3:hr>126</ns3:hr>
            <ns3:cad>98</ns3:cad>
          </ns3:TrackPointExtension>
        </extensions>
      </trkpt>
      <trkpt lat="23.16774758510291576385498046875" lon="113.41992552392184734344482421875">
        <ele>21.799999237060546875</ele>
        <time>2026-02-24T23:24:14.000Z</time>
        <extensions>
          <ns3:TrackPointExtension>
            <ns3:hr>126</ns3:hr>
            <ns3:cad>98</ns3:cad>
          </ns3:TrackPointExtension>
        </extensions>
      </trkpt>
      <trkpt lat="23.167742975056171417236328125" lon="113.41995737515389919281005859375">
        <ele>21.6000003814697265625</ele>
        <time>2026-02-24T23:24:15.000Z</time>
        <extensions>
          <ns3:TrackPointExtension>
            <ns3:hr>126</ns3:hr>
            <ns3:cad>96</ns3:cad>
          </ns3:TrackPointExtension>
        </extensions>
      </trkpt>
      <trkpt lat="23.167738616466522216796875" lon="113.419995345175266265869140625">
        <ele>21.6000003814697265625</ele>
        <time>2026-02-24T23:24:16.000Z</time>
        <extensions>
          <ns3:TrackPointExtension>
            <ns3:hr>126</ns3:hr>
            <ns3:cad>95</ns3:cad>
          </ns3:TrackPointExtension>
        </extensions>
      </trkpt>
      <trkpt lat="23.1677411310374736785888671875" lon="113.42002174817025661468505859375">
        <ele>21.6000003814697265625</ele>
        <time>2026-02-24T23:24:17.000Z</time>
        <extensions>
          <ns3:TrackPointExtension>
            <ns3:hr>127</ns3:hr>
            <ns3:cad>95</ns3:cad>
          </ns3:TrackPointExtension>
        </extensions>
      </trkpt>
      <trkpt lat="23.167738951742649078369140625" lon="113.4200538508594036102294921875">
        <ele>21.6000003814697265625</ele>
        <time>2026-02-24T23:24:18.000Z</time>
        <extensions>
          <ns3:TrackPointExtension>
            <ns3:hr>127</ns3:hr>
            <ns3:cad>97</ns3:cad>
          </ns3:TrackPointExtension>
        </extensions>
      </trkpt>
      <trkpt lat="23.16773752681910991668701171875" lon="113.4200848639011383056640625">
        <ele>21.3999996185302734375</ele>
        <time>2026-02-24T23:24:19.000Z</time>
        <extensions>
          <ns3:TrackPointExtension>
            <ns3:hr>127</ns3:hr>
            <ns3:cad>98</ns3:cad>
          </ns3:TrackPointExtension>
        </extensions>
      </trkpt>
      <trkpt lat="23.16773400641977787017822265625" lon="113.4201098419725894927978515625">
        <ele>21.6000003814697265625</ele>
        <time>2026-02-24T23:24:20.000Z</time>
        <extensions>
          <ns3:TrackPointExtension>
            <ns3:hr>127</ns3:hr>
            <ns3:cad>98</ns3:cad>
          </ns3:TrackPointExtension>
        </extensions>
      </trkpt>
      <trkpt lat="23.1677305698394775390625" lon="113.42014496214687824249267578125">
        <ele>21.3999996185302734375</ele>
        <time>2026-02-24T23:24:21.000Z</time>
        <extensions>
          <ns3:TrackPointExtension>
            <ns3:hr>127</ns3:hr>
            <ns3:cad>98</ns3:cad>
          </ns3:TrackPointExtension>
        </extensions>
      </trkpt>
      <trkpt lat="23.16773350350558757781982421875" lon="113.4201685152947902679443359375">
        <ele>21.3999996185302734375</ele>
        <time>2026-02-24T23:24:22.000Z</time>
        <extensions>
          <ns3:TrackPointExtension>
            <ns3:hr>128</ns3:hr>
            <ns3:cad>97</ns3:cad>
          </ns3:TrackPointExtension>
        </extensions>
      </trkpt>
      <trkpt lat="23.167730234563350677490234375" lon="113.42020313255488872528076171875">
        <ele>21.3999996185302734375</ele>
        <time>2026-02-24T23:24:23.000Z</time>
        <extensions>
          <ns3:TrackPointExtension>
            <ns3:hr>128</ns3:hr>
            <ns3:cad>97</ns3:cad>
          </ns3:TrackPointExtension>
        </extensions>
      </trkpt>
      <trkpt lat="23.16773098893463611602783203125" lon="113.42023280449211597442626953125">
        <ele>21.200000762939453125</ele>
        <time>2026-02-24T23:24:24.000Z</time>
        <extensions>
          <ns3:TrackPointExtension>
            <ns3:hr>128</ns3:hr>
            <ns3:cad>97</ns3:cad>
          </ns3:TrackPointExtension>
        </extensions>
      </trkpt>
      <trkpt lat="23.16772855818271636962890625" lon="113.42025996185839176177978515625">
        <ele>21.200000762939453125</ele>
        <time>2026-02-24T23:24:25.000Z</time>
        <extensions>
          <ns3:TrackPointExtension>
            <ns3:hr>128</ns3:hr>
            <ns3:cad>96</ns3:cad>
          </ns3:TrackPointExtension>
        </extensions>
      </trkpt>
      <trkpt lat="23.1677247025072574615478515625" lon="113.4202940762042999267578125">
        <ele>21.200000762939453125</ele>
        <time>2026-02-24T23:24:26.000Z</time>
        <extensions>
          <ns3:TrackPointExtension>
            <ns3:hr>129</ns3:hr>
            <ns3:cad>95</ns3:cad>
          </ns3:TrackPointExtension>
        </extensions>
      </trkpt>
      <trkpt lat="23.16772545687854290008544921875" lon="113.420320563018321990966796875">
        <ele>21.200000762939453125</ele>
        <time>2026-02-24T23:24:27.000Z</time>
        <extensions>
          <ns3:TrackPointExtension>
            <ns3:hr>129</ns3:hr>
            <ns3:cad>95</ns3:cad>
          </ns3:TrackPointExtension>
        </extensions>
      </trkpt>
      <trkpt lat="23.16772051155567169189453125" lon="113.42034881003201007843017578125">
        <ele>21</ele>
        <time>2026-02-24T23:24:28.000Z</time>
        <extensions>
          <ns3:TrackPointExtension>
            <ns3:hr>129</ns3:hr>
            <ns3:cad>96</ns3:cad>
          </ns3:TrackPointExtension>
        </extensions>
      </trkpt>
      <trkpt lat="23.1677173264324665069580078125" lon="113.4203797392547130584716796875">
        <ele>21</ele>
        <time>2026-02-24T23:24:29.000Z</time>
        <extensions>
          <ns3:TrackPointExtension>
            <ns3:hr>129</ns3:hr>
            <ns3:cad>96</ns3:cad>
          </ns3:TrackPointExtension>
        </extensions>
      </trkpt>
      <trkpt lat="23.1677158176898956298828125" lon="113.4204079024493694305419921875">
        <ele>20.799999237060546875</ele>
        <time>2026-02-24T23:24:30.000Z</time>
        <extensions>
          <ns3:TrackPointExtension>
            <ns3:hr>129</ns3:hr>
            <ns3:cad>97</ns3:cad>
          </ns3:TrackPointExtension>
        </extensions>
      </trkpt>
      <trkpt lat="23.16770844161510467529296875" lon="113.4204441122710704803466796875">
        <ele>20.799999237060546875</ele>
        <time>2026-02-24T23:24:31.000Z</time>
        <extensions>
          <ns3:TrackPointExtension>
            <ns3:hr>129</ns3:hr>
            <ns3:cad>97</ns3:cad>
          </ns3:TrackPointExtension>
        </extensions>
      </trkpt>
      <trkpt lat="23.1677091121673583984375" lon="113.4204722754657268524169921875">
        <ele>20.6000003814697265625</ele>
        <time>2026-02-24T23:24:32.000Z</time>
        <extensions>
          <ns3:TrackPointExtension>
            <ns3:hr>129</ns3:hr>
            <ns3:cad>97</ns3:cad>
          </ns3:TrackPointExtension>
        </extensions>
      </trkpt>
      <trkpt lat="23.1677049212157726287841796875" lon="113.42050001956522464752197265625">
        <ele>20.3999996185302734375</ele>
        <time>2026-02-24T23:24:33.000Z</time>
        <extensions>
          <ns3:TrackPointExtension>
            <ns3:hr>130</ns3:hr>
            <ns3:cad>97</ns3:cad>
          </ns3:TrackPointExtension>
        </extensions>
      </trkpt>
      <trkpt lat="23.16770265810191631317138671875" lon="113.42053488828241825103759765625">
        <ele>20.200000762939453125</ele>
        <time>2026-02-24T23:24:34.000Z</time>
        <extensions>
          <ns3:TrackPointExtension>
            <ns3:hr>130</ns3:hr>
            <ns3:cad>97</ns3:cad>
          </ns3:TrackPointExtension>
        </extensions>
      </trkpt>
      <trkpt lat="23.16770441830158233642578125" lon="113.420561961829662322998046875">
        <ele>20</ele>
        <time>2026-02-24T23:24:35.000Z</time>
        <extensions>
          <ns3:TrackPointExtension>
            <ns3:hr>131</ns3:hr>
            <ns3:cad>97</ns3:cad>
          </ns3:TrackPointExtension>
        </extensions>
      </trkpt>
      <trkpt lat="23.167698383331298828125" lon="113.420598171651363372802734375">
        <ele>19.799999237060546875</ele>
        <time>2026-02-24T23:24:36.000Z</time>
        <extensions>
          <ns3:TrackPointExtension>
            <ns3:hr>131</ns3:hr>
            <ns3:cad>97</ns3:cad>
          </ns3:TrackPointExtension>
        </extensions>
      </trkpt>
      <trkpt lat="23.16770081408321857452392578125" lon="113.42062910087406635284423828125">
        <ele>19.6000003814697265625</ele>
        <time>2026-02-24T23:24:37.000Z</time>
        <extensions>
          <ns3:TrackPointExtension>
            <ns3:hr>131</ns3:hr>
            <ns3:cad>97</ns3:cad>
          </ns3:TrackPointExtension>
        </extensions>
      </trkpt>
      <trkpt lat="23.16769997589290142059326171875" lon="113.42065944336354732513427734375">
        <ele>19.6000003814697265625</ele>
        <time>2026-02-24T23:24:38.000Z</time>
        <extensions>
          <ns3:TrackPointExtension>
            <ns3:hr>131</ns3:hr>
            <ns3:cad>97</ns3:cad>
          </ns3:TrackPointExtension>
        </extensions>
      </trkpt>
      <trkpt lat="23.16769637167453765869140625" lon="113.4206990897655487060546875">
        <ele>19.3999996185302734375</ele>
        <time>2026-02-24T23:24:39.000Z</time>
        <extensions>
          <ns3:TrackPointExtension>
            <ns3:hr>131</ns3:hr>
            <ns3:cad>97</ns3:cad>
          </ns3:TrackPointExtension>
        </extensions>
      </trkpt>
      <trkpt lat="23.1676970422267913818359375" lon="113.4207259118556976318359375">
        <ele>19.200000762939453125</ele>
        <time>2026-02-24T23:24:40.000Z</time>
        <extensions>
          <ns3:TrackPointExtension>
            <ns3:hr>131</ns3:hr>
            <ns3:cad>97</ns3:cad>
          </ns3:TrackPointExtension>
        </extensions>
      </trkpt>
      <trkpt lat="23.1676928512752056121826171875" lon="113.4207622893154621124267578125">
        <ele>19.200000762939453125</ele>
        <time>2026-02-24T23:24:41.000Z</time>
        <extensions>
          <ns3:TrackPointExtension>
            <ns3:hr>131</ns3:hr>
            <ns3:cad>96</ns3:cad>
          </ns3:TrackPointExtension>
        </extensions>
      </trkpt>
      <trkpt lat="23.1676915101706981658935546875" lon="113.42079170979559421539306640625">
        <ele>19</ele>
        <time>2026-02-24T23:24:42.000Z</time>
        <extensions>
          <ns3:TrackPointExtension>
            <ns3:hr>131</ns3:hr>
            <ns3:cad>96</ns3:cad>
          </ns3:TrackPointExtension>
        </extensions>
      </trkpt>
      <trkpt lat="23.167690336704254150390625" lon="113.42081786133348941802978515625">
        <ele>19</ele>
        <time>2026-02-24T23:24:43.000Z</time>
        <extensions>
          <ns3:TrackPointExtension>
            <ns3:hr>132</ns3:hr>
            <ns3:cad>96</ns3:cad>
          </ns3:TrackPointExtension>
        </extensions>
      </trkpt>
      <trkpt lat="23.16768698394298553466796875" lon="113.420852310955524444580078125">
        <ele>19</ele>
        <time>2026-02-24T23:24:44.000Z</time>
        <extensions>
          <ns3:TrackPointExtension>
            <ns3:hr>132</ns3:hr>
            <ns3:cad>96</ns3:cad>
          </ns3:TrackPointExtension>
        </extensions>
      </trkpt>
      <trkpt lat="23.167691342532634735107421875" lon="113.42087636701762676239013671875">
        <ele>19</ele>
        <time>2026-02-24T23:24:45.000Z</time>
        <extensions>
          <ns3:TrackPointExtension>
            <ns3:hr>132</ns3:hr>
            <ns3:cad>95</ns3:cad>
          </ns3:TrackPointExtension>
        </extensions>
      </trkpt>
      <trkpt lat="23.1676905043423175811767578125" lon="113.42091022990643978118896484375">
        <ele>19</ele>
        <time>2026-02-24T23:24:46.000Z</time>
        <extensions>
          <ns3:TrackPointExtension>
            <ns3:hr>132</ns3:hr>
            <ns3:cad>95</ns3:cad>
          </ns3:TrackPointExtension>
        </extensions>
      </trkpt>
      <trkpt lat="23.1676928512752056121826171875" lon="113.420938141644001007080078125">
        <ele>18.799999237060546875</ele>
        <time>2026-02-24T23:24:47.000Z</time>
        <extensions>
          <ns3:TrackPointExtension>
            <ns3:hr>133</ns3:hr>
            <ns3:cad>97</ns3:cad>
          </ns3:TrackPointExtension>
        </extensions>
      </trkpt>
      <trkpt lat="23.1676915101706981658935546875" lon="113.42096538282930850982666015625">
        <ele>18.6000003814697265625</ele>
        <time>2026-02-24T23:24:48.000Z</time>
        <extensions>
          <ns3:TrackPointExtension>
            <ns3:hr>133</ns3:hr>
            <ns3:cad>97</ns3:cad>
          </ns3:TrackPointExtension>
        </extensions>
      </trkpt>
      <trkpt lat="23.1676888279616832733154296875" lon="113.42099874280393123626708984375">
        <ele>18.6000003814697265625</ele>
        <time>2026-02-24T23:24:49.000Z</time>
        <extensions>
          <ns3:TrackPointExtension>
            <ns3:hr>133</ns3:hr>
            <ns3:cad>97</ns3:cad>
          </ns3:TrackPointExtension>
        </extensions>
      </trkpt>
      <trkpt lat="23.16769461147487163543701171875" lon="113.421023972332477569580078125">
        <ele>18.799999237060546875</ele>
        <time>2026-02-24T23:24:50.000Z</time>
        <extensions>
          <ns3:TrackPointExtension>
            <ns3:hr>133</ns3:hr>
            <ns3:cad>95</ns3:cad>
          </ns3:TrackPointExtension>
        </extensions>
      </trkpt>
      <trkpt lat="23.16769092343747615814208984375" lon="113.42105791904032230377197265625">
        <ele>18.799999237060546875</ele>
        <time>2026-02-24T23:24:51.000Z</time>
        <extensions>
          <ns3:TrackPointExtension>
            <ns3:hr>133</ns3:hr>
            <ns3:cad>95</ns3:cad>
          </ns3:TrackPointExtension>
        </extensions>
      </trkpt>
      <trkpt lat="23.1676925159990787506103515625" lon="113.42108742333948612213134765625">
        <ele>18.799999237060546875</ele>
        <time>2026-02-24T23:24:52.000Z</time>
        <extensions>
          <ns3:TrackPointExtension>
            <ns3:hr>133</ns3:hr>
            <ns3:cad>97</ns3:cad>
          </ns3:TrackPointExtension>
        </extensions>
      </trkpt>
      <trkpt lat="23.1676938571035861968994140625" lon="113.4211156703531742095947265625">
        <ele>19</ele>
        <time>2026-02-24T23:24:53.000Z</time>
        <extensions>
          <ns3:TrackPointExtension>
            <ns3:hr>133</ns3:hr>
            <ns3:cad>97</ns3:cad>
          </ns3:TrackPointExtension>
        </extensions>
      </trkpt>
      <trkpt lat="23.167690336704254150390625" lon="113.42114844359457492828369140625">
        <ele>19</ele>
        <time>2026-02-24T23:24:54.000Z</time>
        <extensions>
          <ns3:TrackPointExtension>
            <ns3:hr>134</ns3:hr>
            <ns3:cad>96</ns3:cad>
          </ns3:TrackPointExtension>
        </extensions>
      </trkpt>
      <trkpt lat="23.16769394092261791229248046875" lon="113.42117593623697757720947265625">
        <ele>19</ele>
        <time>2026-02-24T23:24:55.000Z</time>
        <extensions>
          <ns3:TrackPointExtension>
            <ns3:hr>134</ns3:hr>
            <ns3:cad>95</ns3:cad>
          </ns3:TrackPointExtension>
        </extensions>
      </trkpt>
      <trkpt lat="23.16769025288522243499755859375" lon="113.42121080495417118072509765625">
        <ele>19</ele>
        <time>2026-02-24T23:24:56.000Z</time>
        <extensions>
          <ns3:TrackPointExtension>
            <ns3:hr>134</ns3:hr>
            <ns3:cad>95</ns3:cad>
          </ns3:TrackPointExtension>
        </extensions>
      </trkpt>
      <trkpt lat="23.16768966615200042724609375" lon="113.42124349437654018402099609375">
        <ele>19</ele>
        <time>2026-02-24T23:24:57.000Z</time>
        <extensions>
          <ns3:TrackPointExtension>
            <ns3:hr>135</ns3:hr>
            <ns3:cad>97</ns3:cad>
          </ns3:TrackPointExtension>
        </extensions>
      </trkpt>
      <trkpt lat="23.16769058816134929656982421875" lon="113.4212698973715305328369140625">
        <ele>18.799999237060546875</ele>
        <time>2026-02-24T23:24:58.000Z</time>
        <extensions>
          <ns3:TrackPointExtension>
            <ns3:hr>135</ns3:hr>
            <ns3:cad>97</ns3:cad>
          </ns3:TrackPointExtension>
        </extensions>
      </trkpt>
      <trkpt lat="23.16768824122846126556396484375" lon="113.42130325734615325927734375">
        <ele>18.799999237060546875</ele>
        <time>2026-02-24T23:24:59.000Z</time>
        <extensions>
          <ns3:TrackPointExtension>
            <ns3:hr>135</ns3:hr>
            <ns3:cad>96</ns3:cad>
          </ns3:TrackPointExtension>
        </extensions>
      </trkpt>
      <trkpt lat="23.1676918454468250274658203125" lon="113.4213299117982387542724609375">
        <ele>18.799999237060546875</ele>
        <time>2026-02-24T23:25:00.000Z</time>
        <extensions>
          <ns3:TrackPointExtension>
            <ns3:hr>135</ns3:hr>
            <ns3:cad>95</ns3:cad>
          </ns3:TrackPointExtension>
        </extensions>
      </trkpt>
      <trkpt lat="23.16768974997103214263916015625" lon="113.42135966755449771881103515625">
        <ele>18.6000003814697265625</ele>
        <time>2026-02-24T23:25:01.000Z</time>
        <extensions>
          <ns3:TrackPointExtension>
            <ns3:hr>134</ns3:hr>
            <ns3:cad>95</ns3:cad>
          </ns3:TrackPointExtension>
        </extensions>
      </trkpt>
      <trkpt lat="23.16769125871360301971435546875" lon="113.4213916026055812835693359375">
        <ele>18.6000003814697265625</ele>
        <time>2026-02-24T23:25:02.000Z</time>
        <extensions>
          <ns3:TrackPointExtension>
            <ns3:hr>134</ns3:hr>
            <ns3:cad>95</ns3:cad>
          </ns3:TrackPointExtension>
        </extensions>
      </trkpt>
      <trkpt lat="23.16769595257937908172607421875" lon="113.4214167483150959014892578125">
        <ele>18.6000003814697265625</ele>
        <time>2026-02-24T23:25:03.000Z</time>
        <extensions>
          <ns3:TrackPointExtension>
            <ns3:hr>134</ns3:hr>
            <ns3:cad>97</ns3:cad>
          </ns3:TrackPointExtension>
        </extensions>
      </trkpt>
      <trkpt lat="23.16769427619874477386474609375" lon="113.42145077884197235107421875">
        <ele>18.6000003814697265625</ele>
        <time>2026-02-24T23:25:04.000Z</time>
        <extensions>
          <ns3:TrackPointExtension>
            <ns3:hr>134</ns3:hr>
            <ns3:cad>97</ns3:cad>
          </ns3:TrackPointExtension>
        </extensions>
      </trkpt>
      <trkpt lat="23.16769897006452083587646484375" lon="113.42147894203662872314453125">
        <ele>18.6000003814697265625</ele>
        <time>2026-02-24T23:25:05.000Z</time>
        <extensions>
          <ns3:TrackPointExtension>
            <ns3:hr>134</ns3:hr>
            <ns3:cad>97</ns3:cad>
          </ns3:TrackPointExtension>
        </extensions>
      </trkpt>
      <trkpt lat="23.16769729368388652801513671875" lon="113.421508781611919403076171875">
        <ele>18.3999996185302734375</ele>
        <time>2026-02-24T23:25:06.000Z</time>
        <extensions>
          <ns3:TrackPointExtension>
            <ns3:hr>135</ns3:hr>
            <ns3:cad>97</ns3:cad>
          </ns3:TrackPointExtension>
        </extensions>
      </trkpt>
      <trkpt lat="23.167695701122283935546875" lon="113.4215408004820346832275390625">
        <ele>18.3999996185302734375</ele>
        <time>2026-02-24T23:25:07.000Z</time>
        <extensions>
          <ns3:TrackPointExtension>
            <ns3:hr>134</ns3:hr>
            <ns3:cad>97</ns3:cad>
          </ns3:TrackPointExtension>
        </extensions>
      </trkpt>
      <trkpt lat="23.16769595257937908172607421875" lon="113.42156837694346904754638671875">
        <ele>18.3999996185302734375</ele>
        <time>2026-02-24T23:25:08.000Z</time>
        <extensions>
          <ns3:TrackPointExtension>
            <ns3:hr>134</ns3:hr>
            <ns3:cad>96</ns3:cad>
          </ns3:TrackPointExtension>
        </extensions>
      </trkpt>
      <trkpt lat="23.16769310273230075836181640625" lon="113.42160232365131378173828125">
        <ele>18.3999996185302734375</ele>
        <time>2026-02-24T23:25:09.000Z</time>
        <extensions>
          <ns3:TrackPointExtension>
            <ns3:hr>134</ns3:hr>
            <ns3:cad>96</ns3:cad>
          </ns3:TrackPointExtension>
        </extensions>
      </trkpt>
      <trkpt lat="23.16769762896001338958740234375" lon="113.4216279722750186920166015625">
        <ele>18.3999996185302734375</ele>
        <time>2026-02-24T23:25:10.000Z</time>
        <extensions>
          <ns3:TrackPointExtension>
            <ns3:hr>134</ns3:hr>
            <ns3:cad>96</ns3:cad>
          </ns3:TrackPointExtension>
        </extensions>
      </trkpt>
      <trkpt lat="23.16769377328455448150634765625" lon="113.42165789566934108734130859375">
        <ele>18.6000003814697265625</ele>
        <time>2026-02-24T23:25:11.000Z</time>
        <extensions>
          <ns3:TrackPointExtension>
            <ns3:hr>134</ns3:hr>
            <ns3:cad>96</ns3:cad>
          </ns3:TrackPointExtension>
        </extensions>
      </trkpt>
      <trkpt lat="23.1676935218274593353271484375" lon="113.42168949544429779052734375">
        <ele>18.6000003814697265625</ele>
        <time>2026-02-24T23:25:12.000Z</time>
        <extensions>
          <ns3:TrackPointExtension>
            <ns3:hr>134</ns3:hr>
            <ns3:cad>96</ns3:cad>
          </ns3:TrackPointExtension>
        </extensions>
      </trkpt>
      <trkpt lat="23.16769477911293506622314453125" lon="113.42171363532543182373046875">
        <ele>18.799999237060546875</ele>
        <time>2026-02-24T23:25:13.000Z</time>
        <extensions>
          <ns3:TrackPointExtension>
            <ns3:hr>135</ns3:hr>
            <ns3:cad>96</ns3:cad>
          </ns3:TrackPointExtension>
        </extensions>
      </trkpt>
      <trkpt lat="23.16768924705684185028076171875" lon="113.42174992896616458892822265625">
        <ele>18.799999237060546875</ele>
        <time>2026-02-24T23:25:14.000Z</time>
        <extensions>
          <ns3:TrackPointExtension>
            <ns3:hr>134</ns3:hr>
            <ns3:cad>96</ns3:cad>
          </ns3:TrackPointExtension>
        </extensions>
      </trkpt>
      <trkpt lat="23.16769142635166645050048828125" lon="113.42177121900022029876708984375">
        <ele>18.799999237060546875</ele>
        <time>2026-02-24T23:25:15.000Z</time>
        <extensions>
          <ns3:TrackPointExtension>
            <ns3:hr>134</ns3:hr>
            <ns3:cad>96</ns3:cad>
          </ns3:TrackPointExtension>
        </extensions>
      </trkpt>
      <trkpt lat="23.16768941469490528106689453125" lon="113.42180239968001842498779296875">
        <ele>19</ele>
        <time>2026-02-24T23:25:16.000Z</time>
        <extensions>
          <ns3:TrackPointExtension>
            <ns3:hr>133</ns3:hr>
            <ns3:cad>96</ns3:cad>
          </ns3:TrackPointExtension>
        </extensions>
      </trkpt>
      <trkpt lat="23.16769008524715900421142578125" lon="113.4218301437795162200927734375">
        <ele>19</ele>
        <time>2026-02-24T23:25:17.000Z</time>
        <extensions>
          <ns3:TrackPointExtension>
            <ns3:hr>133</ns3:hr>
            <ns3:cad>96</ns3:cad>
          </ns3:TrackPointExtension>
        </extensions>
      </trkpt>
      <trkpt lat="23.16768790595233440399169921875" lon="113.42185185290873050689697265625">
        <ele>19</ele>
        <time>2026-02-24T23:25:18.000Z</time>
        <extensions>
          <ns3:TrackPointExtension>
            <ns3:hr>133</ns3:hr>
            <ns3:cad>96</ns3:cad>
          </ns3:TrackPointExtension>
        </extensions>
      </trkpt>
      <trkpt lat="23.1676858104765415191650390625" lon="113.42188303358852863311767578125">
        <ele>18.799999237060546875</ele>
        <time>2026-02-24T23:25:19.000Z</time>
        <extensions>
          <ns3:TrackPointExtension>
            <ns3:hr>133</ns3:hr>
            <ns3:cad>93</ns3:cad>
          </ns3:TrackPointExtension>
        </extensions>
      </trkpt>
      <trkpt lat="23.16769008524715900421142578125" lon="113.421907089650630950927734375">
        <ele>18.799999237060546875</ele>
        <time>2026-02-24T23:25:20.000Z</time>
        <extensions>
          <ns3:TrackPointExtension>
            <ns3:hr>133</ns3:hr>
            <ns3:cad>93</ns3:cad>
          </ns3:TrackPointExtension>
        </extensions>
      </trkpt>
      <trkpt lat="23.1676787696778774261474609375" lon="113.42193935997784137725830078125">
        <ele>18.799999237060546875</ele>
        <time>2026-02-24T23:25:21.000Z</time>
        <extensions>
          <ns3:TrackPointExtension>
            <ns3:hr>134</ns3:hr>
            <ns3:cad>93</ns3:cad>
          </ns3:TrackPointExtension>
        </extensions>
      </trkpt>
      <trkpt lat="23.16767893731594085693359375" lon="113.4219645895063877105712890625">
        <ele>18.6000003814697265625</ele>
        <time>2026-02-24T23:25:22.000Z</time>
        <extensions>
          <ns3:TrackPointExtension>
            <ns3:hr>134</ns3:hr>
            <ns3:cad>95</ns3:cad>
          </ns3:TrackPointExtension>
        </extensions>
      </trkpt>
      <trkpt lat="23.16767449490725994110107421875" lon="113.42199392616748809814453125">
        <ele>18.799999237060546875</ele>
        <time>2026-02-24T23:25:23.000Z</time>
        <extensions>
          <ns3:TrackPointExtension>
            <ns3:hr>134</ns3:hr>
            <ns3:cad>95</ns3:cad>
          </ns3:TrackPointExtension>
        </extensions>
      </trkpt>
      <trkpt lat="23.16767382435500621795654296875" lon="113.42203172855079174041748046875">
        <ele>18.799999237060546875</ele>
        <time>2026-02-24T23:25:24.000Z</time>
        <extensions>
          <ns3:TrackPointExtension>
            <ns3:hr>134</ns3:hr>
            <ns3:cad>95</ns3:cad>
          </ns3:TrackPointExtension>
        </extensions>
      </trkpt>
      <trkpt lat="23.167679272592067718505859375" lon="113.42205922119319438934326171875">
        <ele>18.6000003814697265625</ele>
        <time>2026-02-24T23:25:25.000Z</time>
        <extensions>
          <ns3:TrackPointExtension>
            <ns3:hr>135</ns3:hr>
            <ns3:cad>95</ns3:cad>
          </ns3:TrackPointExtension>
        </extensions>
      </trkpt>
      <trkpt lat="23.16768304444849491119384765625" lon="113.42209274880588054656982421875">
        <ele>18.6000003814697265625</ele>
        <time>2026-02-24T23:25:26.000Z</time>
        <extensions>
          <ns3:TrackPointExtension>
            <ns3:hr>135</ns3:hr>
            <ns3:cad>95</ns3:cad>
          </ns3:TrackPointExtension>
        </extensions>
      </trkpt>
      <trkpt lat="23.1676864810287952423095703125" lon="113.4221204929053783416748046875">
        <ele>18.6000003814697265625</ele>
        <time>2026-02-24T23:25:27.000Z</time>
        <extensions>
          <ns3:TrackPointExtension>
            <ns3:hr>135</ns3:hr>
            <ns3:cad>96</ns3:cad>
          </ns3:TrackPointExtension>
        </extensions>
      </trkpt>
      <trkpt lat="23.16768589429557323455810546875" lon="113.42214756645262241363525390625">
        <ele>18.6000003814697265625</ele>
        <time>2026-02-24T23:25:28.000Z</time>
        <extensions>
          <ns3:TrackPointExtension>
            <ns3:hr>136</ns3:hr>
            <ns3:cad>97</ns3:cad>
          </ns3:TrackPointExtension>
        </extensions>
      </trkpt>
      <trkpt lat="23.16768371500074863433837890625" lon="113.42218059115111827850341796875">
        <ele>18.6000003814697265625</ele>
        <time>2026-02-24T23:25:29.000Z</time>
        <extensions>
          <ns3:TrackPointExtension>
            <ns3:hr>136</ns3:hr>
            <ns3:cad>97</ns3:cad>
          </ns3:TrackPointExtension>
        </extensions>
      </trkpt>
      <trkpt lat="23.16768790595233440399169921875" lon="113.42220305465161800384521484375">
        <ele>18.6000003814697265625</ele>
        <time>2026-02-24T23:25:30.000Z</time>
        <extensions>
          <ns3:TrackPointExtension>
            <ns3:hr>137</ns3:hr>
            <ns3:cad>96</ns3:cad>
          </ns3:TrackPointExtension>
        </extensions>
      </trkpt>
      <trkpt lat="23.1676844693720340728759765625" lon="113.422234319150447845458984375">
        <ele>18.6000003814697265625</ele>
        <time>2026-02-24T23:25:31.000Z</time>
        <extensions>
          <ns3:TrackPointExtension>
            <ns3:hr>137</ns3:hr>
            <ns3:cad>96</ns3:cad>
          </ns3:TrackPointExtension>
        </extensions>
      </trkpt>
      <trkpt lat="23.167686648666858673095703125" lon="113.422263152897357940673828125">
        <ele>18.6000003814697265625</ele>
        <time>2026-02-24T23:25:32.000Z</time>
        <extensions>
          <ns3:TrackPointExtension>
            <ns3:hr>136</ns3:hr>
            <ns3:cad>96</ns3:cad>
          </ns3:TrackPointExtension>
        </extensions>
      </trkpt>
      <trkpt lat="23.16768891178071498870849609375" lon="113.422285951673984527587890625">
        <ele>18.6000003814697265625</ele>
        <time>2026-02-24T23:25:33.000Z</time>
        <extensions>
          <ns3:TrackPointExtension>
            <ns3:hr>136</ns3:hr>
            <ns3:cad>98</ns3:cad>
          </ns3:TrackPointExtension>
        </extensions>
      </trkpt>
      <trkpt lat="23.1676841340959072113037109375" lon="113.4223199822008609771728515625">
        <ele>18.6000003814697265625</ele>
        <time>2026-02-24T23:25:34.000Z</time>
        <extensions>
          <ns3:TrackPointExtension>
            <ns3:hr>136</ns3:hr>
            <ns3:cad>98</ns3:cad>
          </ns3:TrackPointExtension>
        </extensions>
      </trkpt>
      <trkpt lat="23.1676874868571758270263671875" lon="113.4223414398729801177978515625">
        <ele>18.3999996185302734375</ele>
        <time>2026-02-24T23:25:35.000Z</time>
        <extensions>
          <ns3:TrackPointExtension>
            <ns3:hr>136</ns3:hr>
            <ns3:cad>97</ns3:cad>
          </ns3:TrackPointExtension>
        </extensions>
      </trkpt>
      <trkpt lat="23.16768505610525608062744140625" lon="113.42237186618149280548095703125">
        <ele>18.3999996185302734375</ele>
        <time>2026-02-24T23:25:36.000Z</time>
        <extensions>
          <ns3:TrackPointExtension>
            <ns3:hr>136</ns3:hr>
            <ns3:cad>97</ns3:cad>
          </ns3:TrackPointExtension>
        </extensions>
      </trkpt>
      <trkpt lat="23.1676884926855564117431640625" lon="113.42240371741354465484619140625">
        <ele>18.6000003814697265625</ele>
        <time>2026-02-24T23:25:37.000Z</time>
        <extensions>
          <ns3:TrackPointExtension>
            <ns3:hr>136</ns3:hr>
            <ns3:cad>97</ns3:cad>
          </ns3:TrackPointExtension>
        </extensions>
      </trkpt>
      <trkpt lat="23.16768824122846126556396484375" lon="113.42243238352239131927490234375">
        <ele>18.3999996185302734375</ele>
        <time>2026-02-24T23:25:38.000Z</time>
        <extensions>
          <ns3:TrackPointExtension>
            <ns3:hr>136</ns3:hr>
            <ns3:cad>96</ns3:cad>
          </ns3:TrackPointExtension>
        </extensions>
      </trkpt>
      <trkpt lat="23.1676863133907318115234375" lon="113.4224638156592845916748046875">
        <ele>18.3999996185302734375</ele>
        <time>2026-02-24T23:25:39.000Z</time>
        <extensions>
          <ns3:TrackPointExtension>
            <ns3:hr>136</ns3:hr>
            <ns3:cad>96</ns3:cad>
          </ns3:TrackPointExtension>
        </extensions>
      </trkpt>
      <trkpt lat="23.16769042052328586578369140625" lon="113.42248879373073577880859375">
        <ele>18.3999996185302734375</ele>
        <time>2026-02-24T23:25:40.000Z</time>
        <extensions>
          <ns3:TrackPointExtension>
            <ns3:hr>136</ns3:hr>
            <ns3:cad>96</ns3:cad>
          </ns3:TrackPointExtension>
        </extensions>
      </trkpt>
      <trkpt lat="23.1676854752004146575927734375" lon="113.4225218184292316436767578125">
        <ele>18.3999996185302734375</ele>
        <time>2026-02-24T23:25:41.000Z</time>
        <extensions>
          <ns3:TrackPointExtension>
            <ns3:hr>135</ns3:hr>
            <ns3:cad>96</ns3:cad>
          </ns3:TrackPointExtension>
        </extensions>
      </trkpt>
      <trkpt lat="23.1676854752004146575927734375" lon="113.4225513227283954620361328125">
        <ele>18.3999996185302734375</ele>
        <time>2026-02-24T23:25:42.000Z</time>
        <extensions>
          <ns3:TrackPointExtension>
            <ns3:hr>135</ns3:hr>
            <ns3:cad>96</ns3:cad>
          </ns3:TrackPointExtension>
        </extensions>
      </trkpt>
      <trkpt lat="23.16768405027687549591064453125" lon="113.422578983008861541748046875">
        <ele>18.3999996185302734375</ele>
        <time>2026-02-24T23:25:43.000Z</time>
        <extensions>
          <ns3:TrackPointExtension>
            <ns3:hr>135</ns3:hr>
            <ns3:cad>96</ns3:cad>
          </ns3:TrackPointExtension>
        </extensions>
      </trkpt>
      <trkpt lat="23.167681954801082611083984375" lon="113.42261443845927715301513671875">
        <ele>18.3999996185302734375</ele>
        <time>2026-02-24T23:25:44.000Z</time>
        <extensions>
          <ns3:TrackPointExtension>
            <ns3:hr>135</ns3:hr>
            <ns3:cad>96</ns3:cad>
          </ns3:TrackPointExtension>
        </extensions>
      </trkpt>
      <trkpt lat="23.16767902113497257232666015625" lon="113.42263489030301570892333984375">
        <ele>18.6000003814697265625</ele>
        <time>2026-02-24T23:25:45.000Z</time>
        <extensions>
          <ns3:TrackPointExtension>
            <ns3:hr>135</ns3:hr>
            <ns3:cad>96</ns3:cad>
          </ns3:TrackPointExtension>
        </extensions>
      </trkpt>
      <trkpt lat="23.16767650656402111053466796875" lon="113.42267042957246303558349609375">
        <ele>18.6000003814697265625</ele>
        <time>2026-02-24T23:25:46.000Z</time>
        <extensions>
          <ns3:TrackPointExtension>
            <ns3:hr>134</ns3:hr>
            <ns3:cad>95</ns3:cad>
          </ns3:TrackPointExtension>
        </extensions>
      </trkpt>
      <trkpt lat="23.16768773831427097320556640625" lon="113.4226919710636138916015625">
        <ele>18.799999237060546875</ele>
        <time>2026-02-24T23:25:47.000Z</time>
        <extensions>
          <ns3:TrackPointExtension>
            <ns3:hr>134</ns3:hr>
            <ns3:cad>95</ns3:cad>
          </ns3:TrackPointExtension>
        </extensions>
      </trkpt>
      <trkpt lat="23.16770047880709171295166015625" lon="113.4227166138589382171630859375">
        <ele>19</ele>
        <time>2026-02-24T23:25:48.000Z</time>
        <extensions>
          <ns3:TrackPointExtension>
            <ns3:hr>134</ns3:hr>
            <ns3:cad>95</ns3:cad>
          </ns3:TrackPointExtension>
        </extensions>
      </trkpt>
      <trkpt lat="23.167720176279544830322265625" lon="113.4227310307323932647705078125">
        <ele>19</ele>
        <time>2026-02-24T23:25:49.000Z</time>
        <extensions>
          <ns3:TrackPointExtension>
            <ns3:hr>133</ns3:hr>
            <ns3:cad>93</ns3:cad>
          </ns3:TrackPointExtension>
        </extensions>
      </trkpt>
      <trkpt lat="23.16774590872228145599365234375" lon="113.4227330423891544342041015625">
        <ele>19</ele>
        <time>2026-02-24T23:25:50.000Z</time>
        <extensions>
          <ns3:TrackPointExtension>
            <ns3:hr>133</ns3:hr>
            <ns3:cad>93</ns3:cad>
          </ns3:TrackPointExtension>
        </extensions>
      </trkpt>
      <trkpt lat="23.1677790172398090362548828125" lon="113.42273631133139133453369140625">
        <ele>19</ele>
        <time>2026-02-24T23:25:51.000Z</time>
        <extensions>
          <ns3:TrackPointExtension>
            <ns3:hr>133</ns3:hr>
            <ns3:cad>94</ns3:cad>
          </ns3:TrackPointExtension>
        </extensions>
      </trkpt>
      <trkpt lat="23.16780089400708675384521484375" lon="113.42272927053272724151611328125">
        <ele>18.799999237060546875</ele>
        <time>2026-02-24T23:25:52.000Z</time>
        <extensions>
          <ns3:TrackPointExtension>
            <ns3:hr>133</ns3:hr>
            <ns3:cad>95</ns3:cad>
          </ns3:TrackPointExtension>
        </extensions>
      </trkpt>
      <trkpt lat="23.1678306497633457183837890625" lon="113.42273019254207611083984375">
        <ele>18.799999237060546875</ele>
        <time>2026-02-24T23:25:53.000Z</time>
        <extensions>
          <ns3:TrackPointExtension>
            <ns3:hr>133</ns3:hr>
            <ns3:cad>95</ns3:cad>
          </ns3:TrackPointExtension>
        </extensions>
      </trkpt>
      <trkpt lat="23.16785353235900402069091796875" lon="113.42272281646728515625">
        <ele>18.799999237060546875</ele>
        <time>2026-02-24T23:25:54.000Z</time>
        <extensions>
          <ns3:TrackPointExtension>
            <ns3:hr>133</ns3:hr>
            <ns3:cad>96</ns3:cad>
          </ns3:TrackPointExtension>
        </extensions>
      </trkpt>
      <trkpt lat="23.16788010299205780029296875" lon="113.42272424139082431793212890625">
        <ele>18.799999237060546875</ele>
        <time>2026-02-24T23:25:55.000Z</time>
        <extensions>
          <ns3:TrackPointExtension>
            <ns3:hr>133</ns3:hr>
            <ns3:cad>96</ns3:cad>
          </ns3:TrackPointExtension>
        </extensions>
      </trkpt>
      <trkpt lat="23.1679064221680164337158203125" lon="113.42272088862955570220947265625">
        <ele>19</ele>
        <time>2026-02-24T23:25:56.000Z</time>
        <extensions>
          <ns3:TrackPointExtension>
            <ns3:hr>133</ns3:hr>
            <ns3:cad>95</ns3:cad>
          </ns3:TrackPointExtension>
        </extensions>
      </trkpt>
      <trkpt lat="23.16793081350624561309814453125" lon="113.42271812260150909423828125">
        <ele>19</ele>
        <time>2026-02-24T23:25:57.000Z</time>
        <extensions>
          <ns3:TrackPointExtension>
            <ns3:hr>132</ns3:hr>
            <ns3:cad>94</ns3:cad>
          </ns3:TrackPointExtension>
        </extensions>
      </trkpt>
      <trkpt lat="23.16796115599572658538818359375" lon="113.4227192960679531097412109375">
        <ele>18.799999237060546875</ele>
        <time>2026-02-24T23:25:58.000Z</time>
        <extensions>
          <ns3:TrackPointExtension>
            <ns3:hr>133</ns3:hr>
            <ns3:cad>93</ns3:cad>
          </ns3:TrackPointExtension>
        </extensions>
      </trkpt>
      <trkpt lat="23.16798663698136806488037109375" lon="113.42271988280117511749267578125">
        <ele>18.799999237060546875</ele>
        <time>2026-02-24T23:25:59.000Z</time>
        <extensions>
          <ns3:TrackPointExtension>
            <ns3:hr>133</ns3:hr>
            <ns3:cad>93</ns3:cad>
          </ns3:TrackPointExtension>
        </extensions>
      </trkpt>
      <trkpt lat="23.16801765002310276031494140625" lon="113.42273614369332790374755859375">
        <ele>18.6000003814697265625</ele>
        <time>2026-02-24T23:26:00.000Z</time>
        <extensions>
          <ns3:TrackPointExtension>
            <ns3:hr>133</ns3:hr>
            <ns3:cad>94</ns3:cad>
          </ns3:TrackPointExtension>
        </extensions>
      </trkpt>
      <trkpt lat="23.16803357563912868499755859375" lon="113.42274921946227550506591796875">
        <ele>18.6000003814697265625</ele>
        <time>2026-02-24T23:26:01.000Z</time>
        <extensions>
          <ns3:TrackPointExtension>
            <ns3:hr>133</ns3:hr>
            <ns3:cad>94</ns3:cad>
          </ns3:TrackPointExtension>
        </extensions>
      </trkpt>
      <trkpt lat="23.16804313100874423980712890625" lon="113.422778137028217315673828125">
        <ele>18.3999996185302734375</ele>
        <time>2026-02-24T23:26:02.000Z</time>
        <extensions>
          <ns3:TrackPointExtension>
            <ns3:hr>134</ns3:hr>
            <ns3:cad>94</ns3:cad>
          </ns3:TrackPointExtension>
        </extensions>
      </trkpt>
      <trkpt lat="23.168053440749645233154296875" lon="113.422800935804843902587890625">
        <ele>18.6000003814697265625</ele>
        <time>2026-02-24T23:26:03.000Z</time>
        <extensions>
          <ns3:TrackPointExtension>
            <ns3:hr>134</ns3:hr>
            <ns3:cad>94</ns3:cad>
          </ns3:TrackPointExtension>
        </extensions>
      </trkpt>
      <trkpt lat="23.1680645048618316650390625" lon="113.42282935045659542083740234375">
        <ele>18.6000003814697265625</ele>
        <time>2026-02-24T23:26:04.000Z</time>
        <extensions>
          <ns3:TrackPointExtension>
            <ns3:hr>135</ns3:hr>
            <ns3:cad>94</ns3:cad>
          </ns3:TrackPointExtension>
        </extensions>
      </trkpt>
      <trkpt lat="23.16806785762310028076171875" lon="113.4228584356606006622314453125">
        <ele>18.799999237060546875</ele>
        <time>2026-02-24T23:26:05.000Z</time>
        <extensions>
          <ns3:TrackPointExtension>
            <ns3:hr>135</ns3:hr>
            <ns3:cad>94</ns3:cad>
          </ns3:TrackPointExtension>
        </extensions>
      </trkpt>
      <trkpt lat="23.16807179711759090423583984375" lon="113.42288534156978130340576171875">
        <ele>19</ele>
        <time>2026-02-24T23:26:06.000Z</time>
        <extensions>
          <ns3:TrackPointExtension>
            <ns3:hr>135</ns3:hr>
            <ns3:cad>95</ns3:cad>
          </ns3:TrackPointExtension>
        </extensions>
      </trkpt>
      <trkpt lat="23.1680700369179248809814453125" lon="113.4229191206395626068115234375">
        <ele>19.200000762939453125</ele>
        <time>2026-02-24T23:26:07.000Z</time>
        <extensions>
          <ns3:TrackPointExtension>
            <ns3:hr>135</ns3:hr>
            <ns3:cad>95</ns3:cad>
          </ns3:TrackPointExtension>
        </extensions>
      </trkpt>
      <trkpt lat="23.16807230003178119659423828125" lon="113.4229462780058383941650390625">
        <ele>19.200000762939453125</ele>
        <time>2026-02-24T23:26:08.000Z</time>
        <extensions>
          <ns3:TrackPointExtension>
            <ns3:hr>135</ns3:hr>
            <ns3:cad>95</ns3:cad>
          </ns3:TrackPointExtension>
        </extensions>
      </trkpt>
      <trkpt lat="23.16807464696466922760009765625" lon="113.42297318391501903533935546875">
        <ele>19.200000762939453125</ele>
        <time>2026-02-24T23:26:09.000Z</time>
        <extensions>
          <ns3:TrackPointExtension>
            <ns3:hr>136</ns3:hr>
            <ns3:cad>95</ns3:cad>
          </ns3:TrackPointExtension>
        </extensions>
      </trkpt>
      <trkpt lat="23.16807146184146404266357421875" lon="113.4230066277086734771728515625">
        <ele>19.200000762939453125</ele>
        <time>2026-02-24T23:26:10.000Z</time>
        <extensions>
          <ns3:TrackPointExtension>
            <ns3:hr>136</ns3:hr>
            <ns3:cad>95</ns3:cad>
          </ns3:TrackPointExtension>
        </extensions>
      </trkpt>
      <trkpt lat="23.16807498224079608917236328125" lon="113.42303252778947353363037109375">
        <ele>19</ele>
        <time>2026-02-24T23:26:11.000Z</time>
        <extensions>
          <ns3:TrackPointExtension>
            <ns3:hr>136</ns3:hr>
            <ns3:cad>95</ns3:cad>
          </ns3:TrackPointExtension>
        </extensions>
      </trkpt>
      <trkpt lat="23.16807699389755725860595703125" lon="113.42306437902152538299560546875">
        <ele>19</ele>
        <time>2026-02-24T23:26:12.000Z</time>
        <extensions>
          <ns3:TrackPointExtension>
            <ns3:hr>136</ns3:hr>
            <ns3:cad>95</ns3:cad>
          </ns3:TrackPointExtension>
        </extensions>
      </trkpt>
      <trkpt lat="23.1680780835449695587158203125" lon="113.4230931289494037628173828125">
        <ele>19</ele>
        <time>2026-02-24T23:26:13.000Z</time>
        <extensions>
          <ns3:TrackPointExtension>
            <ns3:hr>136</ns3:hr>
            <ns3:cad>95</ns3:cad>
          </ns3:TrackPointExtension>
        </extensions>
      </trkpt>
      <trkpt lat="23.168075568974018096923828125" lon="113.42312171123921871185302734375">
        <ele>19</ele>
        <time>2026-02-24T23:26:14.000Z</time>
        <extensions>
          <ns3:TrackPointExtension>
            <ns3:hr>135</ns3:hr>
            <ns3:cad>97</ns3:cad>
          </ns3:TrackPointExtension>
        </extensions>
      </trkpt>
      <trkpt lat="23.16807246766984462738037109375" lon="113.42314727604389190673828125">
        <ele>19</ele>
        <time>2026-02-24T23:26:15.000Z</time>
        <extensions>
          <ns3:TrackPointExtension>
            <ns3:hr>136</ns3:hr>
            <ns3:cad>97</ns3:cad>
          </ns3:TrackPointExtension>
        </extensions>
      </trkpt>
      <trkpt lat="23.1680757366120815277099609375" lon="113.42317552305757999420166015625">
        <ele>19</ele>
        <time>2026-02-24T23:26:16.000Z</time>
        <extensions>
          <ns3:TrackPointExtension>
            <ns3:hr>136</ns3:hr>
            <ns3:cad>96</ns3:cad>
          </ns3:TrackPointExtension>
        </extensions>
      </trkpt>
      <trkpt lat="23.168074227869510650634765625" lon="113.4232081286609172821044921875">
        <ele>19</ele>
        <time>2026-02-24T23:26:17.000Z</time>
        <extensions>
          <ns3:TrackPointExtension>
            <ns3:hr>135</ns3:hr>
            <ns3:cad>96</ns3:cad>
          </ns3:TrackPointExtension>
        </extensions>
      </trkpt>
      <trkpt lat="23.1680750660598278045654296875" lon="113.4232326038181781768798828125">
        <ele>19</ele>
        <time>2026-02-24T23:26:18.000Z</time>
        <extensions>
          <ns3:TrackPointExtension>
            <ns3:hr>135</ns3:hr>
            <ns3:cad>96</ns3:cad>
          </ns3:TrackPointExtension>
        </extensions>
      </trkpt>
      <trkpt lat="23.16807456314563751220703125" lon="113.4232597611844539642333984375">
        <ele>19</ele>
        <time>2026-02-24T23:26:19.000Z</time>
        <extensions>
          <ns3:TrackPointExtension>
            <ns3:hr>135</ns3:hr>
            <ns3:cad>96</ns3:cad>
          </ns3:TrackPointExtension>
        </extensions>
      </trkpt>
      <trkpt lat="23.16807188093662261962890625" lon="113.42328934930264949798583984375">
        <ele>19</ele>
        <time>2026-02-24T23:26:20.000Z</time>
        <extensions>
          <ns3:TrackPointExtension>
            <ns3:hr>134</ns3:hr>
            <ns3:cad>96</ns3:cad>
          </ns3:TrackPointExtension>
        </extensions>
      </trkpt>
      <trkpt lat="23.1680723838508129119873046875" lon="113.42331466265022754669189453125">
        <ele>18.799999237060546875</ele>
        <time>2026-02-24T23:26:21.000Z</time>
        <extensions>
          <ns3:TrackPointExtension>
            <ns3:hr>134</ns3:hr>
            <ns3:cad>96</ns3:cad>
          </ns3:TrackPointExtension>
        </extensions>
      </trkpt>
      <trkpt lat="23.16807053983211517333984375" lon="113.423345088958740234375">
        <ele>18.799999237060546875</ele>
        <time>2026-02-24T23:26:22.000Z</time>
        <extensions>
          <ns3:TrackPointExtension>
            <ns3:hr>134</ns3:hr>
            <ns3:cad>96</ns3:cad>
          </ns3:TrackPointExtension>
        </extensions>
      </trkpt>
      <trkpt lat="23.16807364113628864288330078125" lon="113.4233678877353668212890625">
        <ele>19</ele>
        <time>2026-02-24T23:26:23.000Z</time>
        <extensions>
          <ns3:TrackPointExtension>
            <ns3:hr>134</ns3:hr>
            <ns3:cad>96</ns3:cad>
          </ns3:TrackPointExtension>
        </extensions>
      </trkpt>
      <trkpt lat="23.1680693663656711578369140625" lon="113.42339630238711833953857421875">
        <ele>19</ele>
        <time>2026-02-24T23:26:24.000Z</time>
        <extensions>
          <ns3:TrackPointExtension>
            <ns3:hr>134</ns3:hr>
            <ns3:cad>96</ns3:cad>
          </ns3:TrackPointExtension>
        </extensions>
      </trkpt>
      <trkpt lat="23.168066181242465972900390625" lon="113.42342547141015529632568359375">
        <ele>19</ele>
        <time>2026-02-24T23:26:25.000Z</time>
        <extensions>
          <ns3:TrackPointExtension>
            <ns3:hr>133</ns3:hr>
            <ns3:cad>97</ns3:cad>
          </ns3:TrackPointExtension>
        </extensions>
      </trkpt>
      <trkpt lat="23.16806475631892681121826171875" lon="113.42344810254871845245361328125">
        <ele>19</ele>
        <time>2026-02-24T23:26:26.000Z</time>
        <extensions>
          <ns3:TrackPointExtension>
            <ns3:hr>133</ns3:hr>
            <ns3:cad>97</ns3:cad>
          </ns3:TrackPointExtension>
        </extensions>
      </trkpt>
      <trkpt lat="23.16806391812860965728759765625" lon="113.42347861267626285552978515625">
        <ele>19</ele>
        <time>2026-02-24T23:26:27.000Z</time>
        <extensions>
          <ns3:TrackPointExtension>
            <ns3:hr>133</ns3:hr>
            <ns3:cad>97</ns3:cad>
          </ns3:TrackPointExtension>
        </extensions>
      </trkpt>
      <trkpt lat="23.1680670194327831268310546875" lon="113.42350074090063571929931640625">
        <ele>19</ele>
        <time>2026-02-24T23:26:28.000Z</time>
        <extensions>
          <ns3:TrackPointExtension>
            <ns3:hr>134</ns3:hr>
            <ns3:cad>95</ns3:cad>
          </ns3:TrackPointExtension>
        </extensions>
      </trkpt>
      <trkpt lat="23.16806576214730739593505859375" lon="113.423530496656894683837890625">
        <ele>19</ele>
        <time>2026-02-24T23:26:29.000Z</time>
        <extensions>
          <ns3:TrackPointExtension>
            <ns3:hr>134</ns3:hr>
            <ns3:cad>95</ns3:cad>
          </ns3:TrackPointExtension>
        </extensions>
      </trkpt>
      <trkpt lat="23.1680671870708465576171875" lon="113.42355555854737758636474609375">
        <ele>19</ele>
        <time>2026-02-24T23:26:30.000Z</time>
        <extensions>
          <ns3:TrackPointExtension>
            <ns3:hr>134</ns3:hr>
            <ns3:cad>95</ns3:cad>
          </ns3:TrackPointExtension>
        </extensions>
      </trkpt>
      <trkpt lat="23.168067522346973419189453125" lon="113.42358313500881195068359375">
        <ele>19</ele>
        <time>2026-02-24T23:26:31.000Z</time>
        <extensions>
          <ns3:TrackPointExtension>
            <ns3:hr>134</ns3:hr>
            <ns3:cad>95</ns3:cad>
          </ns3:TrackPointExtension>
        </extensions>
      </trkpt>
      <trkpt lat="23.168065510690212249755859375" lon="113.4236133098602294921875">
        <ele>19</ele>
        <time>2026-02-24T23:26:32.000Z</time>
        <extensions>
          <ns3:TrackPointExtension>
            <ns3:hr>134</ns3:hr>
            <ns3:cad>95</ns3:cad>
          </ns3:TrackPointExtension>
        </extensions>
      </trkpt>
      <trkpt lat="23.1680666841566562652587890625" lon="113.4236387908458709716796875">
        <ele>19</ele>
        <time>2026-02-24T23:26:33.000Z</time>
        <extensions>
          <ns3:TrackPointExtension>
            <ns3:hr>134</ns3:hr>
            <ns3:cad>95</ns3:cad>
          </ns3:TrackPointExtension>
        </extensions>
      </trkpt>
      <trkpt lat="23.1680683605372905731201171875" lon="113.42367156408727169036865234375">
        <ele>19</ele>
        <time>2026-02-24T23:26:34.000Z</time>
        <extensions>
          <ns3:TrackPointExtension>
            <ns3:hr>134</ns3:hr>
            <ns3:cad>95</ns3:cad>
          </ns3:TrackPointExtension>
        </extensions>
      </trkpt>
      <trkpt lat="23.168071545660495758056640625" lon="113.42369872145354747772216796875">
        <ele>18.799999237060546875</ele>
        <time>2026-02-24T23:26:35.000Z</time>
        <extensions>
          <ns3:TrackPointExtension>
            <ns3:hr>134</ns3:hr>
            <ns3:cad>95</ns3:cad>
          </ns3:TrackPointExtension>
        </extensions>
      </trkpt>
      <trkpt lat="23.16807012073695659637451171875" lon="113.42372923158109188079833984375">
        <ele>18.799999237060546875</ele>
        <time>2026-02-24T23:26:36.000Z</time>
        <extensions>
          <ns3:TrackPointExtension>
            <ns3:hr>134</ns3:hr>
            <ns3:cad>95</ns3:cad>
          </ns3:TrackPointExtension>
        </extensions>
      </trkpt>
      <trkpt lat="23.168066851794719696044921875" lon="113.4237573109567165374755859375">
        <ele>18.799999237060546875</ele>
        <time>2026-02-24T23:26:37.000Z</time>
        <extensions>
          <ns3:TrackPointExtension>
            <ns3:hr>134</ns3:hr>
            <ns3:cad>95</ns3:cad>
          </ns3:TrackPointExtension>
        </extensions>
      </trkpt>
      <trkpt lat="23.1680646724998950958251953125" lon="113.4237811155617237091064453125">
        <ele>18.799999237060546875</ele>
        <time>2026-02-24T23:26:38.000Z</time>
        <extensions>
          <ns3:TrackPointExtension>
            <ns3:hr>134</ns3:hr>
            <ns3:cad>95</ns3:cad>
          </ns3:TrackPointExtension>
        </extensions>
      </trkpt>
      <trkpt lat="23.1680656783282756805419921875" lon="113.42380969785153865814208984375">
        <ele>18.799999237060546875</ele>
        <time>2026-02-24T23:26:39.000Z</time>
        <extensions>
          <ns3:TrackPointExtension>
            <ns3:hr>135</ns3:hr>
            <ns3:cad>95</ns3:cad>
          </ns3:TrackPointExtension>
        </extensions>
      </trkpt>
      <trkpt lat="23.16806945018470287322998046875" lon="113.42383383773267269134521484375">
        <ele>18.799999237060546875</ele>
        <time>2026-02-24T23:26:40.000Z</time>
        <extensions>
          <ns3:TrackPointExtension>
            <ns3:hr>135</ns3:hr>
            <ns3:cad>96</ns3:cad>
          </ns3:TrackPointExtension>
        </extensions>
      </trkpt>
      <trkpt lat="23.16806660033762454986572265625" lon="113.42386149801313877105712890625">
        <ele>18.799999237060546875</ele>
        <time>2026-02-24T23:26:41.000Z</time>
        <extensions>
          <ns3:TrackPointExtension>
            <ns3:hr>135</ns3:hr>
            <ns3:cad>96</ns3:cad>
          </ns3:TrackPointExtension>
        </extensions>
      </trkpt>
      <trkpt lat="23.16806609742343425750732421875" lon="113.4238873980939388275146484375">
        <ele>18.799999237060546875</ele>
        <time>2026-02-24T23:26:42.000Z</time>
        <extensions>
          <ns3:TrackPointExtension>
            <ns3:hr>135</ns3:hr>
            <ns3:cad>95</ns3:cad>
          </ns3:TrackPointExtension>
        </extensions>
      </trkpt>
      <trkpt lat="23.16806525923311710357666015625" lon="113.4239150583744049072265625">
        <ele>18.6000003814697265625</ele>
        <time>2026-02-24T23:26:43.000Z</time>
        <extensions>
          <ns3:TrackPointExtension>
            <ns3:hr>135</ns3:hr>
            <ns3:cad>95</ns3:cad>
          </ns3:TrackPointExtension>
        </extensions>
      </trkpt>
      <trkpt lat="23.16806542687118053436279296875" lon="113.423947580158710479736328125">
        <ele>18.6000003814697265625</ele>
        <time>2026-02-24T23:26:44.000Z</time>
        <extensions>
          <ns3:TrackPointExtension>
            <ns3:hr>135</ns3:hr>
            <ns3:cad>95</ns3:cad>
          </ns3:TrackPointExtension>
        </extensions>
      </trkpt>
      <trkpt lat="23.168067522346973419189453125" lon="113.4239740669727325439453125">
        <ele>18.6000003814697265625</ele>
        <time>2026-02-24T23:26:45.000Z</time>
        <extensions>
          <ns3:TrackPointExtension>
            <ns3:hr>136</ns3:hr>
            <ns3:cad>95</ns3:cad>
          </ns3:TrackPointExtension>
        </extensions>
      </trkpt>
      <trkpt lat="23.16806794144213199615478515625" lon="113.42400801368057727813720703125">
        <ele>18.3999996185302734375</ele>
        <time>2026-02-24T23:26:46.000Z</time>
        <extensions>
          <ns3:TrackPointExtension>
            <ns3:hr>135</ns3:hr>
            <ns3:cad>95</ns3:cad>
          </ns3:TrackPointExtension>
        </extensions>
      </trkpt>
      <trkpt lat="23.168075568974018096923828125" lon="113.42403315939009189605712890625">
        <ele>18.3999996185302734375</ele>
        <time>2026-02-24T23:26:47.000Z</time>
        <extensions>
          <ns3:TrackPointExtension>
            <ns3:hr>136</ns3:hr>
            <ns3:cad>95</ns3:cad>
          </ns3:TrackPointExtension>
        </extensions>
      </trkpt>
      <trkpt lat="23.16807179711759090423583984375" lon="113.4240610711276531219482421875">
        <ele>18.3999996185302734375</ele>
        <time>2026-02-24T23:26:48.000Z</time>
        <extensions>
          <ns3:TrackPointExtension>
            <ns3:hr>136</ns3:hr>
            <ns3:cad>95</ns3:cad>
          </ns3:TrackPointExtension>
        </extensions>
      </trkpt>
      <trkpt lat="23.16806810908019542694091796875" lon="113.424091748893260955810546875">
        <ele>18.3999996185302734375</ele>
        <time>2026-02-24T23:26:49.000Z</time>
        <extensions>
          <ns3:TrackPointExtension>
            <ns3:hr>136</ns3:hr>
            <ns3:cad>94</ns3:cad>
          </ns3:TrackPointExtension>
        </extensions>
      </trkpt>
      <trkpt lat="23.168065845966339111328125" lon="113.42411446385085582733154296875">
        <ele>18.200000762939453125</ele>
        <time>2026-02-24T23:26:50.000Z</time>
        <extensions>
          <ns3:TrackPointExtension>
            <ns3:hr>135</ns3:hr>
            <ns3:cad>94</ns3:cad>
          </ns3:TrackPointExtension>
        </extensions>
      </trkpt>
      <trkpt lat="23.16805779933929443359375" lon="113.42414648272097110748291015625">
        <ele>18.200000762939453125</ele>
        <time>2026-02-24T23:26:51.000Z</time>
        <extensions>
          <ns3:TrackPointExtension>
            <ns3:hr>136</ns3:hr>
            <ns3:cad>94</ns3:cad>
          </ns3:TrackPointExtension>
        </extensions>
      </trkpt>
      <trkpt lat="23.1680613197386264801025390625" lon="113.42416961677372455596923828125">
        <ele>18.200000762939453125</ele>
        <time>2026-02-24T23:26:52.000Z</time>
        <extensions>
          <ns3:TrackPointExtension>
            <ns3:hr>136</ns3:hr>
            <ns3:cad>96</ns3:cad>
          </ns3:TrackPointExtension>
        </extensions>
      </trkpt>
      <trkpt lat="23.1680591404438018798828125" lon="113.4242008812725543975830078125">
        <ele>18.200000762939453125</ele>
        <time>2026-02-24T23:26:53.000Z</time>
        <extensions>
          <ns3:TrackPointExtension>
            <ns3:hr>135</ns3:hr>
            <ns3:cad>96</ns3:cad>
          </ns3:TrackPointExtension>
        </extensions>
      </trkpt>
      <trkpt lat="23.16806115210056304931640625" lon="113.42422510497272014617919921875">
        <ele>18</ele>
        <time>2026-02-24T23:26:54.000Z</time>
        <extensions>
          <ns3:TrackPointExtension>
            <ns3:hr>136</ns3:hr>
            <ns3:cad>96</ns3:cad>
          </ns3:TrackPointExtension>
        </extensions>
      </trkpt>
      <trkpt lat="23.16806274466216564178466796875" lon="113.42425108887255191802978515625">
        <ele>18</ele>
        <time>2026-02-24T23:26:55.000Z</time>
        <extensions>
          <ns3:TrackPointExtension>
            <ns3:hr>136</ns3:hr>
            <ns3:cad>96</ns3:cad>
          </ns3:TrackPointExtension>
        </extensions>
      </trkpt>
      <trkpt lat="23.1680636666715145111083984375" lon="113.42428210191428661346435546875">
        <ele>18</ele>
        <time>2026-02-24T23:26:56.000Z</time>
        <extensions>
          <ns3:TrackPointExtension>
            <ns3:hr>135</ns3:hr>
            <ns3:cad>95</ns3:cad>
          </ns3:TrackPointExtension>
        </extensions>
      </trkpt>
      <trkpt lat="23.16806442104279994964599609375" lon="113.4243071638047695159912109375">
        <ele>18</ele>
        <time>2026-02-24T23:26:57.000Z</time>
        <extensions>
          <ns3:TrackPointExtension>
            <ns3:hr>136</ns3:hr>
            <ns3:cad>95</ns3:cad>
          </ns3:TrackPointExtension>
        </extensions>
      </trkpt>
      <trkpt lat="23.16806106828153133392333984375" lon="113.42434178106486797332763671875">
        <ele>18</ele>
        <time>2026-02-24T23:26:58.000Z</time>
        <extensions>
          <ns3:TrackPointExtension>
            <ns3:hr>136</ns3:hr>
            <ns3:cad>95</ns3:cad>
          </ns3:TrackPointExtension>
        </extensions>
      </trkpt>
      <trkpt lat="23.16806307993829250335693359375" lon="113.42436776496469974517822265625">
        <ele>18</ele>
        <time>2026-02-24T23:26:59.000Z</time>
        <extensions>
          <ns3:TrackPointExtension>
            <ns3:hr>135</ns3:hr>
            <ns3:cad>95</ns3:cad>
          </ns3:TrackPointExtension>
        </extensions>
      </trkpt>
      <trkpt lat="23.16805905662477016448974609375" lon="113.424396850168704986572265625">
        <ele>18</ele>
        <time>2026-02-24T23:27:00.000Z</time>
        <extensions>
          <ns3:TrackPointExtension>
            <ns3:hr>136</ns3:hr>
            <ns3:cad>95</ns3:cad>
          </ns3:TrackPointExtension>
        </extensions>
      </trkpt>
      <trkpt lat="23.16805503331124782562255859375" lon="113.424427025020122528076171875">
        <ele>17.799999237060546875</ele>
        <time>2026-02-24T23:27:01.000Z</time>
        <extensions>
          <ns3:TrackPointExtension>
            <ns3:hr>136</ns3:hr>
            <ns3:cad>95</ns3:cad>
          </ns3:TrackPointExtension>
        </extensions>
      </trkpt>
      <trkpt lat="23.16805687732994556427001953125" lon="113.42445527203381061553955078125">
        <ele>17.799999237060546875</ele>
        <time>2026-02-24T23:27:02.000Z</time>
        <extensions>
          <ns3:TrackPointExtension>
            <ns3:hr>135</ns3:hr>
            <ns3:cad>95</ns3:cad>
          </ns3:TrackPointExtension>
        </extensions>
      </trkpt>
      <trkpt lat="23.168054111301898956298828125" lon="113.424485363066196441650390625">
        <ele>17.799999237060546875</ele>
        <time>2026-02-24T23:27:03.000Z</time>
        <extensions>
          <ns3:TrackPointExtension>
            <ns3:hr>136</ns3:hr>
            <ns3:cad>95</ns3:cad>
          </ns3:TrackPointExtension>
        </extensions>
      </trkpt>
      <trkpt lat="23.1680562905967235565185546875" lon="113.42450992204248905181884765625">
        <ele>17.799999237060546875</ele>
        <time>2026-02-24T23:27:04.000Z</time>
        <extensions>
          <ns3:TrackPointExtension>
            <ns3:hr>136</ns3:hr>
            <ns3:cad>95</ns3:cad>
          </ns3:TrackPointExtension>
        </extensions>
      </trkpt>
      <trkpt lat="23.1680549494922161102294921875" lon="113.42453724704682826995849609375">
        <ele>17.6000003814697265625</ele>
        <time>2026-02-24T23:27:05.000Z</time>
        <extensions>
          <ns3:TrackPointExtension>
            <ns3:hr>135</ns3:hr>
            <ns3:cad>95</ns3:cad>
          </ns3:TrackPointExtension>
        </extensions>
      </trkpt>
      <trkpt lat="23.16805712878704071044921875" lon="113.4245633147656917572021484375">
        <ele>17.6000003814697265625</ele>
        <time>2026-02-24T23:27:06.000Z</time>
        <extensions>
          <ns3:TrackPointExtension>
            <ns3:hr>136</ns3:hr>
            <ns3:cad>95</ns3:cad>
          </ns3:TrackPointExtension>
        </extensions>
      </trkpt>
      <trkpt lat="23.16805486567318439483642578125" lon="113.42459223233163356781005859375">
        <ele>17.6000003814697265625</ele>
        <time>2026-02-24T23:27:07.000Z</time>
        <extensions>
          <ns3:TrackPointExtension>
            <ns3:hr>136</ns3:hr>
            <ns3:cad>94</ns3:cad>
          </ns3:TrackPointExtension>
        </extensions>
      </trkpt>
      <trkpt lat="23.16805637441575527191162109375" lon="113.42462324537336826324462890625">
        <ele>17.6000003814697265625</ele>
        <time>2026-02-24T23:27:08.000Z</time>
        <extensions>
          <ns3:TrackPointExtension>
            <ns3:hr>135</ns3:hr>
            <ns3:cad>94</ns3:cad>
          </ns3:TrackPointExtension>
        </extensions>
      </trkpt>
      <trkpt lat="23.168056122958660125732421875" lon="113.4246508218348026275634765625">
        <ele>17.799999237060546875</ele>
        <time>2026-02-24T23:27:09.000Z</time>
        <extensions>
          <ns3:TrackPointExtension>
            <ns3:hr>136</ns3:hr>
            <ns3:cad>94</ns3:cad>
          </ns3:TrackPointExtension>
        </extensions>
      </trkpt>
      <trkpt lat="23.16805503331124782562255859375" lon="113.4246820025146007537841796875">
        <ele>17.799999237060546875</ele>
        <time>2026-02-24T23:27:10.000Z</time>
        <extensions>
          <ns3:TrackPointExtension>
            <ns3:hr>136</ns3:hr>
            <ns3:cad>94</ns3:cad>
          </ns3:TrackPointExtension>
        </extensions>
      </trkpt>
      <trkpt lat="23.16805712878704071044921875" lon="113.4247048012912273406982421875">
        <ele>17.6000003814697265625</ele>
        <time>2026-02-24T23:27:11.000Z</time>
        <extensions>
          <ns3:TrackPointExtension>
            <ns3:hr>135</ns3:hr>
            <ns3:cad>95</ns3:cad>
          </ns3:TrackPointExtension>
        </extensions>
      </trkpt>
      <trkpt lat="23.1680549494922161102294921875" lon="113.42473455704748630523681640625">
        <ele>17.6000003814697265625</ele>
        <time>2026-02-24T23:27:12.000Z</time>
        <extensions>
          <ns3:TrackPointExtension>
            <ns3:hr>135</ns3:hr>
            <ns3:cad>95</ns3:cad>
          </ns3:TrackPointExtension>
        </extensions>
      </trkpt>
      <trkpt lat="23.168061487376689910888671875" lon="113.42475903220474720001220703125">
        <ele>17.799999237060546875</ele>
        <time>2026-02-24T23:27:13.000Z</time>
        <extensions>
          <ns3:TrackPointExtension>
            <ns3:hr>135</ns3:hr>
            <ns3:cad>95</ns3:cad>
          </ns3:TrackPointExtension>
        </extensions>
      </trkpt>
      <trkpt lat="23.16805905662477016448974609375" lon="113.42478870414197444915771484375">
        <ele>17.6000003814697265625</ele>
        <time>2026-02-24T23:27:14.000Z</time>
        <extensions>
          <ns3:TrackPointExtension>
            <ns3:hr>135</ns3:hr>
            <ns3:cad>94</ns3:cad>
          </ns3:TrackPointExtension>
        </extensions>
      </trkpt>
      <trkpt lat="23.16806023009121417999267578125" lon="113.42481737025082111358642578125">
        <ele>17.6000003814697265625</ele>
        <time>2026-02-24T23:27:15.000Z</time>
        <extensions>
          <ns3:TrackPointExtension>
            <ns3:hr>136</ns3:hr>
            <ns3:cad>94</ns3:cad>
          </ns3:TrackPointExtension>
        </extensions>
      </trkpt>
      <trkpt lat="23.16805888898670673370361328125" lon="113.424844108521938323974609375">
        <ele>17.6000003814697265625</ele>
        <time>2026-02-24T23:27:16.000Z</time>
        <extensions>
          <ns3:TrackPointExtension>
            <ns3:hr>135</ns3:hr>
            <ns3:cad>93</ns3:cad>
          </ns3:TrackPointExtension>
        </extensions>
      </trkpt>
      <trkpt lat="23.1680589728057384490966796875" lon="113.424878306686878204345703125">
        <ele>17.6000003814697265625</ele>
        <time>2026-02-24T23:27:17.000Z</time>
        <extensions>
          <ns3:TrackPointExtension>
            <ns3:hr>135</ns3:hr>
            <ns3:cad>93</ns3:cad>
          </ns3:TrackPointExtension>
        </extensions>
      </trkpt>
      <trkpt lat="23.16805805079638957977294921875" lon="113.42489934526383876800537109375">
        <ele>17.6000003814697265625</ele>
        <time>2026-02-24T23:27:18.000Z</time>
        <extensions>
          <ns3:TrackPointExtension>
            <ns3:hr>134</ns3:hr>
            <ns3:cad>94</ns3:cad>
          </ns3:TrackPointExtension>
        </extensions>
      </trkpt>
      <trkpt lat="23.16805687732994556427001953125" lon="113.42493236996233463287353515625">
        <ele>17.6000003814697265625</ele>
        <time>2026-02-24T23:27:19.000Z</time>
        <extensions>
          <ns3:TrackPointExtension>
            <ns3:hr>134</ns3:hr>
            <ns3:cad>94</ns3:cad>
          </ns3:TrackPointExtension>
        </extensions>
      </trkpt>
      <trkpt lat="23.168059475719928741455078125" lon="113.42495349235832691192626953125">
        <ele>17.6000003814697265625</ele>
        <time>2026-02-24T23:27:20.000Z</time>
        <extensions>
          <ns3:TrackPointExtension>
            <ns3:hr>134</ns3:hr>
            <ns3:cad>94</ns3:cad>
          </ns3:TrackPointExtension>
        </extensions>
      </trkpt>
      <trkpt lat="23.1680603139102458953857421875" lon="113.42498190701007843017578125">
        <ele>17.6000003814697265625</ele>
        <time>2026-02-24T23:27:21.000Z</time>
        <extensions>
          <ns3:TrackPointExtension>
            <ns3:hr>134</ns3:hr>
            <ns3:cad>94</ns3:cad>
          </ns3:TrackPointExtension>
        </extensions>
      </trkpt>
      <trkpt lat="23.1680618226528167724609375" lon="113.42500445432960987091064453125">
        <ele>17.6000003814697265625</ele>
        <time>2026-02-24T23:27:22.000Z</time>
        <extensions>
          <ns3:TrackPointExtension>
            <ns3:hr>134</ns3:hr>
            <ns3:cad>93</ns3:cad>
          </ns3:TrackPointExtension>
        </extensions>
      </trkpt>
      <trkpt lat="23.16805855371057987213134765625" lon="113.42502507381141185760498046875">
        <ele>17.799999237060546875</ele>
        <time>2026-02-24T23:27:23.000Z</time>
        <extensions>
          <ns3:TrackPointExtension>
            <ns3:hr>134</ns3:hr>
            <ns3:cad>94</ns3:cad>
          </ns3:TrackPointExtension>
        </extensions>
      </trkpt>
      <trkpt lat="23.16805637441575527191162109375" lon="113.42505474574863910675048828125">
        <ele>17.799999237060546875</ele>
        <time>2026-02-24T23:27:24.000Z</time>
        <extensions>
          <ns3:TrackPointExtension>
            <ns3:hr>134</ns3:hr>
            <ns3:cad>94</ns3:cad>
          </ns3:TrackPointExtension>
        </extensions>
      </trkpt>
      <trkpt lat="23.16805687732994556427001953125" lon="113.4250793047249317169189453125">
        <ele>17.799999237060546875</ele>
        <time>2026-02-24T23:27:25.000Z</time>
        <extensions>
          <ns3:TrackPointExtension>
            <ns3:hr>133</ns3:hr>
            <ns3:cad>92</ns3:cad>
          </ns3:TrackPointExtension>
        </extensions>
      </trkpt>
      <trkpt lat="23.1680537760257720947265625" lon="113.4251140058040618896484375">
        <ele>17.799999237060546875</ele>
        <time>2026-02-24T23:27:26.000Z</time>
        <extensions>
          <ns3:TrackPointExtension>
            <ns3:hr>133</ns3:hr>
            <ns3:cad>92</ns3:cad>
          </ns3:TrackPointExtension>
        </extensions>
      </trkpt>
      <trkpt lat="23.16806073300540447235107421875" lon="113.4251379780471324920654296875">
        <ele>17.6000003814697265625</ele>
        <time>2026-02-24T23:27:27.000Z</time>
        <extensions>
          <ns3:TrackPointExtension>
            <ns3:hr>133</ns3:hr>
            <ns3:cad>92</ns3:cad>
          </ns3:TrackPointExtension>
        </extensions>
      </trkpt>
      <trkpt lat="23.1680613197386264801025390625" lon="113.425171338021755218505859375">
        <ele>17.6000003814697265625</ele>
        <time>2026-02-24T23:27:28.000Z</time>
        <extensions>
          <ns3:TrackPointExtension>
            <ns3:hr>133</ns3:hr>
            <ns3:cad>94</ns3:cad>
          </ns3:TrackPointExtension>
        </extensions>
      </trkpt>
      <trkpt lat="23.1680671870708465576171875" lon="113.425198160111904144287109375">
        <ele>17.6000003814697265625</ele>
        <time>2026-02-24T23:27:29.000Z</time>
        <extensions>
          <ns3:TrackPointExtension>
            <ns3:hr>132</ns3:hr>
            <ns3:cad>94</ns3:cad>
          </ns3:TrackPointExtension>
        </extensions>
      </trkpt>
      <trkpt lat="23.1680656783282756805419921875" lon="113.42522406019270420074462890625">
        <ele>17.3999996185302734375</ele>
        <time>2026-02-24T23:27:30.000Z</time>
        <extensions>
          <ns3:TrackPointExtension>
            <ns3:hr>133</ns3:hr>
            <ns3:cad>93</ns3:cad>
          </ns3:TrackPointExtension>
        </extensions>
      </trkpt>
      <trkpt lat="23.16806307993829250335693359375" lon="113.42525172047317028045654296875">
        <ele>17.3999996185302734375</ele>
        <time>2026-02-24T23:27:31.000Z</time>
        <extensions>
          <ns3:TrackPointExtension>
            <ns3:hr>133</ns3:hr>
            <ns3:cad>93</ns3:cad>
          </ns3:TrackPointExtension>
        </extensions>
      </trkpt>
      <trkpt lat="23.16806475631892681121826171875" lon="113.42527518980205059051513671875">
        <ele>17.3999996185302734375</ele>
        <time>2026-02-24T23:27:32.000Z</time>
        <extensions>
          <ns3:TrackPointExtension>
            <ns3:hr>132</ns3:hr>
            <ns3:cad>93</ns3:cad>
          </ns3:TrackPointExtension>
        </extensions>
      </trkpt>
      <trkpt lat="23.16806140355765819549560546875" lon="113.425306789577007293701171875">
        <ele>17.3999996185302734375</ele>
        <time>2026-02-24T23:27:33.000Z</time>
        <extensions>
          <ns3:TrackPointExtension>
            <ns3:hr>133</ns3:hr>
            <ns3:cad>95</ns3:cad>
          </ns3:TrackPointExtension>
        </extensions>
      </trkpt>
      <trkpt lat="23.16806375049054622650146484375" lon="113.4253304265439510345458984375">
        <ele>17.3999996185302734375</ele>
        <time>2026-02-24T23:27:34.000Z</time>
        <extensions>
          <ns3:TrackPointExtension>
            <ns3:hr>133</ns3:hr>
            <ns3:cad>95</ns3:cad>
          </ns3:TrackPointExtension>
        </extensions>
      </trkpt>
      <trkpt lat="23.16806173883378505706787109375" lon="113.42536152340471744537353515625">
        <ele>17.3999996185302734375</ele>
        <time>2026-02-24T23:27:35.000Z</time>
        <extensions>
          <ns3:TrackPointExtension>
            <ns3:hr>133</ns3:hr>
            <ns3:cad>95</ns3:cad>
          </ns3:TrackPointExtension>
        </extensions>
      </trkpt>
      <trkpt lat="23.1680593080818653106689453125" lon="113.4253897704184055328369140625">
        <ele>17.3999996185302734375</ele>
        <time>2026-02-24T23:27:36.000Z</time>
        <extensions>
          <ns3:TrackPointExtension>
            <ns3:hr>132</ns3:hr>
            <ns3:cad>95</ns3:cad>
          </ns3:TrackPointExtension>
        </extensions>
      </trkpt>
      <trkpt lat="23.168058805167675018310546875" lon="113.42541550286114215850830078125">
        <ele>17.3999996185302734375</ele>
        <time>2026-02-24T23:27:37.000Z</time>
        <extensions>
          <ns3:TrackPointExtension>
            <ns3:hr>133</ns3:hr>
            <ns3:cad>94</ns3:cad>
          </ns3:TrackPointExtension>
        </extensions>
      </trkpt>
      <trkpt lat="23.16805084235966205596923828125" lon="113.425446934998035430908203125">
        <ele>17.3999996185302734375</ele>
        <time>2026-02-24T23:27:38.000Z</time>
        <extensions>
          <ns3:TrackPointExtension>
            <ns3:hr>133</ns3:hr>
            <ns3:cad>94</ns3:cad>
          </ns3:TrackPointExtension>
        </extensions>
      </trkpt>
      <trkpt lat="23.1680586375296115875244140625" lon="113.42547006905078887939453125">
        <ele>17.3999996185302734375</ele>
        <time>2026-02-24T23:27:39.000Z</time>
        <extensions>
          <ns3:TrackPointExtension>
            <ns3:hr>132</ns3:hr>
            <ns3:cad>95</ns3:cad>
          </ns3:TrackPointExtension>
        </extensions>
      </trkpt>
      <trkpt lat="23.16805503331124782562255859375" lon="113.42550016008317470550537109375">
        <ele>17.3999996185302734375</ele>
        <time>2026-02-24T23:27:40.000Z</time>
        <extensions>
          <ns3:TrackPointExtension>
            <ns3:hr>132</ns3:hr>
            <ns3:cad>95</ns3:cad>
          </ns3:TrackPointExtension>
        </extensions>
      </trkpt>
      <trkpt lat="23.1680591404438018798828125" lon="113.4255265630781650543212890625">
        <ele>17.3999996185302734375</ele>
        <time>2026-02-24T23:27:41.000Z</time>
        <extensions>
          <ns3:TrackPointExtension>
            <ns3:hr>132</ns3:hr>
            <ns3:cad>95</ns3:cad>
          </ns3:TrackPointExtension>
        </extensions>
      </trkpt>
      <trkpt lat="23.168058134615421295166015625" lon="113.4255543909966945648193359375">
        <ele>17.3999996185302734375</ele>
        <time>2026-02-24T23:27:42.000Z</time>
        <extensions>
          <ns3:TrackPointExtension>
            <ns3:hr>132</ns3:hr>
            <ns3:cad>95</ns3:cad>
          </ns3:TrackPointExtension>
        </extensions>
      </trkpt>
      <trkpt lat="23.16805520094931125640869140625" lon="113.4255874156951904296875">
        <ele>17.200000762939453125</ele>
        <time>2026-02-24T23:27:43.000Z</time>
        <extensions>
          <ns3:TrackPointExtension>
            <ns3:hr>132</ns3:hr>
            <ns3:cad>95</ns3:cad>
          </ns3:TrackPointExtension>
        </extensions>
      </trkpt>
      <trkpt lat="23.1680572964251041412353515625" lon="113.42561096884310245513916015625">
        <ele>17.200000762939453125</ele>
        <time>2026-02-24T23:27:44.000Z</time>
        <extensions>
          <ns3:TrackPointExtension>
            <ns3:hr>132</ns3:hr>
            <ns3:cad>95</ns3:cad>
          </ns3:TrackPointExtension>
        </extensions>
      </trkpt>
      <trkpt lat="23.1680546142160892486572265625" lon="113.42564214952290058135986328125">
        <ele>17.200000762939453125</ele>
        <time>2026-02-24T23:27:45.000Z</time>
        <extensions>
          <ns3:TrackPointExtension>
            <ns3:hr>132</ns3:hr>
            <ns3:cad>95</ns3:cad>
          </ns3:TrackPointExtension>
        </extensions>
      </trkpt>
      <trkpt lat="23.1680603139102458953857421875" lon="113.42566528357565402984619140625">
        <ele>17.200000762939453125</ele>
        <time>2026-02-24T23:27:46.000Z</time>
        <extensions>
          <ns3:TrackPointExtension>
            <ns3:hr>132</ns3:hr>
            <ns3:cad>95</ns3:cad>
          </ns3:TrackPointExtension>
        </extensions>
      </trkpt>
      <trkpt lat="23.16805846989154815673828125" lon="113.4256945364177227020263671875">
        <ele>17.200000762939453125</ele>
        <time>2026-02-24T23:27:47.000Z</time>
        <extensions>
          <ns3:TrackPointExtension>
            <ns3:hr>132</ns3:hr>
            <ns3:cad>95</ns3:cad>
          </ns3:TrackPointExtension>
        </extensions>
      </trkpt>
      <trkpt lat="23.1680579669773578643798828125" lon="113.42572487890720367431640625">
        <ele>17.200000762939453125</ele>
        <time>2026-02-24T23:27:48.000Z</time>
        <extensions>
          <ns3:TrackPointExtension>
            <ns3:hr>132</ns3:hr>
            <ns3:cad>95</ns3:cad>
          </ns3:TrackPointExtension>
        </extensions>
      </trkpt>
      <trkpt lat="23.16805754788219928741455078125" lon="113.4257511980831623077392578125">
        <ele>17.200000762939453125</ele>
        <time>2026-02-24T23:27:49.000Z</time>
        <extensions>
          <ns3:TrackPointExtension>
            <ns3:hr>131</ns3:hr>
            <ns3:cad>95</ns3:cad>
          </ns3:TrackPointExtension>
        </extensions>
      </trkpt>
      <trkpt lat="23.168056793510913848876953125" lon="113.42578397132456302642822265625">
        <ele>17.200000762939453125</ele>
        <time>2026-02-24T23:27:50.000Z</time>
        <extensions>
          <ns3:TrackPointExtension>
            <ns3:hr>131</ns3:hr>
            <ns3:cad>95</ns3:cad>
          </ns3:TrackPointExtension>
        </extensions>
      </trkpt>
      <trkpt lat="23.16806257702410221099853515625" lon="113.425807692110538482666015625">
        <ele>17.200000762939453125</ele>
        <time>2026-02-24T23:27:51.000Z</time>
        <extensions>
          <ns3:TrackPointExtension>
            <ns3:hr>131</ns3:hr>
            <ns3:cad>95</ns3:cad>
          </ns3:TrackPointExtension>
        </extensions>
      </trkpt>
      <trkpt lat="23.16805821843445301055908203125" lon="113.4258423931896686553955078125">
        <ele>17.200000762939453125</ele>
        <time>2026-02-24T23:27:52.000Z</time>
        <extensions>
          <ns3:TrackPointExtension>
            <ns3:hr>131</ns3:hr>
            <ns3:cad>95</ns3:cad>
          </ns3:TrackPointExtension>
        </extensions>
      </trkpt>
      <trkpt lat="23.16806190647184848785400390625" lon="113.42586695216596126556396484375">
        <ele>17.200000762939453125</ele>
        <time>2026-02-24T23:27:53.000Z</time>
        <extensions>
          <ns3:TrackPointExtension>
            <ns3:hr>131</ns3:hr>
            <ns3:cad>95</ns3:cad>
          </ns3:TrackPointExtension>
        </extensions>
      </trkpt>
      <trkpt lat="23.1680596433579921722412109375" lon="113.425895869731903076171875">
        <ele>17.200000762939453125</ele>
        <time>2026-02-24T23:27:54.000Z</time>
        <extensions>
          <ns3:TrackPointExtension>
            <ns3:hr>131</ns3:hr>
            <ns3:cad>95</ns3:cad>
          </ns3:TrackPointExtension>
        </extensions>
      </trkpt>
      <trkpt lat="23.16805603913962841033935546875" lon="113.42592537403106689453125">
        <ele>17.200000762939453125</ele>
        <time>2026-02-24T23:27:55.000Z</time>
        <extensions>
          <ns3:TrackPointExtension>
            <ns3:hr>131</ns3:hr>
            <ns3:cad>93</ns3:cad>
          </ns3:TrackPointExtension>
        </extensions>
      </trkpt>
      <trkpt lat="23.16805536858737468719482421875" lon="113.42595018446445465087890625">
        <ele>17</ele>
        <time>2026-02-24T23:27:56.000Z</time>
        <extensions>
          <ns3:TrackPointExtension>
            <ns3:hr>131</ns3:hr>
            <ns3:cad>93</ns3:cad>
          </ns3:TrackPointExtension>
        </extensions>
      </trkpt>
      <trkpt lat="23.16805251874029636383056640625" lon="113.42598547227680683135986328125">
        <ele>17</ele>
        <time>2026-02-24T23:27:57.000Z</time>
        <extensions>
          <ns3:TrackPointExtension>
            <ns3:hr>131</ns3:hr>
            <ns3:cad>94</ns3:cad>
          </ns3:TrackPointExtension>
        </extensions>
      </trkpt>
      <trkpt lat="23.16805872134864330291748046875" lon="113.42600760050117969512939453125">
        <ele>17</ele>
        <time>2026-02-24T23:27:58.000Z</time>
        <extensions>
          <ns3:TrackPointExtension>
            <ns3:hr>131</ns3:hr>
            <ns3:cad>95</ns3:cad>
          </ns3:TrackPointExtension>
        </extensions>
      </trkpt>
      <trkpt lat="23.168058134615421295166015625" lon="113.4260395355522632598876953125">
        <ele>17.200000762939453125</ele>
        <time>2026-02-24T23:27:59.000Z</time>
        <extensions>
          <ns3:TrackPointExtension>
            <ns3:hr>131</ns3:hr>
            <ns3:cad>95</ns3:cad>
          </ns3:TrackPointExtension>
        </extensions>
      </trkpt>
      <trkpt lat="23.1680586375296115875244140625" lon="113.4260640107095241546630859375">
        <ele>17.200000762939453125</ele>
        <time>2026-02-24T23:28:00.000Z</time>
        <extensions>
          <ns3:TrackPointExtension>
            <ns3:hr>131</ns3:hr>
            <ns3:cad>95</ns3:cad>
          </ns3:TrackPointExtension>
        </extensions>
      </trkpt>
      <trkpt lat="23.1680564582347869873046875" lon="113.42609007842838764190673828125">
        <ele>17.200000762939453125</ele>
        <time>2026-02-24T23:28:01.000Z</time>
        <extensions>
          <ns3:TrackPointExtension>
            <ns3:hr>131</ns3:hr>
            <ns3:cad>95</ns3:cad>
          </ns3:TrackPointExtension>
        </extensions>
      </trkpt>
      <trkpt lat="23.16805050708353519439697265625" lon="113.42612075619399547576904296875">
        <ele>17.200000762939453125</ele>
        <time>2026-02-24T23:28:02.000Z</time>
        <extensions>
          <ns3:TrackPointExtension>
            <ns3:hr>130</ns3:hr>
            <ns3:cad>95</ns3:cad>
          </ns3:TrackPointExtension>
        </extensions>
      </trkpt>
      <trkpt lat="23.1680556200444698333740234375" lon="113.42614171095192432403564453125">
        <ele>17.200000762939453125</ele>
        <time>2026-02-24T23:28:03.000Z</time>
        <extensions>
          <ns3:TrackPointExtension>
            <ns3:hr>130</ns3:hr>
            <ns3:cad>95</ns3:cad>
          </ns3:TrackPointExtension>
        </extensions>
      </trkpt>
      <trkpt lat="23.16805201582610607147216796875" lon="113.42617339454591274261474609375">
        <ele>17.200000762939453125</ele>
        <time>2026-02-24T23:28:04.000Z</time>
        <extensions>
          <ns3:TrackPointExtension>
            <ns3:hr>130</ns3:hr>
            <ns3:cad>95</ns3:cad>
          </ns3:TrackPointExtension>
        </extensions>
      </trkpt>
      <trkpt lat="23.16805453039705753326416015625" lon="113.42619954608380794525146484375">
        <ele>17.200000762939453125</ele>
        <time>2026-02-24T23:28:05.000Z</time>
        <extensions>
          <ns3:TrackPointExtension>
            <ns3:hr>130</ns3:hr>
            <ns3:cad>96</ns3:cad>
          </ns3:TrackPointExtension>
        </extensions>
      </trkpt>
      <trkpt lat="23.16805268637835979461669921875" lon="113.426225446164608001708984375">
        <ele>17.200000762939453125</ele>
        <time>2026-02-24T23:28:06.000Z</time>
        <extensions>
          <ns3:TrackPointExtension>
            <ns3:hr>131</ns3:hr>
            <ns3:cad>96</ns3:cad>
          </ns3:TrackPointExtension>
        </extensions>
      </trkpt>
      <trkpt lat="23.16805042326450347900390625" lon="113.42625620774924755096435546875">
        <ele>17.200000762939453125</ele>
        <time>2026-02-24T23:28:07.000Z</time>
        <extensions>
          <ns3:TrackPointExtension>
            <ns3:hr>131</ns3:hr>
            <ns3:cad>95</ns3:cad>
          </ns3:TrackPointExtension>
        </extensions>
      </trkpt>
      <trkpt lat="23.1680522672832012176513671875" lon="113.42628009617328643798828125">
        <ele>17.200000762939453125</ele>
        <time>2026-02-24T23:28:08.000Z</time>
        <extensions>
          <ns3:TrackPointExtension>
            <ns3:hr>131</ns3:hr>
            <ns3:cad>95</ns3:cad>
          </ns3:TrackPointExtension>
        </extensions>
      </trkpt>
      <trkpt lat="23.16804883070290088653564453125" lon="113.42631362378597259521484375">
        <ele>17.200000762939453125</ele>
        <time>2026-02-24T23:28:09.000Z</time>
        <extensions>
          <ns3:TrackPointExtension>
            <ns3:hr>131</ns3:hr>
            <ns3:cad>95</ns3:cad>
          </ns3:TrackPointExtension>
        </extensions>
      </trkpt>
      <trkpt lat="23.1680522672832012176513671875" lon="113.42633650638163089752197265625">
        <ele>17.200000762939453125</ele>
        <time>2026-02-24T23:28:10.000Z</time>
        <extensions>
          <ns3:TrackPointExtension>
            <ns3:hr>131</ns3:hr>
            <ns3:cad>95</ns3:cad>
          </ns3:TrackPointExtension>
        </extensions>
      </trkpt>
      <trkpt lat="23.1680492497980594635009765625" lon="113.4263677708804607391357421875">
        <ele>17.200000762939453125</ele>
        <time>2026-02-24T23:28:11.000Z</time>
        <extensions>
          <ns3:TrackPointExtension>
            <ns3:hr>131</ns3:hr>
            <ns3:cad>95</ns3:cad>
          </ns3:TrackPointExtension>
        </extensions>
      </trkpt>
      <trkpt lat="23.16805134527385234832763671875" lon="113.42639434151351451873779296875">
        <ele>17.200000762939453125</ele>
        <time>2026-02-24T23:28:12.000Z</time>
        <extensions>
          <ns3:TrackPointExtension>
            <ns3:hr>131</ns3:hr>
            <ns3:cad>95</ns3:cad>
          </ns3:TrackPointExtension>
        </extensions>
      </trkpt>
      <trkpt lat="23.16804581321775913238525390625" lon="113.4264204092323780059814453125">
        <ele>17</ele>
        <time>2026-02-24T23:28:13.000Z</time>
        <extensions>
          <ns3:TrackPointExtension>
            <ns3:hr>131</ns3:hr>
            <ns3:cad>95</ns3:cad>
          </ns3:TrackPointExtension>
        </extensions>
      </trkpt>
      <trkpt lat="23.16803894005715847015380859375" lon="113.42645335011184215545654296875">
        <ele>17</ele>
        <time>2026-02-24T23:28:14.000Z</time>
        <extensions>
          <ns3:TrackPointExtension>
            <ns3:hr>131</ns3:hr>
            <ns3:cad>95</ns3:cad>
          </ns3:TrackPointExtension>
        </extensions>
      </trkpt>
      <trkpt lat="23.1680385209619998931884765625" lon="113.426476232707500457763671875">
        <ele>17</ele>
        <time>2026-02-24T23:28:15.000Z</time>
        <extensions>
          <ns3:TrackPointExtension>
            <ns3:hr>131</ns3:hr>
            <ns3:cad>95</ns3:cad>
          </ns3:TrackPointExtension>
        </extensions>
      </trkpt>
      <trkpt lat="23.1680328212678432464599609375" lon="113.42650984413921833038330078125">
        <ele>17</ele>
        <time>2026-02-24T23:28:16.000Z</time>
        <extensions>
          <ns3:TrackPointExtension>
            <ns3:hr>131</ns3:hr>
            <ns3:cad>95</ns3:cad>
          </ns3:TrackPointExtension>
        </extensions>
      </trkpt>
      <trkpt lat="23.1680368445813655853271484375" lon="113.42653197236359119415283203125">
        <ele>16.799999237060546875</ele>
        <time>2026-02-24T23:28:17.000Z</time>
        <extensions>
          <ns3:TrackPointExtension>
            <ns3:hr>132</ns3:hr>
            <ns3:cad>94</ns3:cad>
          </ns3:TrackPointExtension>
        </extensions>
      </trkpt>
      <trkpt lat="23.16803508438169956207275390625" lon="113.4265608899295330047607421875">
        <ele>16.799999237060546875</ele>
        <time>2026-02-24T23:28:18.000Z</time>
        <extensions>
          <ns3:TrackPointExtension>
            <ns3:hr>132</ns3:hr>
            <ns3:cad>94</ns3:cad>
          </ns3:TrackPointExtension>
        </extensions>
      </trkpt>
      <trkpt lat="23.168039359152317047119140625" lon="113.42658410780131816864013671875">
        <ele>16.799999237060546875</ele>
        <time>2026-02-24T23:28:19.000Z</time>
        <extensions>
          <ns3:TrackPointExtension>
            <ns3:hr>132</ns3:hr>
            <ns3:cad>93</ns3:cad>
          </ns3:TrackPointExtension>
        </extensions>
      </trkpt>
      <trkpt lat="23.1680395267903804779052734375" lon="113.42660958878695964813232421875">
        <ele>16.799999237060546875</ele>
        <time>2026-02-24T23:28:20.000Z</time>
        <extensions>
          <ns3:TrackPointExtension>
            <ns3:hr>133</ns3:hr>
            <ns3:cad>93</ns3:cad>
          </ns3:TrackPointExtension>
        </extensions>
      </trkpt>
      <trkpt lat="23.1680405326187610626220703125" lon="113.426639176905155181884765625">
        <ele>16.799999237060546875</ele>
        <time>2026-02-24T23:28:21.000Z</time>
        <extensions>
          <ns3:TrackPointExtension>
            <ns3:hr>133</ns3:hr>
            <ns3:cad>94</ns3:cad>
          </ns3:TrackPointExtension>
        </extensions>
      </trkpt>
      <trkpt lat="23.16804480738937854766845703125" lon="113.426662981510162353515625">
        <ele>16.799999237060546875</ele>
        <time>2026-02-24T23:28:22.000Z</time>
        <extensions>
          <ns3:TrackPointExtension>
            <ns3:hr>133</ns3:hr>
            <ns3:cad>94</ns3:cad>
          </ns3:TrackPointExtension>
        </extensions>
      </trkpt>
      <trkpt lat="23.168046735227108001708984375" lon="113.4266953356564044952392578125">
        <ele>16.799999237060546875</ele>
        <time>2026-02-24T23:28:23.000Z</time>
        <extensions>
          <ns3:TrackPointExtension>
            <ns3:hr>133</ns3:hr>
            <ns3:cad>93</ns3:cad>
          </ns3:TrackPointExtension>
        </extensions>
      </trkpt>
      <trkpt lat="23.1680512614548206329345703125" lon="113.4267218224704265594482421875">
        <ele>16.799999237060546875</ele>
        <time>2026-02-24T23:28:24.000Z</time>
        <extensions>
          <ns3:TrackPointExtension>
            <ns3:hr>132</ns3:hr>
            <ns3:cad>92</ns3:cad>
          </ns3:TrackPointExtension>
        </extensions>
      </trkpt>
      <trkpt lat="23.168048076331615447998046875" lon="113.42675618827342987060546875">
        <ele>16.799999237060546875</ele>
        <time>2026-02-24T23:28:25.000Z</time>
        <extensions>
          <ns3:TrackPointExtension>
            <ns3:hr>133</ns3:hr>
            <ns3:cad>92</ns3:cad>
          </ns3:TrackPointExtension>
        </extensions>
      </trkpt>
      <trkpt lat="23.1680522672832012176513671875" lon="113.42677588574588298797607421875">
        <ele>16.799999237060546875</ele>
        <time>2026-02-24T23:28:26.000Z</time>
        <extensions>
          <ns3:TrackPointExtension>
            <ns3:hr>133</ns3:hr>
            <ns3:cad>92</ns3:cad>
          </ns3:TrackPointExtension>
        </extensions>
      </trkpt>
      <trkpt lat="23.16804966889321804046630859375" lon="113.426807485520839691162109375">
        <ele>16.799999237060546875</ele>
        <time>2026-02-24T23:28:27.000Z</time>
        <extensions>
          <ns3:TrackPointExtension>
            <ns3:hr>132</ns3:hr>
            <ns3:cad>92</ns3:cad>
          </ns3:TrackPointExtension>
        </extensions>
      </trkpt>
      <trkpt lat="23.16805788315832614898681640625" lon="113.4268277697265148162841796875">
        <ele>16.6000003814697265625</ele>
        <time>2026-02-24T23:28:28.000Z</time>
        <extensions>
          <ns3:TrackPointExtension>
            <ns3:hr>133</ns3:hr>
            <ns3:cad>93</ns3:cad>
          </ns3:TrackPointExtension>
        </extensions>
      </trkpt>
      <trkpt lat="23.16806090064346790313720703125" lon="113.426862470805644989013671875">
        <ele>16.799999237060546875</ele>
        <time>2026-02-24T23:28:29.000Z</time>
        <extensions>
          <ns3:TrackPointExtension>
            <ns3:hr>133</ns3:hr>
            <ns3:cad>93</ns3:cad>
          </ns3:TrackPointExtension>
        </extensions>
      </trkpt>
      <trkpt lat="23.16806844435632228851318359375" lon="113.426885940134525299072265625">
        <ele>16.799999237060546875</ele>
        <time>2026-02-24T23:28:30.000Z</time>
        <extensions>
          <ns3:TrackPointExtension>
            <ns3:hr>133</ns3:hr>
            <ns3:cad>93</ns3:cad>
          </ns3:TrackPointExtension>
        </extensions>
      </trkpt>
      <trkpt lat="23.1680643372237682342529296875" lon="113.4269159473478794097900390625">
        <ele>16.799999237060546875</ele>
        <time>2026-02-24T23:28:31.000Z</time>
        <extensions>
          <ns3:TrackPointExtension>
            <ns3:hr>134</ns3:hr>
            <ns3:cad>92</ns3:cad>
          </ns3:TrackPointExtension>
        </extensions>
      </trkpt>
      <trkpt lat="23.16806651651859283447265625" lon="113.4269387461245059967041015625">
        <ele>16.799999237060546875</ele>
        <time>2026-02-24T23:28:32.000Z</time>
        <extensions>
          <ns3:TrackPointExtension>
            <ns3:hr>134</ns3:hr>
            <ns3:cad>90</ns3:cad>
          </ns3:TrackPointExtension>
        </extensions>
      </trkpt>
      <trkpt lat="23.168055452406406402587890625" lon="113.4269685856997966766357421875">
        <ele>16.799999237060546875</ele>
        <time>2026-02-24T23:28:33.000Z</time>
        <extensions>
          <ns3:TrackPointExtension>
            <ns3:hr>134</ns3:hr>
            <ns3:cad>90</ns3:cad>
          </ns3:TrackPointExtension>
        </extensions>
      </trkpt>
      <trkpt lat="23.1680564582347869873046875" lon="113.42699222266674041748046875">
        <ele>16.799999237060546875</ele>
        <time>2026-02-24T23:28:34.000Z</time>
        <extensions>
          <ns3:TrackPointExtension>
            <ns3:hr>134</ns3:hr>
            <ns3:cad>90</ns3:cad>
          </ns3:TrackPointExtension>
        </extensions>
      </trkpt>
      <trkpt lat="23.16805603913962841033935546875" lon="113.4270279295742511749267578125">
        <ele>16.799999237060546875</ele>
        <time>2026-02-24T23:28:35.000Z</time>
        <extensions>
          <ns3:TrackPointExtension>
            <ns3:hr>134</ns3:hr>
            <ns3:cad>90</ns3:cad>
          </ns3:TrackPointExtension>
        </extensions>
      </trkpt>
      <trkpt lat="23.16805754788219928741455078125" lon="113.4270532429218292236328125">
        <ele>16.799999237060546875</ele>
        <time>2026-02-24T23:28:36.000Z</time>
        <extensions>
          <ns3:TrackPointExtension>
            <ns3:hr>133</ns3:hr>
            <ns3:cad>90</ns3:cad>
          </ns3:TrackPointExtension>
        </extensions>
      </trkpt>
      <trkpt lat="23.168055117130279541015625" lon="113.42708341777324676513671875">
        <ele>17</ele>
        <time>2026-02-24T23:28:37.000Z</time>
        <extensions>
          <ns3:TrackPointExtension>
            <ns3:hr>133</ns3:hr>
            <ns3:cad>90</ns3:cad>
          </ns3:TrackPointExtension>
        </extensions>
      </trkpt>
      <trkpt lat="23.16805285401642322540283203125" lon="113.427110575139522552490234375">
        <ele>17</ele>
        <time>2026-02-24T23:28:38.000Z</time>
        <extensions>
          <ns3:TrackPointExtension>
            <ns3:hr>133</ns3:hr>
            <ns3:cad>90</ns3:cad>
          </ns3:TrackPointExtension>
        </extensions>
      </trkpt>
      <trkpt lat="23.1680532731115818023681640625" lon="113.42713513411581516265869140625">
        <ele>16.799999237060546875</ele>
        <time>2026-02-24T23:28:39.000Z</time>
        <extensions>
          <ns3:TrackPointExtension>
            <ns3:hr>133</ns3:hr>
            <ns3:cad>91</ns3:cad>
          </ns3:TrackPointExtension>
        </extensions>
      </trkpt>
      <trkpt lat="23.16804774105548858642578125" lon="113.4271714277565479278564453125">
        <ele>16.799999237060546875</ele>
        <time>2026-02-24T23:28:40.000Z</time>
        <extensions>
          <ns3:TrackPointExtension>
            <ns3:hr>133</ns3:hr>
            <ns3:cad>91</ns3:cad>
          </ns3:TrackPointExtension>
        </extensions>
      </trkpt>
      <trkpt lat="23.168049417436122894287109375" lon="113.42719246633350849151611328125">
        <ele>16.799999237060546875</ele>
        <time>2026-02-24T23:28:41.000Z</time>
        <extensions>
          <ns3:TrackPointExtension>
            <ns3:hr>132</ns3:hr>
            <ns3:cad>92</ns3:cad>
          </ns3:TrackPointExtension>
        </extensions>
      </trkpt>
      <trkpt lat="23.16804195754230022430419921875" lon="113.4272244013845920562744140625">
        <ele>16.799999237060546875</ele>
        <time>2026-02-24T23:28:42.000Z</time>
        <extensions>
          <ns3:TrackPointExtension>
            <ns3:hr>133</ns3:hr>
            <ns3:cad>92</ns3:cad>
          </ns3:TrackPointExtension>
        </extensions>
      </trkpt>
      <trkpt lat="23.1680408678948879241943359375" lon="113.42724393121898174285888671875">
        <ele>16.799999237060546875</ele>
        <time>2026-02-24T23:28:43.000Z</time>
        <extensions>
          <ns3:TrackPointExtension>
            <ns3:hr>133</ns3:hr>
            <ns3:cad>93</ns3:cad>
          </ns3:TrackPointExtension>
        </extensions>
      </trkpt>
      <trkpt lat="23.168031312525272369384765625" lon="113.42726957984268665313720703125">
        <ele>16.799999237060546875</ele>
        <time>2026-02-24T23:28:44.000Z</time>
        <extensions>
          <ns3:TrackPointExtension>
            <ns3:hr>132</ns3:hr>
            <ns3:cad>93</ns3:cad>
          </ns3:TrackPointExtension>
        </extensions>
      </trkpt>
      <trkpt lat="23.168028295040130615234375" lon="113.4272924624383449554443359375">
        <ele>16.799999237060546875</ele>
        <time>2026-02-24T23:28:45.000Z</time>
        <extensions>
          <ns3:TrackPointExtension>
            <ns3:hr>133</ns3:hr>
            <ns3:cad>94</ns3:cad>
          </ns3:TrackPointExtension>
        </extensions>
      </trkpt>
      <trkpt lat="23.16802435554563999176025390625" lon="113.42731853015720844268798828125">
        <ele>16.799999237060546875</ele>
        <time>2026-02-24T23:28:46.000Z</time>
        <extensions>
          <ns3:TrackPointExtension>
            <ns3:hr>133</ns3:hr>
            <ns3:cad>95</ns3:cad>
          </ns3:TrackPointExtension>
        </extensions>
      </trkpt>
      <trkpt lat="23.168021254241466522216796875" lon="113.4273501299321651458740234375">
        <ele>16.799999237060546875</ele>
        <time>2026-02-24T23:28:47.000Z</time>
        <extensions>
          <ns3:TrackPointExtension>
            <ns3:hr>132</ns3:hr>
            <ns3:cad>95</ns3:cad>
          </ns3:TrackPointExtension>
        </extensions>
      </trkpt>
      <trkpt lat="23.1680190749466419219970703125" lon="113.42737737111747264862060546875">
        <ele>16.799999237060546875</ele>
        <time>2026-02-24T23:28:48.000Z</time>
        <extensions>
          <ns3:TrackPointExtension>
            <ns3:hr>133</ns3:hr>
            <ns3:cad>95</ns3:cad>
          </ns3:TrackPointExtension>
        </extensions>
      </trkpt>
      <trkpt lat="23.16801094450056552886962890625" lon="113.4274057857692241668701171875">
        <ele>16.799999237060546875</ele>
        <time>2026-02-24T23:28:49.000Z</time>
        <extensions>
          <ns3:TrackPointExtension>
            <ns3:hr>133</ns3:hr>
            <ns3:cad>95</ns3:cad>
          </ns3:TrackPointExtension>
        </extensions>
      </trkpt>
      <trkpt lat="23.168017566204071044921875" lon="113.42742942273616790771484375">
        <ele>16.799999237060546875</ele>
        <time>2026-02-24T23:28:50.000Z</time>
        <extensions>
          <ns3:TrackPointExtension>
            <ns3:hr>132</ns3:hr>
            <ns3:cad>95</ns3:cad>
          </ns3:TrackPointExtension>
        </extensions>
      </trkpt>
      <trkpt lat="23.168023265898227691650390625" lon="113.42746085487306118011474609375">
        <ele>16.799999237060546875</ele>
        <time>2026-02-24T23:28:51.000Z</time>
        <extensions>
          <ns3:TrackPointExtension>
            <ns3:hr>133</ns3:hr>
            <ns3:cad>95</ns3:cad>
          </ns3:TrackPointExtension>
        </extensions>
      </trkpt>
      <trkpt lat="23.168029300868511199951171875" lon="113.42748180963099002838134765625">
        <ele>16.799999237060546875</ele>
        <time>2026-02-24T23:28:52.000Z</time>
        <extensions>
          <ns3:TrackPointExtension>
            <ns3:hr>134</ns3:hr>
            <ns3:cad>95</ns3:cad>
          </ns3:TrackPointExtension>
        </extensions>
      </trkpt>
      <trkpt lat="23.168033324182033538818359375" lon="113.42751014046370983123779296875">
        <ele>17</ele>
        <time>2026-02-24T23:28:53.000Z</time>
        <extensions>
          <ns3:TrackPointExtension>
            <ns3:hr>135</ns3:hr>
            <ns3:cad>93</ns3:cad>
          </ns3:TrackPointExtension>
        </extensions>
      </trkpt>
      <trkpt lat="23.1680348329246044158935546875" lon="113.42754098586738109588623046875">
        <ele>17</ele>
        <time>2026-02-24T23:28:54.000Z</time>
        <extensions>
          <ns3:TrackPointExtension>
            <ns3:hr>136</ns3:hr>
            <ns3:cad>93</ns3:cad>
          </ns3:TrackPointExtension>
        </extensions>
      </trkpt>
      <trkpt lat="23.16803324036300182342529296875" lon="113.4275640361011028289794921875">
        <ele>17</ele>
        <time>2026-02-24T23:28:55.000Z</time>
        <extensions>
          <ns3:TrackPointExtension>
            <ns3:hr>136</ns3:hr>
            <ns3:cad>94</ns3:cad>
          </ns3:TrackPointExtension>
        </extensions>
      </trkpt>
      <trkpt lat="23.16803324036300182342529296875" lon="113.42759479768574237823486328125">
        <ele>17.200000762939453125</ele>
        <time>2026-02-24T23:28:56.000Z</time>
        <extensions>
          <ns3:TrackPointExtension>
            <ns3:hr>136</ns3:hr>
            <ns3:cad>95</ns3:cad>
          </ns3:TrackPointExtension>
        </extensions>
      </trkpt>
      <trkpt lat="23.16803407855331897735595703125" lon="113.4276190213859081268310546875">
        <ele>17.200000762939453125</ele>
        <time>2026-02-24T23:28:57.000Z</time>
        <extensions>
          <ns3:TrackPointExtension>
            <ns3:hr>136</ns3:hr>
            <ns3:cad>95</ns3:cad>
          </ns3:TrackPointExtension>
        </extensions>
      </trkpt>
      <trkpt lat="23.168034665286540985107421875" lon="113.427650369703769683837890625">
        <ele>17.3999996185302734375</ele>
        <time>2026-02-24T23:28:58.000Z</time>
        <extensions>
          <ns3:TrackPointExtension>
            <ns3:hr>136</ns3:hr>
            <ns3:cad>95</ns3:cad>
          </ns3:TrackPointExtension>
        </extensions>
      </trkpt>
      <trkpt lat="23.16803525201976299285888671875" lon="113.4276740066707134246826171875">
        <ele>17.3999996185302734375</ele>
        <time>2026-02-24T23:28:59.000Z</time>
        <extensions>
          <ns3:TrackPointExtension>
            <ns3:hr>137</ns3:hr>
            <ns3:cad>95</ns3:cad>
          </ns3:TrackPointExtension>
        </extensions>
      </trkpt>
      <trkpt lat="23.16803256981074810028076171875" lon="113.4277004934847354888916015625">
        <ele>17.6000003814697265625</ele>
        <time>2026-02-24T23:29:00.000Z</time>
        <extensions>
          <ns3:TrackPointExtension>
            <ns3:hr>137</ns3:hr>
            <ns3:cad>95</ns3:cad>
          </ns3:TrackPointExtension>
        </extensions>
      </trkpt>
      <trkpt lat="23.1680301390588283538818359375" lon="113.4277299977838993072509765625">
        <ele>17.6000003814697265625</ele>
        <time>2026-02-24T23:29:01.000Z</time>
        <extensions>
          <ns3:TrackPointExtension>
            <ns3:hr>137</ns3:hr>
            <ns3:cad>95</ns3:cad>
          </ns3:TrackPointExtension>
        </extensions>
      </trkpt>
      <trkpt lat="23.16803206689655780792236328125" lon="113.42775128781795501708984375">
        <ele>17.6000003814697265625</ele>
        <time>2026-02-24T23:29:02.000Z</time>
        <extensions>
          <ns3:TrackPointExtension>
            <ns3:hr>137</ns3:hr>
            <ns3:cad>95</ns3:cad>
          </ns3:TrackPointExtension>
        </extensions>
      </trkpt>
      <trkpt lat="23.168030641973018646240234375" lon="113.4277869947254657745361328125">
        <ele>17.6000003814697265625</ele>
        <time>2026-02-24T23:29:03.000Z</time>
        <extensions>
          <ns3:TrackPointExtension>
            <ns3:hr>137</ns3:hr>
            <ns3:cad>95</ns3:cad>
          </ns3:TrackPointExtension>
        </extensions>
      </trkpt>
      <trkpt lat="23.16803357563912868499755859375" lon="113.4278084523975849151611328125">
        <ele>17.6000003814697265625</ele>
        <time>2026-02-24T23:29:04.000Z</time>
        <extensions>
          <ns3:TrackPointExtension>
            <ns3:hr>138</ns3:hr>
            <ns3:cad>95</ns3:cad>
          </ns3:TrackPointExtension>
        </extensions>
      </trkpt>
      <trkpt lat="23.16803206689655780792236328125" lon="113.42783837579190731048583984375">
        <ele>17.799999237060546875</ele>
        <time>2026-02-24T23:29:05.000Z</time>
        <extensions>
          <ns3:TrackPointExtension>
            <ns3:hr>137</ns3:hr>
            <ns3:cad>95</ns3:cad>
          </ns3:TrackPointExtension>
        </extensions>
      </trkpt>
      <trkpt lat="23.1680314801633358001708984375" lon="113.42786838300526142120361328125">
        <ele>17.799999237060546875</ele>
        <time>2026-02-24T23:29:06.000Z</time>
        <extensions>
          <ns3:TrackPointExtension>
            <ns3:hr>137</ns3:hr>
            <ns3:cad>95</ns3:cad>
          </ns3:TrackPointExtension>
        </extensions>
      </trkpt>
      <trkpt lat="23.168038018047809600830078125" lon="113.427893780171871185302734375">
        <ele>18</ele>
        <time>2026-02-24T23:29:07.000Z</time>
        <extensions>
          <ns3:TrackPointExtension>
            <ns3:hr>138</ns3:hr>
            <ns3:cad>96</ns3:cad>
          </ns3:TrackPointExtension>
        </extensions>
      </trkpt>
      <trkpt lat="23.1680361740291118621826171875" lon="113.427926637232303619384765625">
        <ele>18</ele>
        <time>2026-02-24T23:29:08.000Z</time>
        <extensions>
          <ns3:TrackPointExtension>
            <ns3:hr>137</ns3:hr>
            <ns3:cad>96</ns3:cad>
          </ns3:TrackPointExtension>
        </extensions>
      </trkpt>
      <trkpt lat="23.168035335838794708251953125" lon="113.42794851399958133697509765625">
        <ele>18.200000762939453125</ele>
        <time>2026-02-24T23:29:09.000Z</time>
        <extensions>
          <ns3:TrackPointExtension>
            <ns3:hr>138</ns3:hr>
            <ns3:cad>96</ns3:cad>
          </ns3:TrackPointExtension>
        </extensions>
      </trkpt>
      <trkpt lat="23.16803374327719211578369140625" lon="113.4279767610132694244384765625">
        <ele>18.200000762939453125</ele>
        <time>2026-02-24T23:29:10.000Z</time>
        <extensions>
          <ns3:TrackPointExtension>
            <ns3:hr>138</ns3:hr>
            <ns3:cad>96</ns3:cad>
          </ns3:TrackPointExtension>
        </extensions>
      </trkpt>
      <trkpt lat="23.1680324859917163848876953125" lon="113.42800048179924488067626953125">
        <ele>18.200000762939453125</ele>
        <time>2026-02-24T23:29:11.000Z</time>
        <extensions>
          <ns3:TrackPointExtension>
            <ns3:hr>137</ns3:hr>
            <ns3:cad>96</ns3:cad>
          </ns3:TrackPointExtension>
        </extensions>
      </trkpt>
      <trkpt lat="23.1680298037827014923095703125" lon="113.42802353203296661376953125">
        <ele>18.200000762939453125</ele>
        <time>2026-02-24T23:29:12.000Z</time>
        <extensions>
          <ns3:TrackPointExtension>
            <ns3:hr>137</ns3:hr>
            <ns3:cad>96</ns3:cad>
          </ns3:TrackPointExtension>
        </extensions>
      </trkpt>
      <trkpt lat="23.16802385263144969940185546875" lon="113.428051359951496124267578125">
        <ele>18.200000762939453125</ele>
        <time>2026-02-24T23:29:13.000Z</time>
        <extensions>
          <ns3:TrackPointExtension>
            <ns3:hr>138</ns3:hr>
            <ns3:cad>97</ns3:cad>
          </ns3:TrackPointExtension>
        </extensions>
      </trkpt>
      <trkpt lat="23.16802217625081539154052734375" lon="113.42807206325232982635498046875">
        <ele>18.200000762939453125</ele>
        <time>2026-02-24T23:29:14.000Z</time>
        <extensions>
          <ns3:TrackPointExtension>
            <ns3:hr>138</ns3:hr>
            <ns3:cad>98</ns3:cad>
          </ns3:TrackPointExtension>
        </extensions>
      </trkpt>
      <trkpt lat="23.168025277554988861083984375" lon="113.42810072936117649078369140625">
        <ele>18.200000762939453125</ele>
        <time>2026-02-24T23:29:15.000Z</time>
        <extensions>
          <ns3:TrackPointExtension>
            <ns3:hr>138</ns3:hr>
            <ns3:cad>98</ns3:cad>
          </ns3:TrackPointExtension>
        </extensions>
      </trkpt>
      <trkpt lat="23.1680401973426342010498046875" lon="113.42811028473079204559326171875">
        <ele>18.200000762939453125</ele>
        <time>2026-02-24T23:29:16.000Z</time>
        <extensions>
          <ns3:TrackPointExtension>
            <ns3:hr>138</ns3:hr>
            <ns3:cad>98</ns3:cad>
          </ns3:TrackPointExtension>
        </extensions>
      </trkpt>
      <trkpt lat="23.1680586375296115875244140625" lon="113.42811472713947296142578125">
        <ele>18.200000762939453125</ele>
        <time>2026-02-24T23:29:17.000Z</time>
        <extensions>
          <ns3:TrackPointExtension>
            <ns3:hr>138</ns3:hr>
            <ns3:cad>98</ns3:cad>
          </ns3:TrackPointExtension>
        </extensions>
      </trkpt>
      <trkpt lat="23.168076574802398681640625" lon="113.42810559086501598358154296875">
        <ele>18.200000762939453125</ele>
        <time>2026-02-24T23:29:18.000Z</time>
        <extensions>
          <ns3:TrackPointExtension>
            <ns3:hr>139</ns3:hr>
            <ns3:cad>98</ns3:cad>
          </ns3:TrackPointExtension>
        </extensions>
      </trkpt>
      <trkpt lat="23.16809375770390033721923828125" lon="113.428094945847988128662109375">
        <ele>18.200000762939453125</ele>
        <time>2026-02-24T23:29:19.000Z</time>
        <extensions>
          <ns3:TrackPointExtension>
            <ns3:hr>139</ns3:hr>
            <ns3:cad>95</ns3:cad>
          </ns3:TrackPointExtension>
        </extensions>
      </trkpt>
      <trkpt lat="23.1681122817099094390869140625" lon="113.4280810318887233734130859375">
        <ele>18.200000762939453125</ele>
        <time>2026-02-24T23:29:20.000Z</time>
        <extensions>
          <ns3:TrackPointExtension>
            <ns3:hr>140</ns3:hr>
            <ns3:cad>95</ns3:cad>
          </ns3:TrackPointExtension>
        </extensions>
      </trkpt>
      <trkpt lat="23.16812577657401561737060546875" lon="113.42806166969239711761474609375">
        <ele>18.200000762939453125</ele>
        <time>2026-02-24T23:29:21.000Z</time>
        <extensions>
          <ns3:TrackPointExtension>
            <ns3:hr>140</ns3:hr>
            <ns3:cad>95</ns3:cad>
          </ns3:TrackPointExtension>
        </extensions>
      </trkpt>
      <trkpt lat="23.1681404449045658111572265625" lon="113.42803786508738994598388671875">
        <ele>18.200000762939453125</ele>
        <time>2026-02-24T23:29:22.000Z</time>
        <extensions>
          <ns3:TrackPointExtension>
            <ns3:hr>141</ns3:hr>
            <ns3:cad>96</ns3:cad>
          </ns3:TrackPointExtension>
        </extensions>
      </trkpt>
      <trkpt lat="23.1681545265018939971923828125" lon="113.42801121063530445098876953125">
        <ele>18.200000762939453125</ele>
        <time>2026-02-24T23:29:23.000Z</time>
        <extensions>
          <ns3:TrackPointExtension>
            <ns3:hr>141</ns3:hr>
            <ns3:cad>96</ns3:cad>
          </ns3:TrackPointExtension>
        </extensions>
      </trkpt>
      <trkpt lat="23.16816383041441440582275390625" lon="113.42798321507871150970458984375">
        <ele>18.200000762939453125</ele>
        <time>2026-02-24T23:29:24.000Z</time>
        <extensions>
          <ns3:TrackPointExtension>
            <ns3:hr>142</ns3:hr>
            <ns3:cad>96</ns3:cad>
          </ns3:TrackPointExtension>
        </extensions>
      </trkpt>
      <trkpt lat="23.1681836955249309539794921875" lon="113.4279566444456577301025390625">
        <ele>18.3999996185302734375</ele>
        <time>2026-02-24T23:29:25.000Z</time>
        <extensions>
          <ns3:TrackPointExtension>
            <ns3:hr>142</ns3:hr>
            <ns3:cad>95</ns3:cad>
          </ns3:TrackPointExtension>
        </extensions>
      </trkpt>
      <trkpt lat="23.1681967712938785552978515625" lon="113.42793258838355541229248046875">
        <ele>18.3999996185302734375</ele>
        <time>2026-02-24T23:29:26.000Z</time>
        <extensions>
          <ns3:TrackPointExtension>
            <ns3:hr>142</ns3:hr>
            <ns3:cad>95</ns3:cad>
          </ns3:TrackPointExtension>
        </extensions>
      </trkpt>
      <trkpt lat="23.168214373290538787841796875" lon="113.4279093705117702484130859375">
        <ele>18.3999996185302734375</ele>
        <time>2026-02-24T23:29:27.000Z</time>
        <extensions>
          <ns3:TrackPointExtension>
            <ns3:hr>142</ns3:hr>
            <ns3:cad>95</ns3:cad>
          </ns3:TrackPointExtension>
        </extensions>
      </trkpt>
      <trkpt lat="23.16823189146816730499267578125" lon="113.4278832189738750457763671875">
        <ele>18.3999996185302734375</ele>
        <time>2026-02-24T23:29:28.000Z</time>
        <extensions>
          <ns3:TrackPointExtension>
            <ns3:hr>142</ns3:hr>
            <ns3:cad>96</ns3:cad>
          </ns3:TrackPointExtension>
        </extensions>
      </trkpt>
      <trkpt lat="23.16824781708419322967529296875" lon="113.427861593663692474365234375">
        <ele>18.6000003814697265625</ele>
        <time>2026-02-24T23:29:29.000Z</time>
        <extensions>
          <ns3:TrackPointExtension>
            <ns3:hr>142</ns3:hr>
            <ns3:cad>96</ns3:cad>
          </ns3:TrackPointExtension>
        </extensions>
      </trkpt>
      <trkpt lat="23.16827170550823211669921875" lon="113.4278382919728755950927734375">
        <ele>18.3999996185302734375</ele>
        <time>2026-02-24T23:29:30.000Z</time>
        <extensions>
          <ns3:TrackPointExtension>
            <ns3:hr>142</ns3:hr>
            <ns3:cad>96</ns3:cad>
          </ns3:TrackPointExtension>
        </extensions>
      </trkpt>
      <trkpt lat="23.16828452982008457183837890625" lon="113.42782010324299335479736328125">
        <ele>18.200000762939453125</ele>
        <time>2026-02-24T23:29:31.000Z</time>
        <extensions>
          <ns3:TrackPointExtension>
            <ns3:hr>143</ns3:hr>
            <ns3:cad>96</ns3:cad>
          </ns3:TrackPointExtension>
        </extensions>
      </trkpt>
      <trkpt lat="23.16830934025347232818603515625" lon="113.4278014115989208221435546875">
        <ele>18.200000762939453125</ele>
        <time>2026-02-24T23:29:32.000Z</time>
        <extensions>
          <ns3:TrackPointExtension>
            <ns3:hr>143</ns3:hr>
            <ns3:cad>96</ns3:cad>
          </ns3:TrackPointExtension>
        </extensions>
      </trkpt>
      <trkpt lat="23.16832845099270343780517578125" lon="113.42778355814516544342041015625">
        <ele>18.200000762939453125</ele>
        <time>2026-02-24T23:29:33.000Z</time>
        <extensions>
          <ns3:TrackPointExtension>
            <ns3:hr>143</ns3:hr>
            <ns3:cad>96</ns3:cad>
          </ns3:TrackPointExtension>
        </extensions>
      </trkpt>
      <trkpt lat="23.16834948956966400146484375" lon="113.42776662670075893402099609375">
        <ele>18</ele>
        <time>2026-02-24T23:29:34.000Z</time>
        <extensions>
          <ns3:TrackPointExtension>
            <ns3:hr>143</ns3:hr>
            <ns3:cad>95</ns3:cad>
          </ns3:TrackPointExtension>
        </extensions>
      </trkpt>
      <trkpt lat="23.1683704443275928497314453125" lon="113.427749611437320709228515625">
        <ele>18</ele>
        <time>2026-02-24T23:29:35.000Z</time>
        <extensions>
          <ns3:TrackPointExtension>
            <ns3:hr>143</ns3:hr>
            <ns3:cad>95</ns3:cad>
          </ns3:TrackPointExtension>
        </extensions>
      </trkpt>
      <trkpt lat="23.16838838160037994384765625" lon="113.42773494310677051544189453125">
        <ele>18</ele>
        <time>2026-02-24T23:29:36.000Z</time>
        <extensions>
          <ns3:TrackPointExtension>
            <ns3:hr>143</ns3:hr>
            <ns3:cad>95</ns3:cad>
          </ns3:TrackPointExtension>
        </extensions>
      </trkpt>
      <trkpt lat="23.1684130243957042694091796875" lon="113.427719436585903167724609375">
        <ele>17.799999237060546875</ele>
        <time>2026-02-24T23:29:37.000Z</time>
        <extensions>
          <ns3:TrackPointExtension>
            <ns3:hr>143</ns3:hr>
            <ns3:cad>95</ns3:cad>
          </ns3:TrackPointExtension>
        </extensions>
      </trkpt>
      <trkpt lat="23.1684304587543010711669921875" lon="113.4277028404176235198974609375">
        <ele>17.799999237060546875</ele>
        <time>2026-02-24T23:29:38.000Z</time>
        <extensions>
          <ns3:TrackPointExtension>
            <ns3:hr>143</ns3:hr>
            <ns3:cad>94</ns3:cad>
          </ns3:TrackPointExtension>
        </extensions>
      </trkpt>
      <trkpt lat="23.16845971159636974334716796875" lon="113.4276924468576908111572265625">
        <ele>17.799999237060546875</ele>
        <time>2026-02-24T23:29:39.000Z</time>
        <extensions>
          <ns3:TrackPointExtension>
            <ns3:hr>142</ns3:hr>
            <ns3:cad>92</ns3:cad>
          </ns3:TrackPointExtension>
        </extensions>
      </trkpt>
      <trkpt lat="23.168478906154632568359375" lon="113.42767962254583835601806640625">
        <ele>17.799999237060546875</ele>
        <time>2026-02-24T23:29:40.000Z</time>
        <extensions>
          <ns3:TrackPointExtension>
            <ns3:hr>142</ns3:hr>
            <ns3:cad>92</ns3:cad>
          </ns3:TrackPointExtension>
        </extensions>
      </trkpt>
      <trkpt lat="23.16850229166448116302490234375" lon="113.42766839079558849334716796875">
        <ele>17.799999237060546875</ele>
        <time>2026-02-24T23:29:41.000Z</time>
        <extensions>
          <ns3:TrackPointExtension>
            <ns3:hr>142</ns3:hr>
            <ns3:cad>93</ns3:cad>
          </ns3:TrackPointExtension>
        </extensions>
      </trkpt>
      <trkpt lat="23.16852358169853687286376953125" lon="113.42765497975051403045654296875">
        <ele>17.799999237060546875</ele>
        <time>2026-02-24T23:29:42.000Z</time>
        <extensions>
          <ns3:TrackPointExtension>
            <ns3:hr>141</ns3:hr>
            <ns3:cad>93</ns3:cad>
          </ns3:TrackPointExtension>
        </extensions>
      </trkpt>
      <trkpt lat="23.16854218952357769012451171875" lon="113.4276424907147884368896484375">
        <ele>17.799999237060546875</ele>
        <time>2026-02-24T23:29:43.000Z</time>
        <extensions>
          <ns3:TrackPointExtension>
            <ns3:hr>141</ns3:hr>
            <ns3:cad>94</ns3:cad>
          </ns3:TrackPointExtension>
        </extensions>
      </trkpt>
      <trkpt lat="23.1685679219663143157958984375" lon="113.4276297502219676971435546875">
        <ele>17.799999237060546875</ele>
        <time>2026-02-24T23:29:44.000Z</time>
        <extensions>
          <ns3:TrackPointExtension>
            <ns3:hr>141</ns3:hr>
            <ns3:cad>94</ns3:cad>
          </ns3:TrackPointExtension>
        </extensions>
      </trkpt>
      <trkpt lat="23.16858929581940174102783203125" lon="113.42761927284300327301025390625">
        <ele>17.799999237060546875</ele>
        <time>2026-02-24T23:29:45.000Z</time>
        <extensions>
          <ns3:TrackPointExtension>
            <ns3:hr>140</ns3:hr>
            <ns3:cad>94</ns3:cad>
          </ns3:TrackPointExtension>
        </extensions>
      </trkpt>
      <trkpt lat="23.16861829720437526702880859375" lon="113.42760753817856311798095703125">
        <ele>17.799999237060546875</ele>
        <time>2026-02-24T23:29:46.000Z</time>
        <extensions>
          <ns3:TrackPointExtension>
            <ns3:hr>140</ns3:hr>
            <ns3:cad>93</ns3:cad>
          </ns3:TrackPointExtension>
        </extensions>
      </trkpt>
      <trkpt lat="23.16864059306681156158447265625" lon="113.4275935404002666473388671875">
        <ele>17.6000003814697265625</ele>
        <time>2026-02-24T23:29:47.000Z</time>
        <extensions>
          <ns3:TrackPointExtension>
            <ns3:hr>140</ns3:hr>
            <ns3:cad>92</ns3:cad>
          </ns3:TrackPointExtension>
        </extensions>
      </trkpt>
      <trkpt lat="23.16866925917565822601318359375" lon="113.4275858290493488311767578125">
        <ele>17.6000003814697265625</ele>
        <time>2026-02-24T23:29:48.000Z</time>
        <extensions>
          <ns3:TrackPointExtension>
            <ns3:hr>140</ns3:hr>
            <ns3:cad>92</ns3:cad>
          </ns3:TrackPointExtension>
        </extensions>
      </trkpt>
      <trkpt lat="23.16869281232357025146484375" lon="113.42757585458457469940185546875">
        <ele>17.3999996185302734375</ele>
        <time>2026-02-24T23:29:49.000Z</time>
        <extensions>
          <ns3:TrackPointExtension>
            <ns3:hr>140</ns3:hr>
            <ns3:cad>92</ns3:cad>
          </ns3:TrackPointExtension>
        </extensions>
      </trkpt>
      <trkpt lat="23.1687177903950214385986328125" lon="113.427574932575225830078125">
        <ele>17.3999996185302734375</ele>
        <time>2026-02-24T23:29:50.000Z</time>
        <extensions>
          <ns3:TrackPointExtension>
            <ns3:hr>139</ns3:hr>
            <ns3:cad>92</ns3:cad>
          </ns3:TrackPointExtension>
        </extensions>
      </trkpt>
      <trkpt lat="23.1687439419329166412353515625" lon="113.4275697357952594757080078125">
        <ele>17.3999996185302734375</ele>
        <time>2026-02-24T23:29:51.000Z</time>
        <extensions>
          <ns3:TrackPointExtension>
            <ns3:hr>139</ns3:hr>
            <ns3:cad>93</ns3:cad>
          </ns3:TrackPointExtension>
        </extensions>
      </trkpt>
      <trkpt lat="23.1687677465379238128662109375" lon="113.427564539015293121337890625">
        <ele>17.3999996185302734375</ele>
        <time>2026-02-24T23:29:52.000Z</time>
        <extensions>
          <ns3:TrackPointExtension>
            <ns3:hr>139</ns3:hr>
            <ns3:cad>94</ns3:cad>
          </ns3:TrackPointExtension>
        </extensions>
      </trkpt>
      <trkpt lat="23.168799094855785369873046875" lon="113.42756479047238826751708984375">
        <ele>17.6000003814697265625</ele>
        <time>2026-02-24T23:29:53.000Z</time>
        <extensions>
          <ns3:TrackPointExtension>
            <ns3:hr>138</ns3:hr>
            <ns3:cad>94</ns3:cad>
          </ns3:TrackPointExtension>
        </extensions>
      </trkpt>
      <trkpt lat="23.168822228908538818359375" lon="113.42755892314016819000244140625">
        <ele>17.6000003814697265625</ele>
        <time>2026-02-24T23:29:54.000Z</time>
        <extensions>
          <ns3:TrackPointExtension>
            <ns3:hr>138</ns3:hr>
            <ns3:cad>95</ns3:cad>
          </ns3:TrackPointExtension>
        </extensions>
      </trkpt>
      <trkpt lat="23.16885047592222690582275390625" lon="113.42755992896854877471923828125">
        <ele>17.6000003814697265625</ele>
        <time>2026-02-24T23:29:55.000Z</time>
        <extensions>
          <ns3:TrackPointExtension>
            <ns3:hr>138</ns3:hr>
            <ns3:cad>95</ns3:cad>
          </ns3:TrackPointExtension>
        </extensions>
      </trkpt>
      <trkpt lat="23.16887612454593181610107421875" lon="113.42755674384534358978271484375">
        <ele>17.799999237060546875</ele>
        <time>2026-02-24T23:29:56.000Z</time>
        <extensions>
          <ns3:TrackPointExtension>
            <ns3:hr>138</ns3:hr>
            <ns3:cad>96</ns3:cad>
          </ns3:TrackPointExtension>
        </extensions>
      </trkpt>
      <trkpt lat="23.1688959896564483642578125" lon="113.4275623597204685211181640625">
        <ele>17.799999237060546875</ele>
        <time>2026-02-24T23:29:57.000Z</time>
        <extensions>
          <ns3:TrackPointExtension>
            <ns3:hr>138</ns3:hr>
            <ns3:cad>96</ns3:cad>
          </ns3:TrackPointExtension>
        </extensions>
      </trkpt>
      <trkpt lat="23.16892675124108791351318359375" lon="113.427569232881069183349609375">
        <ele>17.799999237060546875</ele>
        <time>2026-02-24T23:29:58.000Z</time>
        <extensions>
          <ns3:TrackPointExtension>
            <ns3:hr>138</ns3:hr>
            <ns3:cad>96</ns3:cad>
          </ns3:TrackPointExtension>
        </extensions>
      </trkpt>
      <trkpt lat="23.1689518131315708160400390625" lon="113.427567891776561737060546875">
        <ele>17.799999237060546875</ele>
        <time>2026-02-24T23:29:59.000Z</time>
        <extensions>
          <ns3:TrackPointExtension>
            <ns3:hr>138</ns3:hr>
            <ns3:cad>96</ns3:cad>
          </ns3:TrackPointExtension>
        </extensions>
      </trkpt>
      <trkpt lat="23.16898114979267120361328125" lon="113.42757618986070156097412109375">
        <ele>18</ele>
        <time>2026-02-24T23:30:00.000Z</time>
        <extensions>
          <ns3:TrackPointExtension>
            <ns3:hr>138</ns3:hr>
            <ns3:cad>95</ns3:cad>
          </ns3:TrackPointExtension>
        </extensions>
      </trkpt>
      <trkpt lat="23.16900772042572498321533203125" lon="113.4275734238326549530029296875">
        <ele>18</ele>
        <time>2026-02-24T23:30:01.000Z</time>
        <extensions>
          <ns3:TrackPointExtension>
            <ns3:hr>138</ns3:hr>
            <ns3:cad>95</ns3:cad>
          </ns3:TrackPointExtension>
        </extensions>
      </trkpt>
      <trkpt lat="23.169031441211700439453125" lon="113.42757635749876499176025390625">
        <ele>18</ele>
        <time>2026-02-24T23:30:02.000Z</time>
        <extensions>
          <ns3:TrackPointExtension>
            <ns3:hr>138</ns3:hr>
            <ns3:cad>95</ns3:cad>
          </ns3:TrackPointExtension>
        </extensions>
      </trkpt>
      <trkpt lat="23.1690601073205471038818359375" lon="113.427580632269382476806640625">
        <ele>18</ele>
        <time>2026-02-24T23:30:03.000Z</time>
        <extensions>
          <ns3:TrackPointExtension>
            <ns3:hr>138</ns3:hr>
            <ns3:cad>95</ns3:cad>
          </ns3:TrackPointExtension>
        </extensions>
      </trkpt>
      <trkpt lat="23.1690812297165393829345703125" lon="113.42757535167038440704345703125">
        <ele>18.200000762939453125</ele>
        <time>2026-02-24T23:30:04.000Z</time>
        <extensions>
          <ns3:TrackPointExtension>
            <ns3:hr>138</ns3:hr>
            <ns3:cad>95</ns3:cad>
          </ns3:TrackPointExtension>
        </extensions>
      </trkpt>
      <trkpt lat="23.16910679452121257781982421875" lon="113.42757694423198699951171875">
        <ele>18.200000762939453125</ele>
        <time>2026-02-24T23:30:05.000Z</time>
        <extensions>
          <ns3:TrackPointExtension>
            <ns3:hr>139</ns3:hr>
            <ns3:cad>97</ns3:cad>
          </ns3:TrackPointExtension>
        </extensions>
      </trkpt>
      <trkpt lat="23.1691318564116954803466796875" lon="113.4275735914707183837890625">
        <ele>18.200000762939453125</ele>
        <time>2026-02-24T23:30:06.000Z</time>
        <extensions>
          <ns3:TrackPointExtension>
            <ns3:hr>138</ns3:hr>
            <ns3:cad>97</ns3:cad>
          </ns3:TrackPointExtension>
        </extensions>
      </trkpt>
      <trkpt lat="23.169154487550258636474609375" lon="113.42757023870944976806640625">
        <ele>18.200000762939453125</ele>
        <time>2026-02-24T23:30:07.000Z</time>
        <extensions>
          <ns3:TrackPointExtension>
            <ns3:hr>138</ns3:hr>
            <ns3:cad>97</ns3:cad>
          </ns3:TrackPointExtension>
        </extensions>
      </trkpt>
      <trkpt lat="23.1691821478307247161865234375" lon="113.42757283709943294525146484375">
        <ele>18.200000762939453125</ele>
        <time>2026-02-24T23:30:08.000Z</time>
        <extensions>
          <ns3:TrackPointExtension>
            <ns3:hr>138</ns3:hr>
            <ns3:cad>97</ns3:cad>
          </ns3:TrackPointExtension>
        </extensions>
      </trkpt>
      <trkpt lat="23.16920435987412929534912109375" lon="113.42756696976721286773681640625">
        <ele>18.200000762939453125</ele>
        <time>2026-02-24T23:30:09.000Z</time>
        <extensions>
          <ns3:TrackPointExtension>
            <ns3:hr>138</ns3:hr>
            <ns3:cad>97</ns3:cad>
          </ns3:TrackPointExtension>
        </extensions>
      </trkpt>
      <trkpt lat="23.16923051141202449798583984375" lon="113.42757157981395721435546875">
        <ele>18.200000762939453125</ele>
        <time>2026-02-24T23:30:10.000Z</time>
        <extensions>
          <ns3:TrackPointExtension>
            <ns3:hr>138</ns3:hr>
            <ns3:cad>97</ns3:cad>
          </ns3:TrackPointExtension>
        </extensions>
      </trkpt>
      <trkpt lat="23.16925649531185626983642578125" lon="113.42757166363298892974853515625">
        <ele>18.200000762939453125</ele>
        <time>2026-02-24T23:30:11.000Z</time>
        <extensions>
          <ns3:TrackPointExtension>
            <ns3:hr>138</ns3:hr>
            <ns3:cad>97</ns3:cad>
          </ns3:TrackPointExtension>
        </extensions>
      </trkpt>
      <trkpt lat="23.16927812062203884124755859375" lon="113.42757451348006725311279296875">
        <ele>18.200000762939453125</ele>
        <time>2026-02-24T23:30:12.000Z</time>
        <extensions>
          <ns3:TrackPointExtension>
            <ns3:hr>137</ns3:hr>
            <ns3:cad>97</ns3:cad>
          </ns3:TrackPointExtension>
        </extensions>
      </trkpt>
      <trkpt lat="23.1693098880350589752197265625" lon="113.4275807999074459075927734375">
        <ele>18.3999996185302734375</ele>
        <time>2026-02-24T23:30:13.000Z</time>
        <extensions>
          <ns3:TrackPointExtension>
            <ns3:hr>137</ns3:hr>
            <ns3:cad>97</ns3:cad>
          </ns3:TrackPointExtension>
        </extensions>
      </trkpt>
      <trkpt lat="23.16933344118297100067138671875" lon="113.4275747649371623992919921875">
        <ele>18.3999996185302734375</ele>
        <time>2026-02-24T23:30:14.000Z</time>
        <extensions>
          <ns3:TrackPointExtension>
            <ns3:hr>137</ns3:hr>
            <ns3:cad>97</ns3:cad>
          </ns3:TrackPointExtension>
        </extensions>
      </trkpt>
      <trkpt lat="23.16935800015926361083984375" lon="113.42758021317422389984130859375">
        <ele>18.3999996185302734375</ele>
        <time>2026-02-24T23:30:15.000Z</time>
        <extensions>
          <ns3:TrackPointExtension>
            <ns3:hr>137</ns3:hr>
            <ns3:cad>97</ns3:cad>
          </ns3:TrackPointExtension>
        </extensions>
      </trkpt>
      <trkpt lat="23.16938574425876140594482421875" lon="113.42757853679358959197998046875">
        <ele>18.3999996185302734375</ele>
        <time>2026-02-24T23:30:16.000Z</time>
        <extensions>
          <ns3:TrackPointExtension>
            <ns3:hr>137</ns3:hr>
            <ns3:cad>96</ns3:cad>
          </ns3:TrackPointExtension>
        </extensions>
      </trkpt>
      <trkpt lat="23.16940636374056339263916015625" lon="113.427577279508113861083984375">
        <ele>18.6000003814697265625</ele>
        <time>2026-02-24T23:30:17.000Z</time>
        <extensions>
          <ns3:TrackPointExtension>
            <ns3:hr>137</ns3:hr>
            <ns3:cad>96</ns3:cad>
          </ns3:TrackPointExtension>
        </extensions>
      </trkpt>
      <trkpt lat="23.1694366224110126495361328125" lon="113.4275722503662109375">
        <ele>18.6000003814697265625</ele>
        <time>2026-02-24T23:30:18.000Z</time>
        <extensions>
          <ns3:TrackPointExtension>
            <ns3:hr>137</ns3:hr>
            <ns3:cad>96</ns3:cad>
          </ns3:TrackPointExtension>
        </extensions>
      </trkpt>
      <trkpt lat="23.1694547273218631744384765625" lon="113.4275610186159610748291015625">
        <ele>18.6000003814697265625</ele>
        <time>2026-02-24T23:30:19.000Z</time>
        <extensions>
          <ns3:TrackPointExtension>
            <ns3:hr>137</ns3:hr>
            <ns3:cad>96</ns3:cad>
          </ns3:TrackPointExtension>
        </extensions>
      </trkpt>
      <trkpt lat="23.1694852374494075775146484375" lon="113.42756210826337337493896484375">
        <ele>18.6000003814697265625</ele>
        <time>2026-02-24T23:30:20.000Z</time>
        <extensions>
          <ns3:TrackPointExtension>
            <ns3:hr>136</ns3:hr>
            <ns3:cad>96</ns3:cad>
          </ns3:TrackPointExtension>
        </extensions>
      </trkpt>
      <trkpt lat="23.169509209692478179931640625" lon="113.4275590069591999053955078125">
        <ele>18.799999237060546875</ele>
        <time>2026-02-24T23:30:21.000Z</time>
        <extensions>
          <ns3:TrackPointExtension>
            <ns3:hr>136</ns3:hr>
            <ns3:cad>96</ns3:cad>
          </ns3:TrackPointExtension>
        </extensions>
      </trkpt>
      <trkpt lat="23.16953293047845363616943359375" lon="113.42756160534918308258056640625">
        <ele>18.799999237060546875</ele>
        <time>2026-02-24T23:30:22.000Z</time>
        <extensions>
          <ns3:TrackPointExtension>
            <ns3:hr>136</ns3:hr>
            <ns3:cad>96</ns3:cad>
          </ns3:TrackPointExtension>
        </extensions>
      </trkpt>
      <trkpt lat="23.16956059075891971588134765625" lon="113.42756353318691253662109375">
        <ele>18.799999237060546875</ele>
        <time>2026-02-24T23:30:23.000Z</time>
        <extensions>
          <ns3:TrackPointExtension>
            <ns3:hr>136</ns3:hr>
            <ns3:cad>95</ns3:cad>
          </ns3:TrackPointExtension>
        </extensions>
      </trkpt>
      <trkpt lat="23.1695844791829586029052734375" lon="113.42755959369242191314697265625">
        <ele>18.799999237060546875</ele>
        <time>2026-02-24T23:30:24.000Z</time>
        <extensions>
          <ns3:TrackPointExtension>
            <ns3:hr>136</ns3:hr>
            <ns3:cad>95</ns3:cad>
          </ns3:TrackPointExtension>
        </extensions>
      </trkpt>
      <trkpt lat="23.1696126423776149749755859375" lon="113.427555821835994720458984375">
        <ele>18.799999237060546875</ele>
        <time>2026-02-24T23:30:25.000Z</time>
        <extensions>
          <ns3:TrackPointExtension>
            <ns3:hr>136</ns3:hr>
            <ns3:cad>95</ns3:cad>
          </ns3:TrackPointExtension>
        </extensions>
      </trkpt>
      <trkpt lat="23.16963426768779754638671875" lon="113.4275459311902523040771484375">
        <ele>18.6000003814697265625</ele>
        <time>2026-02-24T23:30:26.000Z</time>
        <extensions>
          <ns3:TrackPointExtension>
            <ns3:hr>135</ns3:hr>
            <ns3:cad>95</ns3:cad>
          </ns3:TrackPointExtension>
        </extensions>
      </trkpt>
      <trkpt lat="23.1696609221398830413818359375" lon="113.42754542827606201171875">
        <ele>18.6000003814697265625</ele>
        <time>2026-02-24T23:30:27.000Z</time>
        <extensions>
          <ns3:TrackPointExtension>
            <ns3:hr>136</ns3:hr>
            <ns3:cad>95</ns3:cad>
          </ns3:TrackPointExtension>
        </extensions>
      </trkpt>
      <trkpt lat="23.169687576591968536376953125" lon="113.4275419078767299652099609375">
        <ele>18.6000003814697265625</ele>
        <time>2026-02-24T23:30:28.000Z</time>
        <extensions>
          <ns3:TrackPointExtension>
            <ns3:hr>136</ns3:hr>
            <ns3:cad>95</ns3:cad>
          </ns3:TrackPointExtension>
        </extensions>
      </trkpt>
      <trkpt lat="23.16970895044505596160888671875" lon="113.42753746546804904937744140625">
        <ele>18.6000003814697265625</ele>
        <time>2026-02-24T23:30:29.000Z</time>
        <extensions>
          <ns3:TrackPointExtension>
            <ns3:hr>135</ns3:hr>
            <ns3:cad>95</ns3:cad>
          </ns3:TrackPointExtension>
        </extensions>
      </trkpt>
      <trkpt lat="23.16974147222936153411865234375" lon="113.4275432489812374114990234375">
        <ele>18.6000003814697265625</ele>
        <time>2026-02-24T23:30:30.000Z</time>
        <extensions>
          <ns3:TrackPointExtension>
            <ns3:hr>136</ns3:hr>
            <ns3:cad>95</ns3:cad>
          </ns3:TrackPointExtension>
        </extensions>
      </trkpt>
      <trkpt lat="23.16976745612919330596923828125" lon="113.42753813602030277252197265625">
        <ele>18.3999996185302734375</ele>
        <time>2026-02-24T23:30:31.000Z</time>
        <extensions>
          <ns3:TrackPointExtension>
            <ns3:hr>136</ns3:hr>
            <ns3:cad>95</ns3:cad>
          </ns3:TrackPointExtension>
        </extensions>
      </trkpt>
      <trkpt lat="23.16979662515223026275634765625" lon="113.427540399134159088134765625">
        <ele>18.3999996185302734375</ele>
        <time>2026-02-24T23:30:32.000Z</time>
        <extensions>
          <ns3:TrackPointExtension>
            <ns3:hr>136</ns3:hr>
            <ns3:cad>95</ns3:cad>
          </ns3:TrackPointExtension>
        </extensions>
      </trkpt>
      <trkpt lat="23.16982696764171123504638671875" lon="113.42753696255385875701904296875">
        <ele>18.3999996185302734375</ele>
        <time>2026-02-24T23:30:33.000Z</time>
        <extensions>
          <ns3:TrackPointExtension>
            <ns3:hr>136</ns3:hr>
            <ns3:cad>96</ns3:cad>
          </ns3:TrackPointExtension>
        </extensions>
      </trkpt>
      <trkpt lat="23.1698481738567352294921875" lon="113.4275321848690509796142578125">
        <ele>18.3999996185302734375</ele>
        <time>2026-02-24T23:30:34.000Z</time>
        <extensions>
          <ns3:TrackPointExtension>
            <ns3:hr>136</ns3:hr>
            <ns3:cad>96</ns3:cad>
          </ns3:TrackPointExtension>
        </extensions>
      </trkpt>
      <trkpt lat="23.16987675614655017852783203125" lon="113.42753847129642963409423828125">
        <ele>18.3999996185302734375</ele>
        <time>2026-02-24T23:30:35.000Z</time>
        <extensions>
          <ns3:TrackPointExtension>
            <ns3:hr>137</ns3:hr>
            <ns3:cad>96</ns3:cad>
          </ns3:TrackPointExtension>
        </extensions>
      </trkpt>
      <trkpt lat="23.16989938728511333465576171875" lon="113.42753411270678043365478515625">
        <ele>18.3999996185302734375</ele>
        <time>2026-02-24T23:30:36.000Z</time>
        <extensions>
          <ns3:TrackPointExtension>
            <ns3:hr>137</ns3:hr>
            <ns3:cad>96</ns3:cad>
          </ns3:TrackPointExtension>
        </extensions>
      </trkpt>
      <trkpt lat="23.169927299022674560546875" lon="113.4275387227535247802734375">
        <ele>18.3999996185302734375</ele>
        <time>2026-02-24T23:30:37.000Z</time>
        <extensions>
          <ns3:TrackPointExtension>
            <ns3:hr>137</ns3:hr>
            <ns3:cad>96</ns3:cad>
          </ns3:TrackPointExtension>
        </extensions>
      </trkpt>
      <trkpt lat="23.1699509359896183013916015625" lon="113.42754199169576168060302734375">
        <ele>18.3999996185302734375</ele>
        <time>2026-02-24T23:30:38.000Z</time>
        <extensions>
          <ns3:TrackPointExtension>
            <ns3:hr>137</ns3:hr>
            <ns3:cad>95</ns3:cad>
          </ns3:TrackPointExtension>
        </extensions>
      </trkpt>
      <trkpt lat="23.169975243508815765380859375" lon="113.42754542827606201171875">
        <ele>18.3999996185302734375</ele>
        <time>2026-02-24T23:30:39.000Z</time>
        <extensions>
          <ns3:TrackPointExtension>
            <ns3:hr>137</ns3:hr>
            <ns3:cad>95</ns3:cad>
          </ns3:TrackPointExtension>
        </extensions>
      </trkpt>
      <trkpt lat="23.17000315524637699127197265625" lon="113.42755154706537723541259765625">
        <ele>18.6000003814697265625</ele>
        <time>2026-02-24T23:30:40.000Z</time>
        <extensions>
          <ns3:TrackPointExtension>
            <ns3:hr>137</ns3:hr>
            <ns3:cad>96</ns3:cad>
          </ns3:TrackPointExtension>
        </extensions>
      </trkpt>
      <trkpt lat="23.17002511583268642425537109375" lon="113.42754836194217205047607421875">
        <ele>18.6000003814697265625</ele>
        <time>2026-02-24T23:30:41.000Z</time>
        <extensions>
          <ns3:TrackPointExtension>
            <ns3:hr>137</ns3:hr>
            <ns3:cad>96</ns3:cad>
          </ns3:TrackPointExtension>
        </extensions>
      </trkpt>
      <trkpt lat="23.1700531952083110809326171875" lon="113.42755925841629505157470703125">
        <ele>18.6000003814697265625</ele>
        <time>2026-02-24T23:30:42.000Z</time>
        <extensions>
          <ns3:TrackPointExtension>
            <ns3:hr>137</ns3:hr>
            <ns3:cad>96</ns3:cad>
          </ns3:TrackPointExtension>
        </extensions>
      </trkpt>
      <trkpt lat="23.17007674835622310638427734375" lon="113.42756210826337337493896484375">
        <ele>18.799999237060546875</ele>
        <time>2026-02-24T23:30:43.000Z</time>
        <extensions>
          <ns3:TrackPointExtension>
            <ns3:hr>137</ns3:hr>
            <ns3:cad>96</ns3:cad>
          </ns3:TrackPointExtension>
        </extensions>
      </trkpt>
      <trkpt lat="23.170100636780261993408203125" lon="113.42756730504333972930908203125">
        <ele>18.799999237060546875</ele>
        <time>2026-02-24T23:30:44.000Z</time>
        <extensions>
          <ns3:TrackPointExtension>
            <ns3:hr>136</ns3:hr>
            <ns3:cad>95</ns3:cad>
          </ns3:TrackPointExtension>
        </extensions>
      </trkpt>
      <trkpt lat="23.17012486048042774200439453125" lon="113.42756696976721286773681640625">
        <ele>18.799999237060546875</ele>
        <time>2026-02-24T23:30:45.000Z</time>
        <extensions>
          <ns3:TrackPointExtension>
            <ns3:hr>136</ns3:hr>
            <ns3:cad>95</ns3:cad>
          </ns3:TrackPointExtension>
        </extensions>
      </trkpt>
      <trkpt lat="23.17014615051448345184326171875" lon="113.42756495811045169830322265625">
        <ele>18.799999237060546875</ele>
        <time>2026-02-24T23:30:46.000Z</time>
        <extensions>
          <ns3:TrackPointExtension>
            <ns3:hr>136</ns3:hr>
            <ns3:cad>95</ns3:cad>
          </ns3:TrackPointExtension>
        </extensions>
      </trkpt>
      <trkpt lat="23.17017213441431522369384765625" lon="113.4275737591087818145751953125">
        <ele>18.799999237060546875</ele>
        <time>2026-02-24T23:30:47.000Z</time>
        <extensions>
          <ns3:TrackPointExtension>
            <ns3:hr>136</ns3:hr>
            <ns3:cad>95</ns3:cad>
          </ns3:TrackPointExtension>
        </extensions>
      </trkpt>
      <trkpt lat="23.17019593901932239532470703125" lon="113.42757149599492549896240234375">
        <ele>19</ele>
        <time>2026-02-24T23:30:48.000Z</time>
        <extensions>
          <ns3:TrackPointExtension>
            <ns3:hr>136</ns3:hr>
            <ns3:cad>95</ns3:cad>
          </ns3:TrackPointExtension>
        </extensions>
      </trkpt>
      <trkpt lat="23.17022410221397876739501953125" lon="113.427579291164875030517578125">
        <ele>18.799999237060546875</ele>
        <time>2026-02-24T23:30:49.000Z</time>
        <extensions>
          <ns3:TrackPointExtension>
            <ns3:hr>136</ns3:hr>
            <ns3:cad>95</ns3:cad>
          </ns3:TrackPointExtension>
        </extensions>
      </trkpt>
      <trkpt lat="23.17025058902800083160400390625" lon="113.4275804646313190460205078125">
        <ele>18.799999237060546875</ele>
        <time>2026-02-24T23:30:50.000Z</time>
        <extensions>
          <ns3:TrackPointExtension>
            <ns3:hr>136</ns3:hr>
            <ns3:cad>96</ns3:cad>
          </ns3:TrackPointExtension>
        </extensions>
      </trkpt>
      <trkpt lat="23.1702711246907711029052734375" lon="113.427580632269382476806640625">
        <ele>18.799999237060546875</ele>
        <time>2026-02-24T23:30:51.000Z</time>
        <extensions>
          <ns3:TrackPointExtension>
            <ns3:hr>135</ns3:hr>
            <ns3:cad>96</ns3:cad>
          </ns3:TrackPointExtension>
        </extensions>
      </trkpt>
      <trkpt lat="23.1702992878854274749755859375" lon="113.42758499085903167724609375">
        <ele>18.799999237060546875</ele>
        <time>2026-02-24T23:30:52.000Z</time>
        <extensions>
          <ns3:TrackPointExtension>
            <ns3:hr>136</ns3:hr>
            <ns3:cad>96</ns3:cad>
          </ns3:TrackPointExtension>
        </extensions>
      </trkpt>
      <trkpt lat="23.17032300867140293121337890625" lon="113.4275818057358264923095703125">
        <ele>19</ele>
        <time>2026-02-24T23:30:53.000Z</time>
        <extensions>
          <ns3:TrackPointExtension>
            <ns3:hr>136</ns3:hr>
            <ns3:cad>95</ns3:cad>
          </ns3:TrackPointExtension>
        </extensions>
      </trkpt>
      <trkpt lat="23.170351088047027587890625" lon="113.42758691869676113128662109375">
        <ele>19</ele>
        <time>2026-02-24T23:30:54.000Z</time>
        <extensions>
          <ns3:TrackPointExtension>
            <ns3:hr>136</ns3:hr>
            <ns3:cad>95</ns3:cad>
          </ns3:TrackPointExtension>
        </extensions>
      </trkpt>
      <trkpt lat="23.17037195898592472076416015625" lon="113.4275816380977630615234375">
        <ele>19</ele>
        <time>2026-02-24T23:30:55.000Z</time>
        <extensions>
          <ns3:TrackPointExtension>
            <ns3:hr>136</ns3:hr>
            <ns3:cad>95</ns3:cad>
          </ns3:TrackPointExtension>
        </extensions>
      </trkpt>
      <trkpt lat="23.17040012218058109283447265625" lon="113.427586667239665985107421875">
        <ele>19.200000762939453125</ele>
        <time>2026-02-24T23:30:56.000Z</time>
        <extensions>
          <ns3:TrackPointExtension>
            <ns3:hr>137</ns3:hr>
            <ns3:cad>95</ns3:cad>
          </ns3:TrackPointExtension>
        </extensions>
      </trkpt>
      <trkpt lat="23.1704256869852542877197265625" lon="113.42758767306804656982421875">
        <ele>19.200000762939453125</ele>
        <time>2026-02-24T23:30:57.000Z</time>
        <extensions>
          <ns3:TrackPointExtension>
            <ns3:hr>137</ns3:hr>
            <ns3:cad>95</ns3:cad>
          </ns3:TrackPointExtension>
        </extensions>
      </trkpt>
      <trkpt lat="23.17044756375253200531005859375" lon="113.42759127728641033172607421875">
        <ele>19.200000762939453125</ele>
        <time>2026-02-24T23:30:58.000Z</time>
        <extensions>
          <ns3:TrackPointExtension>
            <ns3:hr>137</ns3:hr>
            <ns3:cad>95</ns3:cad>
          </ns3:TrackPointExtension>
        </extensions>
      </trkpt>
      <trkpt lat="23.17047488875687122344970703125" lon="113.4275978989899158477783203125">
        <ele>19.200000762939453125</ele>
        <time>2026-02-24T23:30:59.000Z</time>
        <extensions>
          <ns3:TrackPointExtension>
            <ns3:hr>137</ns3:hr>
            <ns3:cad>95</ns3:cad>
          </ns3:TrackPointExtension>
        </extensions>
      </trkpt>
      <trkpt lat="23.17049433477222919464111328125" lon="113.42759714461863040924072265625">
        <ele>19.200000762939453125</ele>
        <time>2026-02-24T23:31:00.000Z</time>
        <extensions>
          <ns3:TrackPointExtension>
            <ns3:hr>137</ns3:hr>
            <ns3:cad>95</ns3:cad>
          </ns3:TrackPointExtension>
        </extensions>
      </trkpt>
      <trkpt lat="23.17052165977656841278076171875" lon="113.42760284431278705596923828125">
        <ele>19.200000762939453125</ele>
        <time>2026-02-24T23:31:01.000Z</time>
        <extensions>
          <ns3:TrackPointExtension>
            <ns3:hr>137</ns3:hr>
            <ns3:cad>95</ns3:cad>
          </ns3:TrackPointExtension>
        </extensions>
      </trkpt>
      <trkpt lat="23.17054613493382930755615234375" lon="113.42760234139859676361083984375">
        <ele>19.200000762939453125</ele>
        <time>2026-02-24T23:31:02.000Z</time>
        <extensions>
          <ns3:TrackPointExtension>
            <ns3:hr>137</ns3:hr>
            <ns3:cad>95</ns3:cad>
          </ns3:TrackPointExtension>
        </extensions>
      </trkpt>
      <trkpt lat="23.17057094536721706390380859375" lon="113.42760854400694370269775390625">
        <ele>19.200000762939453125</ele>
        <time>2026-02-24T23:31:03.000Z</time>
        <extensions>
          <ns3:TrackPointExtension>
            <ns3:hr>137</ns3:hr>
            <ns3:cad>95</ns3:cad>
          </ns3:TrackPointExtension>
        </extensions>
      </trkpt>
      <trkpt lat="23.1705983541905879974365234375" lon="113.42761717736721038818359375">
        <ele>19.200000762939453125</ele>
        <time>2026-02-24T23:31:04.000Z</time>
        <extensions>
          <ns3:TrackPointExtension>
            <ns3:hr>137</ns3:hr>
            <ns3:cad>95</ns3:cad>
          </ns3:TrackPointExtension>
        </extensions>
      </trkpt>
      <trkpt lat="23.170618303120136260986328125" lon="113.427620194852352142333984375">
        <ele>19</ele>
        <time>2026-02-24T23:31:05.000Z</time>
        <extensions>
          <ns3:TrackPointExtension>
            <ns3:hr>137</ns3:hr>
            <ns3:cad>96</ns3:cad>
          </ns3:TrackPointExtension>
        </extensions>
      </trkpt>
      <trkpt lat="23.17064688540995121002197265625" lon="113.4276307560503482818603515625">
        <ele>19</ele>
        <time>2026-02-24T23:31:06.000Z</time>
        <extensions>
          <ns3:TrackPointExtension>
            <ns3:hr>137</ns3:hr>
            <ns3:cad>96</ns3:cad>
          </ns3:TrackPointExtension>
        </extensions>
      </trkpt>
      <trkpt lat="23.17066901363432407379150390625" lon="113.4276361204683780670166015625">
        <ele>19</ele>
        <time>2026-02-24T23:31:07.000Z</time>
        <extensions>
          <ns3:TrackPointExtension>
            <ns3:hr>137</ns3:hr>
            <ns3:cad>96</ns3:cad>
          </ns3:TrackPointExtension>
        </extensions>
      </trkpt>
      <trkpt lat="23.170692734420299530029296875" lon="113.42765296809375286102294921875">
        <ele>19</ele>
        <time>2026-02-24T23:31:08.000Z</time>
        <extensions>
          <ns3:TrackPointExtension>
            <ns3:hr>138</ns3:hr>
            <ns3:cad>96</ns3:cad>
          </ns3:TrackPointExtension>
        </extensions>
      </trkpt>
      <trkpt lat="23.1707173772156238555908203125" lon="113.4276674687862396240234375">
        <ele>19</ele>
        <time>2026-02-24T23:31:09.000Z</time>
        <extensions>
          <ns3:TrackPointExtension>
            <ns3:hr>137</ns3:hr>
            <ns3:cad>96</ns3:cad>
          </ns3:TrackPointExtension>
        </extensions>
      </trkpt>
      <trkpt lat="23.1707374937832355499267578125" lon="113.4276783652603626251220703125">
        <ele>19</ele>
        <time>2026-02-24T23:31:10.000Z</time>
        <extensions>
          <ns3:TrackPointExtension>
            <ns3:hr>137</ns3:hr>
            <ns3:cad>95</ns3:cad>
          </ns3:TrackPointExtension>
        </extensions>
      </trkpt>
      <trkpt lat="23.17075945436954498291015625" lon="113.42770032584667205810546875">
        <ele>19</ele>
        <time>2026-02-24T23:31:11.000Z</time>
        <extensions>
          <ns3:TrackPointExtension>
            <ns3:hr>137</ns3:hr>
            <ns3:cad>95</ns3:cad>
          </ns3:TrackPointExtension>
        </extensions>
      </trkpt>
      <trkpt lat="23.170781247317790985107421875" lon="113.4277098812162876129150390625">
        <ele>19</ele>
        <time>2026-02-24T23:31:12.000Z</time>
        <extensions>
          <ns3:TrackPointExtension>
            <ns3:hr>137</ns3:hr>
            <ns3:cad>95</ns3:cad>
          </ns3:TrackPointExtension>
        </extensions>
      </trkpt>
      <trkpt lat="23.170801699161529541015625" lon="113.4277310036122798919677734375">
        <ele>18.799999237060546875</ele>
        <time>2026-02-24T23:31:13.000Z</time>
        <extensions>
          <ns3:TrackPointExtension>
            <ns3:hr>137</ns3:hr>
            <ns3:cad>95</ns3:cad>
          </ns3:TrackPointExtension>
        </extensions>
      </trkpt>
      <trkpt lat="23.1708233244717121124267578125" lon="113.42774449847638607025146484375">
        <ele>18.799999237060546875</ele>
        <time>2026-02-24T23:31:14.000Z</time>
        <extensions>
          <ns3:TrackPointExtension>
            <ns3:hr>137</ns3:hr>
            <ns3:cad>95</ns3:cad>
          </ns3:TrackPointExtension>
        </extensions>
      </trkpt>
      <trkpt lat="23.1708427704870700836181640625" lon="113.42776075936853885650634765625">
        <ele>18.799999237060546875</ele>
        <time>2026-02-24T23:31:15.000Z</time>
        <extensions>
          <ns3:TrackPointExtension>
            <ns3:hr>137</ns3:hr>
            <ns3:cad>95</ns3:cad>
          </ns3:TrackPointExtension>
        </extensions>
      </trkpt>
      <trkpt lat="23.1708647310733795166015625" lon="113.42778221704065799713134765625">
        <ele>18.799999237060546875</ele>
        <time>2026-02-24T23:31:16.000Z</time>
        <extensions>
          <ns3:TrackPointExtension>
            <ns3:hr>137</ns3:hr>
            <ns3:cad>95</ns3:cad>
          </ns3:TrackPointExtension>
        </extensions>
      </trkpt>
      <trkpt lat="23.1708835065364837646484375" lon="113.42779395170509815216064453125">
        <ele>18.799999237060546875</ele>
        <time>2026-02-24T23:31:17.000Z</time>
        <extensions>
          <ns3:TrackPointExtension>
            <ns3:hr>137</ns3:hr>
            <ns3:cad>95</ns3:cad>
          </ns3:TrackPointExtension>
        </extensions>
      </trkpt>
      <trkpt lat="23.1709031201899051666259765625" lon="113.42781993560492992401123046875">
        <ele>18.799999237060546875</ele>
        <time>2026-02-24T23:31:18.000Z</time>
        <extensions>
          <ns3:TrackPointExtension>
            <ns3:hr>137</ns3:hr>
            <ns3:cad>95</ns3:cad>
          </ns3:TrackPointExtension>
        </extensions>
      </trkpt>
      <trkpt lat="23.17092147655785083770751953125" lon="113.42783519066870212554931640625">
        <ele>18.799999237060546875</ele>
        <time>2026-02-24T23:31:19.000Z</time>
        <extensions>
          <ns3:TrackPointExtension>
            <ns3:hr>137</ns3:hr>
            <ns3:cad>95</ns3:cad>
          </ns3:TrackPointExtension>
        </extensions>
      </trkpt>
      <trkpt lat="23.17093572579324245452880859375" lon="113.427859582006931304931640625">
        <ele>18.6000003814697265625</ele>
        <time>2026-02-24T23:31:20.000Z</time>
        <extensions>
          <ns3:TrackPointExtension>
            <ns3:hr>137</ns3:hr>
            <ns3:cad>95</ns3:cad>
          </ns3:TrackPointExtension>
        </extensions>
      </trkpt>
      <trkpt lat="23.170955590903759002685546875" lon="113.42788112349808216094970703125">
        <ele>18.6000003814697265625</ele>
        <time>2026-02-24T23:31:21.000Z</time>
        <extensions>
          <ns3:TrackPointExtension>
            <ns3:hr>137</ns3:hr>
            <ns3:cad>95</ns3:cad>
          </ns3:TrackPointExtension>
        </extensions>
      </trkpt>
      <trkpt lat="23.17097109742462635040283203125" lon="113.42790023423731327056884765625">
        <ele>18.6000003814697265625</ele>
        <time>2026-02-24T23:31:22.000Z</time>
        <extensions>
          <ns3:TrackPointExtension>
            <ns3:hr>137</ns3:hr>
            <ns3:cad>95</ns3:cad>
          </ns3:TrackPointExtension>
        </extensions>
      </trkpt>
      <trkpt lat="23.170986436307430267333984375" lon="113.42792806215584278106689453125">
        <ele>18.799999237060546875</ele>
        <time>2026-02-24T23:31:23.000Z</time>
        <extensions>
          <ns3:TrackPointExtension>
            <ns3:hr>138</ns3:hr>
            <ns3:cad>95</ns3:cad>
          </ns3:TrackPointExtension>
        </extensions>
      </trkpt>
      <trkpt lat="23.17100194282829761505126953125" lon="113.4279435686767101287841796875">
        <ele>18.799999237060546875</ele>
        <time>2026-02-24T23:31:24.000Z</time>
        <extensions>
          <ns3:TrackPointExtension>
            <ns3:hr>138</ns3:hr>
            <ns3:cad>95</ns3:cad>
          </ns3:TrackPointExtension>
        </extensions>
      </trkpt>
      <trkpt lat="23.17101183347404003143310546875" lon="113.4279700554907321929931640625">
        <ele>18.799999237060546875</ele>
        <time>2026-02-24T23:31:25.000Z</time>
        <extensions>
          <ns3:TrackPointExtension>
            <ns3:hr>138</ns3:hr>
            <ns3:cad>95</ns3:cad>
          </ns3:TrackPointExtension>
        </extensions>
      </trkpt>
      <trkpt lat="23.17102859728038311004638671875" lon="113.42798891477286815643310546875">
        <ele>18.799999237060546875</ele>
        <time>2026-02-24T23:31:26.000Z</time>
        <extensions>
          <ns3:TrackPointExtension>
            <ns3:hr>138</ns3:hr>
            <ns3:cad>95</ns3:cad>
          </ns3:TrackPointExtension>
        </extensions>
      </trkpt>
      <trkpt lat="23.17104184068739414215087890625" lon="113.428010456264019012451171875">
        <ele>19</ele>
        <time>2026-02-24T23:31:27.000Z</time>
        <extensions>
          <ns3:TrackPointExtension>
            <ns3:hr>138</ns3:hr>
            <ns3:cad>96</ns3:cad>
          </ns3:TrackPointExtension>
        </extensions>
      </trkpt>
      <trkpt lat="23.17104988731443881988525390625" lon="113.4280376136302947998046875">
        <ele>19</ele>
        <time>2026-02-24T23:31:28.000Z</time>
        <extensions>
          <ns3:TrackPointExtension>
            <ns3:hr>138</ns3:hr>
            <ns3:cad>96</ns3:cad>
          </ns3:TrackPointExtension>
        </extensions>
      </trkpt>
      <trkpt lat="23.1710643880069255828857421875" lon="113.42805571854114532470703125">
        <ele>19</ele>
        <time>2026-02-24T23:31:29.000Z</time>
        <extensions>
          <ns3:TrackPointExtension>
            <ns3:hr>138</ns3:hr>
            <ns3:cad>95</ns3:cad>
          </ns3:TrackPointExtension>
        </extensions>
      </trkpt>
      <trkpt lat="23.17107419483363628387451171875" lon="113.42808748595416545867919921875">
        <ele>19</ele>
        <time>2026-02-24T23:31:30.000Z</time>
        <extensions>
          <ns3:TrackPointExtension>
            <ns3:hr>138</ns3:hr>
            <ns3:cad>95</ns3:cad>
          </ns3:TrackPointExtension>
        </extensions>
      </trkpt>
      <trkpt lat="23.17108760587871074676513671875" lon="113.42810810543596744537353515625">
        <ele>19</ele>
        <time>2026-02-24T23:31:31.000Z</time>
        <extensions>
          <ns3:TrackPointExtension>
            <ns3:hr>139</ns3:hr>
            <ns3:cad>95</ns3:cad>
          </ns3:TrackPointExtension>
        </extensions>
      </trkpt>
      <trkpt lat="23.17109364084899425506591796875" lon="113.428135178983211517333984375">
        <ele>19</ele>
        <time>2026-02-24T23:31:32.000Z</time>
        <extensions>
          <ns3:TrackPointExtension>
            <ns3:hr>138</ns3:hr>
            <ns3:cad>95</ns3:cad>
          </ns3:TrackPointExtension>
        </extensions>
      </trkpt>
      <trkpt lat="23.1711052916944026947021484375" lon="113.42816493473947048187255859375">
        <ele>19</ele>
        <time>2026-02-24T23:31:33.000Z</time>
        <extensions>
          <ns3:TrackPointExtension>
            <ns3:hr>138</ns3:hr>
            <ns3:cad>95</ns3:cad>
          </ns3:TrackPointExtension>
        </extensions>
      </trkpt>
      <trkpt lat="23.171114511787891387939453125" lon="113.4281879849731922149658203125">
        <ele>19.200000762939453125</ele>
        <time>2026-02-24T23:31:34.000Z</time>
        <extensions>
          <ns3:TrackPointExtension>
            <ns3:hr>138</ns3:hr>
            <ns3:cad>95</ns3:cad>
          </ns3:TrackPointExtension>
        </extensions>
      </trkpt>
      <trkpt lat="23.17112465389072895050048828125" lon="113.42822469770908355712890625">
        <ele>19.200000762939453125</ele>
        <time>2026-02-24T23:31:35.000Z</time>
        <extensions>
          <ns3:TrackPointExtension>
            <ns3:hr>138</ns3:hr>
            <ns3:cad>95</ns3:cad>
          </ns3:TrackPointExtension>
        </extensions>
      </trkpt>
      <trkpt lat="23.171139992773532867431640625" lon="113.42824674211442470550537109375">
        <ele>19.200000762939453125</ele>
        <time>2026-02-24T23:31:36.000Z</time>
        <extensions>
          <ns3:TrackPointExtension>
            <ns3:hr>137</ns3:hr>
            <ns3:cad>95</ns3:cad>
          </ns3:TrackPointExtension>
        </extensions>
      </trkpt>
      <trkpt lat="23.17115181125700473785400390625" lon="113.4282785095274448394775390625">
        <ele>19.200000762939453125</ele>
        <time>2026-02-24T23:31:37.000Z</time>
        <extensions>
          <ns3:TrackPointExtension>
            <ns3:hr>137</ns3:hr>
            <ns3:cad>95</ns3:cad>
          </ns3:TrackPointExtension>
        </extensions>
      </trkpt>
      <trkpt lat="23.1711663119494915008544921875" lon="113.42830306850373744964599609375">
        <ele>19.200000762939453125</ele>
        <time>2026-02-24T23:31:38.000Z</time>
        <extensions>
          <ns3:TrackPointExtension>
            <ns3:hr>137</ns3:hr>
            <ns3:cad>95</ns3:cad>
          </ns3:TrackPointExtension>
        </extensions>
      </trkpt>
      <trkpt lat="23.1711753644049167633056640625" lon="113.428326956927776336669921875">
        <ele>19.200000762939453125</ele>
        <time>2026-02-24T23:31:39.000Z</time>
        <extensions>
          <ns3:TrackPointExtension>
            <ns3:hr>137</ns3:hr>
            <ns3:cad>95</ns3:cad>
          </ns3:TrackPointExtension>
        </extensions>
      </trkpt>
      <trkpt lat="23.17118450067937374114990234375" lon="113.42835486866533756256103515625">
        <ele>19.200000762939453125</ele>
        <time>2026-02-24T23:31:40.000Z</time>
        <extensions>
          <ns3:TrackPointExtension>
            <ns3:hr>137</ns3:hr>
            <ns3:cad>95</ns3:cad>
          </ns3:TrackPointExtension>
        </extensions>
      </trkpt>
      <trkpt lat="23.17119506187736988067626953125" lon="113.42837624251842498779296875">
        <ele>19.200000762939453125</ele>
        <time>2026-02-24T23:31:41.000Z</time>
        <extensions>
          <ns3:TrackPointExtension>
            <ns3:hr>137</ns3:hr>
            <ns3:cad>95</ns3:cad>
          </ns3:TrackPointExtension>
        </extensions>
      </trkpt>
      <trkpt lat="23.17120998166501522064208984375" lon="113.428410105407238006591796875">
        <ele>19.200000762939453125</ele>
        <time>2026-02-24T23:31:42.000Z</time>
        <extensions>
          <ns3:TrackPointExtension>
            <ns3:hr>137</ns3:hr>
            <ns3:cad>95</ns3:cad>
          </ns3:TrackPointExtension>
        </extensions>
      </trkpt>
      <trkpt lat="23.1712268292903900146484375" lon="113.42843131162226200103759765625">
        <ele>19.200000762939453125</ele>
        <time>2026-02-24T23:31:43.000Z</time>
        <extensions>
          <ns3:TrackPointExtension>
            <ns3:hr>138</ns3:hr>
            <ns3:cad>95</ns3:cad>
          </ns3:TrackPointExtension>
        </extensions>
      </trkpt>
      <trkpt lat="23.1712375581264495849609375" lon="113.42845561914145946502685546875">
        <ele>19.200000762939453125</ele>
        <time>2026-02-24T23:31:44.000Z</time>
        <extensions>
          <ns3:TrackPointExtension>
            <ns3:hr>138</ns3:hr>
            <ns3:cad>95</ns3:cad>
          </ns3:TrackPointExtension>
        </extensions>
      </trkpt>
      <trkpt lat="23.1712521426379680633544921875" lon="113.42847908847033977508544921875">
        <ele>19.200000762939453125</ele>
        <time>2026-02-24T23:31:45.000Z</time>
        <extensions>
          <ns3:TrackPointExtension>
            <ns3:hr>139</ns3:hr>
            <ns3:cad>95</ns3:cad>
          </ns3:TrackPointExtension>
        </extensions>
      </trkpt>
      <trkpt lat="23.17126278765499591827392578125" lon="113.4284954331815242767333984375">
        <ele>19.3999996185302734375</ele>
        <time>2026-02-24T23:31:46.000Z</time>
        <extensions>
          <ns3:TrackPointExtension>
            <ns3:hr>139</ns3:hr>
            <ns3:cad>95</ns3:cad>
          </ns3:TrackPointExtension>
        </extensions>
      </trkpt>
      <trkpt lat="23.17127586342394351959228515625" lon="113.42852175235748291015625">
        <ele>19.3999996185302734375</ele>
        <time>2026-02-24T23:31:47.000Z</time>
        <extensions>
          <ns3:TrackPointExtension>
            <ns3:hr>139</ns3:hr>
            <ns3:cad>95</ns3:cad>
          </ns3:TrackPointExtension>
        </extensions>
      </trkpt>
      <trkpt lat="23.17128784954547882080078125" lon="113.42854077927768230438232421875">
        <ele>19.3999996185302734375</ele>
        <time>2026-02-24T23:31:48.000Z</time>
        <extensions>
          <ns3:TrackPointExtension>
            <ns3:hr>138</ns3:hr>
            <ns3:cad>95</ns3:cad>
          </ns3:TrackPointExtension>
        </extensions>
      </trkpt>
      <trkpt lat="23.17130394279956817626953125" lon="113.42856491915881633758544921875">
        <ele>19.3999996185302734375</ele>
        <time>2026-02-24T23:31:49.000Z</time>
        <extensions>
          <ns3:TrackPointExtension>
            <ns3:hr>138</ns3:hr>
            <ns3:cad>94</ns3:cad>
          </ns3:TrackPointExtension>
        </extensions>
      </trkpt>
      <trkpt lat="23.171319700777530670166015625" lon="113.42858034186065196990966796875">
        <ele>19.3999996185302734375</ele>
        <time>2026-02-24T23:31:50.000Z</time>
        <extensions>
          <ns3:TrackPointExtension>
            <ns3:hr>138</ns3:hr>
            <ns3:cad>93</ns3:cad>
          </ns3:TrackPointExtension>
        </extensions>
      </trkpt>
      <trkpt lat="23.1713342852890491485595703125" lon="113.42860414646565914154052734375">
        <ele>19.3999996185302734375</ele>
        <time>2026-02-24T23:31:51.000Z</time>
        <extensions>
          <ns3:TrackPointExtension>
            <ns3:hr>139</ns3:hr>
            <ns3:cad>93</ns3:cad>
          </ns3:TrackPointExtension>
        </extensions>
      </trkpt>
      <trkpt lat="23.171351887285709381103515625" lon="113.42862342484295368194580078125">
        <ele>19.3999996185302734375</ele>
        <time>2026-02-24T23:31:52.000Z</time>
        <extensions>
          <ns3:TrackPointExtension>
            <ns3:hr>139</ns3:hr>
            <ns3:cad>93</ns3:cad>
          </ns3:TrackPointExtension>
        </extensions>
      </trkpt>
      <trkpt lat="23.17136940546333789825439453125" lon="113.4286464750766754150390625">
        <ele>19.6000003814697265625</ele>
        <time>2026-02-24T23:31:53.000Z</time>
        <extensions>
          <ns3:TrackPointExtension>
            <ns3:hr>139</ns3:hr>
            <ns3:cad>95</ns3:cad>
          </ns3:TrackPointExtension>
        </extensions>
      </trkpt>
      <trkpt lat="23.17138566635549068450927734375" lon="113.42867187224328517913818359375">
        <ele>19.6000003814697265625</ele>
        <time>2026-02-24T23:31:54.000Z</time>
        <extensions>
          <ns3:TrackPointExtension>
            <ns3:hr>138</ns3:hr>
            <ns3:cad>95</ns3:cad>
          </ns3:TrackPointExtension>
        </extensions>
      </trkpt>
      <trkpt lat="23.171403519809246063232421875" lon="113.42868980951607227325439453125">
        <ele>19.6000003814697265625</ele>
        <time>2026-02-24T23:31:55.000Z</time>
        <extensions>
          <ns3:TrackPointExtension>
            <ns3:hr>139</ns3:hr>
            <ns3:cad>95</ns3:cad>
          </ns3:TrackPointExtension>
        </extensions>
      </trkpt>
      <trkpt lat="23.17141785286366939544677734375" lon="113.4287157095968723297119140625">
        <ele>19.6000003814697265625</ele>
        <time>2026-02-24T23:31:56.000Z</time>
        <extensions>
          <ns3:TrackPointExtension>
            <ns3:hr>139</ns3:hr>
            <ns3:cad>95</ns3:cad>
          </ns3:TrackPointExtension>
        </extensions>
      </trkpt>
      <trkpt lat="23.17143193446099758148193359375" lon="113.42873339541256427764892578125">
        <ele>19.3999996185302734375</ele>
        <time>2026-02-24T23:31:57.000Z</time>
        <extensions>
          <ns3:TrackPointExtension>
            <ns3:hr>139</ns3:hr>
            <ns3:cad>93</ns3:cad>
          </ns3:TrackPointExtension>
        </extensions>
      </trkpt>
      <trkpt lat="23.1714440882205963134765625" lon="113.42875636182725429534912109375">
        <ele>19.3999996185302734375</ele>
        <time>2026-02-24T23:31:58.000Z</time>
        <extensions>
          <ns3:TrackPointExtension>
            <ns3:hr>139</ns3:hr>
            <ns3:cad>93</ns3:cad>
          </ns3:TrackPointExtension>
        </extensions>
      </trkpt>
      <trkpt lat="23.17145884037017822265625" lon="113.42878284864127635955810546875">
        <ele>19.200000762939453125</ele>
        <time>2026-02-24T23:31:59.000Z</time>
        <extensions>
          <ns3:TrackPointExtension>
            <ns3:hr>139</ns3:hr>
            <ns3:cad>93</ns3:cad>
          </ns3:TrackPointExtension>
        </extensions>
      </trkpt>
      <trkpt lat="23.17146889865398406982421875" lon="113.42880262993276119232177734375">
        <ele>19.200000762939453125</ele>
        <time>2026-02-24T23:32:00.000Z</time>
        <extensions>
          <ns3:TrackPointExtension>
            <ns3:hr>140</ns3:hr>
            <ns3:cad>95</ns3:cad>
          </ns3:TrackPointExtension>
        </extensions>
      </trkpt>
      <trkpt lat="23.1714791245758533477783203125" lon="113.4288340620696544647216796875">
        <ele>19.3999996185302734375</ele>
        <time>2026-02-24T23:32:01.000Z</time>
        <extensions>
          <ns3:TrackPointExtension>
            <ns3:hr>140</ns3:hr>
            <ns3:cad>96</ns3:cad>
          </ns3:TrackPointExtension>
        </extensions>
      </trkpt>
      <trkpt lat="23.17149127833545207977294921875" lon="113.42885610647499561309814453125">
        <ele>19.200000762939453125</ele>
        <time>2026-02-24T23:32:02.000Z</time>
        <extensions>
          <ns3:TrackPointExtension>
            <ns3:hr>140</ns3:hr>
            <ns3:cad>96</ns3:cad>
          </ns3:TrackPointExtension>
        </extensions>
      </trkpt>
      <trkpt lat="23.17149563692510128021240234375" lon="113.4288826771080493927001953125">
        <ele>19.200000762939453125</ele>
        <time>2026-02-24T23:32:03.000Z</time>
        <extensions>
          <ns3:TrackPointExtension>
            <ns3:hr>140</ns3:hr>
            <ns3:cad>96</ns3:cad>
          </ns3:TrackPointExtension>
        </extensions>
      </trkpt>
      <trkpt lat="23.17150200717151165008544921875" lon="113.42891494743525981903076171875">
        <ele>19.200000762939453125</ele>
        <time>2026-02-24T23:32:04.000Z</time>
        <extensions>
          <ns3:TrackPointExtension>
            <ns3:hr>140</ns3:hr>
            <ns3:cad>96</ns3:cad>
          </ns3:TrackPointExtension>
        </extensions>
      </trkpt>
      <trkpt lat="23.1715143285691738128662109375" lon="113.42893539927899837493896484375">
        <ele>19.200000762939453125</ele>
        <time>2026-02-24T23:32:05.000Z</time>
        <extensions>
          <ns3:TrackPointExtension>
            <ns3:hr>140</ns3:hr>
            <ns3:cad>96</ns3:cad>
          </ns3:TrackPointExtension>
        </extensions>
      </trkpt>
      <trkpt lat="23.17152413539588451385498046875" lon="113.42896758578717708587646484375">
        <ele>19</ele>
        <time>2026-02-24T23:32:06.000Z</time>
        <extensions>
          <ns3:TrackPointExtension>
            <ns3:hr>139</ns3:hr>
            <ns3:cad>96</ns3:cad>
          </ns3:TrackPointExtension>
        </extensions>
      </trkpt>
      <trkpt lat="23.17153955809772014617919921875" lon="113.4289876185357570648193359375">
        <ele>19</ele>
        <time>2026-02-24T23:32:07.000Z</time>
        <extensions>
          <ns3:TrackPointExtension>
            <ns3:hr>139</ns3:hr>
            <ns3:cad>96</ns3:cad>
          </ns3:TrackPointExtension>
        </extensions>
      </trkpt>
      <trkpt lat="23.1715481914579868316650390625" lon="113.42901083640754222869873046875">
        <ele>19.200000762939453125</ele>
        <time>2026-02-24T23:32:08.000Z</time>
        <extensions>
          <ns3:TrackPointExtension>
            <ns3:hr>139</ns3:hr>
            <ns3:cad>96</ns3:cad>
          </ns3:TrackPointExtension>
        </extensions>
      </trkpt>
      <trkpt lat="23.17156453616917133331298828125" lon="113.42903246171772480010986328125">
        <ele>19.200000762939453125</ele>
        <time>2026-02-24T23:32:09.000Z</time>
        <extensions>
          <ns3:TrackPointExtension>
            <ns3:hr>138</ns3:hr>
            <ns3:cad>96</ns3:cad>
          </ns3:TrackPointExtension>
        </extensions>
      </trkpt>
      <trkpt lat="23.17157794721424579620361328125" lon="113.42905609868466854095458984375">
        <ele>19.200000762939453125</ele>
        <time>2026-02-24T23:32:10.000Z</time>
        <extensions>
          <ns3:TrackPointExtension>
            <ns3:hr>138</ns3:hr>
            <ns3:cad>96</ns3:cad>
          </ns3:TrackPointExtension>
        </extensions>
      </trkpt>
      <trkpt lat="23.1715934537351131439208984375" lon="113.4290825016796588897705078125">
        <ele>19.200000762939453125</ele>
        <time>2026-02-24T23:32:11.000Z</time>
        <extensions>
          <ns3:TrackPointExtension>
            <ns3:hr>137</ns3:hr>
            <ns3:cad>95</ns3:cad>
          </ns3:TrackPointExtension>
        </extensions>
      </trkpt>
      <trkpt lat="23.171609379351139068603515625" lon="113.429090045392513275146484375">
        <ele>19.200000762939453125</ele>
        <time>2026-02-24T23:32:12.000Z</time>
        <extensions>
          <ns3:TrackPointExtension>
            <ns3:hr>137</ns3:hr>
            <ns3:cad>94</ns3:cad>
          </ns3:TrackPointExtension>
        </extensions>
      </trkpt>
      <trkpt lat="23.1716289930045604705810546875" lon="113.4291096590459346771240234375">
        <ele>19.200000762939453125</ele>
        <time>2026-02-24T23:32:13.000Z</time>
        <extensions>
          <ns3:TrackPointExtension>
            <ns3:hr>137</ns3:hr>
            <ns3:cad>94</ns3:cad>
          </ns3:TrackPointExtension>
        </extensions>
      </trkpt>
      <trkpt lat="23.17164818756282329559326171875" lon="113.42912885360419750213623046875">
        <ele>19.200000762939453125</ele>
        <time>2026-02-24T23:32:14.000Z</time>
        <extensions>
          <ns3:TrackPointExtension>
            <ns3:hr>137</ns3:hr>
            <ns3:cad>94</ns3:cad>
          </ns3:TrackPointExtension>
        </extensions>
      </trkpt>
      <trkpt lat="23.17166562192142009735107421875" lon="113.4291475452482700347900390625">
        <ele>19.200000762939453125</ele>
        <time>2026-02-24T23:32:15.000Z</time>
        <extensions>
          <ns3:TrackPointExtension>
            <ns3:hr>137</ns3:hr>
            <ns3:cad>94</ns3:cad>
          </ns3:TrackPointExtension>
        </extensions>
      </trkpt>
      <trkpt lat="23.1716812960803508758544921875" lon="113.42916883528232574462890625">
        <ele>19.3999996185302734375</ele>
        <time>2026-02-24T23:32:16.000Z</time>
        <extensions>
          <ns3:TrackPointExtension>
            <ns3:hr>136</ns3:hr>
            <ns3:cad>95</ns3:cad>
          </ns3:TrackPointExtension>
        </extensions>
      </trkpt>
      <trkpt lat="23.171698562800884246826171875" lon="113.429179899394512176513671875">
        <ele>19.3999996185302734375</ele>
        <time>2026-02-24T23:32:17.000Z</time>
        <extensions>
          <ns3:TrackPointExtension>
            <ns3:hr>136</ns3:hr>
            <ns3:cad>95</ns3:cad>
          </ns3:TrackPointExtension>
        </extensions>
      </trkpt>
      <trkpt lat="23.17171490751206874847412109375" lon="113.4292035363614559173583984375">
        <ele>19.3999996185302734375</ele>
        <time>2026-02-24T23:32:18.000Z</time>
        <extensions>
          <ns3:TrackPointExtension>
            <ns3:hr>136</ns3:hr>
            <ns3:cad>95</ns3:cad>
          </ns3:TrackPointExtension>
        </extensions>
      </trkpt>
      <trkpt lat="23.17173586226999759674072265625" lon="113.4292182885110378265380859375">
        <ele>19.6000003814697265625</ele>
        <time>2026-02-24T23:32:19.000Z</time>
        <extensions>
          <ns3:TrackPointExtension>
            <ns3:hr>136</ns3:hr>
            <ns3:cad>95</ns3:cad>
          </ns3:TrackPointExtension>
        </extensions>
      </trkpt>
      <trkpt lat="23.1717580743134021759033203125" lon="113.42923949472606182098388671875">
        <ele>19.6000003814697265625</ele>
        <time>2026-02-24T23:32:20.000Z</time>
        <extensions>
          <ns3:TrackPointExtension>
            <ns3:hr>135</ns3:hr>
            <ns3:cad>95</ns3:cad>
          </ns3:TrackPointExtension>
        </extensions>
      </trkpt>
      <trkpt lat="23.17177860997617244720458984375" lon="113.42925692908465862274169921875">
        <ele>19.799999237060546875</ele>
        <time>2026-02-24T23:32:21.000Z</time>
        <extensions>
          <ns3:TrackPointExtension>
            <ns3:hr>135</ns3:hr>
            <ns3:cad>95</ns3:cad>
          </ns3:TrackPointExtension>
        </extensions>
      </trkpt>
      <trkpt lat="23.17179604433476924896240234375" lon="113.42927075922489166259765625">
        <ele>19.799999237060546875</ele>
        <time>2026-02-24T23:32:22.000Z</time>
        <extensions>
          <ns3:TrackPointExtension>
            <ns3:hr>134</ns3:hr>
            <ns3:cad>95</ns3:cad>
          </ns3:TrackPointExtension>
        </extensions>
      </trkpt>
      <trkpt lat="23.171817921102046966552734375" lon="113.4292886964976787567138671875">
        <ele>19.799999237060546875</ele>
        <time>2026-02-24T23:32:23.000Z</time>
        <extensions>
          <ns3:TrackPointExtension>
            <ns3:hr>134</ns3:hr>
            <ns3:cad>95</ns3:cad>
          </ns3:TrackPointExtension>
        </extensions>
      </trkpt>
      <trkpt lat="23.17183971405029296875" lon="113.42929422855377197265625">
        <ele>19.799999237060546875</ele>
        <time>2026-02-24T23:32:24.000Z</time>
        <extensions>
          <ns3:TrackPointExtension>
            <ns3:hr>134</ns3:hr>
            <ns3:cad>95</ns3:cad>
          </ns3:TrackPointExtension>
        </extensions>
      </trkpt>
      <trkpt lat="23.1718633510172367095947265625" lon="113.429314680397510528564453125">
        <ele>19.799999237060546875</ele>
        <time>2026-02-24T23:32:25.000Z</time>
        <extensions>
          <ns3:TrackPointExtension>
            <ns3:hr>134</ns3:hr>
            <ns3:cad>95</ns3:cad>
          </ns3:TrackPointExtension>
        </extensions>
      </trkpt>
      <trkpt lat="23.17188774235546588897705078125" lon="113.42933068983256816864013671875">
        <ele>19.799999237060546875</ele>
        <time>2026-02-24T23:32:26.000Z</time>
        <extensions>
          <ns3:TrackPointExtension>
            <ns3:hr>134</ns3:hr>
            <ns3:cad>95</ns3:cad>
          </ns3:TrackPointExtension>
        </extensions>
      </trkpt>
      <trkpt lat="23.17190718837082386016845703125" lon="113.4293453581631183624267578125">
        <ele>19.799999237060546875</ele>
        <time>2026-02-24T23:32:27.000Z</time>
        <extensions>
          <ns3:TrackPointExtension>
            <ns3:hr>134</ns3:hr>
            <ns3:cad>96</ns3:cad>
          </ns3:TrackPointExtension>
        </extensions>
      </trkpt>
      <trkpt lat="23.1719283945858478546142578125" lon="113.4293654747307300567626953125">
        <ele>19.6000003814697265625</ele>
        <time>2026-02-24T23:32:28.000Z</time>
        <extensions>
          <ns3:TrackPointExtension>
            <ns3:hr>134</ns3:hr>
            <ns3:cad>96</ns3:cad>
          </ns3:TrackPointExtension>
        </extensions>
      </trkpt>
      <trkpt lat="23.17194641567766666412353515625" lon="113.429374359548091888427734375">
        <ele>19.6000003814697265625</ele>
        <time>2026-02-24T23:32:29.000Z</time>
        <extensions>
          <ns3:TrackPointExtension>
            <ns3:hr>134</ns3:hr>
            <ns3:cad>96</ns3:cad>
          </ns3:TrackPointExtension>
        </extensions>
      </trkpt>
      <trkpt lat="23.171970807015895843505859375" lon="113.42938919551670551300048828125">
        <ele>19.6000003814697265625</ele>
        <time>2026-02-24T23:32:30.000Z</time>
        <extensions>
          <ns3:TrackPointExtension>
            <ns3:hr>134</ns3:hr>
            <ns3:cad>96</ns3:cad>
          </ns3:TrackPointExtension>
        </extensions>
      </trkpt>
      <trkpt lat="23.17198916338384151458740234375" lon="113.42939673922955989837646484375">
        <ele>19.6000003814697265625</ele>
        <time>2026-02-24T23:32:31.000Z</time>
        <extensions>
          <ns3:TrackPointExtension>
            <ns3:hr>135</ns3:hr>
            <ns3:cad>96</ns3:cad>
          </ns3:TrackPointExtension>
        </extensions>
      </trkpt>
      <trkpt lat="23.1720085255801677703857421875" lon="113.4294080547988414764404296875">
        <ele>19.6000003814697265625</ele>
        <time>2026-02-24T23:32:32.000Z</time>
        <extensions>
          <ns3:TrackPointExtension>
            <ns3:hr>135</ns3:hr>
            <ns3:cad>95</ns3:cad>
          </ns3:TrackPointExtension>
        </extensions>
      </trkpt>
      <trkpt lat="23.17203056998550891876220703125" lon="113.42942255549132823944091796875">
        <ele>19.6000003814697265625</ele>
        <time>2026-02-24T23:32:33.000Z</time>
        <extensions>
          <ns3:TrackPointExtension>
            <ns3:hr>135</ns3:hr>
            <ns3:cad>95</ns3:cad>
          </ns3:TrackPointExtension>
        </extensions>
      </trkpt>
      <trkpt lat="23.1720487587153911590576171875" lon="113.4294298477470874786376953125">
        <ele>19.6000003814697265625</ele>
        <time>2026-02-24T23:32:34.000Z</time>
        <extensions>
          <ns3:TrackPointExtension>
            <ns3:hr>136</ns3:hr>
            <ns3:cad>95</ns3:cad>
          </ns3:TrackPointExtension>
        </extensions>
      </trkpt>
      <trkpt lat="23.172075413167476654052734375" lon="113.42944937758147716522216796875">
        <ele>19.6000003814697265625</ele>
        <time>2026-02-24T23:32:35.000Z</time>
        <extensions>
          <ns3:TrackPointExtension>
            <ns3:hr>136</ns3:hr>
            <ns3:cad>95</ns3:cad>
          </ns3:TrackPointExtension>
        </extensions>
      </trkpt>
      <trkpt lat="23.17209628410637378692626953125" lon="113.4294516406953334808349609375">
        <ele>19.6000003814697265625</ele>
        <time>2026-02-24T23:32:36.000Z</time>
        <extensions>
          <ns3:TrackPointExtension>
            <ns3:hr>136</ns3:hr>
            <ns3:cad>95</ns3:cad>
          </ns3:TrackPointExtension>
        </extensions>
      </trkpt>
      <trkpt lat="23.17212310619652271270751953125" lon="113.429466225206851959228515625">
        <ele>19.6000003814697265625</ele>
        <time>2026-02-24T23:32:37.000Z</time>
        <extensions>
          <ns3:TrackPointExtension>
            <ns3:hr>136</ns3:hr>
            <ns3:cad>95</ns3:cad>
          </ns3:TrackPointExtension>
        </extensions>
      </trkpt>
      <trkpt lat="23.17214707843959331512451171875" lon="113.4294707514345645904541015625">
        <ele>19.3999996185302734375</ele>
        <time>2026-02-24T23:32:38.000Z</time>
        <extensions>
          <ns3:TrackPointExtension>
            <ns3:hr>136</ns3:hr>
            <ns3:cad>95</ns3:cad>
          </ns3:TrackPointExtension>
        </extensions>
      </trkpt>
      <trkpt lat="23.17217029631137847900390625" lon="113.42947737313807010650634765625">
        <ele>19.3999996185302734375</ele>
        <time>2026-02-24T23:32:39.000Z</time>
        <extensions>
          <ns3:TrackPointExtension>
            <ns3:hr>137</ns3:hr>
            <ns3:cad>93</ns3:cad>
          </ns3:TrackPointExtension>
        </extensions>
      </trkpt>
      <trkpt lat="23.17219577729701995849609375" lon="113.429482989013195037841796875">
        <ele>19.3999996185302734375</ele>
        <time>2026-02-24T23:32:40.000Z</time>
        <extensions>
          <ns3:TrackPointExtension>
            <ns3:hr>137</ns3:hr>
            <ns3:cad>93</ns3:cad>
          </ns3:TrackPointExtension>
        </extensions>
      </trkpt>
      <trkpt lat="23.17221865989267826080322265625" lon="113.4294891916215419769287109375">
        <ele>19.3999996185302734375</ele>
        <time>2026-02-24T23:32:41.000Z</time>
        <extensions>
          <ns3:TrackPointExtension>
            <ns3:hr>137</ns3:hr>
            <ns3:cad>95</ns3:cad>
          </ns3:TrackPointExtension>
        </extensions>
      </trkpt>
      <trkpt lat="23.17224900238215923309326171875" lon="113.429498411715030670166015625">
        <ele>19.6000003814697265625</ele>
        <time>2026-02-24T23:32:42.000Z</time>
        <extensions>
          <ns3:TrackPointExtension>
            <ns3:hr>137</ns3:hr>
            <ns3:cad>95</ns3:cad>
          </ns3:TrackPointExtension>
        </extensions>
      </trkpt>
      <trkpt lat="23.17227398045361042022705078125" lon="113.4294958971440792083740234375">
        <ele>19.6000003814697265625</ele>
        <time>2026-02-24T23:32:43.000Z</time>
        <extensions>
          <ns3:TrackPointExtension>
            <ns3:hr>137</ns3:hr>
            <ns3:cad>95</ns3:cad>
          </ns3:TrackPointExtension>
        </extensions>
      </trkpt>
      <trkpt lat="23.1722998805344104766845703125" lon="113.42950721271336078643798828125">
        <ele>19.6000003814697265625</ele>
        <time>2026-02-24T23:32:44.000Z</time>
        <extensions>
          <ns3:TrackPointExtension>
            <ns3:hr>137</ns3:hr>
            <ns3:cad>93</ns3:cad>
          </ns3:TrackPointExtension>
        </extensions>
      </trkpt>
      <trkpt lat="23.17232762463390827178955078125" lon="113.42951081693172454833984375">
        <ele>19.799999237060546875</ele>
        <time>2026-02-24T23:32:45.000Z</time>
        <extensions>
          <ns3:TrackPointExtension>
            <ns3:hr>137</ns3:hr>
            <ns3:cad>93</ns3:cad>
          </ns3:TrackPointExtension>
        </extensions>
      </trkpt>
      <trkpt lat="23.17235444672405719757080078125" lon="113.42951827682554721832275390625">
        <ele>19.799999237060546875</ele>
        <time>2026-02-24T23:32:46.000Z</time>
        <extensions>
          <ns3:TrackPointExtension>
            <ns3:hr>137</ns3:hr>
            <ns3:cad>93</ns3:cad>
          </ns3:TrackPointExtension>
        </extensions>
      </trkpt>
      <trkpt lat="23.1723816879093647003173828125" lon="113.42951760627329349517822265625">
        <ele>19.799999237060546875</ele>
        <time>2026-02-24T23:32:47.000Z</time>
        <extensions>
          <ns3:TrackPointExtension>
            <ns3:hr>137</ns3:hr>
            <ns3:cad>93</ns3:cad>
          </ns3:TrackPointExtension>
        </extensions>
      </trkpt>
      <trkpt lat="23.17240440286695957183837890625" lon="113.429520539939403533935546875">
        <ele>19.799999237060546875</ele>
        <time>2026-02-24T23:32:48.000Z</time>
        <extensions>
          <ns3:TrackPointExtension>
            <ns3:hr>137</ns3:hr>
            <ns3:cad>93</ns3:cad>
          </ns3:TrackPointExtension>
        </extensions>
      </trkpt>
      <trkpt lat="23.17243357188999652862548828125" lon="113.42952556908130645751953125">
        <ele>19.799999237060546875</ele>
        <time>2026-02-24T23:32:49.000Z</time>
        <extensions>
          <ns3:TrackPointExtension>
            <ns3:hr>137</ns3:hr>
            <ns3:cad>93</ns3:cad>
          </ns3:TrackPointExtension>
        </extensions>
      </trkpt>
      <trkpt lat="23.17245720885694026947021484375" lon="113.429522216320037841796875">
        <ele>19.799999237060546875</ele>
        <time>2026-02-24T23:32:50.000Z</time>
        <extensions>
          <ns3:TrackPointExtension>
            <ns3:hr>137</ns3:hr>
            <ns3:cad>95</ns3:cad>
          </ns3:TrackPointExtension>
        </extensions>
      </trkpt>
      <trkpt lat="23.17248470149934291839599609375" lon="113.42952799983322620391845703125">
        <ele>19.799999237060546875</ele>
        <time>2026-02-24T23:32:51.000Z</time>
        <extensions>
          <ns3:TrackPointExtension>
            <ns3:hr>138</ns3:hr>
            <ns3:cad>95</ns3:cad>
          </ns3:TrackPointExtension>
        </extensions>
      </trkpt>
      <trkpt lat="23.17251035012304782867431640625" lon="113.42952280305325984954833984375">
        <ele>20</ele>
        <time>2026-02-24T23:32:52.000Z</time>
        <extensions>
          <ns3:TrackPointExtension>
            <ns3:hr>138</ns3:hr>
            <ns3:cad>95</ns3:cad>
          </ns3:TrackPointExtension>
        </extensions>
      </trkpt>
      <trkpt lat="23.1725359149277210235595703125" lon="113.42952447943389415740966796875">
        <ele>19.799999237060546875</ele>
        <time>2026-02-24T23:32:53.000Z</time>
        <extensions>
          <ns3:TrackPointExtension>
            <ns3:hr>138</ns3:hr>
            <ns3:cad>95</ns3:cad>
          </ns3:TrackPointExtension>
        </extensions>
      </trkpt>
      <trkpt lat="23.17256399430334568023681640625" lon="113.4295260719954967498779296875">
        <ele>19.799999237060546875</ele>
        <time>2026-02-24T23:32:54.000Z</time>
        <extensions>
          <ns3:TrackPointExtension>
            <ns3:hr>138</ns3:hr>
            <ns3:cad>95</ns3:cad>
          </ns3:TrackPointExtension>
        </extensions>
      </trkpt>
      <trkpt lat="23.17258897237479686737060546875" lon="113.429528586566448211669921875">
        <ele>19.799999237060546875</ele>
        <time>2026-02-24T23:32:55.000Z</time>
        <extensions>
          <ns3:TrackPointExtension>
            <ns3:hr>139</ns3:hr>
            <ns3:cad>95</ns3:cad>
          </ns3:TrackPointExtension>
        </extensions>
      </trkpt>
      <trkpt lat="23.17261612974107265472412109375" lon="113.42953034676611423492431640625">
        <ele>19.799999237060546875</ele>
        <time>2026-02-24T23:32:56.000Z</time>
        <extensions>
          <ns3:TrackPointExtension>
            <ns3:hr>138</ns3:hr>
            <ns3:cad>95</ns3:cad>
          </ns3:TrackPointExtension>
        </extensions>
      </trkpt>
      <trkpt lat="23.17263876087963581085205078125" lon="113.42952347360551357269287109375">
        <ele>19.799999237060546875</ele>
        <time>2026-02-24T23:32:57.000Z</time>
        <extensions>
          <ns3:TrackPointExtension>
            <ns3:hr>139</ns3:hr>
            <ns3:cad>96</ns3:cad>
          </ns3:TrackPointExtension>
        </extensions>
      </trkpt>
      <trkpt lat="23.172668181359767913818359375" lon="113.42952230013906955718994140625">
        <ele>19.799999237060546875</ele>
        <time>2026-02-24T23:32:58.000Z</time>
        <extensions>
          <ns3:TrackPointExtension>
            <ns3:hr>139</ns3:hr>
            <ns3:cad>96</ns3:cad>
          </ns3:TrackPointExtension>
        </extensions>
      </trkpt>
      <trkpt lat="23.1726966798305511474609375" lon="113.42951509170234203338623046875">
        <ele>19.799999237060546875</ele>
        <time>2026-02-24T23:32:59.000Z</time>
        <extensions>
          <ns3:TrackPointExtension>
            <ns3:hr>139</ns3:hr>
            <ns3:cad>94</ns3:cad>
          </ns3:TrackPointExtension>
        </extensions>
      </trkpt>
      <trkpt lat="23.1727209873497486114501953125" lon="113.4295141696929931640625">
        <ele>19.6000003814697265625</ele>
        <time>2026-02-24T23:33:00.000Z</time>
        <extensions>
          <ns3:TrackPointExtension>
            <ns3:hr>139</ns3:hr>
            <ns3:cad>94</ns3:cad>
          </ns3:TrackPointExtension>
        </extensions>
      </trkpt>
      <trkpt lat="23.17274889908730983734130859375" lon="113.42951484024524688720703125">
        <ele>19.799999237060546875</ele>
        <time>2026-02-24T23:33:01.000Z</time>
        <extensions>
          <ns3:TrackPointExtension>
            <ns3:hr>139</ns3:hr>
            <ns3:cad>94</ns3:cad>
          </ns3:TrackPointExtension>
        </extensions>
      </trkpt>
      <trkpt lat="23.17277085967361927032470703125" lon="113.42950955964624881744384765625">
        <ele>19.6000003814697265625</ele>
        <time>2026-02-24T23:33:02.000Z</time>
        <extensions>
          <ns3:TrackPointExtension>
            <ns3:hr>139</ns3:hr>
            <ns3:cad>95</ns3:cad>
          </ns3:TrackPointExtension>
        </extensions>
      </trkpt>
      <trkpt lat="23.17279600538313388824462890625" lon="113.42951886355876922607421875">
        <ele>19.799999237060546875</ele>
        <time>2026-02-24T23:33:03.000Z</time>
        <extensions>
          <ns3:TrackPointExtension>
            <ns3:hr>139</ns3:hr>
            <ns3:cad>95</ns3:cad>
          </ns3:TrackPointExtension>
        </extensions>
      </trkpt>
      <trkpt lat="23.1728173792362213134765625" lon="113.42951760627329349517822265625">
        <ele>19.799999237060546875</ele>
        <time>2026-02-24T23:33:04.000Z</time>
        <extensions>
          <ns3:TrackPointExtension>
            <ns3:hr>139</ns3:hr>
            <ns3:cad>95</ns3:cad>
          </ns3:TrackPointExtension>
        </extensions>
      </trkpt>
      <trkpt lat="23.1728430278599262237548828125" lon="113.4295200370252132415771484375">
        <ele>19.799999237060546875</ele>
        <time>2026-02-24T23:33:05.000Z</time>
        <extensions>
          <ns3:TrackPointExtension>
            <ns3:hr>139</ns3:hr>
            <ns3:cad>95</ns3:cad>
          </ns3:TrackPointExtension>
        </extensions>
      </trkpt>
      <trkpt lat="23.17287144251167774200439453125" lon="113.4295166842639446258544921875">
        <ele>19.799999237060546875</ele>
        <time>2026-02-24T23:33:06.000Z</time>
        <extensions>
          <ns3:TrackPointExtension>
            <ns3:hr>139</ns3:hr>
            <ns3:cad>95</ns3:cad>
          </ns3:TrackPointExtension>
        </extensions>
      </trkpt>
      <trkpt lat="23.1728936545550823211669921875" lon="113.4295136667788028717041015625">
        <ele>19.799999237060546875</ele>
        <time>2026-02-24T23:33:07.000Z</time>
        <extensions>
          <ns3:TrackPointExtension>
            <ns3:hr>138</ns3:hr>
            <ns3:cad>95</ns3:cad>
          </ns3:TrackPointExtension>
        </extensions>
      </trkpt>
      <trkpt lat="23.172918297350406646728515625" lon="113.42951961793005466461181640625">
        <ele>19.799999237060546875</ele>
        <time>2026-02-24T23:33:08.000Z</time>
        <extensions>
          <ns3:TrackPointExtension>
            <ns3:hr>139</ns3:hr>
            <ns3:cad>95</ns3:cad>
          </ns3:TrackPointExtension>
        </extensions>
      </trkpt>
      <trkpt lat="23.17294252105057239532470703125" lon="113.4295180253684520721435546875">
        <ele>19.799999237060546875</ele>
        <time>2026-02-24T23:33:09.000Z</time>
        <extensions>
          <ns3:TrackPointExtension>
            <ns3:hr>139</ns3:hr>
            <ns3:cad>95</ns3:cad>
          </ns3:TrackPointExtension>
        </extensions>
      </trkpt>
      <trkpt lat="23.1729704327881336212158203125" lon="113.42952825129032135009765625">
        <ele>19.799999237060546875</ele>
        <time>2026-02-24T23:33:10.000Z</time>
        <extensions>
          <ns3:TrackPointExtension>
            <ns3:hr>138</ns3:hr>
            <ns3:cad>95</ns3:cad>
          </ns3:TrackPointExtension>
        </extensions>
      </trkpt>
      <trkpt lat="23.1729989312589168548583984375" lon="113.42952380888164043426513671875">
        <ele>20</ele>
        <time>2026-02-24T23:33:11.000Z</time>
        <extensions>
          <ns3:TrackPointExtension>
            <ns3:hr>138</ns3:hr>
            <ns3:cad>95</ns3:cad>
          </ns3:TrackPointExtension>
        </extensions>
      </trkpt>
      <trkpt lat="23.17302047275006771087646484375" lon="113.42952649109065532684326171875">
        <ele>20</ele>
        <time>2026-02-24T23:33:12.000Z</time>
        <extensions>
          <ns3:TrackPointExtension>
            <ns3:hr>138</ns3:hr>
            <ns3:cad>95</ns3:cad>
          </ns3:TrackPointExtension>
        </extensions>
      </trkpt>
      <trkpt lat="23.1730485521256923675537109375" lon="113.4295331127941608428955078125">
        <ele>20</ele>
        <time>2026-02-24T23:33:13.000Z</time>
        <extensions>
          <ns3:TrackPointExtension>
            <ns3:hr>137</ns3:hr>
            <ns3:cad>95</ns3:cad>
          </ns3:TrackPointExtension>
        </extensions>
      </trkpt>
      <trkpt lat="23.17307244054973125457763671875" lon="113.42953101731836795806884765625">
        <ele>20</ele>
        <time>2026-02-24T23:33:14.000Z</time>
        <extensions>
          <ns3:TrackPointExtension>
            <ns3:hr>137</ns3:hr>
            <ns3:cad>95</ns3:cad>
          </ns3:TrackPointExtension>
        </extensions>
      </trkpt>
      <trkpt lat="23.17310295067727565765380859375" lon="113.42954258434474468231201171875">
        <ele>20</ele>
        <time>2026-02-24T23:33:15.000Z</time>
        <extensions>
          <ns3:TrackPointExtension>
            <ns3:hr>137</ns3:hr>
            <ns3:cad>96</ns3:cad>
          </ns3:TrackPointExtension>
        </extensions>
      </trkpt>
      <trkpt lat="23.17313144914805889129638671875" lon="113.4295398183166980743408203125">
        <ele>20</ele>
        <time>2026-02-24T23:33:16.000Z</time>
        <extensions>
          <ns3:TrackPointExtension>
            <ns3:hr>136</ns3:hr>
            <ns3:cad>96</ns3:cad>
          </ns3:TrackPointExtension>
        </extensions>
      </trkpt>
      <trkpt lat="23.17315726540982723236083984375" lon="113.4295423328876495361328125">
        <ele>20</ele>
        <time>2026-02-24T23:33:17.000Z</time>
        <extensions>
          <ns3:TrackPointExtension>
            <ns3:hr>136</ns3:hr>
            <ns3:cad>96</ns3:cad>
          </ns3:TrackPointExtension>
        </extensions>
      </trkpt>
      <trkpt lat="23.1731853447854518890380859375" lon="113.42954426072537899017333984375">
        <ele>20</ele>
        <time>2026-02-24T23:33:18.000Z</time>
        <extensions>
          <ns3:TrackPointExtension>
            <ns3:hr>136</ns3:hr>
            <ns3:cad>96</ns3:cad>
          </ns3:TrackPointExtension>
        </extensions>
      </trkpt>
      <trkpt lat="23.17320764064788818359375" lon="113.4295465238392353057861328125">
        <ele>20</ele>
        <time>2026-02-24T23:33:19.000Z</time>
        <extensions>
          <ns3:TrackPointExtension>
            <ns3:hr>136</ns3:hr>
            <ns3:cad>95</ns3:cad>
          </ns3:TrackPointExtension>
        </extensions>
      </trkpt>
      <trkpt lat="23.17323605529963970184326171875" lon="113.42954895459115505218505859375">
        <ele>20.200000762939453125</ele>
        <time>2026-02-24T23:33:20.000Z</time>
        <extensions>
          <ns3:TrackPointExtension>
            <ns3:hr>136</ns3:hr>
            <ns3:cad>95</ns3:cad>
          </ns3:TrackPointExtension>
        </extensions>
      </trkpt>
      <trkpt lat="23.1732584349811077117919921875" lon="113.42954241670668125152587890625">
        <ele>20.200000762939453125</ele>
        <time>2026-02-24T23:33:21.000Z</time>
        <extensions>
          <ns3:TrackPointExtension>
            <ns3:hr>136</ns3:hr>
            <ns3:cad>95</ns3:cad>
          </ns3:TrackPointExtension>
        </extensions>
      </trkpt>
      <trkpt lat="23.17328601144254207611083984375" lon="113.4295435063540935516357421875">
        <ele>20.200000762939453125</ele>
        <time>2026-02-24T23:33:22.000Z</time>
        <extensions>
          <ns3:TrackPointExtension>
            <ns3:hr>136</ns3:hr>
            <ns3:cad>95</ns3:cad>
          </ns3:TrackPointExtension>
        </extensions>
      </trkpt>
      <trkpt lat="23.17331367172300815582275390625" lon="113.42953805811703205108642578125">
        <ele>20.200000762939453125</ele>
        <time>2026-02-24T23:33:23.000Z</time>
        <extensions>
          <ns3:TrackPointExtension>
            <ns3:hr>136</ns3:hr>
            <ns3:cad>95</ns3:cad>
          </ns3:TrackPointExtension>
        </extensions>
      </trkpt>
      <trkpt lat="23.17333613522350788116455078125" lon="113.42953386716544628143310546875">
        <ele>20.200000762939453125</ele>
        <time>2026-02-24T23:33:24.000Z</time>
        <extensions>
          <ns3:TrackPointExtension>
            <ns3:hr>136</ns3:hr>
            <ns3:cad>95</ns3:cad>
          </ns3:TrackPointExtension>
        </extensions>
      </trkpt>
      <trkpt lat="23.1733707524836063385009765625" lon="113.42953571118414402008056640625">
        <ele>20.200000762939453125</ele>
        <time>2026-02-24T23:33:25.000Z</time>
        <extensions>
          <ns3:TrackPointExtension>
            <ns3:hr>135</ns3:hr>
            <ns3:cad>95</ns3:cad>
          </ns3:TrackPointExtension>
        </extensions>
      </trkpt>
      <trkpt lat="23.1733940541744232177734375" lon="113.42952959239482879638671875">
        <ele>20.200000762939453125</ele>
        <time>2026-02-24T23:33:26.000Z</time>
        <extensions>
          <ns3:TrackPointExtension>
            <ns3:hr>136</ns3:hr>
            <ns3:cad>95</ns3:cad>
          </ns3:TrackPointExtension>
        </extensions>
      </trkpt>
      <trkpt lat="23.1734240613877773284912109375" lon="113.4295304305851459503173828125">
        <ele>20.3999996185302734375</ele>
        <time>2026-02-24T23:33:27.000Z</time>
        <extensions>
          <ns3:TrackPointExtension>
            <ns3:hr>136</ns3:hr>
            <ns3:cad>96</ns3:cad>
          </ns3:TrackPointExtension>
        </extensions>
      </trkpt>
      <trkpt lat="23.17344836890697479248046875" lon="113.42952531762421131134033203125">
        <ele>20.3999996185302734375</ele>
        <time>2026-02-24T23:33:28.000Z</time>
        <extensions>
          <ns3:TrackPointExtension>
            <ns3:hr>136</ns3:hr>
            <ns3:cad>96</ns3:cad>
          </ns3:TrackPointExtension>
        </extensions>
      </trkpt>
      <trkpt lat="23.17347326315939426422119140625" lon="113.42952079139649868011474609375">
        <ele>20.3999996185302734375</ele>
        <time>2026-02-24T23:33:29.000Z</time>
        <extensions>
          <ns3:TrackPointExtension>
            <ns3:hr>137</ns3:hr>
            <ns3:cad>96</ns3:cad>
          </ns3:TrackPointExtension>
        </extensions>
      </trkpt>
      <trkpt lat="23.17350327037274837493896484375" lon="113.42952045612037181854248046875">
        <ele>20.3999996185302734375</ele>
        <time>2026-02-24T23:33:30.000Z</time>
        <extensions>
          <ns3:TrackPointExtension>
            <ns3:hr>137</ns3:hr>
            <ns3:cad>95</ns3:cad>
          </ns3:TrackPointExtension>
        </extensions>
      </trkpt>
      <trkpt lat="23.17352640442550182342529296875" lon="113.42951408587396144866943359375">
        <ele>20.6000003814697265625</ele>
        <time>2026-02-24T23:33:31.000Z</time>
        <extensions>
          <ns3:TrackPointExtension>
            <ns3:hr>137</ns3:hr>
            <ns3:cad>96</ns3:cad>
          </ns3:TrackPointExtension>
        </extensions>
      </trkpt>
      <trkpt lat="23.17355641163885593414306640625" lon="113.4295173548161983489990234375">
        <ele>20.6000003814697265625</ele>
        <time>2026-02-24T23:33:32.000Z</time>
        <extensions>
          <ns3:TrackPointExtension>
            <ns3:hr>137</ns3:hr>
            <ns3:cad>96</ns3:cad>
          </ns3:TrackPointExtension>
        </extensions>
      </trkpt>
      <trkpt lat="23.17357971332967281341552734375" lon="113.42950721271336078643798828125">
        <ele>20.6000003814697265625</ele>
        <time>2026-02-24T23:33:33.000Z</time>
        <extensions>
          <ns3:TrackPointExtension>
            <ns3:hr>137</ns3:hr>
            <ns3:cad>95</ns3:cad>
          </ns3:TrackPointExtension>
        </extensions>
      </trkpt>
      <trkpt lat="23.17360485903918743133544921875" lon="113.42950553633272647857666015625">
        <ele>20.6000003814697265625</ele>
        <time>2026-02-24T23:33:34.000Z</time>
        <extensions>
          <ns3:TrackPointExtension>
            <ns3:hr>137</ns3:hr>
            <ns3:cad>95</ns3:cad>
          </ns3:TrackPointExtension>
        </extensions>
      </trkpt>
      <trkpt lat="23.173633776605129241943359375" lon="113.42950318939983844757080078125">
        <ele>20.6000003814697265625</ele>
        <time>2026-02-24T23:33:35.000Z</time>
        <extensions>
          <ns3:TrackPointExtension>
            <ns3:hr>137</ns3:hr>
            <ns3:cad>95</ns3:cad>
          </ns3:TrackPointExtension>
        </extensions>
      </trkpt>
      <trkpt lat="23.173655904829502105712890625" lon="113.4294989146292209625244140625">
        <ele>20.6000003814697265625</ele>
        <time>2026-02-24T23:33:36.000Z</time>
        <extensions>
          <ns3:TrackPointExtension>
            <ns3:hr>137</ns3:hr>
            <ns3:cad>95</ns3:cad>
          </ns3:TrackPointExtension>
        </extensions>
      </trkpt>
      <trkpt lat="23.17368767224252223968505859375" lon="113.42950419522821903228759765625">
        <ele>20.6000003814697265625</ele>
        <time>2026-02-24T23:33:37.000Z</time>
        <extensions>
          <ns3:TrackPointExtension>
            <ns3:hr>137</ns3:hr>
            <ns3:cad>95</ns3:cad>
          </ns3:TrackPointExtension>
        </extensions>
      </trkpt>
      <trkpt lat="23.1737097166478633880615234375" lon="113.4294994175434112548828125">
        <ele>20.6000003814697265625</ele>
        <time>2026-02-24T23:33:38.000Z</time>
        <extensions>
          <ns3:TrackPointExtension>
            <ns3:hr>137</ns3:hr>
            <ns3:cad>96</ns3:cad>
          </ns3:TrackPointExtension>
        </extensions>
      </trkpt>
      <trkpt lat="23.17373930476605892181396484375" lon="113.42950436286628246307373046875">
        <ele>20.6000003814697265625</ele>
        <time>2026-02-24T23:33:39.000Z</time>
        <extensions>
          <ns3:TrackPointExtension>
            <ns3:hr>138</ns3:hr>
            <ns3:cad>96</ns3:cad>
          </ns3:TrackPointExtension>
        </extensions>
      </trkpt>
      <trkpt lat="23.17376344464719295501708984375" lon="113.429503776133060455322265625">
        <ele>20.6000003814697265625</ele>
        <time>2026-02-24T23:33:40.000Z</time>
        <extensions>
          <ns3:TrackPointExtension>
            <ns3:hr>137</ns3:hr>
            <ns3:cad>96</ns3:cad>
          </ns3:TrackPointExtension>
        </extensions>
      </trkpt>
      <trkpt lat="23.17378708161413669586181640625" lon="113.4295047819614410400390625">
        <ele>20.6000003814697265625</ele>
        <time>2026-02-24T23:33:41.000Z</time>
        <extensions>
          <ns3:TrackPointExtension>
            <ns3:hr>138</ns3:hr>
            <ns3:cad>95</ns3:cad>
          </ns3:TrackPointExtension>
        </extensions>
      </trkpt>
      <trkpt lat="23.1738178431987762451171875" lon="113.4295150078833103179931640625">
        <ele>20.6000003814697265625</ele>
        <time>2026-02-24T23:33:42.000Z</time>
        <extensions>
          <ns3:TrackPointExtension>
            <ns3:hr>138</ns3:hr>
            <ns3:cad>95</ns3:cad>
          </ns3:TrackPointExtension>
        </extensions>
      </trkpt>
      <trkpt lat="23.173839636147022247314453125" lon="113.42952380888164043426513671875">
        <ele>20.799999237060546875</ele>
        <time>2026-02-24T23:33:43.000Z</time>
        <extensions>
          <ns3:TrackPointExtension>
            <ns3:hr>138</ns3:hr>
            <ns3:cad>95</ns3:cad>
          </ns3:TrackPointExtension>
        </extensions>
      </trkpt>
      <trkpt lat="23.173849023878574371337890625" lon="113.4295512177050113677978515625">
        <ele>20.799999237060546875</ele>
        <time>2026-02-24T23:33:44.000Z</time>
        <extensions>
          <ns3:TrackPointExtension>
            <ns3:hr>138</ns3:hr>
            <ns3:cad>95</ns3:cad>
          </ns3:TrackPointExtension>
        </extensions>
      </trkpt>
      <trkpt lat="23.1738527119159698486328125" lon="113.4295780397951602935791015625">
        <ele>21</ele>
        <time>2026-02-24T23:33:45.000Z</time>
        <extensions>
          <ns3:TrackPointExtension>
            <ns3:hr>139</ns3:hr>
            <ns3:cad>96</ns3:cad>
          </ns3:TrackPointExtension>
        </extensions>
      </trkpt>
      <trkpt lat="23.17385011352598667144775390625" lon="113.429602682590484619140625">
        <ele>21</ele>
        <time>2026-02-24T23:33:46.000Z</time>
        <extensions>
          <ns3:TrackPointExtension>
            <ns3:hr>139</ns3:hr>
            <ns3:cad>96</ns3:cad>
          </ns3:TrackPointExtension>
        </extensions>
      </trkpt>
      <trkpt lat="23.17384927533566951751708984375" lon="113.42963160015642642974853515625">
        <ele>21</ele>
        <time>2026-02-24T23:33:47.000Z</time>
        <extensions>
          <ns3:TrackPointExtension>
            <ns3:hr>139</ns3:hr>
            <ns3:cad>96</ns3:cad>
          </ns3:TrackPointExtension>
        </extensions>
      </trkpt>
      <trkpt lat="23.17384801805019378662109375" lon="113.429658673703670501708984375">
        <ele>21</ele>
        <time>2026-02-24T23:33:48.000Z</time>
        <extensions>
          <ns3:TrackPointExtension>
            <ns3:hr>139</ns3:hr>
            <ns3:cad>95</ns3:cad>
          </ns3:TrackPointExtension>
        </extensions>
      </trkpt>
      <trkpt lat="23.173842988908290863037109375" lon="113.429688513278961181640625">
        <ele>21</ele>
        <time>2026-02-24T23:33:49.000Z</time>
        <extensions>
          <ns3:TrackPointExtension>
            <ns3:hr>140</ns3:hr>
            <ns3:cad>95</ns3:cad>
          </ns3:TrackPointExtension>
        </extensions>
      </trkpt>
      <trkpt lat="23.17384156398475170135498046875" lon="113.42971173115074634552001953125">
        <ele>20.799999237060546875</ele>
        <time>2026-02-24T23:33:50.000Z</time>
        <extensions>
          <ns3:TrackPointExtension>
            <ns3:hr>140</ns3:hr>
            <ns3:cad>95</ns3:cad>
          </ns3:TrackPointExtension>
        </extensions>
      </trkpt>
      <trkpt lat="23.1738357804715633392333984375" lon="113.429739139974117279052734375">
        <ele>20.799999237060546875</ele>
        <time>2026-02-24T23:33:51.000Z</time>
        <extensions>
          <ns3:TrackPointExtension>
            <ns3:hr>140</ns3:hr>
            <ns3:cad>95</ns3:cad>
          </ns3:TrackPointExtension>
        </extensions>
      </trkpt>
      <trkpt lat="23.1738310866057872772216796875" lon="113.429767303168773651123046875">
        <ele>20.799999237060546875</ele>
        <time>2026-02-24T23:33:52.000Z</time>
        <extensions>
          <ns3:TrackPointExtension>
            <ns3:hr>140</ns3:hr>
            <ns3:cad>96</ns3:cad>
          </ns3:TrackPointExtension>
        </extensions>
      </trkpt>
      <trkpt lat="23.17382563836872577667236328125" lon="113.42979102395474910736083984375">
        <ele>20.799999237060546875</ele>
        <time>2026-02-24T23:33:53.000Z</time>
        <extensions>
          <ns3:TrackPointExtension>
            <ns3:hr>140</ns3:hr>
            <ns3:cad>96</ns3:cad>
          </ns3:TrackPointExtension>
        </extensions>
      </trkpt>
      <trkpt lat="23.17382597364485263824462890625" lon="113.42982061207294464111328125">
        <ele>20.799999237060546875</ele>
        <time>2026-02-24T23:33:54.000Z</time>
        <extensions>
          <ns3:TrackPointExtension>
            <ns3:hr>140</ns3:hr>
            <ns3:cad>96</ns3:cad>
          </ns3:TrackPointExtension>
        </extensions>
      </trkpt>
      <trkpt lat="23.17383033223450183868408203125" lon="113.429845757782459259033203125">
        <ele>20.799999237060546875</ele>
        <time>2026-02-24T23:33:55.000Z</time>
        <extensions>
          <ns3:TrackPointExtension>
            <ns3:hr>140</ns3:hr>
            <ns3:cad>95</ns3:cad>
          </ns3:TrackPointExtension>
        </extensions>
      </trkpt>
      <trkpt lat="23.173831589519977569580078125" lon="113.4298771061003208160400390625">
        <ele>20.799999237060546875</ele>
        <time>2026-02-24T23:33:56.000Z</time>
        <extensions>
          <ns3:TrackPointExtension>
            <ns3:hr>140</ns3:hr>
            <ns3:cad>95</ns3:cad>
          </ns3:TrackPointExtension>
        </extensions>
      </trkpt>
      <trkpt lat="23.17383469082415103912353515625" lon="113.429907448589801788330078125">
        <ele>20.799999237060546875</ele>
        <time>2026-02-24T23:33:57.000Z</time>
        <extensions>
          <ns3:TrackPointExtension>
            <ns3:hr>140</ns3:hr>
            <ns3:cad>96</ns3:cad>
          </ns3:TrackPointExtension>
        </extensions>
      </trkpt>
      <trkpt lat="23.173842988908290863037109375" lon="113.42993385158479213714599609375">
        <ele>20.799999237060546875</ele>
        <time>2026-02-24T23:33:58.000Z</time>
        <extensions>
          <ns3:TrackPointExtension>
            <ns3:hr>140</ns3:hr>
            <ns3:cad>96</ns3:cad>
          </ns3:TrackPointExtension>
        </extensions>
      </trkpt>
      <trkpt lat="23.17384776659309864044189453125" lon="113.4299689717590808868408203125">
        <ele>21</ele>
        <time>2026-02-24T23:33:59.000Z</time>
        <extensions>
          <ns3:TrackPointExtension>
            <ns3:hr>140</ns3:hr>
            <ns3:cad>95</ns3:cad>
          </ns3:TrackPointExtension>
        </extensions>
      </trkpt>
      <trkpt lat="23.17385799251496791839599609375" lon="113.4299947880208492279052734375">
        <ele>21</ele>
        <time>2026-02-24T23:34:00.000Z</time>
        <extensions>
          <ns3:TrackPointExtension>
            <ns3:hr>140</ns3:hr>
            <ns3:cad>95</ns3:cad>
          </ns3:TrackPointExtension>
        </extensions>
      </trkpt>
      <trkpt lat="23.17385950125753879547119140625" lon="113.43002848327159881591796875">
        <ele>21</ele>
        <time>2026-02-24T23:34:01.000Z</time>
        <extensions>
          <ns3:TrackPointExtension>
            <ns3:hr>140</ns3:hr>
            <ns3:cad>95</ns3:cad>
          </ns3:TrackPointExtension>
        </extensions>
      </trkpt>
      <trkpt lat="23.17386033944785594940185546875" lon="113.43005740083754062652587890625">
        <ele>21</ele>
        <time>2026-02-24T23:34:02.000Z</time>
        <extensions>
          <ns3:TrackPointExtension>
            <ns3:hr>140</ns3:hr>
            <ns3:cad>97</ns3:cad>
          </ns3:TrackPointExtension>
        </extensions>
      </trkpt>
      <trkpt lat="23.17385648377239704132080078125" lon="113.4300843067467212677001953125">
        <ele>21</ele>
        <time>2026-02-24T23:34:03.000Z</time>
        <extensions>
          <ns3:TrackPointExtension>
            <ns3:hr>140</ns3:hr>
            <ns3:cad>96</ns3:cad>
          </ns3:TrackPointExtension>
        </extensions>
      </trkpt>
      <trkpt lat="23.17385011352598667144775390625" lon="113.43011724762618541717529296875">
        <ele>21.200000762939453125</ele>
        <time>2026-02-24T23:34:04.000Z</time>
        <extensions>
          <ns3:TrackPointExtension>
            <ns3:hr>140</ns3:hr>
            <ns3:cad>96</ns3:cad>
          </ns3:TrackPointExtension>
        </extensions>
      </trkpt>
      <trkpt lat="23.1738535501062870025634765625" lon="113.43014180660247802734375">
        <ele>21.200000762939453125</ele>
        <time>2026-02-24T23:34:05.000Z</time>
        <extensions>
          <ns3:TrackPointExtension>
            <ns3:hr>140</ns3:hr>
            <ns3:cad>96</ns3:cad>
          </ns3:TrackPointExtension>
        </extensions>
      </trkpt>
      <trkpt lat="23.17384793423116207122802734375" lon="113.430170975625514984130859375">
        <ele>21</ele>
        <time>2026-02-24T23:34:06.000Z</time>
        <extensions>
          <ns3:TrackPointExtension>
            <ns3:hr>140</ns3:hr>
            <ns3:cad>96</ns3:cad>
          </ns3:TrackPointExtension>
        </extensions>
      </trkpt>
      <trkpt lat="23.17384743131697177886962890625" lon="113.43019620515406131744384765625">
        <ele>21</ele>
        <time>2026-02-24T23:34:07.000Z</time>
        <extensions>
          <ns3:TrackPointExtension>
            <ns3:hr>140</ns3:hr>
            <ns3:cad>96</ns3:cad>
          </ns3:TrackPointExtension>
        </extensions>
      </trkpt>
      <trkpt lat="23.17384089343249797821044921875" lon="113.43021766282618045806884765625">
        <ele>21</ele>
        <time>2026-02-24T23:34:08.000Z</time>
        <extensions>
          <ns3:TrackPointExtension>
            <ns3:hr>139</ns3:hr>
            <ns3:cad>96</ns3:cad>
          </ns3:TrackPointExtension>
        </extensions>
      </trkpt>
      <trkpt lat="23.17383469082415103912353515625" lon="113.43024599365890026092529296875">
        <ele>21</ele>
        <time>2026-02-24T23:34:09.000Z</time>
        <extensions>
          <ns3:TrackPointExtension>
            <ns3:hr>139</ns3:hr>
            <ns3:cad>96</ns3:cad>
          </ns3:TrackPointExtension>
        </extensions>
      </trkpt>
      <trkpt lat="23.1738341040909290313720703125" lon="113.4302697144448757171630859375">
        <ele>21</ele>
        <time>2026-02-24T23:34:10.000Z</time>
        <extensions>
          <ns3:TrackPointExtension>
            <ns3:hr>139</ns3:hr>
            <ns3:cad>96</ns3:cad>
          </ns3:TrackPointExtension>
        </extensions>
      </trkpt>
      <trkpt lat="23.17383251152932643890380859375" lon="113.43030340969562530517578125">
        <ele>21</ele>
        <time>2026-02-24T23:34:11.000Z</time>
        <extensions>
          <ns3:TrackPointExtension>
            <ns3:hr>139</ns3:hr>
            <ns3:cad>96</ns3:cad>
          </ns3:TrackPointExtension>
        </extensions>
      </trkpt>
      <trkpt lat="23.1738391332328319549560546875" lon="113.43032897450029850006103515625">
        <ele>21</ele>
        <time>2026-02-24T23:34:12.000Z</time>
        <extensions>
          <ns3:TrackPointExtension>
            <ns3:hr>139</ns3:hr>
            <ns3:cad>95</ns3:cad>
          </ns3:TrackPointExtension>
        </extensions>
      </trkpt>
      <trkpt lat="23.17383921705186367034912109375" lon="113.430356718599796295166015625">
        <ele>21</ele>
        <time>2026-02-24T23:34:13.000Z</time>
        <extensions>
          <ns3:TrackPointExtension>
            <ns3:hr>139</ns3:hr>
            <ns3:cad>95</ns3:cad>
          </ns3:TrackPointExtension>
        </extensions>
      </trkpt>
      <trkpt lat="23.1738438270986080169677734375" lon="113.430388905107975006103515625">
        <ele>21</ele>
        <time>2026-02-24T23:34:14.000Z</time>
        <extensions>
          <ns3:TrackPointExtension>
            <ns3:hr>139</ns3:hr>
            <ns3:cad>95</ns3:cad>
          </ns3:TrackPointExtension>
        </extensions>
      </trkpt>
      <trkpt lat="23.17385430447757244110107421875" lon="113.43041178770363330841064453125">
        <ele>21</ele>
        <time>2026-02-24T23:34:15.000Z</time>
        <extensions>
          <ns3:TrackPointExtension>
            <ns3:hr>139</ns3:hr>
            <ns3:cad>95</ns3:cad>
          </ns3:TrackPointExtension>
        </extensions>
      </trkpt>
      <trkpt lat="23.17386469803750514984130859375" lon="113.43044179491698741912841796875">
        <ele>21</ele>
        <time>2026-02-24T23:34:16.000Z</time>
        <extensions>
          <ns3:TrackPointExtension>
            <ns3:hr>138</ns3:hr>
            <ns3:cad>97</ns3:cad>
          </ns3:TrackPointExtension>
        </extensions>
      </trkpt>
      <trkpt lat="23.173881210386753082275390625" lon="113.43046241439878940582275390625">
        <ele>20.799999237060546875</ele>
        <time>2026-02-24T23:34:17.000Z</time>
        <extensions>
          <ns3:TrackPointExtension>
            <ns3:hr>139</ns3:hr>
            <ns3:cad>97</ns3:cad>
          </ns3:TrackPointExtension>
        </extensions>
      </trkpt>
      <trkpt lat="23.17389554344117641448974609375" lon="113.4304883144795894622802734375">
        <ele>20.799999237060546875</ele>
        <time>2026-02-24T23:34:18.000Z</time>
        <extensions>
          <ns3:TrackPointExtension>
            <ns3:hr>139</ns3:hr>
            <ns3:cad>97</ns3:cad>
          </ns3:TrackPointExtension>
        </extensions>
      </trkpt>
      <trkpt lat="23.17390996031463146209716796875" lon="113.43051522038877010345458984375">
        <ele>20.799999237060546875</ele>
        <time>2026-02-24T23:34:19.000Z</time>
        <extensions>
          <ns3:TrackPointExtension>
            <ns3:hr>138</ns3:hr>
            <ns3:cad>96</ns3:cad>
          </ns3:TrackPointExtension>
        </extensions>
      </trkpt>
      <trkpt lat="23.173924796283245086669921875" lon="113.430533744394779205322265625">
        <ele>20.799999237060546875</ele>
        <time>2026-02-24T23:34:20.000Z</time>
        <extensions>
          <ns3:TrackPointExtension>
            <ns3:hr>139</ns3:hr>
            <ns3:cad>96</ns3:cad>
          </ns3:TrackPointExtension>
        </extensions>
      </trkpt>
      <trkpt lat="23.1739387102425098419189453125" lon="113.43056282959878444671630859375">
        <ele>20.799999237060546875</ele>
        <time>2026-02-24T23:34:21.000Z</time>
        <extensions>
          <ns3:TrackPointExtension>
            <ns3:hr>138</ns3:hr>
            <ns3:cad>96</ns3:cad>
          </ns3:TrackPointExtension>
        </extensions>
      </trkpt>
      <trkpt lat="23.17395505495369434356689453125" lon="113.43058395199477672576904296875">
        <ele>21</ele>
        <time>2026-02-24T23:34:22.000Z</time>
        <extensions>
          <ns3:TrackPointExtension>
            <ns3:hr>138</ns3:hr>
            <ns3:cad>96</ns3:cad>
          </ns3:TrackPointExtension>
        </extensions>
      </trkpt>
      <trkpt lat="23.17396108992397785186767578125" lon="113.4306116960942745208740234375">
        <ele>21</ele>
        <time>2026-02-24T23:34:23.000Z</time>
        <extensions>
          <ns3:TrackPointExtension>
            <ns3:hr>139</ns3:hr>
            <ns3:cad>96</ns3:cad>
          </ns3:TrackPointExtension>
        </extensions>
      </trkpt>
      <trkpt lat="23.17396477796137332916259765625" lon="113.43064245767891407012939453125">
        <ele>20.799999237060546875</ele>
        <time>2026-02-24T23:34:24.000Z</time>
        <extensions>
          <ns3:TrackPointExtension>
            <ns3:hr>139</ns3:hr>
            <ns3:cad>95</ns3:cad>
          </ns3:TrackPointExtension>
        </extensions>
      </trkpt>
      <trkpt lat="23.17396846599876880645751953125" lon="113.4306688606739044189453125">
        <ele>20.799999237060546875</ele>
        <time>2026-02-24T23:34:25.000Z</time>
        <extensions>
          <ns3:TrackPointExtension>
            <ns3:hr>139</ns3:hr>
            <ns3:cad>95</ns3:cad>
          </ns3:TrackPointExtension>
        </extensions>
      </trkpt>
      <trkpt lat="23.17396628670394420623779296875" lon="113.43070465140044689178466796875">
        <ele>20.799999237060546875</ele>
        <time>2026-02-24T23:34:26.000Z</time>
        <extensions>
          <ns3:TrackPointExtension>
            <ns3:hr>138</ns3:hr>
            <ns3:cad>95</ns3:cad>
          </ns3:TrackPointExtension>
        </extensions>
      </trkpt>
      <trkpt lat="23.17396846599876880645751953125" lon="113.43072929419577121734619140625">
        <ele>20.799999237060546875</ele>
        <time>2026-02-24T23:34:27.000Z</time>
        <extensions>
          <ns3:TrackPointExtension>
            <ns3:hr>139</ns3:hr>
            <ns3:cad>96</ns3:cad>
          </ns3:TrackPointExtension>
        </extensions>
      </trkpt>
      <trkpt lat="23.17395773716270923614501953125" lon="113.43075963668525218963623046875">
        <ele>20.799999237060546875</ele>
        <time>2026-02-24T23:34:28.000Z</time>
        <extensions>
          <ns3:TrackPointExtension>
            <ns3:hr>139</ns3:hr>
            <ns3:cad>96</ns3:cad>
          </ns3:TrackPointExtension>
        </extensions>
      </trkpt>
      <trkpt lat="23.17394935525953769683837890625" lon="113.43078360892832279205322265625">
        <ele>20.799999237060546875</ele>
        <time>2026-02-24T23:34:29.000Z</time>
        <extensions>
          <ns3:TrackPointExtension>
            <ns3:hr>138</ns3:hr>
            <ns3:cad>96</ns3:cad>
          </ns3:TrackPointExtension>
        </extensions>
      </trkpt>
      <trkpt lat="23.17393946461379528045654296875" lon="113.4308058209717273712158203125">
        <ele>20.6000003814697265625</ele>
        <time>2026-02-24T23:34:30.000Z</time>
        <extensions>
          <ns3:TrackPointExtension>
            <ns3:hr>139</ns3:hr>
            <ns3:cad>96</ns3:cad>
          </ns3:TrackPointExtension>
        </extensions>
      </trkpt>
      <trkpt lat="23.17392320372164249420166015625" lon="113.43083172105252742767333984375">
        <ele>20.6000003814697265625</ele>
        <time>2026-02-24T23:34:31.000Z</time>
        <extensions>
          <ns3:TrackPointExtension>
            <ns3:hr>139</ns3:hr>
            <ns3:cad>96</ns3:cad>
          </ns3:TrackPointExtension>
        </extensions>
      </trkpt>
      <trkpt lat="23.17391549237072467803955078125" lon="113.430853597819805145263671875">
        <ele>20.6000003814697265625</ele>
        <time>2026-02-24T23:34:32.000Z</time>
        <extensions>
          <ns3:TrackPointExtension>
            <ns3:hr>138</ns3:hr>
            <ns3:cad>96</ns3:cad>
          </ns3:TrackPointExtension>
        </extensions>
      </trkpt>
      <trkpt lat="23.173893280327320098876953125" lon="113.43087472021579742431640625">
        <ele>20.6000003814697265625</ele>
        <time>2026-02-24T23:34:33.000Z</time>
        <extensions>
          <ns3:TrackPointExtension>
            <ns3:hr>139</ns3:hr>
            <ns3:cad>96</ns3:cad>
          </ns3:TrackPointExtension>
        </extensions>
      </trkpt>
      <trkpt lat="23.17387408576905727386474609375" lon="113.43089911155402660369873046875">
        <ele>20.6000003814697265625</ele>
        <time>2026-02-24T23:34:34.000Z</time>
        <extensions>
          <ns3:TrackPointExtension>
            <ns3:hr>139</ns3:hr>
            <ns3:cad>96</ns3:cad>
          </ns3:TrackPointExtension>
        </extensions>
      </trkpt>
      <trkpt lat="23.1738579086959362030029296875" lon="113.430924005806446075439453125">
        <ele>20.3999996185302734375</ele>
        <time>2026-02-24T23:34:35.000Z</time>
        <extensions>
          <ns3:TrackPointExtension>
            <ns3:hr>138</ns3:hr>
            <ns3:cad>96</ns3:cad>
          </ns3:TrackPointExtension>
        </extensions>
      </trkpt>
      <trkpt lat="23.17384273745119571685791015625" lon="113.43095007352530956268310546875">
        <ele>20.3999996185302734375</ele>
        <time>2026-02-24T23:34:36.000Z</time>
        <extensions>
          <ns3:TrackPointExtension>
            <ns3:hr>139</ns3:hr>
            <ns3:cad>96</ns3:cad>
          </ns3:TrackPointExtension>
        </extensions>
      </trkpt>
      <trkpt lat="23.17383351735770702362060546875" lon="113.43097287230193614959716796875">
        <ele>20.3999996185302734375</ele>
        <time>2026-02-24T23:34:37.000Z</time>
        <extensions>
          <ns3:TrackPointExtension>
            <ns3:hr>139</ns3:hr>
            <ns3:cad>96</ns3:cad>
          </ns3:TrackPointExtension>
        </extensions>
      </trkpt>
      <trkpt lat="23.17381876520812511444091796875" lon="113.43099717982113361358642578125">
        <ele>20.3999996185302734375</ele>
        <time>2026-02-24T23:34:38.000Z</time>
        <extensions>
          <ns3:TrackPointExtension>
            <ns3:hr>138</ns3:hr>
            <ns3:cad>96</ns3:cad>
          </ns3:TrackPointExtension>
        </extensions>
      </trkpt>
      <trkpt lat="23.1738139875233173370361328125" lon="113.4310214035212993621826171875">
        <ele>20.3999996185302734375</ele>
        <time>2026-02-24T23:34:39.000Z</time>
        <extensions>
          <ns3:TrackPointExtension>
            <ns3:hr>139</ns3:hr>
            <ns3:cad>96</ns3:cad>
          </ns3:TrackPointExtension>
        </extensions>
      </trkpt>
      <trkpt lat="23.17381105385720729827880859375" lon="113.43104638159275054931640625">
        <ele>20.6000003814697265625</ele>
        <time>2026-02-24T23:34:40.000Z</time>
        <extensions>
          <ns3:TrackPointExtension>
            <ns3:hr>139</ns3:hr>
            <ns3:cad>96</ns3:cad>
          </ns3:TrackPointExtension>
        </extensions>
      </trkpt>
      <trkpt lat="23.1738062761723995208740234375" lon="113.431072868406772613525390625">
        <ele>20.6000003814697265625</ele>
        <time>2026-02-24T23:34:41.000Z</time>
        <extensions>
          <ns3:TrackPointExtension>
            <ns3:hr>138</ns3:hr>
            <ns3:cad>96</ns3:cad>
          </ns3:TrackPointExtension>
        </extensions>
      </trkpt>
      <trkpt lat="23.1738071143627166748046875" lon="113.43109524808824062347412109375">
        <ele>20.6000003814697265625</ele>
        <time>2026-02-24T23:34:42.000Z</time>
        <extensions>
          <ns3:TrackPointExtension>
            <ns3:hr>139</ns3:hr>
            <ns3:cad>96</ns3:cad>
          </ns3:TrackPointExtension>
        </extensions>
      </trkpt>
      <trkpt lat="23.17380107939243316650390625" lon="113.43112357892096042633056640625">
        <ele>20.6000003814697265625</ele>
        <time>2026-02-24T23:34:43.000Z</time>
        <extensions>
          <ns3:TrackPointExtension>
            <ns3:hr>139</ns3:hr>
            <ns3:cad>96</ns3:cad>
          </ns3:TrackPointExtension>
        </extensions>
      </trkpt>
      <trkpt lat="23.173803426325321197509765625" lon="113.43114436604082584381103515625">
        <ele>20.799999237060546875</ele>
        <time>2026-02-24T23:34:44.000Z</time>
        <extensions>
          <ns3:TrackPointExtension>
            <ns3:hr>138</ns3:hr>
            <ns3:cad>96</ns3:cad>
          </ns3:TrackPointExtension>
        </extensions>
      </trkpt>
      <trkpt lat="23.1738015823066234588623046875" lon="113.43117169104516506195068359375">
        <ele>20.799999237060546875</ele>
        <time>2026-02-24T23:34:45.000Z</time>
        <extensions>
          <ns3:TrackPointExtension>
            <ns3:hr>139</ns3:hr>
            <ns3:cad>96</ns3:cad>
          </ns3:TrackPointExtension>
        </extensions>
      </trkpt>
      <trkpt lat="23.1738059408962726593017578125" lon="113.4311930648982524871826171875">
        <ele>20.799999237060546875</ele>
        <time>2026-02-24T23:34:46.000Z</time>
        <extensions>
          <ns3:TrackPointExtension>
            <ns3:hr>138</ns3:hr>
            <ns3:cad>95</ns3:cad>
          </ns3:TrackPointExtension>
        </extensions>
      </trkpt>
      <trkpt lat="23.1738089583814144134521484375" lon="113.43122114427387714385986328125">
        <ele>20.799999237060546875</ele>
        <time>2026-02-24T23:34:47.000Z</time>
        <extensions>
          <ns3:TrackPointExtension>
            <ns3:hr>138</ns3:hr>
            <ns3:cad>95</ns3:cad>
          </ns3:TrackPointExtension>
        </extensions>
      </trkpt>
      <trkpt lat="23.17381440661847591400146484375" lon="113.431247882544994354248046875">
        <ele>21</ele>
        <time>2026-02-24T23:34:48.000Z</time>
        <extensions>
          <ns3:TrackPointExtension>
            <ns3:hr>138</ns3:hr>
            <ns3:cad>93</ns3:cad>
          </ns3:TrackPointExtension>
        </extensions>
      </trkpt>
      <trkpt lat="23.1738220341503620147705078125" lon="113.43127814121544361114501953125">
        <ele>21</ele>
        <time>2026-02-24T23:34:49.000Z</time>
        <extensions>
          <ns3:TrackPointExtension>
            <ns3:hr>139</ns3:hr>
            <ns3:cad>91</ns3:cad>
          </ns3:TrackPointExtension>
        </extensions>
      </trkpt>
      <trkpt lat="23.17383016459643840789794921875" lon="113.43131116591393947601318359375">
        <ele>21.200000762939453125</ele>
        <time>2026-02-24T23:34:50.000Z</time>
        <extensions>
          <ns3:TrackPointExtension>
            <ns3:hr>139</ns3:hr>
            <ns3:cad>91</ns3:cad>
          </ns3:TrackPointExtension>
        </extensions>
      </trkpt>
      <trkpt lat="23.17383603192865848541259765625" lon="113.431332372128963470458984375">
        <ele>21.200000762939453125</ele>
        <time>2026-02-24T23:34:51.000Z</time>
        <extensions>
          <ns3:TrackPointExtension>
            <ns3:hr>139</ns3:hr>
            <ns3:cad>92</ns3:cad>
          </ns3:TrackPointExtension>
        </extensions>
      </trkpt>
      <trkpt lat="23.17383586429059505462646484375" lon="113.431363888084888458251953125">
        <ele>21.200000762939453125</ele>
        <time>2026-02-24T23:34:52.000Z</time>
        <extensions>
          <ns3:TrackPointExtension>
            <ns3:hr>139</ns3:hr>
            <ns3:cad>92</ns3:cad>
          </ns3:TrackPointExtension>
        </extensions>
      </trkpt>
      <trkpt lat="23.173840977251529693603515625" lon="113.43138928525149822235107421875">
        <ele>21.200000762939453125</ele>
        <time>2026-02-24T23:34:53.000Z</time>
        <extensions>
          <ns3:TrackPointExtension>
            <ns3:hr>138</ns3:hr>
            <ns3:cad>93</ns3:cad>
          </ns3:TrackPointExtension>
        </extensions>
      </trkpt>
      <trkpt lat="23.17383854649960994720458984375" lon="113.4314146824181079864501953125">
        <ele>21.200000762939453125</ele>
        <time>2026-02-24T23:34:54.000Z</time>
        <extensions>
          <ns3:TrackPointExtension>
            <ns3:hr>139</ns3:hr>
            <ns3:cad>93</ns3:cad>
          </ns3:TrackPointExtension>
        </extensions>
      </trkpt>
      <trkpt lat="23.1738418154418468475341796875" lon="113.4314445219933986663818359375">
        <ele>21</ele>
        <time>2026-02-24T23:34:55.000Z</time>
        <extensions>
          <ns3:TrackPointExtension>
            <ns3:hr>139</ns3:hr>
            <ns3:cad>93</ns3:cad>
          </ns3:TrackPointExtension>
        </extensions>
      </trkpt>
      <trkpt lat="23.17384391091763973236083984375" lon="113.43146673403680324554443359375">
        <ele>21</ele>
        <time>2026-02-24T23:34:56.000Z</time>
        <extensions>
          <ns3:TrackPointExtension>
            <ns3:hr>138</ns3:hr>
            <ns3:cad>93</ns3:cad>
          </ns3:TrackPointExtension>
        </extensions>
      </trkpt>
      <trkpt lat="23.173841647803783416748046875" lon="113.43149724416434764862060546875">
        <ele>21</ele>
        <time>2026-02-24T23:34:57.000Z</time>
        <extensions>
          <ns3:TrackPointExtension>
            <ns3:hr>139</ns3:hr>
            <ns3:cad>95</ns3:cad>
          </ns3:TrackPointExtension>
        </extensions>
      </trkpt>
      <trkpt lat="23.1738485209643840789794921875" lon="113.431517444550991058349609375">
        <ele>21</ele>
        <time>2026-02-24T23:34:58.000Z</time>
        <extensions>
          <ns3:TrackPointExtension>
            <ns3:hr>139</ns3:hr>
            <ns3:cad>95</ns3:cad>
          </ns3:TrackPointExtension>
        </extensions>
      </trkpt>
      <trkpt lat="23.1738460063934326171875" lon="113.4315474517643451690673828125">
        <ele>21</ele>
        <time>2026-02-24T23:34:59.000Z</time>
        <extensions>
          <ns3:TrackPointExtension>
            <ns3:hr>139</ns3:hr>
            <ns3:cad>96</ns3:cad>
          </ns3:TrackPointExtension>
        </extensions>
      </trkpt>
      <trkpt lat="23.1738424859941005706787109375" lon="113.43157972209155559539794921875">
        <ele>20.799999237060546875</ele>
        <time>2026-02-24T23:35:00.000Z</time>
        <extensions>
          <ns3:TrackPointExtension>
            <ns3:hr>139</ns3:hr>
            <ns3:cad>96</ns3:cad>
          </ns3:TrackPointExtension>
        </extensions>
      </trkpt>
      <trkpt lat="23.1738446652889251708984375" lon="113.4316010959446430206298828125">
        <ele>20.799999237060546875</ele>
        <time>2026-02-24T23:35:01.000Z</time>
        <extensions>
          <ns3:TrackPointExtension>
            <ns3:hr>140</ns3:hr>
            <ns3:cad>95</ns3:cad>
          </ns3:TrackPointExtension>
        </extensions>
      </trkpt>
      <trkpt lat="23.17384273745119571685791015625" lon="113.43162850476801395416259765625">
        <ele>20.799999237060546875</ele>
        <time>2026-02-24T23:35:02.000Z</time>
        <extensions>
          <ns3:TrackPointExtension>
            <ns3:hr>139</ns3:hr>
            <ns3:cad>95</ns3:cad>
          </ns3:TrackPointExtension>
        </extensions>
      </trkpt>
      <trkpt lat="23.1738465093076229095458984375" lon="113.43165046535432338714599609375">
        <ele>20.6000003814697265625</ele>
        <time>2026-02-24T23:35:03.000Z</time>
        <extensions>
          <ns3:TrackPointExtension>
            <ns3:hr>139</ns3:hr>
            <ns3:cad>95</ns3:cad>
          </ns3:TrackPointExtension>
        </extensions>
      </trkpt>
      <trkpt lat="23.173841647803783416748046875" lon="113.4316785447299480438232421875">
        <ele>20.6000003814697265625</ele>
        <time>2026-02-24T23:35:04.000Z</time>
        <extensions>
          <ns3:TrackPointExtension>
            <ns3:hr>139</ns3:hr>
            <ns3:cad>95</ns3:cad>
          </ns3:TrackPointExtension>
        </extensions>
      </trkpt>
      <trkpt lat="23.173839636147022247314453125" lon="113.4317130781710147857666015625">
        <ele>20.6000003814697265625</ele>
        <time>2026-02-24T23:35:05.000Z</time>
        <extensions>
          <ns3:TrackPointExtension>
            <ns3:hr>139</ns3:hr>
            <ns3:cad>95</ns3:cad>
          </ns3:TrackPointExtension>
        </extensions>
      </trkpt>
      <trkpt lat="23.17384206689894199371337890625" lon="113.4317382238805294036865234375">
        <ele>20.6000003814697265625</ele>
        <time>2026-02-24T23:35:06.000Z</time>
        <extensions>
          <ns3:TrackPointExtension>
            <ns3:hr>139</ns3:hr>
            <ns3:cad>97</ns3:cad>
          </ns3:TrackPointExtension>
        </extensions>
      </trkpt>
      <trkpt lat="23.17384575493633747100830078125" lon="113.4317704103887081146240234375">
        <ele>20.6000003814697265625</ele>
        <time>2026-02-24T23:35:07.000Z</time>
        <extensions>
          <ns3:TrackPointExtension>
            <ns3:hr>139</ns3:hr>
            <ns3:cad>96</ns3:cad>
          </ns3:TrackPointExtension>
        </extensions>
      </trkpt>
      <trkpt lat="23.1738535501062870025634765625" lon="113.43179865740239620208740234375">
        <ele>20.799999237060546875</ele>
        <time>2026-02-24T23:35:08.000Z</time>
        <extensions>
          <ns3:TrackPointExtension>
            <ns3:hr>139</ns3:hr>
            <ns3:cad>95</ns3:cad>
          </ns3:TrackPointExtension>
        </extensions>
      </trkpt>
      <trkpt lat="23.1738607585430145263671875" lon="113.43182690441608428955078125">
        <ele>20.799999237060546875</ele>
        <time>2026-02-24T23:35:09.000Z</time>
        <extensions>
          <ns3:TrackPointExtension>
            <ns3:hr>138</ns3:hr>
            <ns3:cad>95</ns3:cad>
          </ns3:TrackPointExtension>
        </extensions>
      </trkpt>
      <trkpt lat="23.17386679351329803466796875" lon="113.43186311423778533935546875">
        <ele>20.799999237060546875</ele>
        <time>2026-02-24T23:35:10.000Z</time>
        <extensions>
          <ns3:TrackPointExtension>
            <ns3:hr>138</ns3:hr>
            <ns3:cad>96</ns3:cad>
          </ns3:TrackPointExtension>
        </extensions>
      </trkpt>
      <trkpt lat="23.17388196475803852081298828125" lon="113.43188381753861904144287109375">
        <ele>20.799999237060546875</ele>
        <time>2026-02-24T23:35:11.000Z</time>
        <extensions>
          <ns3:TrackPointExtension>
            <ns3:hr>139</ns3:hr>
            <ns3:cad>96</ns3:cad>
          </ns3:TrackPointExtension>
        </extensions>
      </trkpt>
      <trkpt lat="23.17389688454568386077880859375" lon="113.43190946616232395172119140625">
        <ele>20.799999237060546875</ele>
        <time>2026-02-24T23:35:12.000Z</time>
        <extensions>
          <ns3:TrackPointExtension>
            <ns3:hr>139</ns3:hr>
            <ns3:cad>96</ns3:cad>
          </ns3:TrackPointExtension>
        </extensions>
      </trkpt>
      <trkpt lat="23.17391230724751949310302734375" lon="113.4319346956908702850341796875">
        <ele>20.6000003814697265625</ele>
        <time>2026-02-24T23:35:13.000Z</time>
        <extensions>
          <ns3:TrackPointExtension>
            <ns3:hr>139</ns3:hr>
            <ns3:cad>97</ns3:cad>
          </ns3:TrackPointExtension>
        </extensions>
      </trkpt>
      <trkpt lat="23.173930160701274871826171875" lon="113.4319571591913700103759765625">
        <ele>20.6000003814697265625</ele>
        <time>2026-02-24T23:35:14.000Z</time>
        <extensions>
          <ns3:TrackPointExtension>
            <ns3:hr>138</ns3:hr>
            <ns3:cad>97</ns3:cad>
          </ns3:TrackPointExtension>
        </extensions>
      </trkpt>
      <trkpt lat="23.1739444099366664886474609375" lon="113.4319856576621532440185546875">
        <ele>20.6000003814697265625</ele>
        <time>2026-02-24T23:35:15.000Z</time>
        <extensions>
          <ns3:TrackPointExtension>
            <ns3:hr>139</ns3:hr>
            <ns3:cad>97</ns3:cad>
          </ns3:TrackPointExtension>
        </extensions>
      </trkpt>
      <trkpt lat="23.1739615090191364288330078125" lon="113.43200636096298694610595703125">
        <ele>20.6000003814697265625</ele>
        <time>2026-02-24T23:35:16.000Z</time>
        <extensions>
          <ns3:TrackPointExtension>
            <ns3:hr>139</ns3:hr>
            <ns3:cad>97</ns3:cad>
          </ns3:TrackPointExtension>
        </extensions>
      </trkpt>
      <trkpt lat="23.17397986538708209991455078125" lon="113.4320279024541378021240234375">
        <ele>20.6000003814697265625</ele>
        <time>2026-02-24T23:35:17.000Z</time>
        <extensions>
          <ns3:TrackPointExtension>
            <ns3:hr>138</ns3:hr>
            <ns3:cad>97</ns3:cad>
          </ns3:TrackPointExtension>
        </extensions>
      </trkpt>
      <trkpt lat="23.17399562336504459381103515625" lon="113.432053215801715850830078125">
        <ele>20.6000003814697265625</ele>
        <time>2026-02-24T23:35:18.000Z</time>
        <extensions>
          <ns3:TrackPointExtension>
            <ns3:hr>139</ns3:hr>
            <ns3:cad>98</ns3:cad>
          </ns3:TrackPointExtension>
        </extensions>
      </trkpt>
      <trkpt lat="23.17401406355202198028564453125" lon="113.4320714883506298065185546875">
        <ele>20.6000003814697265625</ele>
        <time>2026-02-24T23:35:19.000Z</time>
        <extensions>
          <ns3:TrackPointExtension>
            <ns3:hr>139</ns3:hr>
            <ns3:cad>98</ns3:cad>
          </ns3:TrackPointExtension>
        </extensions>
      </trkpt>
      <trkpt lat="23.1740342639386653900146484375" lon="113.43209940008819103240966796875">
        <ele>20.6000003814697265625</ele>
        <time>2026-02-24T23:35:20.000Z</time>
        <extensions>
          <ns3:TrackPointExtension>
            <ns3:hr>138</ns3:hr>
            <ns3:cad>98</ns3:cad>
          </ns3:TrackPointExtension>
        </extensions>
      </trkpt>
      <trkpt lat="23.17404893226921558380126953125" lon="113.43211683444678783416748046875">
        <ele>20.6000003814697265625</ele>
        <time>2026-02-24T23:35:21.000Z</time>
        <extensions>
          <ns3:TrackPointExtension>
            <ns3:hr>139</ns3:hr>
            <ns3:cad>98</ns3:cad>
          </ns3:TrackPointExtension>
        </extensions>
      </trkpt>
      <trkpt lat="23.17406754009425640106201171875" lon="113.4321338497102260589599609375">
        <ele>20.799999237060546875</ele>
        <time>2026-02-24T23:35:22.000Z</time>
        <extensions>
          <ns3:TrackPointExtension>
            <ns3:hr>138</ns3:hr>
            <ns3:cad>96</ns3:cad>
          </ns3:TrackPointExtension>
        </extensions>
      </trkpt>
      <trkpt lat="23.1740858964622020721435546875" lon="113.4321358613669872283935546875">
        <ele>20.799999237060546875</ele>
        <time>2026-02-24T23:35:23.000Z</time>
        <extensions>
          <ns3:TrackPointExtension>
            <ns3:hr>138</ns3:hr>
            <ns3:cad>96</ns3:cad>
          </ns3:TrackPointExtension>
        </extensions>
      </trkpt>
      <trkpt lat="23.1740949489176273345947265625" lon="113.4321199357509613037109375">
        <ele>20.799999237060546875</ele>
        <time>2026-02-24T23:35:24.000Z</time>
        <extensions>
          <ns3:TrackPointExtension>
            <ns3:hr>138</ns3:hr>
            <ns3:cad>96</ns3:cad>
          </ns3:TrackPointExtension>
        </extensions>
      </trkpt>
      <trkpt lat="23.17410425283014774322509765625" lon="113.43209403567016124725341796875">
        <ele>20.799999237060546875</ele>
        <time>2026-02-24T23:35:25.000Z</time>
        <extensions>
          <ns3:TrackPointExtension>
            <ns3:hr>138</ns3:hr>
            <ns3:cad>95</ns3:cad>
          </ns3:TrackPointExtension>
        </extensions>
      </trkpt>
      <trkpt lat="23.17410341463983058929443359375" lon="113.43207023106515407562255859375">
        <ele>20.6000003814697265625</ele>
        <time>2026-02-24T23:35:26.000Z</time>
        <extensions>
          <ns3:TrackPointExtension>
            <ns3:hr>137</ns3:hr>
            <ns3:cad>95</ns3:cad>
          </ns3:TrackPointExtension>
        </extensions>
      </trkpt>
      <trkpt lat="23.1741147302091121673583984375" lon="113.4320443309843540191650390625">
        <ele>20.6000003814697265625</ele>
        <time>2026-02-24T23:35:27.000Z</time>
        <extensions>
          <ns3:TrackPointExtension>
            <ns3:hr>137</ns3:hr>
            <ns3:cad>95</ns3:cad>
          </ns3:TrackPointExtension>
        </extensions>
      </trkpt>
      <trkpt lat="23.17412470467388629913330078125" lon="113.432017005980014801025390625">
        <ele>20.3999996185302734375</ele>
        <time>2026-02-24T23:35:28.000Z</time>
        <extensions>
          <ns3:TrackPointExtension>
            <ns3:hr>137</ns3:hr>
            <ns3:cad>96</ns3:cad>
          </ns3:TrackPointExtension>
        </extensions>
      </trkpt>
      <trkpt lat="23.1741291470825672149658203125" lon="113.43199160881340503692626953125">
        <ele>20.3999996185302734375</ele>
        <time>2026-02-24T23:35:29.000Z</time>
        <extensions>
          <ns3:TrackPointExtension>
            <ns3:hr>137</ns3:hr>
            <ns3:cad>96</ns3:cad>
          </ns3:TrackPointExtension>
        </extensions>
      </trkpt>
      <trkpt lat="23.17413928918540477752685546875" lon="113.43196143396198749542236328125">
        <ele>20.3999996185302734375</ele>
        <time>2026-02-24T23:35:30.000Z</time>
        <extensions>
          <ns3:TrackPointExtension>
            <ns3:hr>138</ns3:hr>
            <ns3:cad>96</ns3:cad>
          </ns3:TrackPointExtension>
        </extensions>
      </trkpt>
      <trkpt lat="23.1741392053663730621337890625" lon="113.43193829990923404693603515625">
        <ele>20.3999996185302734375</ele>
        <time>2026-02-24T23:35:31.000Z</time>
        <extensions>
          <ns3:TrackPointExtension>
            <ns3:hr>138</ns3:hr>
            <ns3:cad>95</ns3:cad>
          </ns3:TrackPointExtension>
        </extensions>
      </trkpt>
      <trkpt lat="23.17414096556603908538818359375" lon="113.43190577812492847442626953125">
        <ele>20.200000762939453125</ele>
        <time>2026-02-24T23:35:32.000Z</time>
        <extensions>
          <ns3:TrackPointExtension>
            <ns3:hr>139</ns3:hr>
            <ns3:cad>95</ns3:cad>
          </ns3:TrackPointExtension>
        </extensions>
      </trkpt>
      <trkpt lat="23.17413258366286754608154296875" lon="113.4318810515105724334716796875">
        <ele>20.200000762939453125</ele>
        <time>2026-02-24T23:35:33.000Z</time>
        <extensions>
          <ns3:TrackPointExtension>
            <ns3:hr>139</ns3:hr>
            <ns3:cad>95</ns3:cad>
          </ns3:TrackPointExtension>
        </extensions>
      </trkpt>
      <trkpt lat="23.1741335056722164154052734375" lon="113.4318532235920429229736328125">
        <ele>20.200000762939453125</ele>
        <time>2026-02-24T23:35:34.000Z</time>
        <extensions>
          <ns3:TrackPointExtension>
            <ns3:hr>139</ns3:hr>
            <ns3:cad>95</ns3:cad>
          </ns3:TrackPointExtension>
        </extensions>
      </trkpt>
      <trkpt lat="23.1741328351199626922607421875" lon="113.43182153999805450439453125">
        <ele>20</ele>
        <time>2026-02-24T23:35:35.000Z</time>
        <extensions>
          <ns3:TrackPointExtension>
            <ns3:hr>138</ns3:hr>
            <ns3:cad>94</ns3:cad>
          </ns3:TrackPointExtension>
        </extensions>
      </trkpt>
      <trkpt lat="23.174128644168376922607421875" lon="113.4317989088594913482666015625">
        <ele>20</ele>
        <time>2026-02-24T23:35:36.000Z</time>
        <extensions>
          <ns3:TrackPointExtension>
            <ns3:hr>139</ns3:hr>
            <ns3:cad>94</ns3:cad>
          </ns3:TrackPointExtension>
        </extensions>
      </trkpt>
      <trkpt lat="23.17413023672997951507568359375" lon="113.43176429159939289093017578125">
        <ele>20</ele>
        <time>2026-02-24T23:35:37.000Z</time>
        <extensions>
          <ns3:TrackPointExtension>
            <ns3:hr>139</ns3:hr>
            <ns3:cad>95</ns3:cad>
          </ns3:TrackPointExtension>
        </extensions>
      </trkpt>
      <trkpt lat="23.17412830889225006103515625" lon="113.43173964880406856536865234375">
        <ele>20</ele>
        <time>2026-02-24T23:35:38.000Z</time>
        <extensions>
          <ns3:TrackPointExtension>
            <ns3:hr>138</ns3:hr>
            <ns3:cad>95</ns3:cad>
          </ns3:TrackPointExtension>
        </extensions>
      </trkpt>
      <trkpt lat="23.17413233220577239990234375" lon="113.431709222495555877685546875">
        <ele>19.799999237060546875</ele>
        <time>2026-02-24T23:35:39.000Z</time>
        <extensions>
          <ns3:TrackPointExtension>
            <ns3:hr>139</ns3:hr>
            <ns3:cad>95</ns3:cad>
          </ns3:TrackPointExtension>
        </extensions>
      </trkpt>
      <trkpt lat="23.17413258366286754608154296875" lon="113.43168131075799465179443359375">
        <ele>19.799999237060546875</ele>
        <time>2026-02-24T23:35:40.000Z</time>
        <extensions>
          <ns3:TrackPointExtension>
            <ns3:hr>138</ns3:hr>
            <ns3:cad>95</ns3:cad>
          </ns3:TrackPointExtension>
        </extensions>
      </trkpt>
      <trkpt lat="23.17413459531962871551513671875" lon="113.431657589972019195556640625">
        <ele>19.799999237060546875</ele>
        <time>2026-02-24T23:35:41.000Z</time>
        <extensions>
          <ns3:TrackPointExtension>
            <ns3:hr>138</ns3:hr>
            <ns3:cad>95</ns3:cad>
          </ns3:TrackPointExtension>
        </extensions>
      </trkpt>
      <trkpt lat="23.174138031899929046630859375" lon="113.43163219280540943145751953125">
        <ele>19.799999237060546875</ele>
        <time>2026-02-24T23:35:42.000Z</time>
        <extensions>
          <ns3:TrackPointExtension>
            <ns3:hr>139</ns3:hr>
            <ns3:cad>95</ns3:cad>
          </ns3:TrackPointExtension>
        </extensions>
      </trkpt>
      <trkpt lat="23.1741321645677089691162109375" lon="113.4316101484000682830810546875">
        <ele>19.799999237060546875</ele>
        <time>2026-02-24T23:35:43.000Z</time>
        <extensions>
          <ns3:TrackPointExtension>
            <ns3:hr>139</ns3:hr>
            <ns3:cad>95</ns3:cad>
          </ns3:TrackPointExtension>
        </extensions>
      </trkpt>
      <trkpt lat="23.17413761280477046966552734375" lon="113.43158022500574588775634765625">
        <ele>19.799999237060546875</ele>
        <time>2026-02-24T23:35:44.000Z</time>
        <extensions>
          <ns3:TrackPointExtension>
            <ns3:hr>139</ns3:hr>
            <ns3:cad>95</ns3:cad>
          </ns3:TrackPointExtension>
        </extensions>
      </trkpt>
      <trkpt lat="23.17413476295769214630126953125" lon="113.43155574984848499298095703125">
        <ele>19.799999237060546875</ele>
        <time>2026-02-24T23:35:45.000Z</time>
        <extensions>
          <ns3:TrackPointExtension>
            <ns3:hr>138</ns3:hr>
            <ns3:cad>95</ns3:cad>
          </ns3:TrackPointExtension>
        </extensions>
      </trkpt>
      <trkpt lat="23.174138367176055908203125" lon="113.4315313585102558135986328125">
        <ele>19.799999237060546875</ele>
        <time>2026-02-24T23:35:46.000Z</time>
        <extensions>
          <ns3:TrackPointExtension>
            <ns3:hr>139</ns3:hr>
            <ns3:cad>96</ns3:cad>
          </ns3:TrackPointExtension>
        </extensions>
      </trkpt>
      <trkpt lat="23.174143731594085693359375" lon="113.4315001778304576873779296875">
        <ele>19.799999237060546875</ele>
        <time>2026-02-24T23:35:47.000Z</time>
        <extensions>
          <ns3:TrackPointExtension>
            <ns3:hr>139</ns3:hr>
            <ns3:cad>96</ns3:cad>
          </ns3:TrackPointExtension>
        </extensions>
      </trkpt>
      <trkpt lat="23.17414163611829280853271484375" lon="113.43147612176835536956787109375">
        <ele>19.6000003814697265625</ele>
        <time>2026-02-24T23:35:48.000Z</time>
        <extensions>
          <ns3:TrackPointExtension>
            <ns3:hr>138</ns3:hr>
            <ns3:cad>96</ns3:cad>
          </ns3:TrackPointExtension>
        </extensions>
      </trkpt>
      <trkpt lat="23.17414331249892711639404296875" lon="113.43144410289824008941650390625">
        <ele>19.799999237060546875</ele>
        <time>2026-02-24T23:35:49.000Z</time>
        <extensions>
          <ns3:TrackPointExtension>
            <ns3:hr>138</ns3:hr>
            <ns3:cad>96</ns3:cad>
          </ns3:TrackPointExtension>
        </extensions>
      </trkpt>
      <trkpt lat="23.1741355173289775848388671875" lon="113.43141795136034488677978515625">
        <ele>19.799999237060546875</ele>
        <time>2026-02-24T23:35:50.000Z</time>
        <extensions>
          <ns3:TrackPointExtension>
            <ns3:hr>138</ns3:hr>
            <ns3:cad>96</ns3:cad>
          </ns3:TrackPointExtension>
        </extensions>
      </trkpt>
      <trkpt lat="23.17413710989058017730712890625" lon="113.43139045871794223785400390625">
        <ele>19.799999237060546875</ele>
        <time>2026-02-24T23:35:51.000Z</time>
        <extensions>
          <ns3:TrackPointExtension>
            <ns3:hr>138</ns3:hr>
            <ns3:cad>95</ns3:cad>
          </ns3:TrackPointExtension>
        </extensions>
      </trkpt>
      <trkpt lat="23.17413442768156528472900390625" lon="113.431362546980381011962890625">
        <ele>19.799999237060546875</ele>
        <time>2026-02-24T23:35:52.000Z</time>
        <extensions>
          <ns3:TrackPointExtension>
            <ns3:hr>138</ns3:hr>
            <ns3:cad>95</ns3:cad>
          </ns3:TrackPointExtension>
        </extensions>
      </trkpt>
      <trkpt lat="23.17413593642413616180419921875" lon="113.431338407099246978759765625">
        <ele>19.799999237060546875</ele>
        <time>2026-02-24T23:35:53.000Z</time>
        <extensions>
          <ns3:TrackPointExtension>
            <ns3:hr>137</ns3:hr>
            <ns3:cad>94</ns3:cad>
          </ns3:TrackPointExtension>
        </extensions>
      </trkpt>
      <trkpt lat="23.174137361347675323486328125" lon="113.4313083998858928680419921875">
        <ele>19.6000003814697265625</ele>
        <time>2026-02-24T23:35:54.000Z</time>
        <extensions>
          <ns3:TrackPointExtension>
            <ns3:hr>137</ns3:hr>
            <ns3:cad>94</ns3:cad>
          </ns3:TrackPointExtension>
        </extensions>
      </trkpt>
      <trkpt lat="23.17413660697638988494873046875" lon="113.431286774575710296630859375">
        <ele>19.3999996185302734375</ele>
        <time>2026-02-24T23:35:55.000Z</time>
        <extensions>
          <ns3:TrackPointExtension>
            <ns3:hr>137</ns3:hr>
            <ns3:cad>94</ns3:cad>
          </ns3:TrackPointExtension>
        </extensions>
      </trkpt>
      <trkpt lat="23.1741395406424999237060546875" lon="113.431254588067531585693359375">
        <ele>19.3999996185302734375</ele>
        <time>2026-02-24T23:35:56.000Z</time>
        <extensions>
          <ns3:TrackPointExtension>
            <ns3:hr>137</ns3:hr>
            <ns3:cad>93</ns3:cad>
          </ns3:TrackPointExtension>
        </extensions>
      </trkpt>
      <trkpt lat="23.17413275130093097686767578125" lon="113.43122969381511211395263671875">
        <ele>19.3999996185302734375</ele>
        <time>2026-02-24T23:35:57.000Z</time>
        <extensions>
          <ns3:TrackPointExtension>
            <ns3:hr>137</ns3:hr>
            <ns3:cad>93</ns3:cad>
          </ns3:TrackPointExtension>
        </extensions>
      </trkpt>
      <trkpt lat="23.1741378642618656158447265625" lon="113.43120002187788486480712890625">
        <ele>19.3999996185302734375</ele>
        <time>2026-02-24T23:35:58.000Z</time>
        <extensions>
          <ns3:TrackPointExtension>
            <ns3:hr>137</ns3:hr>
            <ns3:cad>94</ns3:cad>
          </ns3:TrackPointExtension>
        </extensions>
      </trkpt>
      <trkpt lat="23.1741298176348209381103515625" lon="113.43117571435868740081787109375">
        <ele>19.3999996185302734375</ele>
        <time>2026-02-24T23:35:59.000Z</time>
        <extensions>
          <ns3:TrackPointExtension>
            <ns3:hr>137</ns3:hr>
            <ns3:cad>94</ns3:cad>
          </ns3:TrackPointExtension>
        </extensions>
      </trkpt>
      <trkpt lat="23.17414037883281707763671875" lon="113.4311421029269695281982421875">
        <ele>19.3999996185302734375</ele>
        <time>2026-02-24T23:36:00.000Z</time>
        <extensions>
          <ns3:TrackPointExtension>
            <ns3:hr>137</ns3:hr>
            <ns3:cad>93</ns3:cad>
          </ns3:TrackPointExtension>
        </extensions>
      </trkpt>
      <trkpt lat="23.17413576878607273101806640625" lon="113.431115783751010894775390625">
        <ele>19.3999996185302734375</ele>
        <time>2026-02-24T23:36:01.000Z</time>
        <extensions>
          <ns3:TrackPointExtension>
            <ns3:hr>137</ns3:hr>
            <ns3:cad>93</ns3:cad>
          </ns3:TrackPointExtension>
        </extensions>
      </trkpt>
      <trkpt lat="23.17414104938507080078125" lon="113.43108393251895904541015625">
        <ele>19.6000003814697265625</ele>
        <time>2026-02-24T23:36:02.000Z</time>
        <extensions>
          <ns3:TrackPointExtension>
            <ns3:hr>137</ns3:hr>
            <ns3:cad>92</ns3:cad>
          </ns3:TrackPointExtension>
        </extensions>
      </trkpt>
      <trkpt lat="23.174135684967041015625" lon="113.431062139570713043212890625">
        <ele>19.3999996185302734375</ele>
        <time>2026-02-24T23:36:03.000Z</time>
        <extensions>
          <ns3:TrackPointExtension>
            <ns3:hr>138</ns3:hr>
            <ns3:cad>90</ns3:cad>
          </ns3:TrackPointExtension>
        </extensions>
      </trkpt>
      <trkpt lat="23.17414197139441967010498046875" lon="113.43103104270994663238525390625">
        <ele>19.3999996185302734375</ele>
        <time>2026-02-24T23:36:04.000Z</time>
        <extensions>
          <ns3:TrackPointExtension>
            <ns3:hr>137</ns3:hr>
            <ns3:cad>90</ns3:cad>
          </ns3:TrackPointExtension>
        </extensions>
      </trkpt>
      <trkpt lat="23.17413509823381900787353515625" lon="113.43100857920944690704345703125">
        <ele>19.3999996185302734375</ele>
        <time>2026-02-24T23:36:05.000Z</time>
        <extensions>
          <ns3:TrackPointExtension>
            <ns3:hr>137</ns3:hr>
            <ns3:cad>90</ns3:cad>
          </ns3:TrackPointExtension>
        </extensions>
      </trkpt>
      <trkpt lat="23.17413979209959506988525390625" lon="113.43097588978707790374755859375">
        <ele>19.3999996185302734375</ele>
        <time>2026-02-24T23:36:06.000Z</time>
        <extensions>
          <ns3:TrackPointExtension>
            <ns3:hr>137</ns3:hr>
            <ns3:cad>90</ns3:cad>
          </ns3:TrackPointExtension>
        </extensions>
      </trkpt>
      <trkpt lat="23.174136020243167877197265625" lon="113.43095292337238788604736328125">
        <ele>19.3999996185302734375</ele>
        <time>2026-02-24T23:36:07.000Z</time>
        <extensions>
          <ns3:TrackPointExtension>
            <ns3:hr>137</ns3:hr>
            <ns3:cad>90</ns3:cad>
          </ns3:TrackPointExtension>
        </extensions>
      </trkpt>
      <trkpt lat="23.17413928918540477752685546875" lon="113.43092559836804866790771484375">
        <ele>19.3999996185302734375</ele>
        <time>2026-02-24T23:36:08.000Z</time>
        <extensions>
          <ns3:TrackPointExtension>
            <ns3:hr>137</ns3:hr>
            <ns3:cad>90</ns3:cad>
          </ns3:TrackPointExtension>
        </extensions>
      </trkpt>
      <trkpt lat="23.174135349690914154052734375" lon="113.43089626170694828033447265625">
        <ele>19.3999996185302734375</ele>
        <time>2026-02-24T23:36:09.000Z</time>
        <extensions>
          <ns3:TrackPointExtension>
            <ns3:hr>137</ns3:hr>
            <ns3:cad>90</ns3:cad>
          </ns3:TrackPointExtension>
        </extensions>
      </trkpt>
      <trkpt lat="23.1741335056722164154052734375" lon="113.430868349969387054443359375">
        <ele>19.3999996185302734375</ele>
        <time>2026-02-24T23:36:10.000Z</time>
        <extensions>
          <ns3:TrackPointExtension>
            <ns3:hr>137</ns3:hr>
            <ns3:cad>90</ns3:cad>
          </ns3:TrackPointExtension>
        </extensions>
      </trkpt>
      <trkpt lat="23.17413107492029666900634765625" lon="113.43084211461246013641357421875">
        <ele>19.3999996185302734375</ele>
        <time>2026-02-24T23:36:11.000Z</time>
        <extensions>
          <ns3:TrackPointExtension>
            <ns3:hr>136</ns3:hr>
            <ns3:cad>90</ns3:cad>
          </ns3:TrackPointExtension>
        </extensions>
      </trkpt>
      <trkpt lat="23.1741343438625335693359375" lon="113.43081562779843807220458984375">
        <ele>19.3999996185302734375</ele>
        <time>2026-02-24T23:36:12.000Z</time>
        <extensions>
          <ns3:TrackPointExtension>
            <ns3:hr>136</ns3:hr>
            <ns3:cad>91</ns3:cad>
          </ns3:TrackPointExtension>
        </extensions>
      </trkpt>
      <trkpt lat="23.17413141019642353057861328125" lon="113.43079098500311374664306640625">
        <ele>19.3999996185302734375</ele>
        <time>2026-02-24T23:36:13.000Z</time>
        <extensions>
          <ns3:TrackPointExtension>
            <ns3:hr>136</ns3:hr>
            <ns3:cad>91</ns3:cad>
          </ns3:TrackPointExtension>
        </extensions>
      </trkpt>
      <trkpt lat="23.17413409240543842315673828125" lon="113.4307592175900936126708984375">
        <ele>19.3999996185302734375</ele>
        <time>2026-02-24T23:36:14.000Z</time>
        <extensions>
          <ns3:TrackPointExtension>
            <ns3:hr>135</ns3:hr>
            <ns3:cad>91</ns3:cad>
          </ns3:TrackPointExtension>
        </extensions>
      </trkpt>
      <trkpt lat="23.17413023672997951507568359375" lon="113.4307357482612133026123046875">
        <ele>19.3999996185302734375</ele>
        <time>2026-02-24T23:36:15.000Z</time>
        <extensions>
          <ns3:TrackPointExtension>
            <ns3:hr>134</ns3:hr>
            <ns3:cad>91</ns3:cad>
          </ns3:TrackPointExtension>
        </extensions>
      </trkpt>
      <trkpt lat="23.17413040436804294586181640625" lon="113.4307072497904300689697265625">
        <ele>19.3999996185302734375</ele>
        <time>2026-02-24T23:36:16.000Z</time>
        <extensions>
          <ns3:TrackPointExtension>
            <ns3:hr>134</ns3:hr>
            <ns3:cad>91</ns3:cad>
          </ns3:TrackPointExtension>
        </extensions>
      </trkpt>
      <trkpt lat="23.174127303063869476318359375" lon="113.43068101443350315093994140625">
        <ele>19.3999996185302734375</ele>
        <time>2026-02-24T23:36:17.000Z</time>
        <extensions>
          <ns3:TrackPointExtension>
            <ns3:hr>134</ns3:hr>
            <ns3:cad>92</ns3:cad>
          </ns3:TrackPointExtension>
        </extensions>
      </trkpt>
      <trkpt lat="23.17412939853966236114501953125" lon="113.43065452761948108673095703125">
        <ele>19.3999996185302734375</ele>
        <time>2026-02-24T23:36:18.000Z</time>
        <extensions>
          <ns3:TrackPointExtension>
            <ns3:hr>133</ns3:hr>
            <ns3:cad>92</ns3:cad>
          </ns3:TrackPointExtension>
        </extensions>
      </trkpt>
      <trkpt lat="23.17412772215902805328369140625" lon="113.43062854371964931488037109375">
        <ele>19.200000762939453125</ele>
        <time>2026-02-24T23:36:19.000Z</time>
        <extensions>
          <ns3:TrackPointExtension>
            <ns3:hr>133</ns3:hr>
            <ns3:cad>92</ns3:cad>
          </ns3:TrackPointExtension>
        </extensions>
      </trkpt>
      <trkpt lat="23.17413124255836009979248046875" lon="113.43060205690562725067138671875">
        <ele>19.200000762939453125</ele>
        <time>2026-02-24T23:36:20.000Z</time>
        <extensions>
          <ns3:TrackPointExtension>
            <ns3:hr>133</ns3:hr>
            <ns3:cad>92</ns3:cad>
          </ns3:TrackPointExtension>
        </extensions>
      </trkpt>
      <trkpt lat="23.1741348467767238616943359375" lon="113.430573977530002593994140625">
        <ele>19.200000762939453125</ele>
        <time>2026-02-24T23:36:21.000Z</time>
        <extensions>
          <ns3:TrackPointExtension>
            <ns3:hr>133</ns3:hr>
            <ns3:cad>91</ns3:cad>
          </ns3:TrackPointExtension>
        </extensions>
      </trkpt>
      <trkpt lat="23.1741358526051044464111328125" lon="113.4305466525256633758544921875">
        <ele>19.200000762939453125</ele>
        <time>2026-02-24T23:36:22.000Z</time>
        <extensions>
          <ns3:TrackPointExtension>
            <ns3:hr>132</ns3:hr>
            <ns3:cad>90</ns3:cad>
          </ns3:TrackPointExtension>
        </extensions>
      </trkpt>
      <trkpt lat="23.174136020243167877197265625" lon="113.4305208362638950347900390625">
        <ele>19.200000762939453125</ele>
        <time>2026-02-24T23:36:23.000Z</time>
        <extensions>
          <ns3:TrackPointExtension>
            <ns3:hr>132</ns3:hr>
            <ns3:cad>90</ns3:cad>
          </ns3:TrackPointExtension>
        </extensions>
      </trkpt>
      <trkpt lat="23.1741351820528507232666015625" lon="113.4304980374872684478759765625">
        <ele>19.200000762939453125</ele>
        <time>2026-02-24T23:36:24.000Z</time>
        <extensions>
          <ns3:TrackPointExtension>
            <ns3:hr>132</ns3:hr>
            <ns3:cad>90</ns3:cad>
          </ns3:TrackPointExtension>
        </extensions>
      </trkpt>
      <trkpt lat="23.17413509823381900787353515625" lon="113.430468700826168060302734375">
        <ele>19.200000762939453125</ele>
        <time>2026-02-24T23:36:25.000Z</time>
        <extensions>
          <ns3:TrackPointExtension>
            <ns3:hr>131</ns3:hr>
            <ns3:cad>90</ns3:cad>
          </ns3:TrackPointExtension>
        </extensions>
      </trkpt>
      <trkpt lat="23.17413643933832645416259765625" lon="113.43044749461114406585693359375">
        <ele>19.200000762939453125</ele>
        <time>2026-02-24T23:36:26.000Z</time>
        <extensions>
          <ns3:TrackPointExtension>
            <ns3:hr>131</ns3:hr>
            <ns3:cad>90</ns3:cad>
          </ns3:TrackPointExtension>
        </extensions>
      </trkpt>
      <trkpt lat="23.17414163611829280853271484375" lon="113.43041463755071163177490234375">
        <ele>19.200000762939453125</ele>
        <time>2026-02-24T23:36:27.000Z</time>
        <extensions>
          <ns3:TrackPointExtension>
            <ns3:hr>131</ns3:hr>
            <ns3:cad>90</ns3:cad>
          </ns3:TrackPointExtension>
        </extensions>
      </trkpt>
      <trkpt lat="23.174137361347675323486328125" lon="113.43039301224052906036376953125">
        <ele>19.200000762939453125</ele>
        <time>2026-02-24T23:36:28.000Z</time>
        <extensions>
          <ns3:TrackPointExtension>
            <ns3:hr>131</ns3:hr>
            <ns3:cad>90</ns3:cad>
          </ns3:TrackPointExtension>
        </extensions>
      </trkpt>
      <trkpt lat="23.174140043556690216064453125" lon="113.43036082573235034942626953125">
        <ele>19.200000762939453125</ele>
        <time>2026-02-24T23:36:29.000Z</time>
        <extensions>
          <ns3:TrackPointExtension>
            <ns3:hr>131</ns3:hr>
            <ns3:cad>90</ns3:cad>
          </ns3:TrackPointExtension>
        </extensions>
      </trkpt>
      <trkpt lat="23.1741397082805633544921875" lon="113.4303404577076435089111328125">
        <ele>19.200000762939453125</ele>
        <time>2026-02-24T23:36:30.000Z</time>
        <extensions>
          <ns3:TrackPointExtension>
            <ns3:hr>131</ns3:hr>
            <ns3:cad>91</ns3:cad>
          </ns3:TrackPointExtension>
        </extensions>
      </trkpt>
      <trkpt lat="23.17414649762213230133056640625" lon="113.43030785210430622100830078125">
        <ele>19.200000762939453125</ele>
        <time>2026-02-24T23:36:31.000Z</time>
        <extensions>
          <ns3:TrackPointExtension>
            <ns3:hr>132</ns3:hr>
            <ns3:cad>92</ns3:cad>
          </ns3:TrackPointExtension>
        </extensions>
      </trkpt>
      <trkpt lat="23.17414197139441967010498046875" lon="113.4302844665944576263427734375">
        <ele>19.200000762939453125</ele>
        <time>2026-02-24T23:36:32.000Z</time>
        <extensions>
          <ns3:TrackPointExtension>
            <ns3:hr>132</ns3:hr>
            <ns3:cad>92</ns3:cad>
          </ns3:TrackPointExtension>
        </extensions>
      </trkpt>
      <trkpt lat="23.1741459108889102935791015625" lon="113.4302522800862789154052734375">
        <ele>19.200000762939453125</ele>
        <time>2026-02-24T23:36:33.000Z</time>
        <extensions>
          <ns3:TrackPointExtension>
            <ns3:hr>132</ns3:hr>
            <ns3:cad>93</ns3:cad>
          </ns3:TrackPointExtension>
        </extensions>
      </trkpt>
      <trkpt lat="23.17413845099508762359619140625" lon="113.430230319499969482421875">
        <ele>19.3999996185302734375</ele>
        <time>2026-02-24T23:36:34.000Z</time>
        <extensions>
          <ns3:TrackPointExtension>
            <ns3:hr>132</ns3:hr>
            <ns3:cad>93</ns3:cad>
          </ns3:TrackPointExtension>
        </extensions>
      </trkpt>
      <trkpt lat="23.1741402111947536468505859375" lon="113.4301994740962982177734375">
        <ele>19.3999996185302734375</ele>
        <time>2026-02-24T23:36:35.000Z</time>
        <extensions>
          <ns3:TrackPointExtension>
            <ns3:hr>132</ns3:hr>
            <ns3:cad>93</ns3:cad>
          </ns3:TrackPointExtension>
        </extensions>
      </trkpt>
      <trkpt lat="23.1741355173289775848388671875" lon="113.43017692677676677703857421875">
        <ele>19.3999996185302734375</ele>
        <time>2026-02-24T23:36:36.000Z</time>
        <extensions>
          <ns3:TrackPointExtension>
            <ns3:hr>133</ns3:hr>
            <ns3:cad>92</ns3:cad>
          </ns3:TrackPointExtension>
        </extensions>
      </trkpt>
      <trkpt lat="23.17414063028991222381591796875" lon="113.4301458299160003662109375">
        <ele>19.3999996185302734375</ele>
        <time>2026-02-24T23:36:37.000Z</time>
        <extensions>
          <ns3:TrackPointExtension>
            <ns3:hr>132</ns3:hr>
            <ns3:cad>92</ns3:cad>
          </ns3:TrackPointExtension>
        </extensions>
      </trkpt>
      <trkpt lat="23.17413560114800930023193359375" lon="113.43012261204421520233154296875">
        <ele>19.200000762939453125</ele>
        <time>2026-02-24T23:36:38.000Z</time>
        <extensions>
          <ns3:TrackPointExtension>
            <ns3:hr>132</ns3:hr>
            <ns3:cad>92</ns3:cad>
          </ns3:TrackPointExtension>
        </extensions>
      </trkpt>
      <trkpt lat="23.1741385348141193389892578125" lon="113.430092521011829376220703125">
        <ele>19.200000762939453125</ele>
        <time>2026-02-24T23:36:39.000Z</time>
        <extensions>
          <ns3:TrackPointExtension>
            <ns3:hr>133</ns3:hr>
            <ns3:cad>92</ns3:cad>
          </ns3:TrackPointExtension>
        </extensions>
      </trkpt>
      <trkpt lat="23.1741335056722164154052734375" lon="113.430068381130695343017578125">
        <ele>19.200000762939453125</ele>
        <time>2026-02-24T23:36:40.000Z</time>
        <extensions>
          <ns3:TrackPointExtension>
            <ns3:hr>133</ns3:hr>
            <ns3:cad>92</ns3:cad>
          </ns3:TrackPointExtension>
        </extensions>
      </trkpt>
      <trkpt lat="23.17413744516670703887939453125" lon="113.4300385415554046630859375">
        <ele>19.200000762939453125</ele>
        <time>2026-02-24T23:36:41.000Z</time>
        <extensions>
          <ns3:TrackPointExtension>
            <ns3:hr>133</ns3:hr>
            <ns3:cad>91</ns3:cad>
          </ns3:TrackPointExtension>
        </extensions>
      </trkpt>
      <trkpt lat="23.17413543350994586944580078125" lon="113.4300125576555728912353515625">
        <ele>19.200000762939453125</ele>
        <time>2026-02-24T23:36:42.000Z</time>
        <extensions>
          <ns3:TrackPointExtension>
            <ns3:hr>134</ns3:hr>
            <ns3:cad>91</ns3:cad>
          </ns3:TrackPointExtension>
        </extensions>
      </trkpt>
      <trkpt lat="23.1741365231573581695556640625" lon="113.4299822151660919189453125">
        <ele>19.200000762939453125</ele>
        <time>2026-02-24T23:36:43.000Z</time>
        <extensions>
          <ns3:TrackPointExtension>
            <ns3:hr>134</ns3:hr>
            <ns3:cad>91</ns3:cad>
          </ns3:TrackPointExtension>
        </extensions>
      </trkpt>
      <trkpt lat="23.17413426004350185394287109375" lon="113.42995396815240383148193359375">
        <ele>19.200000762939453125</ele>
        <time>2026-02-24T23:36:44.000Z</time>
        <extensions>
          <ns3:TrackPointExtension>
            <ns3:hr>135</ns3:hr>
            <ns3:cad>90</ns3:cad>
          </ns3:TrackPointExtension>
        </extensions>
      </trkpt>
      <trkpt lat="23.1741328351199626922607421875" lon="113.42992647551000118255615234375">
        <ele>19.200000762939453125</ele>
        <time>2026-02-24T23:36:45.000Z</time>
        <extensions>
          <ns3:TrackPointExtension>
            <ns3:hr>135</ns3:hr>
            <ns3:cad>90</ns3:cad>
          </ns3:TrackPointExtension>
        </extensions>
      </trkpt>
      <trkpt lat="23.1741318292915821075439453125" lon="113.42989780940115451812744140625">
        <ele>19.200000762939453125</ele>
        <time>2026-02-24T23:36:46.000Z</time>
        <extensions>
          <ns3:TrackPointExtension>
            <ns3:hr>135</ns3:hr>
            <ns3:cad>90</ns3:cad>
          </ns3:TrackPointExtension>
        </extensions>
      </trkpt>
      <trkpt lat="23.17413124255836009979248046875" lon="113.4298717416822910308837890625">
        <ele>19.200000762939453125</ele>
        <time>2026-02-24T23:36:47.000Z</time>
        <extensions>
          <ns3:TrackPointExtension>
            <ns3:hr>135</ns3:hr>
            <ns3:cad>91</ns3:cad>
          </ns3:TrackPointExtension>
        </extensions>
      </trkpt>
      <trkpt lat="23.1741301529109477996826171875" lon="113.42984139919281005859375">
        <ele>19.200000762939453125</ele>
        <time>2026-02-24T23:36:48.000Z</time>
        <extensions>
          <ns3:TrackPointExtension>
            <ns3:hr>135</ns3:hr>
            <ns3:cad>91</ns3:cad>
          </ns3:TrackPointExtension>
        </extensions>
      </trkpt>
      <trkpt lat="23.17412830889225006103515625" lon="113.42981164343655109405517578125">
        <ele>19.200000762939453125</ele>
        <time>2026-02-24T23:36:49.000Z</time>
        <extensions>
          <ns3:TrackPointExtension>
            <ns3:hr>135</ns3:hr>
            <ns3:cad>91</ns3:cad>
          </ns3:TrackPointExtension>
        </extensions>
      </trkpt>
      <trkpt lat="23.17412696778774261474609375" lon="113.4297838993370532989501953125">
        <ele>19.200000762939453125</ele>
        <time>2026-02-24T23:36:50.000Z</time>
        <extensions>
          <ns3:TrackPointExtension>
            <ns3:hr>136</ns3:hr>
            <ns3:cad>91</ns3:cad>
          </ns3:TrackPointExtension>
        </extensions>
      </trkpt>
      <trkpt lat="23.1741298176348209381103515625" lon="113.4297587536275386810302734375">
        <ele>19.200000762939453125</ele>
        <time>2026-02-24T23:36:51.000Z</time>
        <extensions>
          <ns3:TrackPointExtension>
            <ns3:hr>136</ns3:hr>
            <ns3:cad>91</ns3:cad>
          </ns3:TrackPointExtension>
        </extensions>
      </trkpt>
      <trkpt lat="23.17412956617772579193115234375" lon="113.4297339431941509246826171875">
        <ele>19.200000762939453125</ele>
        <time>2026-02-24T23:36:52.000Z</time>
        <extensions>
          <ns3:TrackPointExtension>
            <ns3:hr>136</ns3:hr>
            <ns3:cad>90</ns3:cad>
          </ns3:TrackPointExtension>
        </extensions>
      </trkpt>
      <trkpt lat="23.1741289794445037841796875" lon="113.42970854602754116058349609375">
        <ele>19</ele>
        <time>2026-02-24T23:36:53.000Z</time>
        <extensions>
          <ns3:TrackPointExtension>
            <ns3:hr>135</ns3:hr>
            <ns3:cad>90</ns3:cad>
          </ns3:TrackPointExtension>
        </extensions>
      </trkpt>
      <trkpt lat="23.1741284765303134918212890625" lon="113.42968239448964595794677734375">
        <ele>19.200000762939453125</ele>
        <time>2026-02-24T23:36:54.000Z</time>
        <extensions>
          <ns3:TrackPointExtension>
            <ns3:hr>136</ns3:hr>
            <ns3:cad>90</ns3:cad>
          </ns3:TrackPointExtension>
        </extensions>
      </trkpt>
      <trkpt lat="23.1741343438625335693359375" lon="113.429653644561767578125">
        <ele>19.200000762939453125</ele>
        <time>2026-02-24T23:36:55.000Z</time>
        <extensions>
          <ns3:TrackPointExtension>
            <ns3:hr>135</ns3:hr>
            <ns3:cad>89</ns3:cad>
          </ns3:TrackPointExtension>
        </extensions>
      </trkpt>
      <trkpt lat="23.17413241602480411529541015625" lon="113.42963176779448986053466796875">
        <ele>19.3999996185302734375</ele>
        <time>2026-02-24T23:36:56.000Z</time>
        <extensions>
          <ns3:TrackPointExtension>
            <ns3:hr>135</ns3:hr>
            <ns3:cad>89</ns3:cad>
          </ns3:TrackPointExtension>
        </extensions>
      </trkpt>
      <trkpt lat="23.17413778044283390045166015625" lon="113.429601676762104034423828125">
        <ele>19.3999996185302734375</ele>
        <time>2026-02-24T23:36:57.000Z</time>
        <extensions>
          <ns3:TrackPointExtension>
            <ns3:hr>135</ns3:hr>
            <ns3:cad>88</ns3:cad>
          </ns3:TrackPointExtension>
        </extensions>
      </trkpt>
      <trkpt lat="23.17413476295769214630126953125" lon="113.42958114109933376312255859375">
        <ele>19.6000003814697265625</ele>
        <time>2026-02-24T23:36:58.000Z</time>
        <extensions>
          <ns3:TrackPointExtension>
            <ns3:hr>136</ns3:hr>
            <ns3:cad>88</ns3:cad>
          </ns3:TrackPointExtension>
        </extensions>
      </trkpt>
      <trkpt lat="23.1741361878812313079833984375" lon="113.42955180443823337554931640625">
        <ele>19.6000003814697265625</ele>
        <time>2026-02-24T23:36:59.000Z</time>
        <extensions>
          <ns3:TrackPointExtension>
            <ns3:hr>135</ns3:hr>
            <ns3:cad>88</ns3:cad>
          </ns3:TrackPointExtension>
        </extensions>
      </trkpt>
      <trkpt lat="23.174136690795421600341796875" lon="113.42953118495643138885498046875">
        <ele>19.6000003814697265625</ele>
        <time>2026-02-24T23:37:00.000Z</time>
        <extensions>
          <ns3:TrackPointExtension>
            <ns3:hr>135</ns3:hr>
            <ns3:cad>88</ns3:cad>
          </ns3:TrackPointExtension>
        </extensions>
      </trkpt>
      <trkpt lat="23.1741358526051044464111328125" lon="113.4295022673904895782470703125">
        <ele>19.6000003814697265625</ele>
        <time>2026-02-24T23:37:01.000Z</time>
        <extensions>
          <ns3:TrackPointExtension>
            <ns3:hr>136</ns3:hr>
            <ns3:cad>88</ns3:cad>
          </ns3:TrackPointExtension>
        </extensions>
      </trkpt>
      <trkpt lat="23.174135349690914154052734375" lon="113.42948055826127529144287109375">
        <ele>19.6000003814697265625</ele>
        <time>2026-02-24T23:37:02.000Z</time>
        <extensions>
          <ns3:TrackPointExtension>
            <ns3:hr>135</ns3:hr>
            <ns3:cad>89</ns3:cad>
          </ns3:TrackPointExtension>
        </extensions>
      </trkpt>
      <trkpt lat="23.174138702452182769775390625" lon="113.42945055104792118072509765625">
        <ele>19.3999996185302734375</ele>
        <time>2026-02-24T23:37:03.000Z</time>
        <extensions>
          <ns3:TrackPointExtension>
            <ns3:hr>134</ns3:hr>
            <ns3:cad>89</ns3:cad>
          </ns3:TrackPointExtension>
        </extensions>
      </trkpt>
      <trkpt lat="23.17414230667054653167724609375" lon="113.4294187836349010467529296875">
        <ele>19.3999996185302734375</ele>
        <time>2026-02-24T23:37:04.000Z</time>
        <extensions>
          <ns3:TrackPointExtension>
            <ns3:hr>133</ns3:hr>
            <ns3:cad>89</ns3:cad>
          </ns3:TrackPointExtension>
        </extensions>
      </trkpt>
      <trkpt lat="23.1741475872695446014404296875" lon="113.4293892793357372283935546875">
        <ele>19.3999996185302734375</ele>
        <time>2026-02-24T23:37:05.000Z</time>
        <extensions>
          <ns3:TrackPointExtension>
            <ns3:hr>133</ns3:hr>
            <ns3:cad>90</ns3:cad>
          </ns3:TrackPointExtension>
        </extensions>
      </trkpt>
      <trkpt lat="23.174146749079227447509765625" lon="113.429364301264286041259765625">
        <ele>19.200000762939453125</ele>
        <time>2026-02-24T23:37:06.000Z</time>
        <extensions>
          <ns3:TrackPointExtension>
            <ns3:hr>133</ns3:hr>
            <ns3:cad>91</ns3:cad>
          </ns3:TrackPointExtension>
        </extensions>
      </trkpt>
      <trkpt lat="23.174152113497257232666015625" lon="113.42933638952672481536865234375">
        <ele>19.200000762939453125</ele>
        <time>2026-02-24T23:37:07.000Z</time>
        <extensions>
          <ns3:TrackPointExtension>
            <ns3:hr>133</ns3:hr>
            <ns3:cad>91</ns3:cad>
          </ns3:TrackPointExtension>
        </extensions>
      </trkpt>
      <trkpt lat="23.174155466258525848388671875" lon="113.42931493185460567474365234375">
        <ele>19</ele>
        <time>2026-02-24T23:37:08.000Z</time>
        <extensions>
          <ns3:TrackPointExtension>
            <ns3:hr>133</ns3:hr>
            <ns3:cad>90</ns3:cad>
          </ns3:TrackPointExtension>
        </extensions>
      </trkpt>
      <trkpt lat="23.17415487952530384063720703125" lon="113.4292853437364101409912109375">
        <ele>19</ele>
        <time>2026-02-24T23:37:09.000Z</time>
        <extensions>
          <ns3:TrackPointExtension>
            <ns3:hr>134</ns3:hr>
            <ns3:cad>90</ns3:cad>
          </ns3:TrackPointExtension>
        </extensions>
      </trkpt>
      <trkpt lat="23.174158148467540740966796875" lon="113.42925944365561008453369140625">
        <ele>19</ele>
        <time>2026-02-24T23:37:10.000Z</time>
        <extensions>
          <ns3:TrackPointExtension>
            <ns3:hr>134</ns3:hr>
            <ns3:cad>90</ns3:cad>
          </ns3:TrackPointExtension>
        </extensions>
      </trkpt>
      <trkpt lat="23.17415378987789154052734375" lon="113.42923262156546115875244140625">
        <ele>19</ele>
        <time>2026-02-24T23:37:11.000Z</time>
        <extensions>
          <ns3:TrackPointExtension>
            <ns3:hr>134</ns3:hr>
            <ns3:cad>90</ns3:cad>
          </ns3:TrackPointExtension>
        </extensions>
      </trkpt>
      <trkpt lat="23.1741532869637012481689453125" lon="113.42920512892305850982666015625">
        <ele>19</ele>
        <time>2026-02-24T23:37:12.000Z</time>
        <extensions>
          <ns3:TrackPointExtension>
            <ns3:hr>134</ns3:hr>
            <ns3:cad>90</ns3:cad>
          </ns3:TrackPointExtension>
        </extensions>
      </trkpt>
      <trkpt lat="23.1741516105830669403076171875" lon="113.429176546633243560791015625">
        <ele>19</ele>
        <time>2026-02-24T23:37:13.000Z</time>
        <extensions>
          <ns3:TrackPointExtension>
            <ns3:hr>134</ns3:hr>
            <ns3:cad>92</ns3:cad>
          </ns3:TrackPointExtension>
        </extensions>
      </trkpt>
      <trkpt lat="23.17415052093565464019775390625" lon="113.4291492216289043426513671875">
        <ele>19</ele>
        <time>2026-02-24T23:37:14.000Z</time>
        <extensions>
          <ns3:TrackPointExtension>
            <ns3:hr>134</ns3:hr>
            <ns3:cad>92</ns3:cad>
          </ns3:TrackPointExtension>
        </extensions>
      </trkpt>
      <trkpt lat="23.17414767108857631683349609375" lon="113.42912734486162662506103515625">
        <ele>19</ele>
        <time>2026-02-24T23:37:15.000Z</time>
        <extensions>
          <ns3:TrackPointExtension>
            <ns3:hr>134</ns3:hr>
            <ns3:cad>92</ns3:cad>
          </ns3:TrackPointExtension>
        </extensions>
      </trkpt>
      <trkpt lat="23.174148760735988616943359375" lon="113.42909331433475017547607421875">
        <ele>19</ele>
        <time>2026-02-24T23:37:16.000Z</time>
        <extensions>
          <ns3:TrackPointExtension>
            <ns3:hr>134</ns3:hr>
            <ns3:cad>92</ns3:cad>
          </ns3:TrackPointExtension>
        </extensions>
      </trkpt>
      <trkpt lat="23.1741469167172908782958984375" lon="113.42907101847231388092041015625">
        <ele>19.200000762939453125</ele>
        <time>2026-02-24T23:37:17.000Z</time>
        <extensions>
          <ns3:TrackPointExtension>
            <ns3:hr>134</ns3:hr>
            <ns3:cad>92</ns3:cad>
          </ns3:TrackPointExtension>
        </extensions>
      </trkpt>
      <trkpt lat="23.1741536222398281097412109375" lon="113.42903967015445232391357421875">
        <ele>19.200000762939453125</ele>
        <time>2026-02-24T23:37:18.000Z</time>
        <extensions>
          <ns3:TrackPointExtension>
            <ns3:hr>135</ns3:hr>
            <ns3:cad>93</ns3:cad>
          </ns3:TrackPointExtension>
        </extensions>
      </trkpt>
      <trkpt lat="23.1741479225456714630126953125" lon="113.42901594936847686767578125">
        <ele>19.3999996185302734375</ele>
        <time>2026-02-24T23:37:19.000Z</time>
        <extensions>
          <ns3:TrackPointExtension>
            <ns3:hr>135</ns3:hr>
            <ns3:cad>93</ns3:cad>
          </ns3:TrackPointExtension>
        </extensions>
      </trkpt>
      <trkpt lat="23.1741499342024326324462890625" lon="113.428982086479663848876953125">
        <ele>19.3999996185302734375</ele>
        <time>2026-02-24T23:37:20.000Z</time>
        <extensions>
          <ns3:TrackPointExtension>
            <ns3:hr>136</ns3:hr>
            <ns3:cad>93</ns3:cad>
          </ns3:TrackPointExtension>
        </extensions>
      </trkpt>
      <trkpt lat="23.17414884455502033233642578125" lon="113.4289607964456081390380859375">
        <ele>19.3999996185302734375</ele>
        <time>2026-02-24T23:37:21.000Z</time>
        <extensions>
          <ns3:TrackPointExtension>
            <ns3:hr>136</ns3:hr>
            <ns3:cad>92</ns3:cad>
          </ns3:TrackPointExtension>
        </extensions>
      </trkpt>
      <trkpt lat="23.17415270023047924041748046875" lon="113.42893171124160289764404296875">
        <ele>19.3999996185302734375</ele>
        <time>2026-02-24T23:37:22.000Z</time>
        <extensions>
          <ns3:TrackPointExtension>
            <ns3:hr>136</ns3:hr>
            <ns3:cad>90</ns3:cad>
          </ns3:TrackPointExtension>
        </extensions>
      </trkpt>
      <trkpt lat="23.17415135912597179412841796875" lon="113.42890740372240543365478515625">
        <ele>19.6000003814697265625</ele>
        <time>2026-02-24T23:37:23.000Z</time>
        <extensions>
          <ns3:TrackPointExtension>
            <ns3:hr>137</ns3:hr>
            <ns3:cad>89</ns3:cad>
          </ns3:TrackPointExtension>
        </extensions>
      </trkpt>
      <trkpt lat="23.1741546280682086944580078125" lon="113.42887806706130504608154296875">
        <ele>19.6000003814697265625</ele>
        <time>2026-02-24T23:37:24.000Z</time>
        <extensions>
          <ns3:TrackPointExtension>
            <ns3:hr>137</ns3:hr>
            <ns3:cad>89</ns3:cad>
          </ns3:TrackPointExtension>
        </extensions>
      </trkpt>
      <trkpt lat="23.1741502694785594940185546875" lon="113.42885510064661502838134765625">
        <ele>19.3999996185302734375</ele>
        <time>2026-02-24T23:37:25.000Z</time>
        <extensions>
          <ns3:TrackPointExtension>
            <ns3:hr>137</ns3:hr>
            <ns3:cad>89</ns3:cad>
          </ns3:TrackPointExtension>
        </extensions>
      </trkpt>
      <trkpt lat="23.174154460430145263671875" lon="113.4288266859948635101318359375">
        <ele>19.3999996185302734375</ele>
        <time>2026-02-24T23:37:26.000Z</time>
        <extensions>
          <ns3:TrackPointExtension>
            <ns3:hr>137</ns3:hr>
            <ns3:cad>89</ns3:cad>
          </ns3:TrackPointExtension>
        </extensions>
      </trkpt>
      <trkpt lat="23.174149096012115478515625" lon="113.42880380339920520782470703125">
        <ele>19.3999996185302734375</ele>
        <time>2026-02-24T23:37:27.000Z</time>
        <extensions>
          <ns3:TrackPointExtension>
            <ns3:hr>137</ns3:hr>
            <ns3:cad>90</ns3:cad>
          </ns3:TrackPointExtension>
        </extensions>
      </trkpt>
      <trkpt lat="23.1741526164114475250244140625" lon="113.42877195216715335845947265625">
        <ele>19.200000762939453125</ele>
        <time>2026-02-24T23:37:28.000Z</time>
        <extensions>
          <ns3:TrackPointExtension>
            <ns3:hr>137</ns3:hr>
            <ns3:cad>91</ns3:cad>
          </ns3:TrackPointExtension>
        </extensions>
      </trkpt>
      <trkpt lat="23.1741477549076080322265625" lon="113.42874999158084392547607421875">
        <ele>19.200000762939453125</ele>
        <time>2026-02-24T23:37:29.000Z</time>
        <extensions>
          <ns3:TrackPointExtension>
            <ns3:hr>137</ns3:hr>
            <ns3:cad>91</ns3:cad>
          </ns3:TrackPointExtension>
        </extensions>
      </trkpt>
      <trkpt lat="23.17415186204016208648681640625" lon="113.42871629633009433746337890625">
        <ele>19.200000762939453125</ele>
        <time>2026-02-24T23:37:30.000Z</time>
        <extensions>
          <ns3:TrackPointExtension>
            <ns3:hr>138</ns3:hr>
            <ns3:cad>92</ns3:cad>
          </ns3:TrackPointExtension>
        </extensions>
      </trkpt>
      <trkpt lat="23.17414985038340091705322265625" lon="113.4286878816783428192138671875">
        <ele>19</ele>
        <time>2026-02-24T23:37:31.000Z</time>
        <extensions>
          <ns3:TrackPointExtension>
            <ns3:hr>138</ns3:hr>
            <ns3:cad>92</ns3:cad>
          </ns3:TrackPointExtension>
        </extensions>
      </trkpt>
      <trkpt lat="23.17415504716336727142333984375" lon="113.42865544371306896209716796875">
        <ele>19</ele>
        <time>2026-02-24T23:37:32.000Z</time>
        <extensions>
          <ns3:TrackPointExtension>
            <ns3:hr>138</ns3:hr>
            <ns3:cad>92</ns3:cad>
          </ns3:TrackPointExtension>
        </extensions>
      </trkpt>
      <trkpt lat="23.1741492636501789093017578125" lon="113.42863314785063266754150390625">
        <ele>19</ele>
        <time>2026-02-24T23:37:33.000Z</time>
        <extensions>
          <ns3:TrackPointExtension>
            <ns3:hr>138</ns3:hr>
            <ns3:cad>90</ns3:cad>
          </ns3:TrackPointExtension>
        </extensions>
      </trkpt>
      <trkpt lat="23.17415420897305011749267578125" lon="113.42860288918018341064453125">
        <ele>19</ele>
        <time>2026-02-24T23:37:34.000Z</time>
        <extensions>
          <ns3:TrackPointExtension>
            <ns3:hr>138</ns3:hr>
            <ns3:cad>90</ns3:cad>
          </ns3:TrackPointExtension>
        </extensions>
      </trkpt>
      <trkpt lat="23.17414750345051288604736328125" lon="113.42857933603227138519287109375">
        <ele>19</ele>
        <time>2026-02-24T23:37:35.000Z</time>
        <extensions>
          <ns3:TrackPointExtension>
            <ns3:hr>138</ns3:hr>
            <ns3:cad>89</ns3:cad>
          </ns3:TrackPointExtension>
        </extensions>
      </trkpt>
      <trkpt lat="23.1741529516875743865966796875" lon="113.42855284921824932098388671875">
        <ele>19</ele>
        <time>2026-02-24T23:37:36.000Z</time>
        <extensions>
          <ns3:TrackPointExtension>
            <ns3:hr>138</ns3:hr>
            <ns3:cad>89</ns3:cad>
          </ns3:TrackPointExtension>
        </extensions>
      </trkpt>
      <trkpt lat="23.1741472519934177398681640625" lon="113.428532145917415618896484375">
        <ele>19</ele>
        <time>2026-02-24T23:37:37.000Z</time>
        <extensions>
          <ns3:TrackPointExtension>
            <ns3:hr>139</ns3:hr>
            <ns3:cad>89</ns3:cad>
          </ns3:TrackPointExtension>
        </extensions>
      </trkpt>
      <trkpt lat="23.17415353842079639434814453125" lon="113.42850121669471263885498046875">
        <ele>19</ele>
        <time>2026-02-24T23:37:38.000Z</time>
        <extensions>
          <ns3:TrackPointExtension>
            <ns3:hr>138</ns3:hr>
            <ns3:cad>89</ns3:cad>
          </ns3:TrackPointExtension>
        </extensions>
      </trkpt>
      <trkpt lat="23.17415202967822551727294921875" lon="113.42847841791808605194091796875">
        <ele>19</ele>
        <time>2026-02-24T23:37:39.000Z</time>
        <extensions>
          <ns3:TrackPointExtension>
            <ns3:hr>138</ns3:hr>
            <ns3:cad>89</ns3:cad>
          </ns3:TrackPointExtension>
        </extensions>
      </trkpt>
      <trkpt lat="23.174158148467540740966796875" lon="113.428449667990207672119140625">
        <ele>18.799999237060546875</ele>
        <time>2026-02-24T23:37:40.000Z</time>
        <extensions>
          <ns3:TrackPointExtension>
            <ns3:hr>138</ns3:hr>
            <ns3:cad>89</ns3:cad>
          </ns3:TrackPointExtension>
        </extensions>
      </trkpt>
      <trkpt lat="23.1741546280682086944580078125" lon="113.42842477373778820037841796875">
        <ele>18.799999237060546875</ele>
        <time>2026-02-24T23:37:41.000Z</time>
        <extensions>
          <ns3:TrackPointExtension>
            <ns3:hr>138</ns3:hr>
            <ns3:cad>89</ns3:cad>
          </ns3:TrackPointExtension>
        </extensions>
      </trkpt>
      <trkpt lat="23.174158148467540740966796875" lon="113.42839359305799007415771484375">
        <ele>18.799999237060546875</ele>
        <time>2026-02-24T23:37:42.000Z</time>
        <extensions>
          <ns3:TrackPointExtension>
            <ns3:hr>138</ns3:hr>
            <ns3:cad>89</ns3:cad>
          </ns3:TrackPointExtension>
        </extensions>
      </trkpt>
      <trkpt lat="23.17415404133498668670654296875" lon="113.42836819589138031005859375">
        <ele>18.799999237060546875</ele>
        <time>2026-02-24T23:37:43.000Z</time>
        <extensions>
          <ns3:TrackPointExtension>
            <ns3:hr>138</ns3:hr>
            <ns3:cad>90</ns3:cad>
          </ns3:TrackPointExtension>
        </extensions>
      </trkpt>
      <trkpt lat="23.174154125154018402099609375" lon="113.42833642847836017608642578125">
        <ele>18.799999237060546875</ele>
        <time>2026-02-24T23:37:44.000Z</time>
        <extensions>
          <ns3:TrackPointExtension>
            <ns3:hr>139</ns3:hr>
            <ns3:cad>90</ns3:cad>
          </ns3:TrackPointExtension>
        </extensions>
      </trkpt>
      <trkpt lat="23.174150101840496063232421875" lon="113.42830943875014781951904296875">
        <ele>18.799999237060546875</ele>
        <time>2026-02-24T23:37:45.000Z</time>
        <extensions>
          <ns3:TrackPointExtension>
            <ns3:hr>138</ns3:hr>
            <ns3:cad>90</ns3:cad>
          </ns3:TrackPointExtension>
        </extensions>
      </trkpt>
      <trkpt lat="23.174155466258525848388671875" lon="113.42828102409839630126953125">
        <ele>18.799999237060546875</ele>
        <time>2026-02-24T23:37:46.000Z</time>
        <extensions>
          <ns3:TrackPointExtension>
            <ns3:hr>138</ns3:hr>
            <ns3:cad>90</ns3:cad>
          </ns3:TrackPointExtension>
        </extensions>
      </trkpt>
      <trkpt lat="23.17415236495435237884521484375" lon="113.42825998552143573760986328125">
        <ele>19</ele>
        <time>2026-02-24T23:37:47.000Z</time>
        <extensions>
          <ns3:TrackPointExtension>
            <ns3:hr>138</ns3:hr>
            <ns3:cad>90</ns3:cad>
          </ns3:TrackPointExtension>
        </extensions>
      </trkpt>
      <trkpt lat="23.17414850927889347076416015625" lon="113.42822545208036899566650390625">
        <ele>19.200000762939453125</ele>
        <time>2026-02-24T23:37:48.000Z</time>
        <extensions>
          <ns3:TrackPointExtension>
            <ns3:hr>137</ns3:hr>
            <ns3:cad>90</ns3:cad>
          </ns3:TrackPointExtension>
        </extensions>
      </trkpt>
      <trkpt lat="23.1741432286798954010009765625" lon="113.428200222551822662353515625">
        <ele>19.200000762939453125</ele>
        <time>2026-02-24T23:37:49.000Z</time>
        <extensions>
          <ns3:TrackPointExtension>
            <ns3:hr>137</ns3:hr>
            <ns3:cad>90</ns3:cad>
          </ns3:TrackPointExtension>
        </extensions>
      </trkpt>
      <trkpt lat="23.1741495989263057708740234375" lon="113.42816795222461223602294921875">
        <ele>19.200000762939453125</ele>
        <time>2026-02-24T23:37:50.000Z</time>
        <extensions>
          <ns3:TrackPointExtension>
            <ns3:hr>136</ns3:hr>
            <ns3:cad>90</ns3:cad>
          </ns3:TrackPointExtension>
        </extensions>
      </trkpt>
      <trkpt lat="23.17414440214633941650390625" lon="113.4281449019908905029296875">
        <ele>19.200000762939453125</ele>
        <time>2026-02-24T23:37:51.000Z</time>
        <extensions>
          <ns3:TrackPointExtension>
            <ns3:hr>136</ns3:hr>
            <ns3:cad>90</ns3:cad>
          </ns3:TrackPointExtension>
        </extensions>
      </trkpt>
      <trkpt lat="23.1741449050605297088623046875" lon="113.42811078764498233795166015625">
        <ele>19</ele>
        <time>2026-02-24T23:37:52.000Z</time>
        <extensions>
          <ns3:TrackPointExtension>
            <ns3:hr>135</ns3:hr>
            <ns3:cad>90</ns3:cad>
          </ns3:TrackPointExtension>
        </extensions>
      </trkpt>
      <trkpt lat="23.1741449050605297088623046875" lon="113.42808790504932403564453125">
        <ele>19</ele>
        <time>2026-02-24T23:37:53.000Z</time>
        <extensions>
          <ns3:TrackPointExtension>
            <ns3:hr>134</ns3:hr>
            <ns3:cad>90</ns3:cad>
          </ns3:TrackPointExtension>
        </extensions>
      </trkpt>
      <trkpt lat="23.174154460430145263671875" lon="113.42805596999824047088623046875">
        <ele>19</ele>
        <time>2026-02-24T23:37:54.000Z</time>
        <extensions>
          <ns3:TrackPointExtension>
            <ns3:hr>134</ns3:hr>
            <ns3:cad>90</ns3:cad>
          </ns3:TrackPointExtension>
        </extensions>
      </trkpt>
      <trkpt lat="23.1741536222398281097412109375" lon="113.4280364401638507843017578125">
        <ele>19</ele>
        <time>2026-02-24T23:37:55.000Z</time>
        <extensions>
          <ns3:TrackPointExtension>
            <ns3:hr>134</ns3:hr>
            <ns3:cad>89</ns3:cad>
          </ns3:TrackPointExtension>
        </extensions>
      </trkpt>
      <trkpt lat="23.17415739409625530242919921875" lon="113.42801020480692386627197265625">
        <ele>19</ele>
        <time>2026-02-24T23:37:56.000Z</time>
        <extensions>
          <ns3:TrackPointExtension>
            <ns3:hr>134</ns3:hr>
            <ns3:cad>89</ns3:cad>
          </ns3:TrackPointExtension>
        </extensions>
      </trkpt>
      <trkpt lat="23.1741546280682086944580078125" lon="113.4279901720583438873291015625">
        <ele>19</ele>
        <time>2026-02-24T23:37:57.000Z</time>
        <extensions>
          <ns3:TrackPointExtension>
            <ns3:hr>134</ns3:hr>
            <ns3:cad>90</ns3:cad>
          </ns3:TrackPointExtension>
        </extensions>
      </trkpt>
      <trkpt lat="23.17415186204016208648681640625" lon="113.4279599972069263458251953125">
        <ele>19</ele>
        <time>2026-02-24T23:37:58.000Z</time>
        <extensions>
          <ns3:TrackPointExtension>
            <ns3:hr>134</ns3:hr>
            <ns3:cad>90</ns3:cad>
          </ns3:TrackPointExtension>
        </extensions>
      </trkpt>
      <trkpt lat="23.1741504371166229248046875" lon="113.427937366068363189697265625">
        <ele>19.200000762939453125</ele>
        <time>2026-02-24T23:37:59.000Z</time>
        <extensions>
          <ns3:TrackPointExtension>
            <ns3:hr>134</ns3:hr>
            <ns3:cad>90</ns3:cad>
          </ns3:TrackPointExtension>
        </extensions>
      </trkpt>
      <trkpt lat="23.17415253259241580963134765625" lon="113.42790911905467510223388671875">
        <ele>19.200000762939453125</ele>
        <time>2026-02-24T23:38:00.000Z</time>
        <extensions>
          <ns3:TrackPointExtension>
            <ns3:hr>135</ns3:hr>
            <ns3:cad>90</ns3:cad>
          </ns3:TrackPointExtension>
        </extensions>
      </trkpt>
      <trkpt lat="23.17414767108857631683349609375" lon="113.427887074649333953857421875">
        <ele>19.200000762939453125</ele>
        <time>2026-02-24T23:38:01.000Z</time>
        <extensions>
          <ns3:TrackPointExtension>
            <ns3:hr>135</ns3:hr>
            <ns3:cad>91</ns3:cad>
          </ns3:TrackPointExtension>
        </extensions>
      </trkpt>
      <trkpt lat="23.1741512753069400787353515625" lon="113.42786067165434360504150390625">
        <ele>19.200000762939453125</ele>
        <time>2026-02-24T23:38:02.000Z</time>
        <extensions>
          <ns3:TrackPointExtension>
            <ns3:hr>135</ns3:hr>
            <ns3:cad>91</ns3:cad>
          </ns3:TrackPointExtension>
        </extensions>
      </trkpt>
      <trkpt lat="23.17414565943181514739990234375" lon="113.4278379566967487335205078125">
        <ele>19</ele>
        <time>2026-02-24T23:38:03.000Z</time>
        <extensions>
          <ns3:TrackPointExtension>
            <ns3:hr>134</ns3:hr>
            <ns3:cad>91</ns3:cad>
          </ns3:TrackPointExtension>
        </extensions>
      </trkpt>
      <trkpt lat="23.1741512753069400787353515625" lon="113.42781054787337779998779296875">
        <ele>18.799999237060546875</ele>
        <time>2026-02-24T23:38:04.000Z</time>
        <extensions>
          <ns3:TrackPointExtension>
            <ns3:hr>134</ns3:hr>
            <ns3:cad>91</ns3:cad>
          </ns3:TrackPointExtension>
        </extensions>
      </trkpt>
      <trkpt lat="23.1741485930979251861572265625" lon="113.42778615653514862060546875">
        <ele>18.799999237060546875</ele>
        <time>2026-02-24T23:38:05.000Z</time>
        <extensions>
          <ns3:TrackPointExtension>
            <ns3:hr>133</ns3:hr>
            <ns3:cad>89</ns3:cad>
          </ns3:TrackPointExtension>
        </extensions>
      </trkpt>
      <trkpt lat="23.1741529516875743865966796875" lon="113.42776025645434856414794921875">
        <ele>18.799999237060546875</ele>
        <time>2026-02-24T23:38:06.000Z</time>
        <extensions>
          <ns3:TrackPointExtension>
            <ns3:hr>133</ns3:hr>
            <ns3:cad>89</ns3:cad>
          </ns3:TrackPointExtension>
        </extensions>
      </trkpt>
      <trkpt lat="23.17415035329759120941162109375" lon="113.4277372062206268310546875">
        <ele>18.799999237060546875</ele>
        <time>2026-02-24T23:38:07.000Z</time>
        <extensions>
          <ns3:TrackPointExtension>
            <ns3:hr>133</ns3:hr>
            <ns3:cad>89</ns3:cad>
          </ns3:TrackPointExtension>
        </extensions>
      </trkpt>
      <trkpt lat="23.17415404133498668670654296875" lon="113.42770778574049472808837890625">
        <ele>18.799999237060546875</ele>
        <time>2026-02-24T23:38:08.000Z</time>
        <extensions>
          <ns3:TrackPointExtension>
            <ns3:hr>133</ns3:hr>
            <ns3:cad>89</ns3:cad>
          </ns3:TrackPointExtension>
        </extensions>
      </trkpt>
      <trkpt lat="23.1741526164114475250244140625" lon="113.42768079601228237152099609375">
        <ele>18.799999237060546875</ele>
        <time>2026-02-24T23:38:09.000Z</time>
        <extensions>
          <ns3:TrackPointExtension>
            <ns3:hr>132</ns3:hr>
            <ns3:cad>90</ns3:cad>
          </ns3:TrackPointExtension>
        </extensions>
      </trkpt>
      <trkpt lat="23.17415622062981128692626953125" lon="113.427654393017292022705078125">
        <ele>18.799999237060546875</ele>
        <time>2026-02-24T23:38:10.000Z</time>
        <extensions>
          <ns3:TrackPointExtension>
            <ns3:hr>133</ns3:hr>
            <ns3:cad>90</ns3:cad>
          </ns3:TrackPointExtension>
        </extensions>
      </trkpt>
      <trkpt lat="23.17415420897305011749267578125" lon="113.42762715183198451995849609375">
        <ele>18.799999237060546875</ele>
        <time>2026-02-24T23:38:11.000Z</time>
        <extensions>
          <ns3:TrackPointExtension>
            <ns3:hr>132</ns3:hr>
            <ns3:cad>92</ns3:cad>
          </ns3:TrackPointExtension>
        </extensions>
      </trkpt>
      <trkpt lat="23.17415454424917697906494140625" lon="113.427601754665374755859375">
        <ele>18.799999237060546875</ele>
        <time>2026-02-24T23:38:12.000Z</time>
        <extensions>
          <ns3:TrackPointExtension>
            <ns3:hr>132</ns3:hr>
            <ns3:cad>92</ns3:cad>
          </ns3:TrackPointExtension>
        </extensions>
      </trkpt>
      <trkpt lat="23.17415571771562099456787109375" lon="113.4275730885565280914306640625">
        <ele>18.799999237060546875</ele>
        <time>2026-02-24T23:38:13.000Z</time>
        <extensions>
          <ns3:TrackPointExtension>
            <ns3:hr>132</ns3:hr>
            <ns3:cad>92</ns3:cad>
          </ns3:TrackPointExtension>
        </extensions>
      </trkpt>
      <trkpt lat="23.1741556338965892791748046875" lon="113.42754936777055263519287109375">
        <ele>19</ele>
        <time>2026-02-24T23:38:14.000Z</time>
        <extensions>
          <ns3:TrackPointExtension>
            <ns3:hr>131</ns3:hr>
            <ns3:cad>92</ns3:cad>
          </ns3:TrackPointExtension>
        </extensions>
      </trkpt>
      <trkpt lat="23.1741589866578578948974609375" lon="113.427526988089084625244140625">
        <ele>19</ele>
        <time>2026-02-24T23:38:15.000Z</time>
        <extensions>
          <ns3:TrackPointExtension>
            <ns3:hr>131</ns3:hr>
            <ns3:cad>91</ns3:cad>
          </ns3:TrackPointExtension>
        </extensions>
      </trkpt>
      <trkpt lat="23.17415856756269931793212890625" lon="113.42750393785536289215087890625">
        <ele>19</ele>
        <time>2026-02-24T23:38:16.000Z</time>
        <extensions>
          <ns3:TrackPointExtension>
            <ns3:hr>131</ns3:hr>
            <ns3:cad>91</ns3:cad>
          </ns3:TrackPointExtension>
        </extensions>
      </trkpt>
      <trkpt lat="23.1741623394191265106201171875" lon="113.4274770319461822509765625">
        <ele>19</ele>
        <time>2026-02-24T23:38:17.000Z</time>
        <extensions>
          <ns3:TrackPointExtension>
            <ns3:hr>131</ns3:hr>
            <ns3:cad>92</ns3:cad>
          </ns3:TrackPointExtension>
        </extensions>
      </trkpt>
      <trkpt lat="23.17416091449558734893798828125" lon="113.4274547360837459564208984375">
        <ele>19</ele>
        <time>2026-02-24T23:38:18.000Z</time>
        <extensions>
          <ns3:TrackPointExtension>
            <ns3:hr>131</ns3:hr>
            <ns3:cad>92</ns3:cad>
          </ns3:TrackPointExtension>
        </extensions>
      </trkpt>
      <trkpt lat="23.17416049540042877197265625" lon="113.427424393594264984130859375">
        <ele>19</ele>
        <time>2026-02-24T23:38:19.000Z</time>
        <extensions>
          <ns3:TrackPointExtension>
            <ns3:hr>131</ns3:hr>
            <ns3:cad>92</ns3:cad>
          </ns3:TrackPointExtension>
        </extensions>
      </trkpt>
      <trkpt lat="23.1741546280682086944580078125" lon="113.4273990802466869354248046875">
        <ele>19</ele>
        <time>2026-02-24T23:38:20.000Z</time>
        <extensions>
          <ns3:TrackPointExtension>
            <ns3:hr>131</ns3:hr>
            <ns3:cad>90</ns3:cad>
          </ns3:TrackPointExtension>
        </extensions>
      </trkpt>
      <trkpt lat="23.17414582706987857818603515625" lon="113.42737267725169658660888671875">
        <ele>19</ele>
        <time>2026-02-24T23:38:21.000Z</time>
        <extensions>
          <ns3:TrackPointExtension>
            <ns3:hr>131</ns3:hr>
            <ns3:cad>90</ns3:cad>
          </ns3:TrackPointExtension>
        </extensions>
      </trkpt>
      <trkpt lat="23.17413744516670703887939453125" lon="113.42734786681830883026123046875">
        <ele>19</ele>
        <time>2026-02-24T23:38:22.000Z</time>
        <extensions>
          <ns3:TrackPointExtension>
            <ns3:hr>132</ns3:hr>
            <ns3:cad>90</ns3:cad>
          </ns3:TrackPointExtension>
        </extensions>
      </trkpt>
      <trkpt lat="23.1741251237690448760986328125" lon="113.42732221819460391998291015625">
        <ele>19</ele>
        <time>2026-02-24T23:38:23.000Z</time>
        <extensions>
          <ns3:TrackPointExtension>
            <ns3:hr>132</ns3:hr>
            <ns3:cad>89</ns3:cad>
          </ns3:TrackPointExtension>
        </extensions>
      </trkpt>
      <trkpt lat="23.17411623895168304443359375" lon="113.42729288153350353240966796875">
        <ele>19</ele>
        <time>2026-02-24T23:38:24.000Z</time>
        <extensions>
          <ns3:TrackPointExtension>
            <ns3:hr>133</ns3:hr>
            <ns3:cad>89</ns3:cad>
          </ns3:TrackPointExtension>
        </extensions>
      </trkpt>
      <trkpt lat="23.17410090006887912750244140625" lon="113.42727108858525753021240234375">
        <ele>19</ele>
        <time>2026-02-24T23:38:25.000Z</time>
        <extensions>
          <ns3:TrackPointExtension>
            <ns3:hr>133</ns3:hr>
            <ns3:cad>88</ns3:cad>
          </ns3:TrackPointExtension>
        </extensions>
      </trkpt>
      <trkpt lat="23.17408539354801177978515625" lon="113.427247367799282073974609375">
        <ele>19</ele>
        <time>2026-02-24T23:38:26.000Z</time>
        <extensions>
          <ns3:TrackPointExtension>
            <ns3:hr>133</ns3:hr>
            <ns3:cad>88</ns3:cad>
          </ns3:TrackPointExtension>
        </extensions>
      </trkpt>
      <trkpt lat="23.17407106049358844757080078125" lon="113.4272458590567111968994140625">
        <ele>19</ele>
        <time>2026-02-24T23:38:27.000Z</time>
        <extensions>
          <ns3:TrackPointExtension>
            <ns3:hr>134</ns3:hr>
            <ns3:cad>88</ns3:cad>
          </ns3:TrackPointExtension>
        </extensions>
      </trkpt>
      <trkpt lat="23.1740538775920867919921875" lon="113.42725683934986591339111328125">
        <ele>19</ele>
        <time>2026-02-24T23:38:28.000Z</time>
        <extensions>
          <ns3:TrackPointExtension>
            <ns3:hr>134</ns3:hr>
            <ns3:cad>88</ns3:cad>
          </ns3:TrackPointExtension>
        </extensions>
      </trkpt>
      <trkpt lat="23.17404725588858127593994140625" lon="113.42727812938392162322998046875">
        <ele>19</ele>
        <time>2026-02-24T23:38:29.000Z</time>
        <extensions>
          <ns3:TrackPointExtension>
            <ns3:hr>135</ns3:hr>
            <ns3:cad>88</ns3:cad>
          </ns3:TrackPointExtension>
        </extensions>
      </trkpt>
      <trkpt lat="23.17404021508991718292236328125" lon="113.4273028559982776641845703125">
        <ele>19</ele>
        <time>2026-02-24T23:38:30.000Z</time>
        <extensions>
          <ns3:TrackPointExtension>
            <ns3:hr>135</ns3:hr>
            <ns3:cad>88</ns3:cad>
          </ns3:TrackPointExtension>
        </extensions>
      </trkpt>
      <trkpt lat="23.17403979599475860595703125" lon="113.4273253194987773895263671875">
        <ele>19</ele>
        <time>2026-02-24T23:38:31.000Z</time>
        <extensions>
          <ns3:TrackPointExtension>
            <ns3:hr>136</ns3:hr>
            <ns3:cad>88</ns3:cad>
          </ns3:TrackPointExtension>
        </extensions>
      </trkpt>
      <trkpt lat="23.17403619177639484405517578125" lon="113.42735356651246547698974609375">
        <ele>19</ele>
        <time>2026-02-24T23:38:32.000Z</time>
        <extensions>
          <ns3:TrackPointExtension>
            <ns3:hr>136</ns3:hr>
            <ns3:cad>88</ns3:cad>
          </ns3:TrackPointExtension>
        </extensions>
      </trkpt>
      <trkpt lat="23.17403753288090229034423828125" lon="113.42737577855587005615234375">
        <ele>19</ele>
        <time>2026-02-24T23:38:33.000Z</time>
        <extensions>
          <ns3:TrackPointExtension>
            <ns3:hr>136</ns3:hr>
            <ns3:cad>89</ns3:cad>
          </ns3:TrackPointExtension>
        </extensions>
      </trkpt>
      <trkpt lat="23.17403853870928287506103515625" lon="113.42740662395954132080078125">
        <ele>19</ele>
        <time>2026-02-24T23:38:34.000Z</time>
        <extensions>
          <ns3:TrackPointExtension>
            <ns3:hr>136</ns3:hr>
            <ns3:cad>89</ns3:cad>
          </ns3:TrackPointExtension>
        </extensions>
      </trkpt>
      <trkpt lat="23.1740429811179637908935546875" lon="113.4274272434413433074951171875">
        <ele>19</ele>
        <time>2026-02-24T23:38:35.000Z</time>
        <extensions>
          <ns3:TrackPointExtension>
            <ns3:hr>136</ns3:hr>
            <ns3:cad>89</ns3:cad>
          </ns3:TrackPointExtension>
        </extensions>
      </trkpt>
      <trkpt lat="23.17403736524283885955810546875" lon="113.42745666392147541046142578125">
        <ele>18.799999237060546875</ele>
        <time>2026-02-24T23:38:36.000Z</time>
        <extensions>
          <ns3:TrackPointExtension>
            <ns3:hr>137</ns3:hr>
            <ns3:cad>89</ns3:cad>
          </ns3:TrackPointExtension>
        </extensions>
      </trkpt>
      <trkpt lat="23.174041472375392913818359375" lon="113.42747929506003856658935546875">
        <ele>18.799999237060546875</ele>
        <time>2026-02-24T23:38:37.000Z</time>
        <extensions>
          <ns3:TrackPointExtension>
            <ns3:hr>136</ns3:hr>
            <ns3:cad>89</ns3:cad>
          </ns3:TrackPointExtension>
        </extensions>
      </trkpt>
      <trkpt lat="23.17403619177639484405517578125" lon="113.42750762589275836944580078125">
        <ele>18.799999237060546875</ele>
        <time>2026-02-24T23:38:38.000Z</time>
        <extensions>
          <ns3:TrackPointExtension>
            <ns3:hr>137</ns3:hr>
            <ns3:cad>90</ns3:cad>
          </ns3:TrackPointExtension>
        </extensions>
      </trkpt>
      <trkpt lat="23.17403803579509258270263671875" lon="113.42753268778324127197265625">
        <ele>18.799999237060546875</ele>
        <time>2026-02-24T23:38:39.000Z</time>
        <extensions>
          <ns3:TrackPointExtension>
            <ns3:hr>137</ns3:hr>
            <ns3:cad>90</ns3:cad>
          </ns3:TrackPointExtension>
        </extensions>
      </trkpt>
      <trkpt lat="23.17403309047222137451171875" lon="113.42755909077823162078857421875">
        <ele>18.799999237060546875</ele>
        <time>2026-02-24T23:38:40.000Z</time>
        <extensions>
          <ns3:TrackPointExtension>
            <ns3:hr>137</ns3:hr>
            <ns3:cad>90</ns3:cad>
          </ns3:TrackPointExtension>
        </extensions>
      </trkpt>
      <trkpt lat="23.174035437405109405517578125" lon="113.4275816380977630615234375">
        <ele>18.799999237060546875</ele>
        <time>2026-02-24T23:38:41.000Z</time>
        <extensions>
          <ns3:TrackPointExtension>
            <ns3:hr>137</ns3:hr>
            <ns3:cad>90</ns3:cad>
          </ns3:TrackPointExtension>
        </extensions>
      </trkpt>
      <trkpt lat="23.17402529530227184295654296875" lon="113.42760753817856311798095703125">
        <ele>18.799999237060546875</ele>
        <time>2026-02-24T23:38:42.000Z</time>
        <extensions>
          <ns3:TrackPointExtension>
            <ns3:hr>137</ns3:hr>
            <ns3:cad>91</ns3:cad>
          </ns3:TrackPointExtension>
        </extensions>
      </trkpt>
      <trkpt lat="23.174023367464542388916015625" lon="113.42763268388807773590087890625">
        <ele>18.799999237060546875</ele>
        <time>2026-02-24T23:38:43.000Z</time>
        <extensions>
          <ns3:TrackPointExtension>
            <ns3:hr>137</ns3:hr>
            <ns3:cad>91</ns3:cad>
          </ns3:TrackPointExtension>
        </extensions>
      </trkpt>
      <trkpt lat="23.17401506938040256500244140625" lon="113.42765799723565578460693359375">
        <ele>18.799999237060546875</ele>
        <time>2026-02-24T23:38:44.000Z</time>
        <extensions>
          <ns3:TrackPointExtension>
            <ns3:hr>137</ns3:hr>
            <ns3:cad>90</ns3:cad>
          </ns3:TrackPointExtension>
        </extensions>
      </trkpt>
      <trkpt lat="23.17401029169559478759765625" lon="113.42768465168774127960205078125">
        <ele>18.799999237060546875</ele>
        <time>2026-02-24T23:38:45.000Z</time>
        <extensions>
          <ns3:TrackPointExtension>
            <ns3:hr>137</ns3:hr>
            <ns3:cad>90</ns3:cad>
          </ns3:TrackPointExtension>
        </extensions>
      </trkpt>
      <trkpt lat="23.174000568687915802001953125" lon="113.42770962975919246673583984375">
        <ele>18.799999237060546875</ele>
        <time>2026-02-24T23:38:46.000Z</time>
        <extensions>
          <ns3:TrackPointExtension>
            <ns3:hr>137</ns3:hr>
            <ns3:cad>90</ns3:cad>
          </ns3:TrackPointExtension>
        </extensions>
      </trkpt>
      <trkpt lat="23.17399361170828342437744140625" lon="113.42773678712546825408935546875">
        <ele>18.799999237060546875</ele>
        <time>2026-02-24T23:38:47.000Z</time>
        <extensions>
          <ns3:TrackPointExtension>
            <ns3:hr>137</ns3:hr>
            <ns3:cad>91</ns3:cad>
          </ns3:TrackPointExtension>
        </extensions>
      </trkpt>
      <trkpt lat="23.173991180956363677978515625" lon="113.42775790952146053314208984375">
        <ele>18.6000003814697265625</ele>
        <time>2026-02-24T23:38:48.000Z</time>
        <extensions>
          <ns3:TrackPointExtension>
            <ns3:hr>136</ns3:hr>
            <ns3:cad>91</ns3:cad>
          </ns3:TrackPointExtension>
        </extensions>
      </trkpt>
      <trkpt lat="23.1739849783480167388916015625" lon="113.4277880005538463592529296875">
        <ele>18.6000003814697265625</ele>
        <time>2026-02-24T23:38:49.000Z</time>
        <extensions>
          <ns3:TrackPointExtension>
            <ns3:hr>137</ns3:hr>
            <ns3:cad>91</ns3:cad>
          </ns3:TrackPointExtension>
        </extensions>
      </trkpt>
      <trkpt lat="23.17398355342447757720947265625" lon="113.427808284759521484375">
        <ele>18.799999237060546875</ele>
        <time>2026-02-24T23:38:50.000Z</time>
        <extensions>
          <ns3:TrackPointExtension>
            <ns3:hr>136</ns3:hr>
            <ns3:cad>91</ns3:cad>
          </ns3:TrackPointExtension>
        </extensions>
      </trkpt>
      <trkpt lat="23.17398338578641414642333984375" lon="113.42783669941127300262451171875">
        <ele>18.799999237060546875</ele>
        <time>2026-02-24T23:38:51.000Z</time>
        <extensions>
          <ns3:TrackPointExtension>
            <ns3:hr>136</ns3:hr>
            <ns3:cad>91</ns3:cad>
          </ns3:TrackPointExtension>
        </extensions>
      </trkpt>
      <trkpt lat="23.17398346960544586181640625" lon="113.4278574027121067047119140625">
        <ele>18.799999237060546875</ele>
        <time>2026-02-24T23:38:52.000Z</time>
        <extensions>
          <ns3:TrackPointExtension>
            <ns3:hr>136</ns3:hr>
            <ns3:cad>92</ns3:cad>
          </ns3:TrackPointExtension>
        </extensions>
      </trkpt>
      <trkpt lat="23.17398103885352611541748046875" lon="113.42788481153547763824462890625">
        <ele>19</ele>
        <time>2026-02-24T23:38:53.000Z</time>
        <extensions>
          <ns3:TrackPointExtension>
            <ns3:hr>136</ns3:hr>
            <ns3:cad>92</ns3:cad>
          </ns3:TrackPointExtension>
        </extensions>
      </trkpt>
      <trkpt lat="23.17398321814835071563720703125" lon="113.4279050119221210479736328125">
        <ele>19</ele>
        <time>2026-02-24T23:38:54.000Z</time>
        <extensions>
          <ns3:TrackPointExtension>
            <ns3:hr>135</ns3:hr>
            <ns3:cad>91</ns3:cad>
          </ns3:TrackPointExtension>
        </extensions>
      </trkpt>
      <trkpt lat="23.17398011684417724609375" lon="113.4279318340122699737548828125">
        <ele>19</ele>
        <time>2026-02-24T23:38:55.000Z</time>
        <extensions>
          <ns3:TrackPointExtension>
            <ns3:hr>135</ns3:hr>
            <ns3:cad>91</ns3:cad>
          </ns3:TrackPointExtension>
        </extensions>
      </trkpt>
      <trkpt lat="23.17398221231997013092041015625" lon="113.42795069329440593719482421875">
        <ele>19</ele>
        <time>2026-02-24T23:38:56.000Z</time>
        <extensions>
          <ns3:TrackPointExtension>
            <ns3:hr>135</ns3:hr>
            <ns3:cad>92</ns3:cad>
          </ns3:TrackPointExtension>
        </extensions>
      </trkpt>
      <trkpt lat="23.17398078739643096923828125" lon="113.42797986231744289398193359375">
        <ele>18.799999237060546875</ele>
        <time>2026-02-24T23:38:57.000Z</time>
        <extensions>
          <ns3:TrackPointExtension>
            <ns3:hr>135</ns3:hr>
            <ns3:cad>92</ns3:cad>
          </ns3:TrackPointExtension>
        </extensions>
      </trkpt>
      <trkpt lat="23.17398615181446075439453125" lon="113.42800232581794261932373046875">
        <ele>18.799999237060546875</ele>
        <time>2026-02-24T23:38:58.000Z</time>
        <extensions>
          <ns3:TrackPointExtension>
            <ns3:hr>135</ns3:hr>
            <ns3:cad>92</ns3:cad>
          </ns3:TrackPointExtension>
        </extensions>
      </trkpt>
      <trkpt lat="23.1739853136241436004638671875" lon="113.42803032137453556060791015625">
        <ele>18.799999237060546875</ele>
        <time>2026-02-24T23:38:59.000Z</time>
        <extensions>
          <ns3:TrackPointExtension>
            <ns3:hr>135</ns3:hr>
            <ns3:cad>92</ns3:cad>
          </ns3:TrackPointExtension>
        </extensions>
      </trkpt>
      <trkpt lat="23.17398573271930217742919921875" lon="113.42805613763630390167236328125">
        <ele>18.799999237060546875</ele>
        <time>2026-02-24T23:39:00.000Z</time>
        <extensions>
          <ns3:TrackPointExtension>
            <ns3:hr>134</ns3:hr>
            <ns3:cad>92</ns3:cad>
          </ns3:TrackPointExtension>
        </extensions>
      </trkpt>
      <trkpt lat="23.1739849783480167388916015625" lon="113.4280858933925628662109375">
        <ele>18.799999237060546875</ele>
        <time>2026-02-24T23:39:01.000Z</time>
        <extensions>
          <ns3:TrackPointExtension>
            <ns3:hr>134</ns3:hr>
            <ns3:cad>90</ns3:cad>
          </ns3:TrackPointExtension>
        </extensions>
      </trkpt>
      <trkpt lat="23.173987828195095062255859375" lon="113.42811162583529949188232421875">
        <ele>18.799999237060546875</ele>
        <time>2026-02-24T23:39:02.000Z</time>
        <extensions>
          <ns3:TrackPointExtension>
            <ns3:hr>134</ns3:hr>
            <ns3:cad>89</ns3:cad>
          </ns3:TrackPointExtension>
        </extensions>
      </trkpt>
      <trkpt lat="23.17397869192063808441162109375" lon="113.42814397998154163360595703125">
        <ele>18.6000003814697265625</ele>
        <time>2026-02-24T23:39:03.000Z</time>
        <extensions>
          <ns3:TrackPointExtension>
            <ns3:hr>134</ns3:hr>
            <ns3:cad>89</ns3:cad>
          </ns3:TrackPointExtension>
        </extensions>
      </trkpt>
      <trkpt lat="23.17398053593933582305908203125" lon="113.428166024386882781982421875">
        <ele>18.6000003814697265625</ele>
        <time>2026-02-24T23:39:04.000Z</time>
        <extensions>
          <ns3:TrackPointExtension>
            <ns3:hr>135</ns3:hr>
            <ns3:cad>89</ns3:cad>
          </ns3:TrackPointExtension>
        </extensions>
      </trkpt>
      <trkpt lat="23.17397517152130603790283203125" lon="113.42819787561893463134765625">
        <ele>18.6000003814697265625</ele>
        <time>2026-02-24T23:39:05.000Z</time>
        <extensions>
          <ns3:TrackPointExtension>
            <ns3:hr>134</ns3:hr>
            <ns3:cad>89</ns3:cad>
          </ns3:TrackPointExtension>
        </extensions>
      </trkpt>
      <trkpt lat="23.17397810518741607666015625" lon="113.428221009671688079833984375">
        <ele>18.6000003814697265625</ele>
        <time>2026-02-24T23:39:06.000Z</time>
        <extensions>
          <ns3:TrackPointExtension>
            <ns3:hr>134</ns3:hr>
            <ns3:cad>90</ns3:cad>
          </ns3:TrackPointExtension>
        </extensions>
      </trkpt>
      <trkpt lat="23.1739712320268154144287109375" lon="113.42825244180858135223388671875">
        <ele>18.6000003814697265625</ele>
        <time>2026-02-24T23:39:07.000Z</time>
        <extensions>
          <ns3:TrackPointExtension>
            <ns3:hr>134</ns3:hr>
            <ns3:cad>90</ns3:cad>
          </ns3:TrackPointExtension>
        </extensions>
      </trkpt>
      <trkpt lat="23.173968382179737091064453125" lon="113.42827440239489078521728515625">
        <ele>18.799999237060546875</ele>
        <time>2026-02-24T23:39:08.000Z</time>
        <extensions>
          <ns3:TrackPointExtension>
            <ns3:hr>134</ns3:hr>
            <ns3:cad>90</ns3:cad>
          </ns3:TrackPointExtension>
        </extensions>
      </trkpt>
      <trkpt lat="23.17396176047623157501220703125" lon="113.42830608598887920379638671875">
        <ele>18.799999237060546875</ele>
        <time>2026-02-24T23:39:09.000Z</time>
        <extensions>
          <ns3:TrackPointExtension>
            <ns3:hr>134</ns3:hr>
            <ns3:cad>90</ns3:cad>
          </ns3:TrackPointExtension>
        </extensions>
      </trkpt>
      <trkpt lat="23.173961341381072998046875" lon="113.428330309689044952392578125">
        <ele>19</ele>
        <time>2026-02-24T23:39:10.000Z</time>
        <extensions>
          <ns3:TrackPointExtension>
            <ns3:hr>134</ns3:hr>
            <ns3:cad>91</ns3:cad>
          </ns3:TrackPointExtension>
        </extensions>
      </trkpt>
      <trkpt lat="23.17394793033599853515625" lon="113.428358472883701324462890625">
        <ele>19</ele>
        <time>2026-02-24T23:39:11.000Z</time>
        <extensions>
          <ns3:TrackPointExtension>
            <ns3:hr>134</ns3:hr>
            <ns3:cad>91</ns3:cad>
          </ns3:TrackPointExtension>
        </extensions>
      </trkpt>
      <trkpt lat="23.173948265612125396728515625" lon="113.42838018201291561126708984375">
        <ele>18.799999237060546875</ele>
        <time>2026-02-24T23:39:12.000Z</time>
        <extensions>
          <ns3:TrackPointExtension>
            <ns3:hr>134</ns3:hr>
            <ns3:cad>90</ns3:cad>
          </ns3:TrackPointExtension>
        </extensions>
      </trkpt>
      <trkpt lat="23.17393745295703411102294921875" lon="113.428410105407238006591796875">
        <ele>18.799999237060546875</ele>
        <time>2026-02-24T23:39:13.000Z</time>
        <extensions>
          <ns3:TrackPointExtension>
            <ns3:hr>133</ns3:hr>
            <ns3:cad>89</ns3:cad>
          </ns3:TrackPointExtension>
        </extensions>
      </trkpt>
      <trkpt lat="23.1739306636154651641845703125" lon="113.428436256945133209228515625">
        <ele>18.799999237060546875</ele>
        <time>2026-02-24T23:39:14.000Z</time>
        <extensions>
          <ns3:TrackPointExtension>
            <ns3:hr>133</ns3:hr>
            <ns3:cad>89</ns3:cad>
          </ns3:TrackPointExtension>
        </extensions>
      </trkpt>
      <trkpt lat="23.173918761312961578369140625" lon="113.42846467159688472747802734375">
        <ele>18.6000003814697265625</ele>
        <time>2026-02-24T23:39:15.000Z</time>
        <extensions>
          <ns3:TrackPointExtension>
            <ns3:hr>133</ns3:hr>
            <ns3:cad>89</ns3:cad>
          </ns3:TrackPointExtension>
        </extensions>
      </trkpt>
      <trkpt lat="23.173918426036834716796875" lon="113.42848713509738445281982421875">
        <ele>18.6000003814697265625</ele>
        <time>2026-02-24T23:39:16.000Z</time>
        <extensions>
          <ns3:TrackPointExtension>
            <ns3:hr>133</ns3:hr>
            <ns3:cad>89</ns3:cad>
          </ns3:TrackPointExtension>
        </extensions>
      </trkpt>
      <trkpt lat="23.17390794865787029266357421875" lon="113.4285128675401210784912109375">
        <ele>18.6000003814697265625</ele>
        <time>2026-02-24T23:39:17.000Z</time>
        <extensions>
          <ns3:TrackPointExtension>
            <ns3:hr>133</ns3:hr>
            <ns3:cad>89</ns3:cad>
          </ns3:TrackPointExtension>
        </extensions>
      </trkpt>
      <trkpt lat="23.1739041768014430999755859375" lon="113.4285349957644939422607421875">
        <ele>18.6000003814697265625</ele>
        <time>2026-02-24T23:39:18.000Z</time>
        <extensions>
          <ns3:TrackPointExtension>
            <ns3:hr>133</ns3:hr>
            <ns3:cad>89</ns3:cad>
          </ns3:TrackPointExtension>
        </extensions>
      </trkpt>
      <trkpt lat="23.17389428615570068359375" lon="113.42856072820723056793212890625">
        <ele>18.6000003814697265625</ele>
        <time>2026-02-24T23:39:19.000Z</time>
        <extensions>
          <ns3:TrackPointExtension>
            <ns3:hr>133</ns3:hr>
            <ns3:cad>89</ns3:cad>
          </ns3:TrackPointExtension>
        </extensions>
      </trkpt>
      <trkpt lat="23.17389302887022495269775390625" lon="113.4285829402506351470947265625">
        <ele>18.6000003814697265625</ele>
        <time>2026-02-24T23:39:20.000Z</time>
        <extensions>
          <ns3:TrackPointExtension>
            <ns3:hr>133</ns3:hr>
            <ns3:cad>90</ns3:cad>
          </ns3:TrackPointExtension>
        </extensions>
      </trkpt>
      <trkpt lat="23.173889927566051483154296875" lon="113.4286107681691646575927734375">
        <ele>18.6000003814697265625</ele>
        <time>2026-02-24T23:39:21.000Z</time>
        <extensions>
          <ns3:TrackPointExtension>
            <ns3:hr>133</ns3:hr>
            <ns3:cad>91</ns3:cad>
          </ns3:TrackPointExtension>
        </extensions>
      </trkpt>
      <trkpt lat="23.17389436997473239898681640625" lon="113.4286298789083957672119140625">
        <ele>18.6000003814697265625</ele>
        <time>2026-02-24T23:39:22.000Z</time>
        <extensions>
          <ns3:TrackPointExtension>
            <ns3:hr>133</ns3:hr>
            <ns3:cad>91</ns3:cad>
          </ns3:TrackPointExtension>
        </extensions>
      </trkpt>
      <trkpt lat="23.1738974712789058685302734375" lon="113.42865460552275180816650390625">
        <ele>18.6000003814697265625</ele>
        <time>2026-02-24T23:39:23.000Z</time>
        <extensions>
          <ns3:TrackPointExtension>
            <ns3:hr>133</ns3:hr>
            <ns3:cad>91</ns3:cad>
          </ns3:TrackPointExtension>
        </extensions>
      </trkpt>
      <trkpt lat="23.17390493117272853851318359375" lon="113.4286748059093952178955078125">
        <ele>18.6000003814697265625</ele>
        <time>2026-02-24T23:39:24.000Z</time>
        <extensions>
          <ns3:TrackPointExtension>
            <ns3:hr>132</ns3:hr>
            <ns3:cad>91</ns3:cad>
          </ns3:TrackPointExtension>
        </extensions>
      </trkpt>
      <trkpt lat="23.1739118881523609161376953125" lon="113.4286992810666561126708984375">
        <ele>18.6000003814697265625</ele>
        <time>2026-02-24T23:39:25.000Z</time>
        <extensions>
          <ns3:TrackPointExtension>
            <ns3:hr>133</ns3:hr>
            <ns3:cad>91</ns3:cad>
          </ns3:TrackPointExtension>
        </extensions>
      </trkpt>
      <trkpt lat="23.17392043769359588623046875" lon="113.4287242591381072998046875">
        <ele>18.6000003814697265625</ele>
        <time>2026-02-24T23:39:26.000Z</time>
        <extensions>
          <ns3:TrackPointExtension>
            <ns3:hr>133</ns3:hr>
            <ns3:cad>92</ns3:cad>
          </ns3:TrackPointExtension>
        </extensions>
      </trkpt>
      <trkpt lat="23.17392789758741855621337890625" lon="113.42874638736248016357421875">
        <ele>18.799999237060546875</ele>
        <time>2026-02-24T23:39:27.000Z</time>
        <extensions>
          <ns3:TrackPointExtension>
            <ns3:hr>133</ns3:hr>
            <ns3:cad>92</ns3:cad>
          </ns3:TrackPointExtension>
        </extensions>
      </trkpt>
      <trkpt lat="23.17393745295703411102294921875" lon="113.42877496965229511260986328125">
        <ele>19</ele>
        <time>2026-02-24T23:39:28.000Z</time>
        <extensions>
          <ns3:TrackPointExtension>
            <ns3:hr>133</ns3:hr>
            <ns3:cad>91</ns3:cad>
          </ns3:TrackPointExtension>
        </extensions>
      </trkpt>
      <trkpt lat="23.17394985817372798919677734375" lon="113.42879357747733592987060546875">
        <ele>19</ele>
        <time>2026-02-24T23:39:29.000Z</time>
        <extensions>
          <ns3:TrackPointExtension>
            <ns3:hr>134</ns3:hr>
            <ns3:cad>91</ns3:cad>
          </ns3:TrackPointExtension>
        </extensions>
      </trkpt>
      <trkpt lat="23.17396226339042186737060546875" lon="113.4288166277110576629638671875">
        <ele>19</ele>
        <time>2026-02-24T23:39:30.000Z</time>
        <extensions>
          <ns3:TrackPointExtension>
            <ns3:hr>134</ns3:hr>
            <ns3:cad>92</ns3:cad>
          </ns3:TrackPointExtension>
        </extensions>
      </trkpt>
      <trkpt lat="23.1739755906164646148681640625" lon="113.42883221805095672607421875">
        <ele>19</ele>
        <time>2026-02-24T23:39:31.000Z</time>
        <extensions>
          <ns3:TrackPointExtension>
            <ns3:hr>134</ns3:hr>
            <ns3:cad>92</ns3:cad>
          </ns3:TrackPointExtension>
        </extensions>
      </trkpt>
      <trkpt lat="23.17398573271930217742919921875" lon="113.42886214144527912139892578125">
        <ele>19</ele>
        <time>2026-02-24T23:39:32.000Z</time>
        <extensions>
          <ns3:TrackPointExtension>
            <ns3:hr>134</ns3:hr>
            <ns3:cad>92</ns3:cad>
          </ns3:TrackPointExtension>
        </extensions>
      </trkpt>
      <trkpt lat="23.1739879958331584930419921875" lon="113.4288836829364299774169921875">
        <ele>18.799999237060546875</ele>
        <time>2026-02-24T23:39:33.000Z</time>
        <extensions>
          <ns3:TrackPointExtension>
            <ns3:hr>134</ns3:hr>
            <ns3:cad>90</ns3:cad>
          </ns3:TrackPointExtension>
        </extensions>
      </trkpt>
      <trkpt lat="23.173979111015796661376953125" lon="113.4289135225117206573486328125">
        <ele>18.799999237060546875</ele>
        <time>2026-02-24T23:39:34.000Z</time>
        <extensions>
          <ns3:TrackPointExtension>
            <ns3:hr>135</ns3:hr>
            <ns3:cad>90</ns3:cad>
          </ns3:TrackPointExtension>
        </extensions>
      </trkpt>
      <trkpt lat="23.17397408187389373779296875" lon="113.4289336390793323516845703125">
        <ele>18.6000003814697265625</ele>
        <time>2026-02-24T23:39:35.000Z</time>
        <extensions>
          <ns3:TrackPointExtension>
            <ns3:hr>135</ns3:hr>
            <ns3:cad>90</ns3:cad>
          </ns3:TrackPointExtension>
        </extensions>
      </trkpt>
      <trkpt lat="23.1739608384668827056884765625" lon="113.428957276046276092529296875">
        <ele>18.6000003814697265625</ele>
        <time>2026-02-24T23:39:36.000Z</time>
        <extensions>
          <ns3:TrackPointExtension>
            <ns3:hr>136</ns3:hr>
            <ns3:cad>92</ns3:cad>
          </ns3:TrackPointExtension>
        </extensions>
      </trkpt>
      <trkpt lat="23.1739554740488529205322265625" lon="113.4289765544235706329345703125">
        <ele>18.3999996185302734375</ele>
        <time>2026-02-24T23:39:37.000Z</time>
        <extensions>
          <ns3:TrackPointExtension>
            <ns3:hr>136</ns3:hr>
            <ns3:cad>92</ns3:cad>
          </ns3:TrackPointExtension>
        </extensions>
      </trkpt>
      <trkpt lat="23.173943571746349334716796875" lon="113.42900698073208332061767578125">
        <ele>18.3999996185302734375</ele>
        <time>2026-02-24T23:39:38.000Z</time>
        <extensions>
          <ns3:TrackPointExtension>
            <ns3:hr>136</ns3:hr>
            <ns3:cad>92</ns3:cad>
          </ns3:TrackPointExtension>
        </extensions>
      </trkpt>
      <trkpt lat="23.17394617013633251190185546875" lon="113.4290281869471073150634765625">
        <ele>18.3999996185302734375</ele>
        <time>2026-02-24T23:39:39.000Z</time>
        <extensions>
          <ns3:TrackPointExtension>
            <ns3:hr>136</ns3:hr>
            <ns3:cad>92</ns3:cad>
          </ns3:TrackPointExtension>
        </extensions>
      </trkpt>
      <trkpt lat="23.17394600249826908111572265625" lon="113.42906129546463489532470703125">
        <ele>18.3999996185302734375</ele>
        <time>2026-02-24T23:39:40.000Z</time>
        <extensions>
          <ns3:TrackPointExtension>
            <ns3:hr>135</ns3:hr>
            <ns3:cad>92</ns3:cad>
          </ns3:TrackPointExtension>
        </extensions>
      </trkpt>
      <trkpt lat="23.17394717596471309661865234375" lon="113.42908375896513462066650390625">
        <ele>18.200000762939453125</ele>
        <time>2026-02-24T23:39:41.000Z</time>
        <extensions>
          <ns3:TrackPointExtension>
            <ns3:hr>136</ns3:hr>
            <ns3:cad>90</ns3:cad>
          </ns3:TrackPointExtension>
        </extensions>
      </trkpt>
      <trkpt lat="23.17392622120678424835205078125" lon="113.42911259271204471588134765625">
        <ele>18.200000762939453125</ele>
        <time>2026-02-24T23:39:42.000Z</time>
        <extensions>
          <ns3:TrackPointExtension>
            <ns3:hr>135</ns3:hr>
            <ns3:cad>90</ns3:cad>
          </ns3:TrackPointExtension>
        </extensions>
      </trkpt>
      <trkpt lat="23.17390861921012401580810546875" lon="113.42912952415645122528076171875">
        <ele>18</ele>
        <time>2026-02-24T23:39:43.000Z</time>
        <extensions>
          <ns3:TrackPointExtension>
            <ns3:hr>135</ns3:hr>
            <ns3:cad>90</ns3:cad>
          </ns3:TrackPointExtension>
        </extensions>
      </trkpt>
      <trkpt lat="23.17388531751930713653564453125" lon="113.4291304461658000946044921875">
        <ele>18</ele>
        <time>2026-02-24T23:39:44.000Z</time>
        <extensions>
          <ns3:TrackPointExtension>
            <ns3:hr>135</ns3:hr>
            <ns3:cad>90</ns3:cad>
          </ns3:TrackPointExtension>
        </extensions>
      </trkpt>
      <trkpt lat="23.1738592498004436492919921875" lon="113.42913472093641757965087890625">
        <ele>17.799999237060546875</ele>
        <time>2026-02-24T23:39:45.000Z</time>
        <extensions>
          <ns3:TrackPointExtension>
            <ns3:hr>136</ns3:hr>
            <ns3:cad>90</ns3:cad>
          </ns3:TrackPointExtension>
        </extensions>
      </trkpt>
      <trkpt lat="23.17383418790996074676513671875" lon="113.42913673259317874908447265625">
        <ele>17.799999237060546875</ele>
        <time>2026-02-24T23:39:46.000Z</time>
        <extensions>
          <ns3:TrackPointExtension>
            <ns3:hr>135</ns3:hr>
            <ns3:cad>91</ns3:cad>
          </ns3:TrackPointExtension>
        </extensions>
      </trkpt>
      <trkpt lat="23.17380451597273349761962890625" lon="113.42913690023124217987060546875">
        <ele>17.799999237060546875</ele>
        <time>2026-02-24T23:39:47.000Z</time>
        <extensions>
          <ns3:TrackPointExtension>
            <ns3:hr>135</ns3:hr>
            <ns3:cad>92</ns3:cad>
          </ns3:TrackPointExtension>
        </extensions>
      </trkpt>
      <trkpt lat="23.1737818010151386260986328125" lon="113.4291381575167179107666015625">
        <ele>17.799999237060546875</ele>
        <time>2026-02-24T23:39:48.000Z</time>
        <extensions>
          <ns3:TrackPointExtension>
            <ns3:hr>136</ns3:hr>
            <ns3:cad>92</ns3:cad>
          </ns3:TrackPointExtension>
        </extensions>
      </trkpt>
      <trkpt lat="23.17375204525887966156005859375" lon="113.4291344694793224334716796875">
        <ele>17.799999237060546875</ele>
        <time>2026-02-24T23:39:49.000Z</time>
        <extensions>
          <ns3:TrackPointExtension>
            <ns3:hr>135</ns3:hr>
            <ns3:cad>94</ns3:cad>
          </ns3:TrackPointExtension>
        </extensions>
      </trkpt>
      <trkpt lat="23.17372974939644336700439453125" lon="113.429136313498020172119140625">
        <ele>17.6000003814697265625</ele>
        <time>2026-02-24T23:39:50.000Z</time>
        <extensions>
          <ns3:TrackPointExtension>
            <ns3:hr>136</ns3:hr>
            <ns3:cad>94</ns3:cad>
          </ns3:TrackPointExtension>
        </extensions>
      </trkpt>
      <trkpt lat="23.17370074801146984100341796875" lon="113.42912734486162662506103515625">
        <ele>17.6000003814697265625</ele>
        <time>2026-02-24T23:39:51.000Z</time>
        <extensions>
          <ns3:TrackPointExtension>
            <ns3:hr>136</ns3:hr>
            <ns3:cad>93</ns3:cad>
          </ns3:TrackPointExtension>
        </extensions>
      </trkpt>
      <trkpt lat="23.173681385815143585205078125" lon="113.42912013642489910125732421875">
        <ele>17.6000003814697265625</ele>
        <time>2026-02-24T23:39:52.000Z</time>
        <extensions>
          <ns3:TrackPointExtension>
            <ns3:hr>136</ns3:hr>
            <ns3:cad>92</ns3:cad>
          </ns3:TrackPointExtension>
        </extensions>
      </trkpt>
      <trkpt lat="23.173653893172740936279296875" lon="113.429109491407871246337890625">
        <ele>17.6000003814697265625</ele>
        <time>2026-02-24T23:39:53.000Z</time>
        <extensions>
          <ns3:TrackPointExtension>
            <ns3:hr>135</ns3:hr>
            <ns3:cad>90</ns3:cad>
          </ns3:TrackPointExtension>
        </extensions>
      </trkpt>
      <trkpt lat="23.1736359558999538421630859375" lon="113.42910806648433208465576171875">
        <ele>17.6000003814697265625</ele>
        <time>2026-02-24T23:39:54.000Z</time>
        <extensions>
          <ns3:TrackPointExtension>
            <ns3:hr>135</ns3:hr>
            <ns3:cad>90</ns3:cad>
          </ns3:TrackPointExtension>
        </extensions>
      </trkpt>
      <trkpt lat="23.17360770888626575469970703125" lon="113.4291036240756511688232421875">
        <ele>17.6000003814697265625</ele>
        <time>2026-02-24T23:39:55.000Z</time>
        <extensions>
          <ns3:TrackPointExtension>
            <ns3:hr>135</ns3:hr>
            <ns3:cad>90</ns3:cad>
          </ns3:TrackPointExtension>
        </extensions>
      </trkpt>
      <trkpt lat="23.17358650267124176025390625" lon="113.4291069768369197845458984375">
        <ele>17.6000003814697265625</ele>
        <time>2026-02-24T23:39:56.000Z</time>
        <extensions>
          <ns3:TrackPointExtension>
            <ns3:hr>134</ns3:hr>
            <ns3:cad>90</ns3:cad>
          </ns3:TrackPointExtension>
        </extensions>
      </trkpt>
      <trkpt lat="23.17355833947658538818359375" lon="113.42910404317080974578857421875">
        <ele>17.6000003814697265625</ele>
        <time>2026-02-24T23:39:57.000Z</time>
        <extensions>
          <ns3:TrackPointExtension>
            <ns3:hr>134</ns3:hr>
            <ns3:cad>91</ns3:cad>
          </ns3:TrackPointExtension>
        </extensions>
      </trkpt>
      <trkpt lat="23.1735440902411937713623046875" lon="113.42911058105528354644775390625">
        <ele>17.6000003814697265625</ele>
        <time>2026-02-24T23:39:58.000Z</time>
        <extensions>
          <ns3:TrackPointExtension>
            <ns3:hr>134</ns3:hr>
            <ns3:cad>91</ns3:cad>
          </ns3:TrackPointExtension>
        </extensions>
      </trkpt>
      <trkpt lat="23.17351131699979305267333984375" lon="113.429106809198856353759765625">
        <ele>17.799999237060546875</ele>
        <time>2026-02-24T23:39:59.000Z</time>
        <extensions>
          <ns3:TrackPointExtension>
            <ns3:hr>134</ns3:hr>
            <ns3:cad>91</ns3:cad>
          </ns3:TrackPointExtension>
        </extensions>
      </trkpt>
      <trkpt lat="23.173490278422832489013671875" lon="113.42911259271204471588134765625">
        <ele>17.799999237060546875</ele>
        <time>2026-02-24T23:40:00.000Z</time>
        <extensions>
          <ns3:TrackPointExtension>
            <ns3:hr>134</ns3:hr>
            <ns3:cad>91</ns3:cad>
          </ns3:TrackPointExtension>
        </extensions>
      </trkpt>
      <trkpt lat="23.1734619475901126861572265625" lon="113.42911343090236186981201171875">
        <ele>17.799999237060546875</ele>
        <time>2026-02-24T23:40:01.000Z</time>
        <extensions>
          <ns3:TrackPointExtension>
            <ns3:hr>134</ns3:hr>
            <ns3:cad>91</ns3:cad>
          </ns3:TrackPointExtension>
        </extensions>
      </trkpt>
      <trkpt lat="23.17344208247959613800048828125" lon="113.42911493964493274688720703125">
        <ele>17.799999237060546875</ele>
        <time>2026-02-24T23:40:02.000Z</time>
        <extensions>
          <ns3:TrackPointExtension>
            <ns3:hr>134</ns3:hr>
            <ns3:cad>91</ns3:cad>
          </ns3:TrackPointExtension>
        </extensions>
      </trkpt>
      <trkpt lat="23.17341492511332035064697265625" lon="113.42911225743591785430908203125">
        <ele>17.799999237060546875</ele>
        <time>2026-02-24T23:40:03.000Z</time>
        <extensions>
          <ns3:TrackPointExtension>
            <ns3:hr>134</ns3:hr>
            <ns3:cad>91</ns3:cad>
          </ns3:TrackPointExtension>
        </extensions>
      </trkpt>
      <trkpt lat="23.17339262925088405609130859375" lon="113.4291113354265689849853515625">
        <ele>17.6000003814697265625</ele>
        <time>2026-02-24T23:40:04.000Z</time>
        <extensions>
          <ns3:TrackPointExtension>
            <ns3:hr>134</ns3:hr>
            <ns3:cad>88</ns3:cad>
          </ns3:TrackPointExtension>
        </extensions>
      </trkpt>
      <trkpt lat="23.17336714826524257659912109375" lon="113.42910739593207836151123046875">
        <ele>17.6000003814697265625</ele>
        <time>2026-02-24T23:40:05.000Z</time>
        <extensions>
          <ns3:TrackPointExtension>
            <ns3:hr>134</ns3:hr>
            <ns3:cad>88</ns3:cad>
          </ns3:TrackPointExtension>
        </extensions>
      </trkpt>
      <trkpt lat="23.1733439303934574127197265625" lon="113.42910538427531719207763671875">
        <ele>17.6000003814697265625</ele>
        <time>2026-02-24T23:40:06.000Z</time>
        <extensions>
          <ns3:TrackPointExtension>
            <ns3:hr>134</ns3:hr>
            <ns3:cad>88</ns3:cad>
          </ns3:TrackPointExtension>
        </extensions>
      </trkpt>
      <trkpt lat="23.17331886850297451019287109375" lon="113.429108150303363800048828125">
        <ele>17.6000003814697265625</ele>
        <time>2026-02-24T23:40:07.000Z</time>
        <extensions>
          <ns3:TrackPointExtension>
            <ns3:hr>134</ns3:hr>
            <ns3:cad>88</ns3:cad>
          </ns3:TrackPointExtension>
        </extensions>
      </trkpt>
      <trkpt lat="23.17329506389796733856201171875" lon="113.42910571955144405364990234375">
        <ele>17.6000003814697265625</ele>
        <time>2026-02-24T23:40:08.000Z</time>
        <extensions>
          <ns3:TrackPointExtension>
            <ns3:hr>133</ns3:hr>
            <ns3:cad>88</ns3:cad>
          </ns3:TrackPointExtension>
        </extensions>
      </trkpt>
      <trkpt lat="23.17327125929296016693115234375" lon="113.42910940758883953094482421875">
        <ele>17.6000003814697265625</ele>
        <time>2026-02-24T23:40:09.000Z</time>
        <extensions>
          <ns3:TrackPointExtension>
            <ns3:hr>133</ns3:hr>
            <ns3:cad>88</ns3:cad>
          </ns3:TrackPointExtension>
        </extensions>
      </trkpt>
      <trkpt lat="23.17324644885957241058349609375" lon="113.42910521663725376129150390625">
        <ele>17.6000003814697265625</ele>
        <time>2026-02-24T23:40:10.000Z</time>
        <extensions>
          <ns3:TrackPointExtension>
            <ns3:hr>133</ns3:hr>
            <ns3:cad>88</ns3:cad>
          </ns3:TrackPointExtension>
        </extensions>
      </trkpt>
      <trkpt lat="23.17322314716875553131103515625" lon="113.42910588718950748443603515625">
        <ele>17.3999996185302734375</ele>
        <time>2026-02-24T23:40:11.000Z</time>
        <extensions>
          <ns3:TrackPointExtension>
            <ns3:hr>133</ns3:hr>
            <ns3:cad>88</ns3:cad>
          </ns3:TrackPointExtension>
        </extensions>
      </trkpt>
      <trkpt lat="23.1731997616589069366455078125" lon="113.4291019476950168609619140625">
        <ele>17.3999996185302734375</ele>
        <time>2026-02-24T23:40:12.000Z</time>
        <extensions>
          <ns3:TrackPointExtension>
            <ns3:hr>132</ns3:hr>
            <ns3:cad>88</ns3:cad>
          </ns3:TrackPointExtension>
        </extensions>
      </trkpt>
      <trkpt lat="23.1731752865016460418701171875" lon="113.42910605482757091522216796875">
        <ele>17.3999996185302734375</ele>
        <time>2026-02-24T23:40:13.000Z</time>
        <extensions>
          <ns3:TrackPointExtension>
            <ns3:hr>132</ns3:hr>
            <ns3:cad>88</ns3:cad>
          </ns3:TrackPointExtension>
        </extensions>
      </trkpt>
      <trkpt lat="23.17315106280148029327392578125" lon="113.42910387553274631500244140625">
        <ele>17.3999996185302734375</ele>
        <time>2026-02-24T23:40:14.000Z</time>
        <extensions>
          <ns3:TrackPointExtension>
            <ns3:hr>131</ns3:hr>
            <ns3:cad>89</ns3:cad>
          </ns3:TrackPointExtension>
        </extensions>
      </trkpt>
      <trkpt lat="23.1731260009109973907470703125" lon="113.4291036240756511688232421875">
        <ele>17.3999996185302734375</ele>
        <time>2026-02-24T23:40:15.000Z</time>
        <extensions>
          <ns3:TrackPointExtension>
            <ns3:hr>131</ns3:hr>
            <ns3:cad>90</ns3:cad>
          </ns3:TrackPointExtension>
        </extensions>
      </trkpt>
      <trkpt lat="23.1731028668582439422607421875" lon="113.42910236679017543792724609375">
        <ele>17.3999996185302734375</ele>
        <time>2026-02-24T23:40:16.000Z</time>
        <extensions>
          <ns3:TrackPointExtension>
            <ns3:hr>131</ns3:hr>
            <ns3:cad>91</ns3:cad>
          </ns3:TrackPointExtension>
        </extensions>
      </trkpt>
      <trkpt lat="23.1730763800442218780517578125" lon="113.42910789884626865386962890625">
        <ele>17.200000762939453125</ele>
        <time>2026-02-24T23:40:17.000Z</time>
        <extensions>
          <ns3:TrackPointExtension>
            <ns3:hr>131</ns3:hr>
            <ns3:cad>91</ns3:cad>
          </ns3:TrackPointExtension>
        </extensions>
      </trkpt>
      <trkpt lat="23.1730502285063266754150390625" lon="113.42910840176045894622802734375">
        <ele>17.200000762939453125</ele>
        <time>2026-02-24T23:40:18.000Z</time>
        <extensions>
          <ns3:TrackPointExtension>
            <ns3:hr>131</ns3:hr>
            <ns3:cad>91</ns3:cad>
          </ns3:TrackPointExtension>
        </extensions>
      </trkpt>
      <trkpt lat="23.17302726209163665771484375" lon="113.42911192215979099273681640625">
        <ele>17.3999996185302734375</ele>
        <time>2026-02-24T23:40:19.000Z</time>
        <extensions>
          <ns3:TrackPointExtension>
            <ns3:hr>131</ns3:hr>
            <ns3:cad>90</ns3:cad>
          </ns3:TrackPointExtension>
        </extensions>
      </trkpt>
      <trkpt lat="23.17300152964890003204345703125" lon="113.42910789884626865386962890625">
        <ele>17.3999996185302734375</ele>
        <time>2026-02-24T23:40:20.000Z</time>
        <extensions>
          <ns3:TrackPointExtension>
            <ns3:hr>131</ns3:hr>
            <ns3:cad>90</ns3:cad>
          </ns3:TrackPointExtension>
        </extensions>
      </trkpt>
      <trkpt lat="23.17298074252903461456298828125" lon="113.4291126765310764312744140625">
        <ele>17.3999996185302734375</ele>
        <time>2026-02-24T23:40:21.000Z</time>
        <extensions>
          <ns3:TrackPointExtension>
            <ns3:hr>130</ns3:hr>
            <ns3:cad>90</ns3:cad>
          </ns3:TrackPointExtension>
        </extensions>
      </trkpt>
      <trkpt lat="23.17295207642018795013427734375" lon="113.429111503064632415771484375">
        <ele>17.6000003814697265625</ele>
        <time>2026-02-24T23:40:22.000Z</time>
        <extensions>
          <ns3:TrackPointExtension>
            <ns3:hr>130</ns3:hr>
            <ns3:cad>89</ns3:cad>
          </ns3:TrackPointExtension>
        </extensions>
      </trkpt>
      <trkpt lat="23.17293112166225910186767578125" lon="113.4291187115013599395751953125">
        <ele>17.6000003814697265625</ele>
        <time>2026-02-24T23:40:23.000Z</time>
        <extensions>
          <ns3:TrackPointExtension>
            <ns3:hr>130</ns3:hr>
            <ns3:cad>89</ns3:cad>
          </ns3:TrackPointExtension>
        </extensions>
      </trkpt>
      <trkpt lat="23.17290245555341243743896484375" lon="113.42911116778850555419921875">
        <ele>17.6000003814697265625</ele>
        <time>2026-02-24T23:40:24.000Z</time>
        <extensions>
          <ns3:TrackPointExtension>
            <ns3:hr>130</ns3:hr>
            <ns3:cad>89</ns3:cad>
          </ns3:TrackPointExtension>
        </extensions>
      </trkpt>
      <trkpt lat="23.172882758080959320068359375" lon="113.4291166998445987701416015625">
        <ele>17.6000003814697265625</ele>
        <time>2026-02-24T23:40:25.000Z</time>
        <extensions>
          <ns3:TrackPointExtension>
            <ns3:hr>129</ns3:hr>
            <ns3:cad>89</ns3:cad>
          </ns3:TrackPointExtension>
        </extensions>
      </trkpt>
      <trkpt lat="23.17285652272403240203857421875" lon="113.4291076473891735076904296875">
        <ele>17.3999996185302734375</ele>
        <time>2026-02-24T23:40:26.000Z</time>
        <extensions>
          <ns3:TrackPointExtension>
            <ns3:hr>129</ns3:hr>
            <ns3:cad>89</ns3:cad>
          </ns3:TrackPointExtension>
        </extensions>
      </trkpt>
      <trkpt lat="23.1728339754045009613037109375" lon="113.429111503064632415771484375">
        <ele>17.200000762939453125</ele>
        <time>2026-02-24T23:40:27.000Z</time>
        <extensions>
          <ns3:TrackPointExtension>
            <ns3:hr>129</ns3:hr>
            <ns3:cad>89</ns3:cad>
          </ns3:TrackPointExtension>
        </extensions>
      </trkpt>
      <trkpt lat="23.17280220799148082733154296875" lon="113.429100103676319122314453125">
        <ele>17.200000762939453125</ele>
        <time>2026-02-24T23:40:28.000Z</time>
        <extensions>
          <ns3:TrackPointExtension>
            <ns3:hr>128</ns3:hr>
            <ns3:cad>89</ns3:cad>
          </ns3:TrackPointExtension>
        </extensions>
      </trkpt>
      <trkpt lat="23.1727823428809642791748046875" lon="113.429104126989841461181640625">
        <ele>17.200000762939453125</ele>
        <time>2026-02-24T23:40:29.000Z</time>
        <extensions>
          <ns3:TrackPointExtension>
            <ns3:hr>128</ns3:hr>
            <ns3:cad>89</ns3:cad>
          </ns3:TrackPointExtension>
        </extensions>
      </trkpt>
      <trkpt lat="23.17275367677211761474609375" lon="113.42909851111471652984619140625">
        <ele>17</ele>
        <time>2026-02-24T23:40:30.000Z</time>
        <extensions>
          <ns3:TrackPointExtension>
            <ns3:hr>128</ns3:hr>
            <ns3:cad>89</ns3:cad>
          </ns3:TrackPointExtension>
        </extensions>
      </trkpt>
      <trkpt lat="23.17273247055709362030029296875" lon="113.4291029535233974456787109375">
        <ele>17</ele>
        <time>2026-02-24T23:40:31.000Z</time>
        <extensions>
          <ns3:TrackPointExtension>
            <ns3:hr>128</ns3:hr>
            <ns3:cad>90</ns3:cad>
          </ns3:TrackPointExtension>
        </extensions>
      </trkpt>
      <trkpt lat="23.1727092526853084564208984375" lon="113.42910354025661945343017578125">
        <ele>17</ele>
        <time>2026-02-24T23:40:32.000Z</time>
        <extensions>
          <ns3:TrackPointExtension>
            <ns3:hr>128</ns3:hr>
            <ns3:cad>90</ns3:cad>
          </ns3:TrackPointExtension>
        </extensions>
      </trkpt>
      <trkpt lat="23.1726857833564281463623046875" lon="113.42910940758883953094482421875">
        <ele>17</ele>
        <time>2026-02-24T23:40:33.000Z</time>
        <extensions>
          <ns3:TrackPointExtension>
            <ns3:hr>128</ns3:hr>
            <ns3:cad>91</ns3:cad>
          </ns3:TrackPointExtension>
        </extensions>
      </trkpt>
      <trkpt lat="23.17265971563756465911865234375" lon="113.42910488136112689971923828125">
        <ele>17</ele>
        <time>2026-02-24T23:40:34.000Z</time>
        <extensions>
          <ns3:TrackPointExtension>
            <ns3:hr>128</ns3:hr>
            <ns3:cad>92</ns3:cad>
          </ns3:TrackPointExtension>
        </extensions>
      </trkpt>
      <trkpt lat="23.1726371683180332183837890625" lon="113.429108820855617523193359375">
        <ele>16.799999237060546875</ele>
        <time>2026-02-24T23:40:35.000Z</time>
        <extensions>
          <ns3:TrackPointExtension>
            <ns3:hr>128</ns3:hr>
            <ns3:cad>92</ns3:cad>
          </ns3:TrackPointExtension>
        </extensions>
      </trkpt>
      <trkpt lat="23.1726113520562648773193359375" lon="113.4291019476950168609619140625">
        <ele>16.799999237060546875</ele>
        <time>2026-02-24T23:40:36.000Z</time>
        <extensions>
          <ns3:TrackPointExtension>
            <ns3:hr>128</ns3:hr>
            <ns3:cad>92</ns3:cad>
          </ns3:TrackPointExtension>
        </extensions>
      </trkpt>
      <trkpt lat="23.1725878827273845672607421875" lon="113.42910806648433208465576171875">
        <ele>16.799999237060546875</ele>
        <time>2026-02-24T23:40:37.000Z</time>
        <extensions>
          <ns3:TrackPointExtension>
            <ns3:hr>128</ns3:hr>
            <ns3:cad>91</ns3:cad>
          </ns3:TrackPointExtension>
        </extensions>
      </trkpt>
      <trkpt lat="23.17255963571369647979736328125" lon="113.4291022829711437225341796875">
        <ele>16.799999237060546875</ele>
        <time>2026-02-24T23:40:38.000Z</time>
        <extensions>
          <ns3:TrackPointExtension>
            <ns3:hr>128</ns3:hr>
            <ns3:cad>90</ns3:cad>
          </ns3:TrackPointExtension>
        </extensions>
      </trkpt>
      <trkpt lat="23.1725355796515941619873046875" lon="113.429104126989841461181640625">
        <ele>16.799999237060546875</ele>
        <time>2026-02-24T23:40:39.000Z</time>
        <extensions>
          <ns3:TrackPointExtension>
            <ns3:hr>128</ns3:hr>
            <ns3:cad>90</ns3:cad>
          </ns3:TrackPointExtension>
        </extensions>
      </trkpt>
      <trkpt lat="23.1725074164569377899169921875" lon="113.42909750528633594512939453125">
        <ele>16.799999237060546875</ele>
        <time>2026-02-24T23:40:40.000Z</time>
        <extensions>
          <ns3:TrackPointExtension>
            <ns3:hr>128</ns3:hr>
            <ns3:cad>89</ns3:cad>
          </ns3:TrackPointExtension>
        </extensions>
      </trkpt>
      <trkpt lat="23.172484450042247772216796875" lon="113.42909934930503368377685546875">
        <ele>16.799999237060546875</ele>
        <time>2026-02-24T23:40:41.000Z</time>
        <extensions>
          <ns3:TrackPointExtension>
            <ns3:hr>128</ns3:hr>
            <ns3:cad>88</ns3:cad>
          </ns3:TrackPointExtension>
        </extensions>
      </trkpt>
      <trkpt lat="23.1724564544856548309326171875" lon="113.42909180559217929840087890625">
        <ele>16.799999237060546875</ele>
        <time>2026-02-24T23:40:42.000Z</time>
        <extensions>
          <ns3:TrackPointExtension>
            <ns3:hr>128</ns3:hr>
            <ns3:cad>88</ns3:cad>
          </ns3:TrackPointExtension>
        </extensions>
      </trkpt>
      <trkpt lat="23.17243508063256740570068359375" lon="113.429096750915050506591796875">
        <ele>16.799999237060546875</ele>
        <time>2026-02-24T23:40:43.000Z</time>
        <extensions>
          <ns3:TrackPointExtension>
            <ns3:hr>128</ns3:hr>
            <ns3:cad>88</ns3:cad>
          </ns3:TrackPointExtension>
        </extensions>
      </trkpt>
      <trkpt lat="23.1724078394472599029541015625" lon="113.42909130267798900604248046875">
        <ele>16.799999237060546875</ele>
        <time>2026-02-24T23:40:44.000Z</time>
        <extensions>
          <ns3:TrackPointExtension>
            <ns3:hr>128</ns3:hr>
            <ns3:cad>88</ns3:cad>
          </ns3:TrackPointExtension>
        </extensions>
      </trkpt>
      <trkpt lat="23.172387219965457916259765625" lon="113.42909180559217929840087890625">
        <ele>16.799999237060546875</ele>
        <time>2026-02-24T23:40:45.000Z</time>
        <extensions>
          <ns3:TrackPointExtension>
            <ns3:hr>128</ns3:hr>
            <ns3:cad>89</ns3:cad>
          </ns3:TrackPointExtension>
        </extensions>
      </trkpt>
      <trkpt lat="23.1723645888268947601318359375" lon="113.4290851838886737823486328125">
        <ele>16.799999237060546875</ele>
        <time>2026-02-24T23:40:46.000Z</time>
        <extensions>
          <ns3:TrackPointExtension>
            <ns3:hr>128</ns3:hr>
            <ns3:cad>90</ns3:cad>
          </ns3:TrackPointExtension>
        </extensions>
      </trkpt>
      <trkpt lat="23.1723399460315704345703125" lon="113.42908359132707118988037109375">
        <ele>16.799999237060546875</ele>
        <time>2026-02-24T23:40:47.000Z</time>
        <extensions>
          <ns3:TrackPointExtension>
            <ns3:hr>129</ns3:hr>
            <ns3:cad>91</ns3:cad>
          </ns3:TrackPointExtension>
        </extensions>
      </trkpt>
      <trkpt lat="23.1723131239414215087890625" lon="113.429074622690677642822265625">
        <ele>16.799999237060546875</ele>
        <time>2026-02-24T23:40:48.000Z</time>
        <extensions>
          <ns3:TrackPointExtension>
            <ns3:hr>129</ns3:hr>
            <ns3:cad>92</ns3:cad>
          </ns3:TrackPointExtension>
        </extensions>
      </trkpt>
      <trkpt lat="23.17228839732706546783447265625" lon="113.4290675818920135498046875">
        <ele>16.799999237060546875</ele>
        <time>2026-02-24T23:40:49.000Z</time>
        <extensions>
          <ns3:TrackPointExtension>
            <ns3:hr>129</ns3:hr>
            <ns3:cad>92</ns3:cad>
          </ns3:TrackPointExtension>
        </extensions>
      </trkpt>
      <trkpt lat="23.17226886749267578125" lon="113.42905827797949314117431640625">
        <ele>16.799999237060546875</ele>
        <time>2026-02-24T23:40:50.000Z</time>
        <extensions>
          <ns3:TrackPointExtension>
            <ns3:hr>129</ns3:hr>
            <ns3:cad>92</ns3:cad>
          </ns3:TrackPointExtension>
        </extensions>
      </trkpt>
      <trkpt lat="23.17224145866930484771728515625" lon="113.42904872260987758636474609375">
        <ele>16.799999237060546875</ele>
        <time>2026-02-24T23:40:51.000Z</time>
        <extensions>
          <ns3:TrackPointExtension>
            <ns3:hr>129</ns3:hr>
            <ns3:cad>91</ns3:cad>
          </ns3:TrackPointExtension>
        </extensions>
      </trkpt>
      <trkpt lat="23.17221865989267826080322265625" lon="113.4290380775928497314453125">
        <ele>16.799999237060546875</ele>
        <time>2026-02-24T23:40:52.000Z</time>
        <extensions>
          <ns3:TrackPointExtension>
            <ns3:hr>130</ns3:hr>
            <ns3:cad>91</ns3:cad>
          </ns3:TrackPointExtension>
        </extensions>
      </trkpt>
      <trkpt lat="23.17219183780252933502197265625" lon="113.429023325443267822265625">
        <ele>16.799999237060546875</ele>
        <time>2026-02-24T23:40:53.000Z</time>
        <extensions>
          <ns3:TrackPointExtension>
            <ns3:hr>130</ns3:hr>
            <ns3:cad>92</ns3:cad>
          </ns3:TrackPointExtension>
        </extensions>
      </trkpt>
      <trkpt lat="23.17217121832072734832763671875" lon="113.42901536263525485992431640625">
        <ele>16.799999237060546875</ele>
        <time>2026-02-24T23:40:54.000Z</time>
        <extensions>
          <ns3:TrackPointExtension>
            <ns3:hr>130</ns3:hr>
            <ns3:cad>92</ns3:cad>
          </ns3:TrackPointExtension>
        </extensions>
      </trkpt>
      <trkpt lat="23.17214707843959331512451171875" lon="113.42899625189602375030517578125">
        <ele>16.799999237060546875</ele>
        <time>2026-02-24T23:40:55.000Z</time>
        <extensions>
          <ns3:TrackPointExtension>
            <ns3:hr>131</ns3:hr>
            <ns3:cad>92</ns3:cad>
          </ns3:TrackPointExtension>
        </extensions>
      </trkpt>
      <trkpt lat="23.1721255369484424591064453125" lon="113.4289909712970256805419921875">
        <ele>16.6000003814697265625</ele>
        <time>2026-02-24T23:40:56.000Z</time>
        <extensions>
          <ns3:TrackPointExtension>
            <ns3:hr>131</ns3:hr>
            <ns3:cad>92</ns3:cad>
          </ns3:TrackPointExtension>
        </extensions>
      </trkpt>
      <trkpt lat="23.1721057556569576263427734375" lon="113.42897144146263599395751953125">
        <ele>16.6000003814697265625</ele>
        <time>2026-02-24T23:40:57.000Z</time>
        <extensions>
          <ns3:TrackPointExtension>
            <ns3:hr>131</ns3:hr>
            <ns3:cad>91</ns3:cad>
          </ns3:TrackPointExtension>
        </extensions>
      </trkpt>
      <trkpt lat="23.17208421416580677032470703125" lon="113.42896440066397190093994140625">
        <ele>16.6000003814697265625</ele>
        <time>2026-02-24T23:40:58.000Z</time>
        <extensions>
          <ns3:TrackPointExtension>
            <ns3:hr>132</ns3:hr>
            <ns3:cad>91</ns3:cad>
          </ns3:TrackPointExtension>
        </extensions>
      </trkpt>
      <trkpt lat="23.17206342704594135284423828125" lon="113.42894411645829677581787109375">
        <ele>16.3999996185302734375</ele>
        <time>2026-02-24T23:40:59.000Z</time>
        <extensions>
          <ns3:TrackPointExtension>
            <ns3:hr>132</ns3:hr>
            <ns3:cad>92</ns3:cad>
          </ns3:TrackPointExtension>
        </extensions>
      </trkpt>
      <trkpt lat="23.17204331047832965850830078125" lon="113.428931124508380889892578125">
        <ele>16.3999996185302734375</ele>
        <time>2026-02-24T23:41:00.000Z</time>
        <extensions>
          <ns3:TrackPointExtension>
            <ns3:hr>132</ns3:hr>
            <ns3:cad>94</ns3:cad>
          </ns3:TrackPointExtension>
        </extensions>
      </trkpt>
      <trkpt lat="23.1720266304910182952880859375" lon="113.428915701806545257568359375">
        <ele>16.3999996185302734375</ele>
        <time>2026-02-24T23:41:01.000Z</time>
        <extensions>
          <ns3:TrackPointExtension>
            <ns3:hr>132</ns3:hr>
            <ns3:cad>94</ns3:cad>
          </ns3:TrackPointExtension>
        </extensions>
      </trkpt>
      <trkpt lat="23.17200534045696258544921875" lon="113.4288994409143924713134765625">
        <ele>16.3999996185302734375</ele>
        <time>2026-02-24T23:41:02.000Z</time>
        <extensions>
          <ns3:TrackPointExtension>
            <ns3:hr>132</ns3:hr>
            <ns3:cad>94</ns3:cad>
          </ns3:TrackPointExtension>
        </extensions>
      </trkpt>
      <trkpt lat="23.1719907559454441070556640625" lon="113.42888192273676395416259765625">
        <ele>16.3999996185302734375</ele>
        <time>2026-02-24T23:41:03.000Z</time>
        <extensions>
          <ns3:TrackPointExtension>
            <ns3:hr>132</ns3:hr>
            <ns3:cad>94</ns3:cad>
          </ns3:TrackPointExtension>
        </extensions>
      </trkpt>
      <trkpt lat="23.17196887917816638946533203125" lon="113.4288583695888519287109375">
        <ele>16.3999996185302734375</ele>
        <time>2026-02-24T23:41:04.000Z</time>
        <extensions>
          <ns3:TrackPointExtension>
            <ns3:hr>132</ns3:hr>
            <ns3:cad>93</ns3:cad>
          </ns3:TrackPointExtension>
        </extensions>
      </trkpt>
      <trkpt lat="23.17195706069469451904296875" lon="113.42884101904928684234619140625">
        <ele>16.3999996185302734375</ele>
        <time>2026-02-24T23:41:05.000Z</time>
        <extensions>
          <ns3:TrackPointExtension>
            <ns3:hr>132</ns3:hr>
            <ns3:cad>93</ns3:cad>
          </ns3:TrackPointExtension>
        </extensions>
      </trkpt>
      <trkpt lat="23.17193803377449512481689453125" lon="113.428818471729755401611328125">
        <ele>16.3999996185302734375</ele>
        <time>2026-02-24T23:41:06.000Z</time>
        <extensions>
          <ns3:TrackPointExtension>
            <ns3:hr>132</ns3:hr>
            <ns3:cad>93</ns3:cad>
          </ns3:TrackPointExtension>
        </extensions>
      </trkpt>
      <trkpt lat="23.1719242036342620849609375" lon="113.42879843898117542266845703125">
        <ele>16.3999996185302734375</ele>
        <time>2026-02-24T23:41:07.000Z</time>
        <extensions>
          <ns3:TrackPointExtension>
            <ns3:hr>132</ns3:hr>
            <ns3:cad>92</ns3:cad>
          </ns3:TrackPointExtension>
        </extensions>
      </trkpt>
      <trkpt lat="23.17190584726631641387939453125" lon="113.42877111397683620452880859375">
        <ele>16.3999996185302734375</ele>
        <time>2026-02-24T23:41:08.000Z</time>
        <extensions>
          <ns3:TrackPointExtension>
            <ns3:hr>132</ns3:hr>
            <ns3:cad>92</ns3:cad>
          </ns3:TrackPointExtension>
        </extensions>
      </trkpt>
      <trkpt lat="23.17189176566898822784423828125" lon="113.4287582896649837493896484375">
        <ele>16.6000003814697265625</ele>
        <time>2026-02-24T23:41:09.000Z</time>
        <extensions>
          <ns3:TrackPointExtension>
            <ns3:hr>133</ns3:hr>
            <ns3:cad>92</ns3:cad>
          </ns3:TrackPointExtension>
        </extensions>
      </trkpt>
      <trkpt lat="23.17187667824327945709228515625" lon="113.42873238958418369293212890625">
        <ele>16.3999996185302734375</ele>
        <time>2026-02-24T23:41:10.000Z</time>
        <extensions>
          <ns3:TrackPointExtension>
            <ns3:hr>132</ns3:hr>
            <ns3:cad>92</ns3:cad>
          </ns3:TrackPointExtension>
        </extensions>
      </trkpt>
      <trkpt lat="23.17186184227466583251953125" lon="113.4287177212536334991455078125">
        <ele>16.3999996185302734375</ele>
        <time>2026-02-24T23:41:11.000Z</time>
        <extensions>
          <ns3:TrackPointExtension>
            <ns3:hr>133</ns3:hr>
            <ns3:cad>91</ns3:cad>
          </ns3:TrackPointExtension>
        </extensions>
      </trkpt>
      <trkpt lat="23.1718464195728302001953125" lon="113.42869131825864315032958984375">
        <ele>16.3999996185302734375</ele>
        <time>2026-02-24T23:41:12.000Z</time>
        <extensions>
          <ns3:TrackPointExtension>
            <ns3:hr>133</ns3:hr>
            <ns3:cad>92</ns3:cad>
          </ns3:TrackPointExtension>
        </extensions>
      </trkpt>
      <trkpt lat="23.17183175124228000640869140625" lon="113.4286761470139026641845703125">
        <ele>16.3999996185302734375</ele>
        <time>2026-02-24T23:41:13.000Z</time>
        <extensions>
          <ns3:TrackPointExtension>
            <ns3:hr>133</ns3:hr>
            <ns3:cad>93</ns3:cad>
          </ns3:TrackPointExtension>
        </extensions>
      </trkpt>
      <trkpt lat="23.171820603311061859130859375" lon="113.42864873819053173065185546875">
        <ele>16.3999996185302734375</ele>
        <time>2026-02-24T23:41:14.000Z</time>
        <extensions>
          <ns3:TrackPointExtension>
            <ns3:hr>132</ns3:hr>
            <ns3:cad>93</ns3:cad>
          </ns3:TrackPointExtension>
        </extensions>
      </trkpt>
      <trkpt lat="23.17180526442825794219970703125" lon="113.42863507568836212158203125">
        <ele>16.3999996185302734375</ele>
        <time>2026-02-24T23:41:15.000Z</time>
        <extensions>
          <ns3:TrackPointExtension>
            <ns3:hr>133</ns3:hr>
            <ns3:cad>93</ns3:cad>
          </ns3:TrackPointExtension>
        </extensions>
      </trkpt>
      <trkpt lat="23.17179570905864238739013671875" lon="113.42860884033143520355224609375">
        <ele>16.3999996185302734375</ele>
        <time>2026-02-24T23:41:16.000Z</time>
        <extensions>
          <ns3:TrackPointExtension>
            <ns3:hr>133</ns3:hr>
            <ns3:cad>93</ns3:cad>
          </ns3:TrackPointExtension>
        </extensions>
      </trkpt>
      <trkpt lat="23.17178062163293361663818359375" lon="113.4285901486873626708984375">
        <ele>16.3999996185302734375</ele>
        <time>2026-02-24T23:41:17.000Z</time>
        <extensions>
          <ns3:TrackPointExtension>
            <ns3:hr>132</ns3:hr>
            <ns3:cad>93</ns3:cad>
          </ns3:TrackPointExtension>
        </extensions>
      </trkpt>
      <trkpt lat="23.17176972515881061553955078125" lon="113.428563661873340606689453125">
        <ele>16.3999996185302734375</ele>
        <time>2026-02-24T23:41:18.000Z</time>
        <extensions>
          <ns3:TrackPointExtension>
            <ns3:hr>133</ns3:hr>
            <ns3:cad>92</ns3:cad>
          </ns3:TrackPointExtension>
        </extensions>
      </trkpt>
      <trkpt lat="23.17175799049437046051025390625" lon="113.42853943817317485809326171875">
        <ele>16.3999996185302734375</ele>
        <time>2026-02-24T23:41:19.000Z</time>
        <extensions>
          <ns3:TrackPointExtension>
            <ns3:hr>133</ns3:hr>
            <ns3:cad>90</ns3:cad>
          </ns3:TrackPointExtension>
        </extensions>
      </trkpt>
      <trkpt lat="23.17174659110605716705322265625" lon="113.42851571738719940185546875">
        <ele>16.3999996185302734375</ele>
        <time>2026-02-24T23:41:20.000Z</time>
        <extensions>
          <ns3:TrackPointExtension>
            <ns3:hr>132</ns3:hr>
            <ns3:cad>90</ns3:cad>
          </ns3:TrackPointExtension>
        </extensions>
      </trkpt>
      <trkpt lat="23.17173183895647525787353515625" lon="113.42849384061992168426513671875">
        <ele>16.3999996185302734375</ele>
        <time>2026-02-24T23:41:21.000Z</time>
        <extensions>
          <ns3:TrackPointExtension>
            <ns3:hr>133</ns3:hr>
            <ns3:cad>93</ns3:cad>
          </ns3:TrackPointExtension>
        </extensions>
      </trkpt>
      <trkpt lat="23.1717225350439548492431640625" lon="113.42847204767167568206787109375">
        <ele>16.3999996185302734375</ele>
        <time>2026-02-24T23:41:22.000Z</time>
        <extensions>
          <ns3:TrackPointExtension>
            <ns3:hr>133</ns3:hr>
            <ns3:cad>93</ns3:cad>
          </ns3:TrackPointExtension>
        </extensions>
      </trkpt>
      <trkpt lat="23.171706609427928924560546875" lon="113.42844908125698566436767578125">
        <ele>16.3999996185302734375</ele>
        <time>2026-02-24T23:41:23.000Z</time>
        <extensions>
          <ns3:TrackPointExtension>
            <ns3:hr>134</ns3:hr>
            <ns3:cad>93</ns3:cad>
          </ns3:TrackPointExtension>
        </extensions>
      </trkpt>
      <trkpt lat="23.17169554531574249267578125" lon="113.4284260310232639312744140625">
        <ele>16.200000762939453125</ele>
        <time>2026-02-24T23:41:24.000Z</time>
        <extensions>
          <ns3:TrackPointExtension>
            <ns3:hr>134</ns3:hr>
            <ns3:cad>92</ns3:cad>
          </ns3:TrackPointExtension>
        </extensions>
      </trkpt>
      <trkpt lat="23.17168272100389003753662109375" lon="113.4283975325524806976318359375">
        <ele>16.200000762939453125</ele>
        <time>2026-02-24T23:41:25.000Z</time>
        <extensions>
          <ns3:TrackPointExtension>
            <ns3:hr>134</ns3:hr>
            <ns3:cad>92</ns3:cad>
          </ns3:TrackPointExtension>
        </extensions>
      </trkpt>
      <trkpt lat="23.1716739200055599212646484375" lon="113.42837498523294925689697265625">
        <ele>16.200000762939453125</ele>
        <time>2026-02-24T23:41:26.000Z</time>
        <extensions>
          <ns3:TrackPointExtension>
            <ns3:hr>134</ns3:hr>
            <ns3:cad>92</ns3:cad>
          </ns3:TrackPointExtension>
        </extensions>
      </trkpt>
      <trkpt lat="23.1716588325798511505126953125" lon="113.42834271490573883056640625">
        <ele>16.200000762939453125</ele>
        <time>2026-02-24T23:41:27.000Z</time>
        <extensions>
          <ns3:TrackPointExtension>
            <ns3:hr>134</ns3:hr>
            <ns3:cad>92</ns3:cad>
          </ns3:TrackPointExtension>
        </extensions>
      </trkpt>
      <trkpt lat="23.1716447509825229644775390625" lon="113.428326286375522613525390625">
        <ele>16</ele>
        <time>2026-02-24T23:41:28.000Z</time>
        <extensions>
          <ns3:TrackPointExtension>
            <ns3:hr>134</ns3:hr>
            <ns3:cad>92</ns3:cad>
          </ns3:TrackPointExtension>
        </extensions>
      </trkpt>
      <trkpt lat="23.171627819538116455078125" lon="113.42829401604831218719482421875">
        <ele>16</ele>
        <time>2026-02-24T23:41:29.000Z</time>
        <extensions>
          <ns3:TrackPointExtension>
            <ns3:hr>135</ns3:hr>
            <ns3:cad>91</ns3:cad>
          </ns3:TrackPointExtension>
        </extensions>
      </trkpt>
      <trkpt lat="23.17161239683628082275390625" lon="113.42827574349939823150634765625">
        <ele>16.200000762939453125</ele>
        <time>2026-02-24T23:41:30.000Z</time>
        <extensions>
          <ns3:TrackPointExtension>
            <ns3:hr>135</ns3:hr>
            <ns3:cad>91</ns3:cad>
          </ns3:TrackPointExtension>
        </extensions>
      </trkpt>
      <trkpt lat="23.1715994887053966522216796875" lon="113.42824473045766353607177734375">
        <ele>16.200000762939453125</ele>
        <time>2026-02-24T23:41:31.000Z</time>
        <extensions>
          <ns3:TrackPointExtension>
            <ns3:hr>135</ns3:hr>
            <ns3:cad>93</ns3:cad>
          </ns3:TrackPointExtension>
        </extensions>
      </trkpt>
      <trkpt lat="23.17158381454646587371826171875" lon="113.42822846956551074981689453125">
        <ele>16</ele>
        <time>2026-02-24T23:41:32.000Z</time>
        <extensions>
          <ns3:TrackPointExtension>
            <ns3:hr>135</ns3:hr>
            <ns3:cad>93</ns3:cad>
          </ns3:TrackPointExtension>
        </extensions>
      </trkpt>
      <trkpt lat="23.17157140932977199554443359375" lon="113.42820064164698123931884765625">
        <ele>16.200000762939453125</ele>
        <time>2026-02-24T23:41:33.000Z</time>
        <extensions>
          <ns3:TrackPointExtension>
            <ns3:hr>135</ns3:hr>
            <ns3:cad>93</ns3:cad>
          </ns3:TrackPointExtension>
        </extensions>
      </trkpt>
      <trkpt lat="23.171555064618587493896484375" lon="113.42818672768771648406982421875">
        <ele>16.200000762939453125</ele>
        <time>2026-02-24T23:41:34.000Z</time>
        <extensions>
          <ns3:TrackPointExtension>
            <ns3:hr>136</ns3:hr>
            <ns3:cad>92</ns3:cad>
          </ns3:TrackPointExtension>
        </extensions>
      </trkpt>
      <trkpt lat="23.1715465150773525238037109375" lon="113.42815923504531383514404296875">
        <ele>16.200000762939453125</ele>
        <time>2026-02-24T23:41:35.000Z</time>
        <extensions>
          <ns3:TrackPointExtension>
            <ns3:hr>136</ns3:hr>
            <ns3:cad>92</ns3:cad>
          </ns3:TrackPointExtension>
        </extensions>
      </trkpt>
      <trkpt lat="23.1715300865471363067626953125" lon="113.428139202296733856201171875">
        <ele>16</ele>
        <time>2026-02-24T23:41:36.000Z</time>
        <extensions>
          <ns3:TrackPointExtension>
            <ns3:hr>136</ns3:hr>
            <ns3:cad>92</ns3:cad>
          </ns3:TrackPointExtension>
        </extensions>
      </trkpt>
      <trkpt lat="23.1715193577110767364501953125" lon="113.42811296693980693817138671875">
        <ele>16</ele>
        <time>2026-02-24T23:41:37.000Z</time>
        <extensions>
          <ns3:TrackPointExtension>
            <ns3:hr>136</ns3:hr>
            <ns3:cad>91</ns3:cad>
          </ns3:TrackPointExtension>
        </extensions>
      </trkpt>
      <trkpt lat="23.17150418646633625030517578125" lon="113.42808916233479976654052734375">
        <ele>16</ele>
        <time>2026-02-24T23:41:38.000Z</time>
        <extensions>
          <ns3:TrackPointExtension>
            <ns3:hr>135</ns3:hr>
            <ns3:cad>91</ns3:cad>
          </ns3:TrackPointExtension>
        </extensions>
      </trkpt>
      <trkpt lat="23.17149412818253040313720703125" lon="113.4280644357204437255859375">
        <ele>16</ele>
        <time>2026-02-24T23:41:39.000Z</time>
        <extensions>
          <ns3:TrackPointExtension>
            <ns3:hr>136</ns3:hr>
            <ns3:cad>91</ns3:cad>
          </ns3:TrackPointExtension>
        </extensions>
      </trkpt>
      <trkpt lat="23.17147820256650447845458984375" lon="113.42804054729640483856201171875">
        <ele>15.80000019073486328125</ele>
        <time>2026-02-24T23:41:40.000Z</time>
        <extensions>
          <ns3:TrackPointExtension>
            <ns3:hr>136</ns3:hr>
            <ns3:cad>93</ns3:cad>
          </ns3:TrackPointExtension>
        </extensions>
      </trkpt>
      <trkpt lat="23.17146965302526950836181640625" lon="113.4280176647007465362548828125">
        <ele>15.80000019073486328125</ele>
        <time>2026-02-24T23:41:41.000Z</time>
        <extensions>
          <ns3:TrackPointExtension>
            <ns3:hr>136</ns3:hr>
            <ns3:cad>93</ns3:cad>
          </ns3:TrackPointExtension>
        </extensions>
      </trkpt>
      <trkpt lat="23.1714573316276073455810546875" lon="113.42799494974315166473388671875">
        <ele>15.80000019073486328125</ele>
        <time>2026-02-24T23:41:42.000Z</time>
        <extensions>
          <ns3:TrackPointExtension>
            <ns3:hr>136</ns3:hr>
            <ns3:cad>93</ns3:cad>
          </ns3:TrackPointExtension>
        </extensions>
      </trkpt>
      <trkpt lat="23.1714445911347866058349609375" lon="113.427974246442317962646484375">
        <ele>15.80000019073486328125</ele>
        <time>2026-02-24T23:41:43.000Z</time>
        <extensions>
          <ns3:TrackPointExtension>
            <ns3:hr>135</ns3:hr>
            <ns3:cad>92</ns3:cad>
          </ns3:TrackPointExtension>
        </extensions>
      </trkpt>
      <trkpt lat="23.17143134772777557373046875" lon="113.42794566415250301361083984375">
        <ele>15.80000019073486328125</ele>
        <time>2026-02-24T23:41:44.000Z</time>
        <extensions>
          <ns3:TrackPointExtension>
            <ns3:hr>136</ns3:hr>
            <ns3:cad>92</ns3:cad>
          </ns3:TrackPointExtension>
        </extensions>
      </trkpt>
      <trkpt lat="23.17141927778720855712890625" lon="113.4279274754226207733154296875">
        <ele>15.80000019073486328125</ele>
        <time>2026-02-24T23:41:45.000Z</time>
        <extensions>
          <ns3:TrackPointExtension>
            <ns3:hr>136</ns3:hr>
            <ns3:cad>92</ns3:cad>
          </ns3:TrackPointExtension>
        </extensions>
      </trkpt>
      <trkpt lat="23.17140762694180011749267578125" lon="113.427901156246662139892578125">
        <ele>15.80000019073486328125</ele>
        <time>2026-02-24T23:41:46.000Z</time>
        <extensions>
          <ns3:TrackPointExtension>
            <ns3:hr>136</ns3:hr>
            <ns3:cad>92</ns3:cad>
          </ns3:TrackPointExtension>
        </extensions>
      </trkpt>
      <trkpt lat="23.1713942997157573699951171875" lon="113.42788673937320709228515625">
        <ele>15.80000019073486328125</ele>
        <time>2026-02-24T23:41:47.000Z</time>
        <extensions>
          <ns3:TrackPointExtension>
            <ns3:hr>136</ns3:hr>
            <ns3:cad>92</ns3:cad>
          </ns3:TrackPointExtension>
        </extensions>
      </trkpt>
      <trkpt lat="23.171382732689380645751953125" lon="113.4278590790927410125732421875">
        <ele>15.80000019073486328125</ele>
        <time>2026-02-24T23:41:48.000Z</time>
        <extensions>
          <ns3:TrackPointExtension>
            <ns3:hr>135</ns3:hr>
            <ns3:cad>92</ns3:cad>
          </ns3:TrackPointExtension>
        </extensions>
      </trkpt>
      <trkpt lat="23.17136739380657672882080078125" lon="113.42784290201961994171142578125">
        <ele>15.6000003814697265625</ele>
        <time>2026-02-24T23:41:49.000Z</time>
        <extensions>
          <ns3:TrackPointExtension>
            <ns3:hr>136</ns3:hr>
            <ns3:cad>93</ns3:cad>
          </ns3:TrackPointExtension>
        </extensions>
      </trkpt>
      <trkpt lat="23.17135700024664402008056640625" lon="113.4278134815394878387451171875">
        <ele>15.80000019073486328125</ele>
        <time>2026-02-24T23:41:50.000Z</time>
        <extensions>
          <ns3:TrackPointExtension>
            <ns3:hr>136</ns3:hr>
            <ns3:cad>93</ns3:cad>
          </ns3:TrackPointExtension>
        </extensions>
      </trkpt>
      <trkpt lat="23.1713433377444744110107421875" lon="113.42779529280960559844970703125">
        <ele>15.80000019073486328125</ele>
        <time>2026-02-24T23:41:51.000Z</time>
        <extensions>
          <ns3:TrackPointExtension>
            <ns3:hr>137</ns3:hr>
            <ns3:cad>92</ns3:cad>
          </ns3:TrackPointExtension>
        </extensions>
      </trkpt>
      <trkpt lat="23.17133009433746337890625" lon="113.427763693034648895263671875">
        <ele>15.80000019073486328125</ele>
        <time>2026-02-24T23:41:52.000Z</time>
        <extensions>
          <ns3:TrackPointExtension>
            <ns3:hr>136</ns3:hr>
            <ns3:cad>91</ns3:cad>
          </ns3:TrackPointExtension>
        </extensions>
      </trkpt>
      <trkpt lat="23.1713165156543254852294921875" lon="113.42774651013314723968505859375">
        <ele>15.80000019073486328125</ele>
        <time>2026-02-24T23:41:53.000Z</time>
        <extensions>
          <ns3:TrackPointExtension>
            <ns3:hr>137</ns3:hr>
            <ns3:cad>90</ns3:cad>
          </ns3:TrackPointExtension>
        </extensions>
      </trkpt>
      <trkpt lat="23.17130587063729763031005859375" lon="113.42771549709141254425048828125">
        <ele>15.80000019073486328125</ele>
        <time>2026-02-24T23:41:54.000Z</time>
        <extensions>
          <ns3:TrackPointExtension>
            <ns3:hr>137</ns3:hr>
            <ns3:cad>90</ns3:cad>
          </ns3:TrackPointExtension>
        </extensions>
      </trkpt>
      <trkpt lat="23.1712896935641765594482421875" lon="113.4277004934847354888916015625">
        <ele>15.80000019073486328125</ele>
        <time>2026-02-24T23:41:55.000Z</time>
        <extensions>
          <ns3:TrackPointExtension>
            <ns3:hr>137</ns3:hr>
            <ns3:cad>90</ns3:cad>
          </ns3:TrackPointExtension>
        </extensions>
      </trkpt>
      <trkpt lat="23.17127804271876811981201171875" lon="113.4276743419468402862548828125">
        <ele>15.80000019073486328125</ele>
        <time>2026-02-24T23:41:56.000Z</time>
        <extensions>
          <ns3:TrackPointExtension>
            <ns3:hr>137</ns3:hr>
            <ns3:cad>90</ns3:cad>
          </ns3:TrackPointExtension>
        </extensions>
      </trkpt>
      <trkpt lat="23.1712632067501544952392578125" lon="113.42765280045568943023681640625">
        <ele>15.6000003814697265625</ele>
        <time>2026-02-24T23:41:57.000Z</time>
        <extensions>
          <ns3:TrackPointExtension>
            <ns3:hr>137</ns3:hr>
            <ns3:cad>90</ns3:cad>
          </ns3:TrackPointExtension>
        </extensions>
      </trkpt>
      <trkpt lat="23.17125021480023860931396484375" lon="113.42762731947004795074462890625">
        <ele>15.6000003814697265625</ele>
        <time>2026-02-24T23:41:58.000Z</time>
        <extensions>
          <ns3:TrackPointExtension>
            <ns3:hr>137</ns3:hr>
            <ns3:cad>91</ns3:cad>
          </ns3:TrackPointExtension>
        </extensions>
      </trkpt>
      <trkpt lat="23.1712343730032444000244140625" lon="113.42760452069342136383056640625">
        <ele>15.3999996185302734375</ele>
        <time>2026-02-24T23:41:59.000Z</time>
        <extensions>
          <ns3:TrackPointExtension>
            <ns3:hr>137</ns3:hr>
            <ns3:cad>91</ns3:cad>
          </ns3:TrackPointExtension>
        </extensions>
      </trkpt>
      <trkpt lat="23.17122079432010650634765625" lon="113.42758088372647762298583984375">
        <ele>15.3999996185302734375</ele>
        <time>2026-02-24T23:42:00.000Z</time>
        <extensions>
          <ns3:TrackPointExtension>
            <ns3:hr>137</ns3:hr>
            <ns3:cad>94</ns3:cad>
          </ns3:TrackPointExtension>
        </extensions>
      </trkpt>
      <trkpt lat="23.1712018512189388275146484375" lon="113.42755523510277271270751953125">
        <ele>15.3999996185302734375</ele>
        <time>2026-02-24T23:42:01.000Z</time>
        <extensions>
          <ns3:TrackPointExtension>
            <ns3:hr>137</ns3:hr>
            <ns3:cad>94</ns3:cad>
          </ns3:TrackPointExtension>
        </extensions>
      </trkpt>
      <trkpt lat="23.17118952982127666473388671875" lon="113.4275365434587001800537109375">
        <ele>15.3999996185302734375</ele>
        <time>2026-02-24T23:42:02.000Z</time>
        <extensions>
          <ns3:TrackPointExtension>
            <ns3:hr>137</ns3:hr>
            <ns3:cad>93</ns3:cad>
          </ns3:TrackPointExtension>
        </extensions>
      </trkpt>
      <trkpt lat="23.1711716763675212860107421875" lon="113.42751231975853443145751953125">
        <ele>15.3999996185302734375</ele>
        <time>2026-02-24T23:42:03.000Z</time>
        <extensions>
          <ns3:TrackPointExtension>
            <ns3:hr>137</ns3:hr>
            <ns3:cad>93</ns3:cad>
          </ns3:TrackPointExtension>
        </extensions>
      </trkpt>
      <trkpt lat="23.171158768236637115478515625" lon="113.42749153263866901397705078125">
        <ele>15.3999996185302734375</ele>
        <time>2026-02-24T23:42:04.000Z</time>
        <extensions>
          <ns3:TrackPointExtension>
            <ns3:hr>137</ns3:hr>
            <ns3:cad>92</ns3:cad>
          </ns3:TrackPointExtension>
        </extensions>
      </trkpt>
      <trkpt lat="23.1711381487548351287841796875" lon="113.42747191898524761199951171875">
        <ele>15.3999996185302734375</ele>
        <time>2026-02-24T23:42:05.000Z</time>
        <extensions>
          <ns3:TrackPointExtension>
            <ns3:hr>138</ns3:hr>
            <ns3:cad>90</ns3:cad>
          </ns3:TrackPointExtension>
        </extensions>
      </trkpt>
      <trkpt lat="23.1711220555007457733154296875" lon="113.42745264060795307159423828125">
        <ele>15.3999996185302734375</ele>
        <time>2026-02-24T23:42:06.000Z</time>
        <extensions>
          <ns3:TrackPointExtension>
            <ns3:hr>137</ns3:hr>
            <ns3:cad>90</ns3:cad>
          </ns3:TrackPointExtension>
        </extensions>
      </trkpt>
      <trkpt lat="23.1711034476757049560546875" lon="113.4274389781057834625244140625">
        <ele>15.3999996185302734375</ele>
        <time>2026-02-24T23:42:07.000Z</time>
        <extensions>
          <ns3:TrackPointExtension>
            <ns3:hr>137</ns3:hr>
            <ns3:cad>90</ns3:cad>
          </ns3:TrackPointExtension>
        </extensions>
      </trkpt>
      <trkpt lat="23.17108592949807643890380859375" lon="113.42742095701396465301513671875">
        <ele>15.3999996185302734375</ele>
        <time>2026-02-24T23:42:08.000Z</time>
        <extensions>
          <ns3:TrackPointExtension>
            <ns3:hr>137</ns3:hr>
            <ns3:cad>89</ns3:cad>
          </ns3:TrackPointExtension>
        </extensions>
      </trkpt>
      <trkpt lat="23.1710658967494964599609375" lon="113.4274091385304927825927734375">
        <ele>15.3999996185302734375</ele>
        <time>2026-02-24T23:42:09.000Z</time>
        <extensions>
          <ns3:TrackPointExtension>
            <ns3:hr>137</ns3:hr>
            <ns3:cad>89</ns3:cad>
          </ns3:TrackPointExtension>
        </extensions>
      </trkpt>
      <trkpt lat="23.171052820980548858642578125" lon="113.42739011161029338836669921875">
        <ele>15.19999980926513671875</ele>
        <time>2026-02-24T23:42:10.000Z</time>
        <extensions>
          <ns3:TrackPointExtension>
            <ns3:hr>137</ns3:hr>
            <ns3:cad>88</ns3:cad>
          </ns3:TrackPointExtension>
        </extensions>
      </trkpt>
      <trkpt lat="23.17103329114615917205810546875" lon="113.427378125488758087158203125">
        <ele>15.19999980926513671875</ele>
        <time>2026-02-24T23:42:11.000Z</time>
        <extensions>
          <ns3:TrackPointExtension>
            <ns3:hr>137</ns3:hr>
            <ns3:cad>88</ns3:cad>
          </ns3:TrackPointExtension>
        </extensions>
      </trkpt>
      <trkpt lat="23.17102256231009960174560546875" lon="113.42735574580729007720947265625">
        <ele>15.19999980926513671875</ele>
        <time>2026-02-24T23:42:12.000Z</time>
        <extensions>
          <ns3:TrackPointExtension>
            <ns3:hr>137</ns3:hr>
            <ns3:cad>88</ns3:cad>
          </ns3:TrackPointExtension>
        </extensions>
      </trkpt>
      <trkpt lat="23.17100361920893192291259765625" lon="113.42734619043767452239990234375">
        <ele>15.19999980926513671875</ele>
        <time>2026-02-24T23:42:13.000Z</time>
        <extensions>
          <ns3:TrackPointExtension>
            <ns3:hr>137</ns3:hr>
            <ns3:cad>89</ns3:cad>
          </ns3:TrackPointExtension>
        </extensions>
      </trkpt>
      <trkpt lat="23.17097805440425872802734375" lon="113.42733127065002918243408203125">
        <ele>15.19999980926513671875</ele>
        <time>2026-02-24T23:42:14.000Z</time>
        <extensions>
          <ns3:TrackPointExtension>
            <ns3:hr>137</ns3:hr>
            <ns3:cad>89</ns3:cad>
          </ns3:TrackPointExtension>
        </extensions>
      </trkpt>
      <trkpt lat="23.170953579246997833251953125" lon="113.42732607387006282806396484375">
        <ele>15.19999980926513671875</ele>
        <time>2026-02-24T23:42:15.000Z</time>
        <extensions>
          <ns3:TrackPointExtension>
            <ns3:hr>137</ns3:hr>
            <ns3:cad>89</ns3:cad>
          </ns3:TrackPointExtension>
        </extensions>
      </trkpt>
      <trkpt lat="23.170930445194244384765625" lon="113.42730998061597347259521484375">
        <ele>15.19999980926513671875</ele>
        <time>2026-02-24T23:42:16.000Z</time>
        <extensions>
          <ns3:TrackPointExtension>
            <ns3:hr>137</ns3:hr>
            <ns3:cad>88</ns3:cad>
          </ns3:TrackPointExtension>
        </extensions>
      </trkpt>
      <trkpt lat="23.17090705968439579010009765625" lon="113.42730201780796051025390625">
        <ele>15.3999996185302734375</ele>
        <time>2026-02-24T23:42:17.000Z</time>
        <extensions>
          <ns3:TrackPointExtension>
            <ns3:hr>137</ns3:hr>
            <ns3:cad>88</ns3:cad>
          </ns3:TrackPointExtension>
        </extensions>
      </trkpt>
      <trkpt lat="23.1708848476409912109375" lon="113.42728131450712680816650390625">
        <ele>15.3999996185302734375</ele>
        <time>2026-02-24T23:42:18.000Z</time>
        <extensions>
          <ns3:TrackPointExtension>
            <ns3:hr>137</ns3:hr>
            <ns3:cad>88</ns3:cad>
          </ns3:TrackPointExtension>
        </extensions>
      </trkpt>
      <trkpt lat="23.1708633899688720703125" lon="113.42727184295654296875">
        <ele>15.3999996185302734375</ele>
        <time>2026-02-24T23:42:19.000Z</time>
        <extensions>
          <ns3:TrackPointExtension>
            <ns3:hr>137</ns3:hr>
            <ns3:cad>88</ns3:cad>
          </ns3:TrackPointExtension>
        </extensions>
      </trkpt>
      <trkpt lat="23.17084084264934062957763671875" lon="113.427252061665058135986328125">
        <ele>15.3999996185302734375</ele>
        <time>2026-02-24T23:42:20.000Z</time>
        <extensions>
          <ns3:TrackPointExtension>
            <ns3:hr>136</ns3:hr>
            <ns3:cad>89</ns3:cad>
          </ns3:TrackPointExtension>
        </extensions>
      </trkpt>
      <trkpt lat="23.1708189658820629119873046875" lon="113.427245356142520904541015625">
        <ele>15.19999980926513671875</ele>
        <time>2026-02-24T23:42:21.000Z</time>
        <extensions>
          <ns3:TrackPointExtension>
            <ns3:hr>135</ns3:hr>
            <ns3:cad>89</ns3:cad>
          </ns3:TrackPointExtension>
        </extensions>
      </trkpt>
      <trkpt lat="23.17079725675284862518310546875" lon="113.4272311069071292877197265625">
        <ele>15.19999980926513671875</ele>
        <time>2026-02-24T23:42:22.000Z</time>
        <extensions>
          <ns3:TrackPointExtension>
            <ns3:hr>135</ns3:hr>
            <ns3:cad>90</ns3:cad>
          </ns3:TrackPointExtension>
        </extensions>
      </trkpt>
      <trkpt lat="23.17077529616653919219970703125" lon="113.42722565867006778717041015625">
        <ele>15.19999980926513671875</ele>
        <time>2026-02-24T23:42:23.000Z</time>
        <extensions>
          <ns3:TrackPointExtension>
            <ns3:hr>134</ns3:hr>
            <ns3:cad>90</ns3:cad>
          </ns3:TrackPointExtension>
        </extensions>
      </trkpt>
      <trkpt lat="23.17075408995151519775390625" lon="113.42721308581531047821044921875">
        <ele>15.19999980926513671875</ele>
        <time>2026-02-24T23:42:24.000Z</time>
        <extensions>
          <ns3:TrackPointExtension>
            <ns3:hr>133</ns3:hr>
            <ns3:cad>92</ns3:cad>
          </ns3:TrackPointExtension>
        </extensions>
      </trkpt>
      <trkpt lat="23.1707306206226348876953125" lon="113.42720302753150463104248046875">
        <ele>15.19999980926513671875</ele>
        <time>2026-02-24T23:42:25.000Z</time>
        <extensions>
          <ns3:TrackPointExtension>
            <ns3:hr>133</ns3:hr>
            <ns3:cad>92</ns3:cad>
          </ns3:TrackPointExtension>
        </extensions>
      </trkpt>
      <trkpt lat="23.17071159370243549346923828125" lon="113.4271927177906036376953125">
        <ele>15.19999980926513671875</ele>
        <time>2026-02-24T23:42:26.000Z</time>
        <extensions>
          <ns3:TrackPointExtension>
            <ns3:hr>132</ns3:hr>
            <ns3:cad>93</ns3:cad>
          </ns3:TrackPointExtension>
        </extensions>
      </trkpt>
      <trkpt lat="23.17068644799292087554931640625" lon="113.4271788038313388824462890625">
        <ele>15.19999980926513671875</ele>
        <time>2026-02-24T23:42:27.000Z</time>
        <extensions>
          <ns3:TrackPointExtension>
            <ns3:hr>132</ns3:hr>
            <ns3:cad>93</ns3:cad>
          </ns3:TrackPointExtension>
        </extensions>
      </trkpt>
      <trkpt lat="23.17066465504467487335205078125" lon="113.4271714277565479278564453125">
        <ele>15.19999980926513671875</ele>
        <time>2026-02-24T23:42:28.000Z</time>
        <extensions>
          <ns3:TrackPointExtension>
            <ns3:hr>131</ns3:hr>
            <ns3:cad>93</ns3:cad>
          </ns3:TrackPointExtension>
        </extensions>
      </trkpt>
      <trkpt lat="23.17063649185001850128173828125" lon="113.42716363258659839630126953125">
        <ele>15.19999980926513671875</ele>
        <time>2026-02-24T23:42:29.000Z</time>
        <extensions>
          <ns3:TrackPointExtension>
            <ns3:hr>131</ns3:hr>
            <ns3:cad>93</ns3:cad>
          </ns3:TrackPointExtension>
        </extensions>
      </trkpt>
      <trkpt lat="23.17061402834951877593994140625" lon="113.42715877108275890350341796875">
        <ele>15.19999980926513671875</ele>
        <time>2026-02-24T23:42:30.000Z</time>
        <extensions>
          <ns3:TrackPointExtension>
            <ns3:hr>131</ns3:hr>
            <ns3:cad>93</ns3:cad>
          </ns3:TrackPointExtension>
        </extensions>
      </trkpt>
      <trkpt lat="23.1705846078693866729736328125" lon="113.42714619822800159454345703125">
        <ele>15.19999980926513671875</ele>
        <time>2026-02-24T23:42:31.000Z</time>
        <extensions>
          <ns3:TrackPointExtension>
            <ns3:hr>130</ns3:hr>
            <ns3:cad>93</ns3:cad>
          </ns3:TrackPointExtension>
        </extensions>
      </trkpt>
      <trkpt lat="23.170561976730823516845703125" lon="113.427146784961223602294921875">
        <ele>15.19999980926513671875</ele>
        <time>2026-02-24T23:42:32.000Z</time>
        <extensions>
          <ns3:TrackPointExtension>
            <ns3:hr>130</ns3:hr>
            <ns3:cad>93</ns3:cad>
          </ns3:TrackPointExtension>
        </extensions>
      </trkpt>
      <trkpt lat="23.17053255625069141387939453125" lon="113.42713731341063976287841796875">
        <ele>15.19999980926513671875</ele>
        <time>2026-02-24T23:42:33.000Z</time>
        <extensions>
          <ns3:TrackPointExtension>
            <ns3:hr>130</ns3:hr>
            <ns3:cad>92</ns3:cad>
          </ns3:TrackPointExtension>
        </extensions>
      </trkpt>
      <trkpt lat="23.1705111823976039886474609375" lon="113.42714033089578151702880859375">
        <ele>15</ele>
        <time>2026-02-24T23:42:34.000Z</time>
        <extensions>
          <ns3:TrackPointExtension>
            <ns3:hr>130</ns3:hr>
            <ns3:cad>92</ns3:cad>
          </ns3:TrackPointExtension>
        </extensions>
      </trkpt>
      <trkpt lat="23.1704838573932647705078125" lon="113.42713312245905399322509765625">
        <ele>15</ele>
        <time>2026-02-24T23:42:35.000Z</time>
        <extensions>
          <ns3:TrackPointExtension>
            <ns3:hr>130</ns3:hr>
            <ns3:cad>93</ns3:cad>
          </ns3:TrackPointExtension>
        </extensions>
      </trkpt>
      <trkpt lat="23.17046466283500194549560546875" lon="113.4271338768303394317626953125">
        <ele>15</ele>
        <time>2026-02-24T23:42:36.000Z</time>
        <extensions>
          <ns3:TrackPointExtension>
            <ns3:hr>130</ns3:hr>
            <ns3:cad>93</ns3:cad>
          </ns3:TrackPointExtension>
        </extensions>
      </trkpt>
      <trkpt lat="23.17044002003967761993408203125" lon="113.4271305240690708160400390625">
        <ele>14.80000019073486328125</ele>
        <time>2026-02-24T23:42:37.000Z</time>
        <extensions>
          <ns3:TrackPointExtension>
            <ns3:hr>130</ns3:hr>
            <ns3:cad>92</ns3:cad>
          </ns3:TrackPointExtension>
        </extensions>
      </trkpt>
      <trkpt lat="23.170419149100780487060546875" lon="113.427136726677417755126953125">
        <ele>14.80000019073486328125</ele>
        <time>2026-02-24T23:42:38.000Z</time>
        <extensions>
          <ns3:TrackPointExtension>
            <ns3:hr>129</ns3:hr>
            <ns3:cad>92</ns3:cad>
          </ns3:TrackPointExtension>
        </extensions>
      </trkpt>
      <trkpt lat="23.17039056681096553802490234375" lon="113.42714033089578151702880859375">
        <ele>14.80000019073486328125</ele>
        <time>2026-02-24T23:42:39.000Z</time>
        <extensions>
          <ns3:TrackPointExtension>
            <ns3:hr>130</ns3:hr>
            <ns3:cad>92</ns3:cad>
          </ns3:TrackPointExtension>
        </extensions>
      </trkpt>
      <trkpt lat="23.1703733839094638824462890625" lon="113.42714452184736728668212890625">
        <ele>14.80000019073486328125</ele>
        <time>2026-02-24T23:42:40.000Z</time>
        <extensions>
          <ns3:TrackPointExtension>
            <ns3:hr>131</ns3:hr>
            <ns3:cad>91</ns3:cad>
          </ns3:TrackPointExtension>
        </extensions>
      </trkpt>
      <trkpt lat="23.17035201005637645721435546875" lon="113.427139408886432647705078125">
        <ele>14.80000019073486328125</ele>
        <time>2026-02-24T23:42:41.000Z</time>
        <extensions>
          <ns3:TrackPointExtension>
            <ns3:hr>130</ns3:hr>
            <ns3:cad>90</ns3:cad>
          </ns3:TrackPointExtension>
        </extensions>
      </trkpt>
      <trkpt lat="23.1703230924904346466064453125" lon="113.4271382354199886322021484375">
        <ele>14.80000019073486328125</ele>
        <time>2026-02-24T23:42:42.000Z</time>
        <extensions>
          <ns3:TrackPointExtension>
            <ns3:hr>130</ns3:hr>
            <ns3:cad>90</ns3:cad>
          </ns3:TrackPointExtension>
        </extensions>
      </trkpt>
      <trkpt lat="23.1702986173331737518310546875" lon="113.4271390736103057861328125">
        <ele>14.80000019073486328125</ele>
        <time>2026-02-24T23:42:43.000Z</time>
        <extensions>
          <ns3:TrackPointExtension>
            <ns3:hr>130</ns3:hr>
            <ns3:cad>90</ns3:cad>
          </ns3:TrackPointExtension>
        </extensions>
      </trkpt>
      <trkpt lat="23.17026793956756591796875" lon="113.42714049853384494781494140625">
        <ele>14.80000019073486328125</ele>
        <time>2026-02-24T23:42:44.000Z</time>
        <extensions>
          <ns3:TrackPointExtension>
            <ns3:hr>130</ns3:hr>
            <ns3:cad>90</ns3:cad>
          </ns3:TrackPointExtension>
        </extensions>
      </trkpt>
      <trkpt lat="23.170243799686431884765625" lon="113.4271412529051303863525390625">
        <ele>14.80000019073486328125</ele>
        <time>2026-02-24T23:42:45.000Z</time>
        <extensions>
          <ns3:TrackPointExtension>
            <ns3:hr>130</ns3:hr>
            <ns3:cad>90</ns3:cad>
          </ns3:TrackPointExtension>
        </extensions>
      </trkpt>
      <trkpt lat="23.17021840251982212066650390625" lon="113.42713865451514720916748046875">
        <ele>14.80000019073486328125</ele>
        <time>2026-02-24T23:42:46.000Z</time>
        <extensions>
          <ns3:TrackPointExtension>
            <ns3:hr>130</ns3:hr>
            <ns3:cad>94</ns3:cad>
          </ns3:TrackPointExtension>
        </extensions>
      </trkpt>
      <trkpt lat="23.17019996233284473419189453125" lon="113.4271439351141452789306640625">
        <ele>14.6000003814697265625</ele>
        <time>2026-02-24T23:42:47.000Z</time>
        <extensions>
          <ns3:TrackPointExtension>
            <ns3:hr>131</ns3:hr>
            <ns3:cad>94</ns3:cad>
          </ns3:TrackPointExtension>
        </extensions>
      </trkpt>
      <trkpt lat="23.17017297260463237762451171875" lon="113.42713966034352779388427734375">
        <ele>14.6000003814697265625</ele>
        <time>2026-02-24T23:42:48.000Z</time>
        <extensions>
          <ns3:TrackPointExtension>
            <ns3:hr>131</ns3:hr>
            <ns3:cad>94</ns3:cad>
          </ns3:TrackPointExtension>
        </extensions>
      </trkpt>
      <trkpt lat="23.170153610408306121826171875" lon="113.4271395765244960784912109375">
        <ele>14.6000003814697265625</ele>
        <time>2026-02-24T23:42:49.000Z</time>
        <extensions>
          <ns3:TrackPointExtension>
            <ns3:hr>131</ns3:hr>
            <ns3:cad>92</ns3:cad>
          </ns3:TrackPointExtension>
        </extensions>
      </trkpt>
      <trkpt lat="23.17012779414653778076171875" lon="113.4271363914012908935546875">
        <ele>14.6000003814697265625</ele>
        <time>2026-02-24T23:42:50.000Z</time>
        <extensions>
          <ns3:TrackPointExtension>
            <ns3:hr>131</ns3:hr>
            <ns3:cad>92</ns3:cad>
          </ns3:TrackPointExtension>
        </extensions>
      </trkpt>
      <trkpt lat="23.17010608501732349395751953125" lon="113.427140079438686370849609375">
        <ele>14.6000003814697265625</ele>
        <time>2026-02-24T23:42:51.000Z</time>
        <extensions>
          <ns3:TrackPointExtension>
            <ns3:hr>131</ns3:hr>
            <ns3:cad>92</ns3:cad>
          </ns3:TrackPointExtension>
        </extensions>
      </trkpt>
      <trkpt lat="23.170077167451381683349609375" lon="113.42713446356356143951416015625">
        <ele>14.6000003814697265625</ele>
        <time>2026-02-24T23:42:52.000Z</time>
        <extensions>
          <ns3:TrackPointExtension>
            <ns3:hr>131</ns3:hr>
            <ns3:cad>91</ns3:cad>
          </ns3:TrackPointExtension>
        </extensions>
      </trkpt>
      <trkpt lat="23.1700575537979602813720703125" lon="113.42714200727641582489013671875">
        <ele>14.6000003814697265625</ele>
        <time>2026-02-24T23:42:53.000Z</time>
        <extensions>
          <ns3:TrackPointExtension>
            <ns3:hr>131</ns3:hr>
            <ns3:cad>91</ns3:cad>
          </ns3:TrackPointExtension>
        </extensions>
      </trkpt>
      <trkpt lat="23.17003081552684307098388671875" lon="113.427136726677417755126953125">
        <ele>14.6000003814697265625</ele>
        <time>2026-02-24T23:42:54.000Z</time>
        <extensions>
          <ns3:TrackPointExtension>
            <ns3:hr>131</ns3:hr>
            <ns3:cad>93</ns3:cad>
          </ns3:TrackPointExtension>
        </extensions>
      </trkpt>
      <trkpt lat="23.17000784911215305328369140625" lon="113.42714066617190837860107421875">
        <ele>14.6000003814697265625</ele>
        <time>2026-02-24T23:42:55.000Z</time>
        <extensions>
          <ns3:TrackPointExtension>
            <ns3:hr>131</ns3:hr>
            <ns3:cad>93</ns3:cad>
          </ns3:TrackPointExtension>
        </extensions>
      </trkpt>
      <trkpt lat="23.16998052410781383514404296875" lon="113.4271365590393543243408203125">
        <ele>14.6000003814697265625</ele>
        <time>2026-02-24T23:42:56.000Z</time>
        <extensions>
          <ns3:TrackPointExtension>
            <ns3:hr>131</ns3:hr>
            <ns3:cad>93</ns3:cad>
          </ns3:TrackPointExtension>
        </extensions>
      </trkpt>
      <trkpt lat="23.16995521076023578643798828125" lon="113.42714108526706695556640625">
        <ele>14.6000003814697265625</ele>
        <time>2026-02-24T23:42:57.000Z</time>
        <extensions>
          <ns3:TrackPointExtension>
            <ns3:hr>131</ns3:hr>
            <ns3:cad>92</ns3:cad>
          </ns3:TrackPointExtension>
        </extensions>
      </trkpt>
      <trkpt lat="23.1699311546981334686279296875" lon="113.427137397229671478271484375">
        <ele>14.6000003814697265625</ele>
        <time>2026-02-24T23:42:58.000Z</time>
        <extensions>
          <ns3:TrackPointExtension>
            <ns3:hr>131</ns3:hr>
            <ns3:cad>92</ns3:cad>
          </ns3:TrackPointExtension>
        </extensions>
      </trkpt>
      <trkpt lat="23.16990525461733341217041015625" lon="113.427139408886432647705078125">
        <ele>14.6000003814697265625</ele>
        <time>2026-02-24T23:42:59.000Z</time>
        <extensions>
          <ns3:TrackPointExtension>
            <ns3:hr>131</ns3:hr>
            <ns3:cad>92</ns3:cad>
          </ns3:TrackPointExtension>
        </extensions>
      </trkpt>
      <trkpt lat="23.16988161765038967132568359375" lon="113.42713982798159122467041015625">
        <ele>14.80000019073486328125</ele>
        <time>2026-02-24T23:43:00.000Z</time>
        <extensions>
          <ns3:TrackPointExtension>
            <ns3:hr>131</ns3:hr>
            <ns3:cad>92</ns3:cad>
          </ns3:TrackPointExtension>
        </extensions>
      </trkpt>
      <trkpt lat="23.16985613666474819183349609375" lon="113.427141420543193817138671875">
        <ele>14.80000019073486328125</ele>
        <time>2026-02-24T23:43:01.000Z</time>
        <extensions>
          <ns3:TrackPointExtension>
            <ns3:hr>131</ns3:hr>
            <ns3:cad>92</ns3:cad>
          </ns3:TrackPointExtension>
        </extensions>
      </trkpt>
      <trkpt lat="23.169831745326519012451171875" lon="113.42713882215321063995361328125">
        <ele>14.80000019073486328125</ele>
        <time>2026-02-24T23:43:02.000Z</time>
        <extensions>
          <ns3:TrackPointExtension>
            <ns3:hr>131</ns3:hr>
            <ns3:cad>92</ns3:cad>
          </ns3:TrackPointExtension>
        </extensions>
      </trkpt>
      <trkpt lat="23.16980517469346523284912109375" lon="113.42714033089578151702880859375">
        <ele>14.80000019073486328125</ele>
        <time>2026-02-24T23:43:03.000Z</time>
        <extensions>
          <ns3:TrackPointExtension>
            <ns3:hr>131</ns3:hr>
            <ns3:cad>92</ns3:cad>
          </ns3:TrackPointExtension>
        </extensions>
      </trkpt>
      <trkpt lat="23.16978321410715579986572265625" lon="113.42714376747608184814453125">
        <ele>14.6000003814697265625</ele>
        <time>2026-02-24T23:43:04.000Z</time>
        <extensions>
          <ns3:TrackPointExtension>
            <ns3:hr>131</ns3:hr>
            <ns3:cad>92</ns3:cad>
          </ns3:TrackPointExtension>
        </extensions>
      </trkpt>
      <trkpt lat="23.169755637645721435546875" lon="113.42714820988476276397705078125">
        <ele>14.6000003814697265625</ele>
        <time>2026-02-24T23:43:05.000Z</time>
        <extensions>
          <ns3:TrackPointExtension>
            <ns3:hr>131</ns3:hr>
            <ns3:cad>92</ns3:cad>
          </ns3:TrackPointExtension>
        </extensions>
      </trkpt>
      <trkpt lat="23.1697333417832851409912109375" lon="113.4271486289799213409423828125">
        <ele>14.6000003814697265625</ele>
        <time>2026-02-24T23:43:06.000Z</time>
        <extensions>
          <ns3:TrackPointExtension>
            <ns3:hr>131</ns3:hr>
            <ns3:cad>92</ns3:cad>
          </ns3:TrackPointExtension>
        </extensions>
      </trkpt>
      <trkpt lat="23.169705681502819061279296875" lon="113.427148126065731048583984375">
        <ele>14.6000003814697265625</ele>
        <time>2026-02-24T23:43:07.000Z</time>
        <extensions>
          <ns3:TrackPointExtension>
            <ns3:hr>132</ns3:hr>
            <ns3:cad>92</ns3:cad>
          </ns3:TrackPointExtension>
        </extensions>
      </trkpt>
      <trkpt lat="23.16968665458261966705322265625" lon="113.42715374194085597991943359375">
        <ele>14.80000019073486328125</ele>
        <time>2026-02-24T23:43:08.000Z</time>
        <extensions>
          <ns3:TrackPointExtension>
            <ns3:hr>132</ns3:hr>
            <ns3:cad>91</ns3:cad>
          </ns3:TrackPointExtension>
        </extensions>
      </trkpt>
      <trkpt lat="23.1696585752069950103759765625" lon="113.42714820988476276397705078125">
        <ele>14.80000019073486328125</ele>
        <time>2026-02-24T23:43:09.000Z</time>
        <extensions>
          <ns3:TrackPointExtension>
            <ns3:hr>132</ns3:hr>
            <ns3:cad>91</ns3:cad>
          </ns3:TrackPointExtension>
        </extensions>
      </trkpt>
      <trkpt lat="23.1696389615535736083984375" lon="113.42715323902666568756103515625">
        <ele>14.80000019073486328125</ele>
        <time>2026-02-24T23:43:10.000Z</time>
        <extensions>
          <ns3:TrackPointExtension>
            <ns3:hr>132</ns3:hr>
            <ns3:cad>91</ns3:cad>
          </ns3:TrackPointExtension>
        </extensions>
      </trkpt>
      <trkpt lat="23.1696067750453948974609375" lon="113.42714753933250904083251953125">
        <ele>14.80000019073486328125</ele>
        <time>2026-02-24T23:43:11.000Z</time>
        <extensions>
          <ns3:TrackPointExtension>
            <ns3:hr>133</ns3:hr>
            <ns3:cad>92</ns3:cad>
          </ns3:TrackPointExtension>
        </extensions>
      </trkpt>
      <trkpt lat="23.16958255134522914886474609375" lon="113.4271538257598876953125">
        <ele>14.80000019073486328125</ele>
        <time>2026-02-24T23:43:12.000Z</time>
        <extensions>
          <ns3:TrackPointExtension>
            <ns3:hr>132</ns3:hr>
            <ns3:cad>92</ns3:cad>
          </ns3:TrackPointExtension>
        </extensions>
      </trkpt>
      <trkpt lat="23.16955405287444591522216796875" lon="113.427150808274745941162109375">
        <ele>14.6000003814697265625</ele>
        <time>2026-02-24T23:43:13.000Z</time>
        <extensions>
          <ns3:TrackPointExtension>
            <ns3:hr>132</ns3:hr>
            <ns3:cad>93</ns3:cad>
          </ns3:TrackPointExtension>
        </extensions>
      </trkpt>
      <trkpt lat="23.169529326260089874267578125" lon="113.42715508304536342620849609375">
        <ele>14.6000003814697265625</ele>
        <time>2026-02-24T23:43:14.000Z</time>
        <extensions>
          <ns3:TrackPointExtension>
            <ns3:hr>132</ns3:hr>
            <ns3:cad>94</ns3:cad>
          </ns3:TrackPointExtension>
        </extensions>
      </trkpt>
      <trkpt lat="23.16950208507478237152099609375" lon="113.42714636586606502532958984375">
        <ele>14.80000019073486328125</ele>
        <time>2026-02-24T23:43:15.000Z</time>
        <extensions>
          <ns3:TrackPointExtension>
            <ns3:hr>131</ns3:hr>
            <ns3:cad>94</ns3:cad>
          </ns3:TrackPointExtension>
        </extensions>
      </trkpt>
      <trkpt lat="23.16947861574590206146240234375" lon="113.42714217491447925567626953125">
        <ele>14.80000019073486328125</ele>
        <time>2026-02-24T23:43:16.000Z</time>
        <extensions>
          <ns3:TrackPointExtension>
            <ns3:hr>131</ns3:hr>
            <ns3:cad>93</ns3:cad>
          </ns3:TrackPointExtension>
        </extensions>
      </trkpt>
      <trkpt lat="23.1694523803889751434326171875" lon="113.42713027261197566986083984375">
        <ele>14.80000019073486328125</ele>
        <time>2026-02-24T23:43:17.000Z</time>
        <extensions>
          <ns3:TrackPointExtension>
            <ns3:hr>131</ns3:hr>
            <ns3:cad>93</ns3:cad>
          </ns3:TrackPointExtension>
        </extensions>
      </trkpt>
      <trkpt lat="23.16943134181201457977294921875" lon="113.4271268360316753387451171875">
        <ele>14.80000019073486328125</ele>
        <time>2026-02-24T23:43:18.000Z</time>
        <extensions>
          <ns3:TrackPointExtension>
            <ns3:hr>131</ns3:hr>
            <ns3:cad>93</ns3:cad>
          </ns3:TrackPointExtension>
        </extensions>
      </trkpt>
      <trkpt lat="23.16940686665475368499755859375" lon="113.427121639251708984375">
        <ele>14.80000019073486328125</ele>
        <time>2026-02-24T23:43:19.000Z</time>
        <extensions>
          <ns3:TrackPointExtension>
            <ns3:hr>132</ns3:hr>
            <ns3:cad>93</ns3:cad>
          </ns3:TrackPointExtension>
        </extensions>
      </trkpt>
      <trkpt lat="23.169383816421031951904296875" lon="113.42712557874619960784912109375">
        <ele>14.80000019073486328125</ele>
        <time>2026-02-24T23:43:20.000Z</time>
        <extensions>
          <ns3:TrackPointExtension>
            <ns3:hr>132</ns3:hr>
            <ns3:cad>93</ns3:cad>
          </ns3:TrackPointExtension>
        </extensions>
      </trkpt>
      <trkpt lat="23.1693628616631031036376953125" lon="113.42712105251848697662353515625">
        <ele>14.80000019073486328125</ele>
        <time>2026-02-24T23:43:21.000Z</time>
        <extensions>
          <ns3:TrackPointExtension>
            <ns3:hr>132</ns3:hr>
            <ns3:cad>92</ns3:cad>
          </ns3:TrackPointExtension>
        </extensions>
      </trkpt>
      <trkpt lat="23.16933922469615936279296875" lon="113.42711987905204296112060546875">
        <ele>14.80000019073486328125</ele>
        <time>2026-02-24T23:43:22.000Z</time>
        <extensions>
          <ns3:TrackPointExtension>
            <ns3:hr>132</ns3:hr>
            <ns3:cad>92</ns3:cad>
          </ns3:TrackPointExtension>
        </extensions>
      </trkpt>
      <trkpt lat="23.169322125613689422607421875" lon="113.427124656736850738525390625">
        <ele>14.80000019073486328125</ele>
        <time>2026-02-24T23:43:23.000Z</time>
        <extensions>
          <ns3:TrackPointExtension>
            <ns3:hr>132</ns3:hr>
            <ns3:cad>92</ns3:cad>
          </ns3:TrackPointExtension>
        </extensions>
      </trkpt>
      <trkpt lat="23.16929228603839874267578125" lon="113.4271241538226604461669921875">
        <ele>14.80000019073486328125</ele>
        <time>2026-02-24T23:43:24.000Z</time>
        <extensions>
          <ns3:TrackPointExtension>
            <ns3:hr>132</ns3:hr>
            <ns3:cad>91</ns3:cad>
          </ns3:TrackPointExtension>
        </extensions>
      </trkpt>
      <trkpt lat="23.16927392967045307159423828125" lon="113.42712775804102420806884765625">
        <ele>14.80000019073486328125</ele>
        <time>2026-02-24T23:43:25.000Z</time>
        <extensions>
          <ns3:TrackPointExtension>
            <ns3:hr>132</ns3:hr>
            <ns3:cad>91</ns3:cad>
          </ns3:TrackPointExtension>
        </extensions>
      </trkpt>
      <trkpt lat="23.16924056969583034515380859375" lon="113.427128009498119354248046875">
        <ele>14.80000019073486328125</ele>
        <time>2026-02-24T23:43:26.000Z</time>
        <extensions>
          <ns3:TrackPointExtension>
            <ns3:hr>133</ns3:hr>
            <ns3:cad>92</ns3:cad>
          </ns3:TrackPointExtension>
        </extensions>
      </trkpt>
      <trkpt lat="23.1692205369472503662109375" lon="113.42713144607841968536376953125">
        <ele>14.80000019073486328125</ele>
        <time>2026-02-24T23:43:27.000Z</time>
        <extensions>
          <ns3:TrackPointExtension>
            <ns3:hr>133</ns3:hr>
            <ns3:cad>92</ns3:cad>
          </ns3:TrackPointExtension>
        </extensions>
      </trkpt>
      <trkpt lat="23.16919178701937198638916015625" lon="113.42712809331715106964111328125">
        <ele>14.80000019073486328125</ele>
        <time>2026-02-24T23:43:28.000Z</time>
        <extensions>
          <ns3:TrackPointExtension>
            <ns3:hr>133</ns3:hr>
            <ns3:cad>92</ns3:cad>
          </ns3:TrackPointExtension>
        </extensions>
      </trkpt>
      <trkpt lat="23.1691744364798069000244140625" lon="113.42713463120162487030029296875">
        <ele>14.80000019073486328125</ele>
        <time>2026-02-24T23:43:29.000Z</time>
        <extensions>
          <ns3:TrackPointExtension>
            <ns3:hr>134</ns3:hr>
            <ns3:cad>92</ns3:cad>
          </ns3:TrackPointExtension>
        </extensions>
      </trkpt>
      <trkpt lat="23.16914518363773822784423828125" lon="113.42712658457458019256591796875">
        <ele>14.80000019073486328125</ele>
        <time>2026-02-24T23:43:30.000Z</time>
        <extensions>
          <ns3:TrackPointExtension>
            <ns3:hr>134</ns3:hr>
            <ns3:cad>91</ns3:cad>
          </ns3:TrackPointExtension>
        </extensions>
      </trkpt>
      <trkpt lat="23.169125653803348541259765625" lon="113.42712842859327793121337890625">
        <ele>14.80000019073486328125</ele>
        <time>2026-02-24T23:43:31.000Z</time>
        <extensions>
          <ns3:TrackPointExtension>
            <ns3:hr>134</ns3:hr>
            <ns3:cad>90</ns3:cad>
          </ns3:TrackPointExtension>
        </extensions>
      </trkpt>
      <trkpt lat="23.16909757442772388458251953125" lon="113.42712239362299442291259765625">
        <ele>14.80000019073486328125</ele>
        <time>2026-02-24T23:43:32.000Z</time>
        <extensions>
          <ns3:TrackPointExtension>
            <ns3:hr>134</ns3:hr>
            <ns3:cad>90</ns3:cad>
          </ns3:TrackPointExtension>
        </extensions>
      </trkpt>
      <trkpt lat="23.1690778769552707672119140625" lon="113.42712440527975559234619140625">
        <ele>14.80000019073486328125</ele>
        <time>2026-02-24T23:43:33.000Z</time>
        <extensions>
          <ns3:TrackPointExtension>
            <ns3:hr>134</ns3:hr>
            <ns3:cad>90</ns3:cad>
          </ns3:TrackPointExtension>
        </extensions>
      </trkpt>
      <trkpt lat="23.16904694773256778717041015625" lon="113.4271181188523769378662109375">
        <ele>14.80000019073486328125</ele>
        <time>2026-02-24T23:43:34.000Z</time>
        <extensions>
          <ns3:TrackPointExtension>
            <ns3:hr>134</ns3:hr>
            <ns3:cad>92</ns3:cad>
          </ns3:TrackPointExtension>
        </extensions>
      </trkpt>
      <trkpt lat="23.169026076793670654296875" lon="113.4271256625652313232421875">
        <ele>14.6000003814697265625</ele>
        <time>2026-02-24T23:43:35.000Z</time>
        <extensions>
          <ns3:TrackPointExtension>
            <ns3:hr>134</ns3:hr>
            <ns3:cad>92</ns3:cad>
          </ns3:TrackPointExtension>
        </extensions>
      </trkpt>
      <trkpt lat="23.16899782977998256683349609375" lon="113.427122645080089569091796875">
        <ele>14.6000003814697265625</ele>
        <time>2026-02-24T23:43:36.000Z</time>
        <extensions>
          <ns3:TrackPointExtension>
            <ns3:hr>135</ns3:hr>
            <ns3:cad>92</ns3:cad>
          </ns3:TrackPointExtension>
        </extensions>
      </trkpt>
      <trkpt lat="23.1689776293933391571044921875" lon="113.42712641693651676177978515625">
        <ele>14.6000003814697265625</ele>
        <time>2026-02-24T23:43:37.000Z</time>
        <extensions>
          <ns3:TrackPointExtension>
            <ns3:hr>135</ns3:hr>
            <ns3:cad>92</ns3:cad>
          </ns3:TrackPointExtension>
        </extensions>
      </trkpt>
      <trkpt lat="23.1689494661986827850341796875" lon="113.42711904086172580718994140625">
        <ele>14.6000003814697265625</ele>
        <time>2026-02-24T23:43:38.000Z</time>
        <extensions>
          <ns3:TrackPointExtension>
            <ns3:hr>135</ns3:hr>
            <ns3:cad>92</ns3:cad>
          </ns3:TrackPointExtension>
        </extensions>
      </trkpt>
      <trkpt lat="23.168928511440753936767578125" lon="113.42712365090847015380859375">
        <ele>14.80000019073486328125</ele>
        <time>2026-02-24T23:43:39.000Z</time>
        <extensions>
          <ns3:TrackPointExtension>
            <ns3:hr>135</ns3:hr>
            <ns3:cad>90</ns3:cad>
          </ns3:TrackPointExtension>
        </extensions>
      </trkpt>
      <trkpt lat="23.16890026442706584930419921875" lon="113.42712272889912128448486328125">
        <ele>14.80000019073486328125</ele>
        <time>2026-02-24T23:43:40.000Z</time>
        <extensions>
          <ns3:TrackPointExtension>
            <ns3:hr>135</ns3:hr>
            <ns3:cad>90</ns3:cad>
          </ns3:TrackPointExtension>
        </extensions>
      </trkpt>
      <trkpt lat="23.16888031549751758575439453125" lon="113.4271288476884365081787109375">
        <ele>14.80000019073486328125</ele>
        <time>2026-02-24T23:43:41.000Z</time>
        <extensions>
          <ns3:TrackPointExtension>
            <ns3:hr>134</ns3:hr>
            <ns3:cad>90</ns3:cad>
          </ns3:TrackPointExtension>
        </extensions>
      </trkpt>
      <trkpt lat="23.16885416395962238311767578125" lon="113.427125997841358184814453125">
        <ele>14.80000019073486328125</ele>
        <time>2026-02-24T23:43:42.000Z</time>
        <extensions>
          <ns3:TrackPointExtension>
            <ns3:hr>134</ns3:hr>
            <ns3:cad>90</ns3:cad>
          </ns3:TrackPointExtension>
        </extensions>
      </trkpt>
      <trkpt lat="23.1688324548304080963134765625" lon="113.4271301887929439544677734375">
        <ele>14.80000019073486328125</ele>
        <time>2026-02-24T23:43:43.000Z</time>
        <extensions>
          <ns3:TrackPointExtension>
            <ns3:hr>135</ns3:hr>
            <ns3:cad>90</ns3:cad>
          </ns3:TrackPointExtension>
        </extensions>
      </trkpt>
      <trkpt lat="23.16880655474960803985595703125" lon="113.42713027261197566986083984375">
        <ele>14.6000003814697265625</ele>
        <time>2026-02-24T23:43:44.000Z</time>
        <extensions>
          <ns3:TrackPointExtension>
            <ns3:hr>135</ns3:hr>
            <ns3:cad>90</ns3:cad>
          </ns3:TrackPointExtension>
        </extensions>
      </trkpt>
      <trkpt lat="23.1687811575829982757568359375" lon="113.42713463120162487030029296875">
        <ele>14.6000003814697265625</ele>
        <time>2026-02-24T23:43:45.000Z</time>
        <extensions>
          <ns3:TrackPointExtension>
            <ns3:hr>134</ns3:hr>
            <ns3:cad>90</ns3:cad>
          </ns3:TrackPointExtension>
        </extensions>
      </trkpt>
      <trkpt lat="23.16875861026346683502197265625" lon="113.42714016325771808624267578125">
        <ele>14.6000003814697265625</ele>
        <time>2026-02-24T23:43:46.000Z</time>
        <extensions>
          <ns3:TrackPointExtension>
            <ns3:hr>134</ns3:hr>
            <ns3:cad>93</ns3:cad>
          </ns3:TrackPointExtension>
        </extensions>
      </trkpt>
      <trkpt lat="23.1687312014400959014892578125" lon="113.42714787460863590240478515625">
        <ele>14.6000003814697265625</ele>
        <time>2026-02-24T23:43:47.000Z</time>
        <extensions>
          <ns3:TrackPointExtension>
            <ns3:hr>134</ns3:hr>
            <ns3:cad>93</ns3:cad>
          </ns3:TrackPointExtension>
        </extensions>
      </trkpt>
      <trkpt lat="23.1687104143202304840087890625" lon="113.42715441249310970306396484375">
        <ele>14.6000003814697265625</ele>
        <time>2026-02-24T23:43:48.000Z</time>
        <extensions>
          <ns3:TrackPointExtension>
            <ns3:hr>135</ns3:hr>
            <ns3:cad>93</ns3:cad>
          </ns3:TrackPointExtension>
        </extensions>
      </trkpt>
      <trkpt lat="23.16868484951555728912353515625" lon="113.42716061510145664215087890625">
        <ele>14.6000003814697265625</ele>
        <time>2026-02-24T23:43:49.000Z</time>
        <extensions>
          <ns3:TrackPointExtension>
            <ns3:hr>135</ns3:hr>
            <ns3:cad>93</ns3:cad>
          </ns3:TrackPointExtension>
        </extensions>
      </trkpt>
      <trkpt lat="23.1686634756624698638916015625" lon="113.4271603636443614959716796875">
        <ele>14.6000003814697265625</ele>
        <time>2026-02-24T23:43:50.000Z</time>
        <extensions>
          <ns3:TrackPointExtension>
            <ns3:hr>135</ns3:hr>
            <ns3:cad>92</ns3:cad>
          </ns3:TrackPointExtension>
        </extensions>
      </trkpt>
      <trkpt lat="23.16863724030554294586181640625" lon="113.427169583737850189208984375">
        <ele>14.3999996185302734375</ele>
        <time>2026-02-24T23:43:51.000Z</time>
        <extensions>
          <ns3:TrackPointExtension>
            <ns3:hr>135</ns3:hr>
            <ns3:cad>90</ns3:cad>
          </ns3:TrackPointExtension>
        </extensions>
      </trkpt>
      <trkpt lat="23.1686135195195674896240234375" lon="113.42717670835554599761962890625">
        <ele>14.3999996185302734375</ele>
        <time>2026-02-24T23:43:52.000Z</time>
        <extensions>
          <ns3:TrackPointExtension>
            <ns3:hr>135</ns3:hr>
            <ns3:cad>90</ns3:cad>
          </ns3:TrackPointExtension>
        </extensions>
      </trkpt>
      <trkpt lat="23.16858879290521144866943359375" lon="113.4271841682493686676025390625">
        <ele>14.3999996185302734375</ele>
        <time>2026-02-24T23:43:53.000Z</time>
        <extensions>
          <ns3:TrackPointExtension>
            <ns3:hr>136</ns3:hr>
            <ns3:cad>90</ns3:cad>
          </ns3:TrackPointExtension>
        </extensions>
      </trkpt>
      <trkpt lat="23.16856482066214084625244140625" lon="113.42719146050512790679931640625">
        <ele>14.3999996185302734375</ele>
        <time>2026-02-24T23:43:54.000Z</time>
        <extensions>
          <ns3:TrackPointExtension>
            <ns3:hr>136</ns3:hr>
            <ns3:cad>90</ns3:cad>
          </ns3:TrackPointExtension>
        </extensions>
      </trkpt>
      <trkpt lat="23.16853917203843593597412109375" lon="113.4271975792944431304931640625">
        <ele>14.3999996185302734375</ele>
        <time>2026-02-24T23:43:55.000Z</time>
        <extensions>
          <ns3:TrackPointExtension>
            <ns3:hr>136</ns3:hr>
            <ns3:cad>90</ns3:cad>
          </ns3:TrackPointExtension>
        </extensions>
      </trkpt>
      <trkpt lat="23.1685179658234119415283203125" lon="113.427207469940185546875">
        <ele>14.3999996185302734375</ele>
        <time>2026-02-24T23:43:56.000Z</time>
        <extensions>
          <ns3:TrackPointExtension>
            <ns3:hr>136</ns3:hr>
            <ns3:cad>90</ns3:cad>
          </ns3:TrackPointExtension>
        </extensions>
      </trkpt>
      <trkpt lat="23.16849189810454845428466796875" lon="113.42721828259527683258056640625">
        <ele>14.3999996185302734375</ele>
        <time>2026-02-24T23:43:57.000Z</time>
        <extensions>
          <ns3:TrackPointExtension>
            <ns3:hr>135</ns3:hr>
            <ns3:cad>90</ns3:cad>
          </ns3:TrackPointExtension>
        </extensions>
      </trkpt>
      <trkpt lat="23.1684748828411102294921875" lon="113.42723404057323932647705078125">
        <ele>14.3999996185302734375</ele>
        <time>2026-02-24T23:43:58.000Z</time>
        <extensions>
          <ns3:TrackPointExtension>
            <ns3:hr>136</ns3:hr>
            <ns3:cad>90</ns3:cad>
          </ns3:TrackPointExtension>
        </extensions>
      </trkpt>
      <trkpt lat="23.16844998858869075775146484375" lon="113.42724728398025035858154296875">
        <ele>14.3999996185302734375</ele>
        <time>2026-02-24T23:43:59.000Z</time>
        <extensions>
          <ns3:TrackPointExtension>
            <ns3:hr>135</ns3:hr>
            <ns3:cad>90</ns3:cad>
          </ns3:TrackPointExtension>
        </extensions>
      </trkpt>
      <trkpt lat="23.16843389533460140228271484375" lon="113.42726044356822967529296875">
        <ele>14.3999996185302734375</ele>
        <time>2026-02-24T23:44:00.000Z</time>
        <extensions>
          <ns3:TrackPointExtension>
            <ns3:hr>135</ns3:hr>
            <ns3:cad>90</ns3:cad>
          </ns3:TrackPointExtension>
        </extensions>
      </trkpt>
      <trkpt lat="23.1684063188731670379638671875" lon="113.42727008275687694549560546875">
        <ele>14.3999996185302734375</ele>
        <time>2026-02-24T23:44:01.000Z</time>
        <extensions>
          <ns3:TrackPointExtension>
            <ns3:hr>134</ns3:hr>
            <ns3:cad>92</ns3:cad>
          </ns3:TrackPointExtension>
        </extensions>
      </trkpt>
      <trkpt lat="23.1683892197906970977783203125" lon="113.4272850863635540008544921875">
        <ele>14.19999980926513671875</ele>
        <time>2026-02-24T23:44:02.000Z</time>
        <extensions>
          <ns3:TrackPointExtension>
            <ns3:hr>133</ns3:hr>
            <ns3:cad>92</ns3:cad>
          </ns3:TrackPointExtension>
        </extensions>
      </trkpt>
      <trkpt lat="23.1683623977005481719970703125" lon="113.4272973239421844482421875">
        <ele>14.19999980926513671875</ele>
        <time>2026-02-24T23:44:03.000Z</time>
        <extensions>
          <ns3:TrackPointExtension>
            <ns3:hr>132</ns3:hr>
            <ns3:cad>92</ns3:cad>
          </ns3:TrackPointExtension>
        </extensions>
      </trkpt>
      <trkpt lat="23.168346472084522247314453125" lon="113.42731333337724208831787109375">
        <ele>14.19999980926513671875</ele>
        <time>2026-02-24T23:44:04.000Z</time>
        <extensions>
          <ns3:TrackPointExtension>
            <ns3:hr>132</ns3:hr>
            <ns3:cad>92</ns3:cad>
          </ns3:TrackPointExtension>
        </extensions>
      </trkpt>
      <trkpt lat="23.16831939853727817535400390625" lon="113.4273233078420162200927734375">
        <ele>14</ele>
        <time>2026-02-24T23:44:05.000Z</time>
        <extensions>
          <ns3:TrackPointExtension>
            <ns3:hr>132</ns3:hr>
            <ns3:cad>92</ns3:cad>
          </ns3:TrackPointExtension>
        </extensions>
      </trkpt>
      <trkpt lat="23.16830380819737911224365234375" lon="113.4273410774767398834228515625">
        <ele>14</ele>
        <time>2026-02-24T23:44:06.000Z</time>
        <extensions>
          <ns3:TrackPointExtension>
            <ns3:hr>131</ns3:hr>
            <ns3:cad>93</ns3:cad>
          </ns3:TrackPointExtension>
        </extensions>
      </trkpt>
      <trkpt lat="23.16827883012592792510986328125" lon="113.42735339887440204620361328125">
        <ele>14.19999980926513671875</ele>
        <time>2026-02-24T23:44:07.000Z</time>
        <extensions>
          <ns3:TrackPointExtension>
            <ns3:hr>131</ns3:hr>
            <ns3:cad>93</ns3:cad>
          </ns3:TrackPointExtension>
        </extensions>
      </trkpt>
      <trkpt lat="23.16826340742409229278564453125" lon="113.427368067204952239990234375">
        <ele>14.19999980926513671875</ele>
        <time>2026-02-24T23:44:08.000Z</time>
        <extensions>
          <ns3:TrackPointExtension>
            <ns3:hr>131</ns3:hr>
            <ns3:cad>92</ns3:cad>
          </ns3:TrackPointExtension>
        </extensions>
      </trkpt>
      <trkpt lat="23.16823708824813365936279296875" lon="113.42737871222198009490966796875">
        <ele>14.19999980926513671875</ele>
        <time>2026-02-24T23:44:09.000Z</time>
        <extensions>
          <ns3:TrackPointExtension>
            <ns3:hr>131</ns3:hr>
            <ns3:cad>92</ns3:cad>
          </ns3:TrackPointExtension>
        </extensions>
      </trkpt>
      <trkpt lat="23.1682249344885349273681640625" lon="113.4273963980376720428466796875">
        <ele>14.19999980926513671875</ele>
        <time>2026-02-24T23:44:10.000Z</time>
        <extensions>
          <ns3:TrackPointExtension>
            <ns3:hr>131</ns3:hr>
            <ns3:cad>92</ns3:cad>
          </ns3:TrackPointExtension>
        </extensions>
      </trkpt>
      <trkpt lat="23.16819786094129085540771484375" lon="113.42741064727306365966796875">
        <ele>14.19999980926513671875</ele>
        <time>2026-02-24T23:44:11.000Z</time>
        <extensions>
          <ns3:TrackPointExtension>
            <ns3:hr>132</ns3:hr>
            <ns3:cad>90</ns3:cad>
          </ns3:TrackPointExtension>
        </extensions>
      </trkpt>
      <trkpt lat="23.16818411462008953094482421875" lon="113.42742464505136013031005859375">
        <ele>14.19999980926513671875</ele>
        <time>2026-02-24T23:44:12.000Z</time>
        <extensions>
          <ns3:TrackPointExtension>
            <ns3:hr>131</ns3:hr>
            <ns3:cad>90</ns3:cad>
          </ns3:TrackPointExtension>
        </extensions>
      </trkpt>
      <trkpt lat="23.1681637465953826904296875" lon="113.4274389781057834625244140625">
        <ele>14.19999980926513671875</ele>
        <time>2026-02-24T23:44:13.000Z</time>
        <extensions>
          <ns3:TrackPointExtension>
            <ns3:hr>132</ns3:hr>
            <ns3:cad>90</ns3:cad>
          </ns3:TrackPointExtension>
        </extensions>
      </trkpt>
      <trkpt lat="23.1681468151509761810302734375" lon="113.42744844965636730194091796875">
        <ele>14.19999980926513671875</ele>
        <time>2026-02-24T23:44:14.000Z</time>
        <extensions>
          <ns3:TrackPointExtension>
            <ns3:hr>131</ns3:hr>
            <ns3:cad>90</ns3:cad>
          </ns3:TrackPointExtension>
        </extensions>
      </trkpt>
      <trkpt lat="23.16812359727919101715087890625" lon="113.427458591759204864501953125">
        <ele>14.19999980926513671875</ele>
        <time>2026-02-24T23:44:15.000Z</time>
        <extensions>
          <ns3:TrackPointExtension>
            <ns3:hr>131</ns3:hr>
            <ns3:cad>90</ns3:cad>
          </ns3:TrackPointExtension>
        </extensions>
      </trkpt>
      <trkpt lat="23.1681082583963871002197265625" lon="113.4274678118526935577392578125">
        <ele>14.19999980926513671875</ele>
        <time>2026-02-24T23:44:16.000Z</time>
        <extensions>
          <ns3:TrackPointExtension>
            <ns3:hr>131</ns3:hr>
            <ns3:cad>90</ns3:cad>
          </ns3:TrackPointExtension>
        </extensions>
      </trkpt>
      <trkpt lat="23.168076910078525543212890625" lon="113.42746621929109096527099609375">
        <ele>14.19999980926513671875</ele>
        <time>2026-02-24T23:44:17.000Z</time>
        <extensions>
          <ns3:TrackPointExtension>
            <ns3:hr>131</ns3:hr>
            <ns3:cad>90</ns3:cad>
          </ns3:TrackPointExtension>
        </extensions>
      </trkpt>
      <trkpt lat="23.16805469803512096405029296875" lon="113.4274688176810741424560546875">
        <ele>14.19999980926513671875</ele>
        <time>2026-02-24T23:44:18.000Z</time>
        <extensions>
          <ns3:TrackPointExtension>
            <ns3:hr>131</ns3:hr>
            <ns3:cad>90</ns3:cad>
          </ns3:TrackPointExtension>
        </extensions>
      </trkpt>
      <trkpt lat="23.16803089343011379241943359375" lon="113.427456580102443695068359375">
        <ele>14.19999980926513671875</ele>
        <time>2026-02-24T23:44:19.000Z</time>
        <extensions>
          <ns3:TrackPointExtension>
            <ns3:hr>132</ns3:hr>
            <ns3:cad>90</ns3:cad>
          </ns3:TrackPointExtension>
        </extensions>
      </trkpt>
      <trkpt lat="23.168018572032451629638671875" lon="113.427435122430324554443359375">
        <ele>14.3999996185302734375</ele>
        <time>2026-02-24T23:44:20.000Z</time>
        <extensions>
          <ns3:TrackPointExtension>
            <ns3:hr>131</ns3:hr>
            <ns3:cad>89</ns3:cad>
          </ns3:TrackPointExtension>
        </extensions>
      </trkpt>
      <trkpt lat="23.1680190749466419219970703125" lon="113.427408300340175628662109375">
        <ele>14.19999980926513671875</ele>
        <time>2026-02-24T23:44:21.000Z</time>
        <extensions>
          <ns3:TrackPointExtension>
            <ns3:hr>131</ns3:hr>
            <ns3:cad>89</ns3:cad>
          </ns3:TrackPointExtension>
        </extensions>
      </trkpt>
      <trkpt lat="23.16801555454730987548828125" lon="113.427385501563549041748046875">
        <ele>14.19999980926513671875</ele>
        <time>2026-02-24T23:44:22.000Z</time>
        <extensions>
          <ns3:TrackPointExtension>
            <ns3:hr>131</ns3:hr>
            <ns3:cad>89</ns3:cad>
          </ns3:TrackPointExtension>
        </extensions>
      </trkpt>
      <trkpt lat="23.16801396198570728302001953125" lon="113.42735256068408489227294921875">
        <ele>14.19999980926513671875</ele>
        <time>2026-02-24T23:44:23.000Z</time>
        <extensions>
          <ns3:TrackPointExtension>
            <ns3:hr>131</ns3:hr>
            <ns3:cad>90</ns3:cad>
          </ns3:TrackPointExtension>
        </extensions>
      </trkpt>
      <trkpt lat="23.16801488399505615234375" lon="113.4273283369839191436767578125">
        <ele>14.19999980926513671875</ele>
        <time>2026-02-24T23:44:24.000Z</time>
        <extensions>
          <ns3:TrackPointExtension>
            <ns3:hr>131</ns3:hr>
            <ns3:cad>90</ns3:cad>
          </ns3:TrackPointExtension>
        </extensions>
      </trkpt>
      <trkpt lat="23.16801446489989757537841796875" lon="113.4272954799234867095947265625">
        <ele>14</ele>
        <time>2026-02-24T23:44:25.000Z</time>
        <extensions>
          <ns3:TrackPointExtension>
            <ns3:hr>131</ns3:hr>
            <ns3:cad>90</ns3:cad>
          </ns3:TrackPointExtension>
        </extensions>
      </trkpt>
      <trkpt lat="23.1680073402822017669677734375" lon="113.4272730164229869842529296875">
        <ele>14</ele>
        <time>2026-02-24T23:44:26.000Z</time>
        <extensions>
          <ns3:TrackPointExtension>
            <ns3:hr>131</ns3:hr>
            <ns3:cad>90</ns3:cad>
          </ns3:TrackPointExtension>
        </extensions>
      </trkpt>
      <trkpt lat="23.16799267195165157318115234375" lon="113.4272455237805843353271484375">
        <ele>14.19999980926513671875</ele>
        <time>2026-02-24T23:44:27.000Z</time>
        <extensions>
          <ns3:TrackPointExtension>
            <ns3:hr>131</ns3:hr>
            <ns3:cad>90</ns3:cad>
          </ns3:TrackPointExtension>
        </extensions>
      </trkpt>
      <trkpt lat="23.1679758243262767791748046875" lon="113.4272351302206516265869140625">
        <ele>14.19999980926513671875</ele>
        <time>2026-02-24T23:44:28.000Z</time>
        <extensions>
          <ns3:TrackPointExtension>
            <ns3:hr>131</ns3:hr>
            <ns3:cad>90</ns3:cad>
          </ns3:TrackPointExtension>
        </extensions>
      </trkpt>
      <trkpt lat="23.16795428283512592315673828125" lon="113.4272304363548755645751953125">
        <ele>14.19999980926513671875</ele>
        <time>2026-02-24T23:44:29.000Z</time>
        <extensions>
          <ns3:TrackPointExtension>
            <ns3:hr>131</ns3:hr>
            <ns3:cad>90</ns3:cad>
          </ns3:TrackPointExtension>
        </extensions>
      </trkpt>
      <trkpt lat="23.16792645491659641265869140625" lon="113.42722632922232151031494140625">
        <ele>14.19999980926513671875</ele>
        <time>2026-02-24T23:44:30.000Z</time>
        <extensions>
          <ns3:TrackPointExtension>
            <ns3:hr>131</ns3:hr>
            <ns3:cad>90</ns3:cad>
          </ns3:TrackPointExtension>
        </extensions>
      </trkpt>
      <trkpt lat="23.16790583543479442596435546875" lon="113.42723093926906585693359375">
        <ele>14.19999980926513671875</ele>
        <time>2026-02-24T23:44:31.000Z</time>
        <extensions>
          <ns3:TrackPointExtension>
            <ns3:hr>131</ns3:hr>
            <ns3:cad>90</ns3:cad>
          </ns3:TrackPointExtension>
        </extensions>
      </trkpt>
      <trkpt lat="23.16787281073629856109619140625" lon="113.42722197063267230987548828125">
        <ele>14.19999980926513671875</ele>
        <time>2026-02-24T23:44:32.000Z</time>
        <extensions>
          <ns3:TrackPointExtension>
            <ns3:hr>131</ns3:hr>
            <ns3:cad>92</ns3:cad>
          </ns3:TrackPointExtension>
        </extensions>
      </trkpt>
      <trkpt lat="23.16784833557903766632080078125" lon="113.4272220544517040252685546875">
        <ele>14.19999980926513671875</ele>
        <time>2026-02-24T23:44:33.000Z</time>
        <extensions>
          <ns3:TrackPointExtension>
            <ns3:hr>131</ns3:hr>
            <ns3:cad>92</ns3:cad>
          </ns3:TrackPointExtension>
        </extensions>
      </trkpt>
      <trkpt lat="23.167818076908588409423828125" lon="113.427211828529834747314453125">
        <ele>14.19999980926513671875</ele>
        <time>2026-02-24T23:44:34.000Z</time>
        <extensions>
          <ns3:TrackPointExtension>
            <ns3:hr>131</ns3:hr>
            <ns3:cad>92</ns3:cad>
          </ns3:TrackPointExtension>
        </extensions>
      </trkpt>
      <trkpt lat="23.16779569722712039947509765625" lon="113.42720570974051952362060546875">
        <ele>14.19999980926513671875</ele>
        <time>2026-02-24T23:44:35.000Z</time>
        <extensions>
          <ns3:TrackPointExtension>
            <ns3:hr>131</ns3:hr>
            <ns3:cad>92</ns3:cad>
          </ns3:TrackPointExtension>
        </extensions>
      </trkpt>
      <trkpt lat="23.1677656061947345733642578125" lon="113.4271885268390178680419921875">
        <ele>14.19999980926513671875</ele>
        <time>2026-02-24T23:44:36.000Z</time>
        <extensions>
          <ns3:TrackPointExtension>
            <ns3:hr>132</ns3:hr>
            <ns3:cad>92</ns3:cad>
          </ns3:TrackPointExtension>
        </extensions>
      </trkpt>
      <trkpt lat="23.16774322651326656341552734375" lon="113.427178300917148590087890625">
        <ele>14.19999980926513671875</ele>
        <time>2026-02-24T23:44:37.000Z</time>
        <extensions>
          <ns3:TrackPointExtension>
            <ns3:hr>132</ns3:hr>
            <ns3:cad>90</ns3:cad>
          </ns3:TrackPointExtension>
        </extensions>
      </trkpt>
      <trkpt lat="23.16772126592695713043212890625" lon="113.4271492995321750640869140625">
        <ele>14</ele>
        <time>2026-02-24T23:44:38.000Z</time>
        <extensions>
          <ns3:TrackPointExtension>
            <ns3:hr>132</ns3:hr>
            <ns3:cad>90</ns3:cad>
          </ns3:TrackPointExtension>
        </extensions>
      </trkpt>
      <trkpt lat="23.1677019037306308746337890625" lon="113.42713303864002227783203125">
        <ele>14</ele>
        <time>2026-02-24T23:44:39.000Z</time>
        <extensions>
          <ns3:TrackPointExtension>
            <ns3:hr>133</ns3:hr>
            <ns3:cad>90</ns3:cad>
          </ns3:TrackPointExtension>
        </extensions>
      </trkpt>
      <trkpt lat="23.167687319219112396240234375" lon="113.4271040372550487518310546875">
        <ele>14</ele>
        <time>2026-02-24T23:44:40.000Z</time>
        <extensions>
          <ns3:TrackPointExtension>
            <ns3:hr>133</ns3:hr>
            <ns3:cad>90</ns3:cad>
          </ns3:TrackPointExtension>
        </extensions>
      </trkpt>
      <trkpt lat="23.1676723994314670562744140625" lon="113.42707897536456584930419921875">
        <ele>14</ele>
        <time>2026-02-24T23:44:41.000Z</time>
        <extensions>
          <ns3:TrackPointExtension>
            <ns3:hr>133</ns3:hr>
            <ns3:cad>91</ns3:cad>
          </ns3:TrackPointExtension>
        </extensions>
      </trkpt>
      <trkpt lat="23.1676594913005828857421875" lon="113.42705315910279750823974609375">
        <ele>14</ele>
        <time>2026-02-24T23:44:42.000Z</time>
        <extensions>
          <ns3:TrackPointExtension>
            <ns3:hr>134</ns3:hr>
            <ns3:cad>91</ns3:cad>
          </ns3:TrackPointExtension>
        </extensions>
      </trkpt>
      <trkpt lat="23.16765052266418933868408203125" lon="113.42702114023268222808837890625">
        <ele>14</ele>
        <time>2026-02-24T23:44:43.000Z</time>
        <extensions>
          <ns3:TrackPointExtension>
            <ns3:hr>134</ns3:hr>
            <ns3:cad>92</ns3:cad>
          </ns3:TrackPointExtension>
        </extensions>
      </trkpt>
      <trkpt lat="23.16764415241777896881103515625" lon="113.42699616216123104095458984375">
        <ele>14</ele>
        <time>2026-02-24T23:44:44.000Z</time>
        <extensions>
          <ns3:TrackPointExtension>
            <ns3:hr>134</ns3:hr>
            <ns3:cad>95</ns3:cad>
          </ns3:TrackPointExtension>
        </extensions>
      </trkpt>
      <trkpt lat="23.16764297895133495330810546875" lon="113.4269571863114833831787109375">
        <ele>14</ele>
        <time>2026-02-24T23:44:45.000Z</time>
        <extensions>
          <ns3:TrackPointExtension>
            <ns3:hr>134</ns3:hr>
            <ns3:cad>95</ns3:cad>
          </ns3:TrackPointExtension>
        </extensions>
      </trkpt>
      <trkpt lat="23.16763811744749546051025390625" lon="113.42693463899195194244384765625">
        <ele>14</ele>
        <time>2026-02-24T23:44:46.000Z</time>
        <extensions>
          <ns3:TrackPointExtension>
            <ns3:hr>135</ns3:hr>
            <ns3:cad>94</ns3:cad>
          </ns3:TrackPointExtension>
        </extensions>
      </trkpt>
      <trkpt lat="23.1676435656845569610595703125" lon="113.42689926736056804656982421875">
        <ele>14</ele>
        <time>2026-02-24T23:44:47.000Z</time>
        <extensions>
          <ns3:TrackPointExtension>
            <ns3:hr>135</ns3:hr>
            <ns3:cad>92</ns3:cad>
          </ns3:TrackPointExtension>
        </extensions>
      </trkpt>
      <trkpt lat="23.16763409413397312164306640625" lon="113.42687479220330715179443359375">
        <ele>14</ele>
        <time>2026-02-24T23:44:48.000Z</time>
        <extensions>
          <ns3:TrackPointExtension>
            <ns3:hr>135</ns3:hr>
            <ns3:cad>92</ns3:cad>
          </ns3:TrackPointExtension>
        </extensions>
      </trkpt>
      <trkpt lat="23.167632333934307098388671875" lon="113.42684411443769931793212890625">
        <ele>14</ele>
        <time>2026-02-24T23:44:49.000Z</time>
        <extensions>
          <ns3:TrackPointExtension>
            <ns3:hr>135</ns3:hr>
            <ns3:cad>92</ns3:cad>
          </ns3:TrackPointExtension>
        </extensions>
      </trkpt>
      <trkpt lat="23.16762772388756275177001953125" lon="113.426814861595630645751953125">
        <ele>14</ele>
        <time>2026-02-24T23:44:50.000Z</time>
        <extensions>
          <ns3:TrackPointExtension>
            <ns3:hr>135</ns3:hr>
            <ns3:cad>93</ns3:cad>
          </ns3:TrackPointExtension>
        </extensions>
      </trkpt>
      <trkpt lat="23.16762001253664493560791015625" lon="113.426789380609989166259765625">
        <ele>14</ele>
        <time>2026-02-24T23:44:51.000Z</time>
        <extensions>
          <ns3:TrackPointExtension>
            <ns3:hr>135</ns3:hr>
            <ns3:cad>94</ns3:cad>
          </ns3:TrackPointExtension>
        </extensions>
      </trkpt>
      <trkpt lat="23.1676273047924041748046875" lon="113.4267519973218441009521484375">
        <ele>14.19999980926513671875</ele>
        <time>2026-02-24T23:44:52.000Z</time>
        <extensions>
          <ns3:TrackPointExtension>
            <ns3:hr>135</ns3:hr>
            <ns3:cad>95</ns3:cad>
          </ns3:TrackPointExtension>
        </extensions>
      </trkpt>
      <trkpt lat="23.16762688569724559783935546875" lon="113.426724337041378021240234375">
        <ele>14.3999996185302734375</ele>
        <time>2026-02-24T23:44:53.000Z</time>
        <extensions>
          <ns3:TrackPointExtension>
            <ns3:hr>135</ns3:hr>
            <ns3:cad>95</ns3:cad>
          </ns3:TrackPointExtension>
        </extensions>
      </trkpt>
      <trkpt lat="23.167634345591068267822265625" lon="113.42669374309480190277099609375">
        <ele>14.3999996185302734375</ele>
        <time>2026-02-24T23:44:54.000Z</time>
        <extensions>
          <ns3:TrackPointExtension>
            <ns3:hr>135</ns3:hr>
            <ns3:cad>95</ns3:cad>
          </ns3:TrackPointExtension>
        </extensions>
      </trkpt>
      <trkpt lat="23.16762856207787990570068359375" lon="113.42666977085173130035400390625">
        <ele>14.3999996185302734375</ele>
        <time>2026-02-24T23:44:55.000Z</time>
        <extensions>
          <ns3:TrackPointExtension>
            <ns3:hr>135</ns3:hr>
            <ns3:cad>95</ns3:cad>
          </ns3:TrackPointExtension>
        </extensions>
      </trkpt>
      <trkpt lat="23.1676298193633556365966796875" lon="113.4266447089612483978271484375">
        <ele>14.3999996185302734375</ele>
        <time>2026-02-24T23:44:56.000Z</time>
        <extensions>
          <ns3:TrackPointExtension>
            <ns3:hr>135</ns3:hr>
            <ns3:cad>95</ns3:cad>
          </ns3:TrackPointExtension>
        </extensions>
      </trkpt>
      <trkpt lat="23.1676321662962436676025390625" lon="113.4266106784343719482421875">
        <ele>14.19999980926513671875</ele>
        <time>2026-02-24T23:44:57.000Z</time>
        <extensions>
          <ns3:TrackPointExtension>
            <ns3:hr>135</ns3:hr>
            <ns3:cad>97</ns3:cad>
          </ns3:TrackPointExtension>
        </extensions>
      </trkpt>
      <trkpt lat="23.16763074137270450592041015625" lon="113.42659215442836284637451171875">
        <ele>14.19999980926513671875</ele>
        <time>2026-02-24T23:44:58.000Z</time>
        <extensions>
          <ns3:TrackPointExtension>
            <ns3:hr>136</ns3:hr>
            <ns3:cad>97</ns3:cad>
          </ns3:TrackPointExtension>
        </extensions>
      </trkpt>
      <trkpt lat="23.16763375885784626007080078125" lon="113.42655560933053493499755859375">
        <ele>14.19999980926513671875</ele>
        <time>2026-02-24T23:44:59.000Z</time>
        <extensions>
          <ns3:TrackPointExtension>
            <ns3:hr>136</ns3:hr>
            <ns3:cad>97</ns3:cad>
          </ns3:TrackPointExtension>
        </extensions>
      </trkpt>
      <trkpt lat="23.16762638278305530548095703125" lon="113.4265273623168468475341796875">
        <ele>14.19999980926513671875</ele>
        <time>2026-02-24T23:45:00.000Z</time>
        <extensions>
          <ns3:TrackPointExtension>
            <ns3:hr>136</ns3:hr>
            <ns3:cad>96</ns3:cad>
          </ns3:TrackPointExtension>
        </extensions>
      </trkpt>
      <trkpt lat="23.16763241775333881378173828125" lon="113.42650062404572963714599609375">
        <ele>14.19999980926513671875</ele>
        <time>2026-02-24T23:45:01.000Z</time>
        <extensions>
          <ns3:TrackPointExtension>
            <ns3:hr>136</ns3:hr>
            <ns3:cad>96</ns3:cad>
          </ns3:TrackPointExtension>
        </extensions>
      </trkpt>
      <trkpt lat="23.16763325594365596771240234375" lon="113.42647396959364414215087890625">
        <ele>14.3999996185302734375</ele>
        <time>2026-02-24T23:45:02.000Z</time>
        <extensions>
          <ns3:TrackPointExtension>
            <ns3:hr>135</ns3:hr>
            <ns3:cad>96</ns3:cad>
          </ns3:TrackPointExtension>
        </extensions>
      </trkpt>
      <trkpt lat="23.16763560287654399871826171875" lon="113.42644899152219295501708984375">
        <ele>14.3999996185302734375</ele>
        <time>2026-02-24T23:45:03.000Z</time>
        <extensions>
          <ns3:TrackPointExtension>
            <ns3:hr>136</ns3:hr>
            <ns3:cad>95</ns3:cad>
          </ns3:TrackPointExtension>
        </extensions>
      </trkpt>
      <trkpt lat="23.16764113493263721466064453125" lon="113.4264187328517436981201171875">
        <ele>14.6000003814697265625</ele>
        <time>2026-02-24T23:45:04.000Z</time>
        <extensions>
          <ns3:TrackPointExtension>
            <ns3:hr>135</ns3:hr>
            <ns3:cad>94</ns3:cad>
          </ns3:TrackPointExtension>
        </extensions>
      </trkpt>
      <trkpt lat="23.16764029674232006072998046875" lon="113.42639199458062648773193359375">
        <ele>14.6000003814697265625</ele>
        <time>2026-02-24T23:45:05.000Z</time>
        <extensions>
          <ns3:TrackPointExtension>
            <ns3:hr>135</ns3:hr>
            <ns3:cad>94</ns3:cad>
          </ns3:TrackPointExtension>
        </extensions>
      </trkpt>
      <trkpt lat="23.167648427188396453857421875" lon="113.42635779641568660736083984375">
        <ele>14.3999996185302734375</ele>
        <time>2026-02-24T23:45:06.000Z</time>
        <extensions>
          <ns3:TrackPointExtension>
            <ns3:hr>135</ns3:hr>
            <ns3:cad>94</ns3:cad>
          </ns3:TrackPointExtension>
        </extensions>
      </trkpt>
      <trkpt lat="23.16764633171260356903076171875" lon="113.4263315610587596893310546875">
        <ele>14.3999996185302734375</ele>
        <time>2026-02-24T23:45:07.000Z</time>
        <extensions>
          <ns3:TrackPointExtension>
            <ns3:hr>135</ns3:hr>
            <ns3:cad>94</ns3:cad>
          </ns3:TrackPointExtension>
        </extensions>
      </trkpt>
      <trkpt lat="23.16764884628355503082275390625" lon="113.42630314640700817108154296875">
        <ele>14.3999996185302734375</ele>
        <time>2026-02-24T23:45:08.000Z</time>
        <extensions>
          <ns3:TrackPointExtension>
            <ns3:hr>136</ns3:hr>
            <ns3:cad>94</ns3:cad>
          </ns3:TrackPointExtension>
        </extensions>
      </trkpt>
      <trkpt lat="23.1676479242742061614990234375" lon="113.426273725926876068115234375">
        <ele>14.19999980926513671875</ele>
        <time>2026-02-24T23:45:09.000Z</time>
        <extensions>
          <ns3:TrackPointExtension>
            <ns3:hr>136</ns3:hr>
            <ns3:cad>94</ns3:cad>
          </ns3:TrackPointExtension>
        </extensions>
      </trkpt>
      <trkpt lat="23.16764364950358867645263671875" lon="113.42624749056994915008544921875">
        <ele>14.19999980926513671875</ele>
        <time>2026-02-24T23:45:10.000Z</time>
        <extensions>
          <ns3:TrackPointExtension>
            <ns3:hr>136</ns3:hr>
            <ns3:cad>95</ns3:cad>
          </ns3:TrackPointExtension>
        </extensions>
      </trkpt>
      <trkpt lat="23.16764163784682750701904296875" lon="113.42621530406177043914794921875">
        <ele>14.19999980926513671875</ele>
        <time>2026-02-24T23:45:11.000Z</time>
        <extensions>
          <ns3:TrackPointExtension>
            <ns3:hr>136</ns3:hr>
            <ns3:cad>95</ns3:cad>
          </ns3:TrackPointExtension>
        </extensions>
      </trkpt>
      <trkpt lat="23.1676371954381465911865234375" lon="113.4261914156377315521240234375">
        <ele>14.19999980926513671875</ele>
        <time>2026-02-24T23:45:12.000Z</time>
        <extensions>
          <ns3:TrackPointExtension>
            <ns3:hr>137</ns3:hr>
            <ns3:cad>95</ns3:cad>
          </ns3:TrackPointExtension>
        </extensions>
      </trkpt>
      <trkpt lat="23.167643733322620391845703125" lon="113.42615964822471141815185546875">
        <ele>14.3999996185302734375</ele>
        <time>2026-02-24T23:45:13.000Z</time>
        <extensions>
          <ns3:TrackPointExtension>
            <ns3:hr>137</ns3:hr>
            <ns3:cad>95</ns3:cad>
          </ns3:TrackPointExtension>
        </extensions>
      </trkpt>
      <trkpt lat="23.1676395423710346221923828125" lon="113.4261354245245456695556640625">
        <ele>14.19999980926513671875</ele>
        <time>2026-02-24T23:45:14.000Z</time>
        <extensions>
          <ns3:TrackPointExtension>
            <ns3:hr>137</ns3:hr>
            <ns3:cad>95</ns3:cad>
          </ns3:TrackPointExtension>
        </extensions>
      </trkpt>
      <trkpt lat="23.16764264367520809173583984375" lon="113.42610902152955532073974609375">
        <ele>14.19999980926513671875</ele>
        <time>2026-02-24T23:45:15.000Z</time>
        <extensions>
          <ns3:TrackPointExtension>
            <ns3:hr>138</ns3:hr>
            <ns3:cad>95</ns3:cad>
          </ns3:TrackPointExtension>
        </extensions>
      </trkpt>
      <trkpt lat="23.167642392218112945556640625" lon="113.42607851140201091766357421875">
        <ele>14.3999996185302734375</ele>
        <time>2026-02-24T23:45:16.000Z</time>
        <extensions>
          <ns3:TrackPointExtension>
            <ns3:hr>138</ns3:hr>
            <ns3:cad>96</ns3:cad>
          </ns3:TrackPointExtension>
        </extensions>
      </trkpt>
      <trkpt lat="23.16764297895133495330810546875" lon="113.42605420388281345367431640625">
        <ele>14.3999996185302734375</ele>
        <time>2026-02-24T23:45:17.000Z</time>
        <extensions>
          <ns3:TrackPointExtension>
            <ns3:hr>139</ns3:hr>
            <ns3:cad>95</ns3:cad>
          </ns3:TrackPointExtension>
        </extensions>
      </trkpt>
      <trkpt lat="23.16764582879841327667236328125" lon="113.4260241128504276275634765625">
        <ele>14.6000003814697265625</ele>
        <time>2026-02-24T23:45:18.000Z</time>
        <extensions>
          <ns3:TrackPointExtension>
            <ns3:hr>139</ns3:hr>
            <ns3:cad>95</ns3:cad>
          </ns3:TrackPointExtension>
        </extensions>
      </trkpt>
      <trkpt lat="23.1676432304084300994873046875" lon="113.4259982965886592864990234375">
        <ele>14.6000003814697265625</ele>
        <time>2026-02-24T23:45:19.000Z</time>
        <extensions>
          <ns3:TrackPointExtension>
            <ns3:hr>139</ns3:hr>
            <ns3:cad>92</ns3:cad>
          </ns3:TrackPointExtension>
        </extensions>
      </trkpt>
      <trkpt lat="23.1676506064832210540771484375" lon="113.42596225440502166748046875">
        <ele>14.80000019073486328125</ele>
        <time>2026-02-24T23:45:20.000Z</time>
        <extensions>
          <ns3:TrackPointExtension>
            <ns3:hr>140</ns3:hr>
            <ns3:cad>92</ns3:cad>
          </ns3:TrackPointExtension>
        </extensions>
      </trkpt>
      <trkpt lat="23.16764733754098415374755859375" lon="113.42593853361904621124267578125">
        <ele>14.6000003814697265625</ele>
        <time>2026-02-24T23:45:21.000Z</time>
        <extensions>
          <ns3:TrackPointExtension>
            <ns3:hr>140</ns3:hr>
            <ns3:cad>92</ns3:cad>
          </ns3:TrackPointExtension>
        </extensions>
      </trkpt>
      <trkpt lat="23.1676496006548404693603515625" lon="113.42590232379734516143798828125">
        <ele>14.6000003814697265625</ele>
        <time>2026-02-24T23:45:22.000Z</time>
        <extensions>
          <ns3:TrackPointExtension>
            <ns3:hr>140</ns3:hr>
            <ns3:cad>92</ns3:cad>
          </ns3:TrackPointExtension>
        </extensions>
      </trkpt>
      <trkpt lat="23.16764381714165210723876953125" lon="113.42588120140135288238525390625">
        <ele>14.6000003814697265625</ele>
        <time>2026-02-24T23:45:23.000Z</time>
        <extensions>
          <ns3:TrackPointExtension>
            <ns3:hr>140</ns3:hr>
            <ns3:cad>93</ns3:cad>
          </ns3:TrackPointExtension>
        </extensions>
      </trkpt>
      <trkpt lat="23.16764348186552524566650390625" lon="113.4258531220257282257080078125">
        <ele>14.6000003814697265625</ele>
        <time>2026-02-24T23:45:24.000Z</time>
        <extensions>
          <ns3:TrackPointExtension>
            <ns3:hr>140</ns3:hr>
            <ns3:cad>94</ns3:cad>
          </ns3:TrackPointExtension>
        </extensions>
      </trkpt>
      <trkpt lat="23.16763342358171939849853515625" lon="113.42582638375461101531982421875">
        <ele>14.6000003814697265625</ele>
        <time>2026-02-24T23:45:25.000Z</time>
        <extensions>
          <ns3:TrackPointExtension>
            <ns3:hr>140</ns3:hr>
            <ns3:cad>94</ns3:cad>
          </ns3:TrackPointExtension>
        </extensions>
      </trkpt>
      <trkpt lat="23.16762797534465789794921875" lon="113.42579738236963748931884765625">
        <ele>14.80000019073486328125</ele>
        <time>2026-02-24T23:45:26.000Z</time>
        <extensions>
          <ns3:TrackPointExtension>
            <ns3:hr>141</ns3:hr>
            <ns3:cad>94</ns3:cad>
          </ns3:TrackPointExtension>
        </extensions>
      </trkpt>
      <trkpt lat="23.16761749796569347381591796875" lon="113.4257723204791545867919921875">
        <ele>14.80000019073486328125</ele>
        <time>2026-02-24T23:45:27.000Z</time>
        <extensions>
          <ns3:TrackPointExtension>
            <ns3:hr>140</ns3:hr>
            <ns3:cad>93</ns3:cad>
          </ns3:TrackPointExtension>
        </extensions>
      </trkpt>
      <trkpt lat="23.167615570127964019775390625" lon="113.42574625276029109954833984375">
        <ele>14.80000019073486328125</ele>
        <time>2026-02-24T23:45:28.000Z</time>
        <extensions>
          <ns3:TrackPointExtension>
            <ns3:hr>141</ns3:hr>
            <ns3:cad>93</ns3:cad>
          </ns3:TrackPointExtension>
        </extensions>
      </trkpt>
      <trkpt lat="23.1676170788705348968505859375" lon="113.4257159940898418426513671875">
        <ele>15</ele>
        <time>2026-02-24T23:45:29.000Z</time>
        <extensions>
          <ns3:TrackPointExtension>
            <ns3:hr>141</ns3:hr>
            <ns3:cad>93</ns3:cad>
          </ns3:TrackPointExtension>
        </extensions>
      </trkpt>
      <trkpt lat="23.16761665977537631988525390625" lon="113.425692021846771240234375">
        <ele>15</ele>
        <time>2026-02-24T23:45:30.000Z</time>
        <extensions>
          <ns3:TrackPointExtension>
            <ns3:hr>141</ns3:hr>
            <ns3:cad>91</ns3:cad>
          </ns3:TrackPointExtension>
        </extensions>
      </trkpt>
      <trkpt lat="23.16761749796569347381591796875" lon="113.42565924860537052154541015625">
        <ele>15</ele>
        <time>2026-02-24T23:45:31.000Z</time>
        <extensions>
          <ns3:TrackPointExtension>
            <ns3:hr>140</ns3:hr>
            <ns3:cad>91</ns3:cad>
          </ns3:TrackPointExtension>
        </extensions>
      </trkpt>
      <trkpt lat="23.16761456429958343505859375" lon="113.42563309706747531890869140625">
        <ele>15</ele>
        <time>2026-02-24T23:45:32.000Z</time>
        <extensions>
          <ns3:TrackPointExtension>
            <ns3:hr>140</ns3:hr>
            <ns3:cad>92</ns3:cad>
          </ns3:TrackPointExtension>
        </extensions>
      </trkpt>
      <trkpt lat="23.16762185655534267425537109375" lon="113.42559722252190113067626953125">
        <ele>15</ele>
        <time>2026-02-24T23:45:33.000Z</time>
        <extensions>
          <ns3:TrackPointExtension>
            <ns3:hr>140</ns3:hr>
            <ns3:cad>92</ns3:cad>
          </ns3:TrackPointExtension>
        </extensions>
      </trkpt>
      <trkpt lat="23.16761867143213748931884765625" lon="113.42557065188884735107421875">
        <ele>15</ele>
        <time>2026-02-24T23:45:34.000Z</time>
        <extensions>
          <ns3:TrackPointExtension>
            <ns3:hr>140</ns3:hr>
            <ns3:cad>92</ns3:cad>
          </ns3:TrackPointExtension>
        </extensions>
      </trkpt>
      <trkpt lat="23.16762336529791355133056640625" lon="113.42553687281906604766845703125">
        <ele>15</ele>
        <time>2026-02-24T23:45:35.000Z</time>
        <extensions>
          <ns3:TrackPointExtension>
            <ns3:hr>140</ns3:hr>
            <ns3:cad>94</ns3:cad>
          </ns3:TrackPointExtension>
        </extensions>
      </trkpt>
      <trkpt lat="23.1676224432885646820068359375" lon="113.4255104698240756988525390625">
        <ele>15</ele>
        <time>2026-02-24T23:45:36.000Z</time>
        <extensions>
          <ns3:TrackPointExtension>
            <ns3:hr>140</ns3:hr>
            <ns3:cad>94</ns3:cad>
          </ns3:TrackPointExtension>
        </extensions>
      </trkpt>
      <trkpt lat="23.16762487404048442840576171875" lon="113.42547769658267498016357421875">
        <ele>15</ele>
        <time>2026-02-24T23:45:37.000Z</time>
        <extensions>
          <ns3:TrackPointExtension>
            <ns3:hr>140</ns3:hr>
            <ns3:cad>92</ns3:cad>
          </ns3:TrackPointExtension>
        </extensions>
      </trkpt>
      <trkpt lat="23.16762269474565982818603515625" lon="113.42544819228351116180419921875">
        <ele>14.80000019073486328125</ele>
        <time>2026-02-24T23:45:38.000Z</time>
        <extensions>
          <ns3:TrackPointExtension>
            <ns3:hr>141</ns3:hr>
            <ns3:cad>92</ns3:cad>
          </ns3:TrackPointExtension>
        </extensions>
      </trkpt>
      <trkpt lat="23.16762068308889865875244140625" lon="113.4254192747175693511962890625">
        <ele>14.80000019073486328125</ele>
        <time>2026-02-24T23:45:39.000Z</time>
        <extensions>
          <ns3:TrackPointExtension>
            <ns3:hr>140</ns3:hr>
            <ns3:cad>92</ns3:cad>
          </ns3:TrackPointExtension>
        </extensions>
      </trkpt>
      <trkpt lat="23.16761783324182033538818359375" lon="113.4253827296197414398193359375">
        <ele>14.80000019073486328125</ele>
        <time>2026-02-24T23:45:40.000Z</time>
        <extensions>
          <ns3:TrackPointExtension>
            <ns3:hr>140</ns3:hr>
            <ns3:cad>94</ns3:cad>
          </ns3:TrackPointExtension>
        </extensions>
      </trkpt>
      <trkpt lat="23.167625628411769866943359375" lon="113.42535146512091159820556640625">
        <ele>14.80000019073486328125</ele>
        <time>2026-02-24T23:45:41.000Z</time>
        <extensions>
          <ns3:TrackPointExtension>
            <ns3:hr>140</ns3:hr>
            <ns3:cad>94</ns3:cad>
          </ns3:TrackPointExtension>
        </extensions>
      </trkpt>
      <trkpt lat="23.16763359121978282928466796875" lon="113.425311148166656494140625">
        <ele>14.80000019073486328125</ele>
        <time>2026-02-24T23:45:42.000Z</time>
        <extensions>
          <ns3:TrackPointExtension>
            <ns3:hr>140</ns3:hr>
            <ns3:cad>94</ns3:cad>
          </ns3:TrackPointExtension>
        </extensions>
      </trkpt>
      <trkpt lat="23.167636357247829437255859375" lon="113.42528390698134899139404296875">
        <ele>14.80000019073486328125</ele>
        <time>2026-02-24T23:45:43.000Z</time>
        <extensions>
          <ns3:TrackPointExtension>
            <ns3:hr>140</ns3:hr>
            <ns3:cad>94</ns3:cad>
          </ns3:TrackPointExtension>
        </extensions>
      </trkpt>
      <trkpt lat="23.16763912327587604522705078125" lon="113.425252139568328857421875">
        <ele>15</ele>
        <time>2026-02-24T23:45:44.000Z</time>
        <extensions>
          <ns3:TrackPointExtension>
            <ns3:hr>140</ns3:hr>
            <ns3:cad>93</ns3:cad>
          </ns3:TrackPointExtension>
        </extensions>
      </trkpt>
      <trkpt lat="23.16763602197170257568359375" lon="113.42523177154362201690673828125">
        <ele>15</ele>
        <time>2026-02-24T23:45:45.000Z</time>
        <extensions>
          <ns3:TrackPointExtension>
            <ns3:hr>140</ns3:hr>
            <ns3:cad>91</ns3:cad>
          </ns3:TrackPointExtension>
        </extensions>
      </trkpt>
      <trkpt lat="23.16764130257070064544677734375" lon="113.4252073802053928375244140625">
        <ele>15</ele>
        <time>2026-02-24T23:45:46.000Z</time>
        <extensions>
          <ns3:TrackPointExtension>
            <ns3:hr>140</ns3:hr>
            <ns3:cad>91</ns3:cad>
          </ns3:TrackPointExtension>
        </extensions>
      </trkpt>
      <trkpt lat="23.16763401031494140625" lon="113.4251922927796840667724609375">
        <ele>15</ele>
        <time>2026-02-24T23:45:47.000Z</time>
        <extensions>
          <ns3:TrackPointExtension>
            <ns3:hr>140</ns3:hr>
            <ns3:cad>93</ns3:cad>
          </ns3:TrackPointExtension>
        </extensions>
      </trkpt>
      <trkpt lat="23.167636357247829437255859375" lon="113.4251622855663299560546875">
        <ele>15.19999980926513671875</ele>
        <time>2026-02-24T23:45:48.000Z</time>
        <extensions>
          <ns3:TrackPointExtension>
            <ns3:hr>140</ns3:hr>
            <ns3:cad>93</ns3:cad>
          </ns3:TrackPointExtension>
        </extensions>
      </trkpt>
      <trkpt lat="23.1676348485052585601806640625" lon="113.4251440130174160003662109375">
        <ele>15</ele>
        <time>2026-02-24T23:45:49.000Z</time>
        <extensions>
          <ns3:TrackPointExtension>
            <ns3:hr>141</ns3:hr>
            <ns3:cad>93</ns3:cad>
          </ns3:TrackPointExtension>
        </extensions>
      </trkpt>
      <trkpt lat="23.1676407158374786376953125" lon="113.42511543072760105133056640625">
        <ele>15</ele>
        <time>2026-02-24T23:45:50.000Z</time>
        <extensions>
          <ns3:TrackPointExtension>
            <ns3:hr>140</ns3:hr>
            <ns3:cad>92</ns3:cad>
          </ns3:TrackPointExtension>
        </extensions>
      </trkpt>
      <trkpt lat="23.1676388718187808990478515625" lon="113.42509078793227672576904296875">
        <ele>15.19999980926513671875</ele>
        <time>2026-02-24T23:45:51.000Z</time>
        <extensions>
          <ns3:TrackPointExtension>
            <ns3:hr>140</ns3:hr>
            <ns3:cad>92</ns3:cad>
          </ns3:TrackPointExtension>
        </extensions>
      </trkpt>
      <trkpt lat="23.167640380561351776123046875" lon="113.42506748624145984649658203125">
        <ele>15.19999980926513671875</ele>
        <time>2026-02-24T23:45:52.000Z</time>
        <extensions>
          <ns3:TrackPointExtension>
            <ns3:hr>140</ns3:hr>
            <ns3:cad>92</ns3:cad>
          </ns3:TrackPointExtension>
        </extensions>
      </trkpt>
      <trkpt lat="23.1676449067890644073486328125" lon="113.4250377304852008819580078125">
        <ele>15.19999980926513671875</ele>
        <time>2026-02-24T23:45:53.000Z</time>
        <extensions>
          <ns3:TrackPointExtension>
            <ns3:hr>140</ns3:hr>
            <ns3:cad>92</ns3:cad>
          </ns3:TrackPointExtension>
        </extensions>
      </trkpt>
      <trkpt lat="23.16764675080776214599609375" lon="113.4250176139175891876220703125">
        <ele>15.19999980926513671875</ele>
        <time>2026-02-24T23:45:54.000Z</time>
        <extensions>
          <ns3:TrackPointExtension>
            <ns3:hr>140</ns3:hr>
            <ns3:cad>92</ns3:cad>
          </ns3:TrackPointExtension>
        </extensions>
      </trkpt>
      <trkpt lat="23.16765010356903076171875" lon="113.42498366720974445343017578125">
        <ele>15</ele>
        <time>2026-02-24T23:45:55.000Z</time>
        <extensions>
          <ns3:TrackPointExtension>
            <ns3:hr>140</ns3:hr>
            <ns3:cad>92</ns3:cad>
          </ns3:TrackPointExtension>
        </extensions>
      </trkpt>
      <trkpt lat="23.1676455773413181304931640625" lon="113.424960784614086151123046875">
        <ele>15</ele>
        <time>2026-02-24T23:45:56.000Z</time>
        <extensions>
          <ns3:TrackPointExtension>
            <ns3:hr>140</ns3:hr>
            <ns3:cad>92</ns3:cad>
          </ns3:TrackPointExtension>
        </extensions>
      </trkpt>
      <trkpt lat="23.16764918155968189239501953125" lon="113.42492667026817798614501953125">
        <ele>15</ele>
        <time>2026-02-24T23:45:57.000Z</time>
        <extensions>
          <ns3:TrackPointExtension>
            <ns3:hr>139</ns3:hr>
            <ns3:cad>93</ns3:cad>
          </ns3:TrackPointExtension>
        </extensions>
      </trkpt>
      <trkpt lat="23.16764314658939838409423828125" lon="113.4249029494822025299072265625">
        <ele>15</ele>
        <time>2026-02-24T23:45:58.000Z</time>
        <extensions>
          <ns3:TrackPointExtension>
            <ns3:hr>139</ns3:hr>
            <ns3:cad>93</ns3:cad>
          </ns3:TrackPointExtension>
        </extensions>
      </trkpt>
      <trkpt lat="23.16764448769390583038330078125" lon="113.42487302608788013458251953125">
        <ele>15</ele>
        <time>2026-02-24T23:45:59.000Z</time>
        <extensions>
          <ns3:TrackPointExtension>
            <ns3:hr>139</ns3:hr>
            <ns3:cad>93</ns3:cad>
          </ns3:TrackPointExtension>
        </extensions>
      </trkpt>
      <trkpt lat="23.16763845272362232208251953125" lon="113.424850814044475555419921875">
        <ele>15</ele>
        <time>2026-02-24T23:46:00.000Z</time>
        <extensions>
          <ns3:TrackPointExtension>
            <ns3:hr>139</ns3:hr>
            <ns3:cad>91</ns3:cad>
          </ns3:TrackPointExtension>
        </extensions>
      </trkpt>
      <trkpt lat="23.16764465533196926116943359375" lon="113.42482365667819976806640625">
        <ele>15.19999980926513671875</ele>
        <time>2026-02-24T23:46:01.000Z</time>
        <extensions>
          <ns3:TrackPointExtension>
            <ns3:hr>139</ns3:hr>
            <ns3:cad>91</ns3:cad>
          </ns3:TrackPointExtension>
        </extensions>
      </trkpt>
      <trkpt lat="23.167641721665859222412109375" lon="113.424798510968685150146484375">
        <ele>15.19999980926513671875</ele>
        <time>2026-02-24T23:46:02.000Z</time>
        <extensions>
          <ns3:TrackPointExtension>
            <ns3:hr>138</ns3:hr>
            <ns3:cad>93</ns3:cad>
          </ns3:TrackPointExtension>
        </extensions>
      </trkpt>
      <trkpt lat="23.16764272749423980712890625" lon="113.42477194033563137054443359375">
        <ele>15.19999980926513671875</ele>
        <time>2026-02-24T23:46:03.000Z</time>
        <extensions>
          <ns3:TrackPointExtension>
            <ns3:hr>138</ns3:hr>
            <ns3:cad>93</ns3:cad>
          </ns3:TrackPointExtension>
        </extensions>
      </trkpt>
      <trkpt lat="23.167643733322620391845703125" lon="113.424743525683879852294921875">
        <ele>15.3999996185302734375</ele>
        <time>2026-02-24T23:46:04.000Z</time>
        <extensions>
          <ns3:TrackPointExtension>
            <ns3:hr>138</ns3:hr>
            <ns3:cad>93</ns3:cad>
          </ns3:TrackPointExtension>
        </extensions>
      </trkpt>
      <trkpt lat="23.16764381714165210723876953125" lon="113.42472014017403125762939453125">
        <ele>15.3999996185302734375</ele>
        <time>2026-02-24T23:46:05.000Z</time>
        <extensions>
          <ns3:TrackPointExtension>
            <ns3:hr>137</ns3:hr>
            <ns3:cad>94</ns3:cad>
          </ns3:TrackPointExtension>
        </extensions>
      </trkpt>
      <trkpt lat="23.16764566116034984588623046875" lon="113.4246893785893917083740234375">
        <ele>15.19999980926513671875</ele>
        <time>2026-02-24T23:46:06.000Z</time>
        <extensions>
          <ns3:TrackPointExtension>
            <ns3:hr>137</ns3:hr>
            <ns3:cad>93</ns3:cad>
          </ns3:TrackPointExtension>
        </extensions>
      </trkpt>
      <trkpt lat="23.167647756636142730712890625" lon="113.4246685914695262908935546875">
        <ele>15.19999980926513671875</ele>
        <time>2026-02-24T23:46:07.000Z</time>
        <extensions>
          <ns3:TrackPointExtension>
            <ns3:hr>136</ns3:hr>
            <ns3:cad>92</ns3:cad>
          </ns3:TrackPointExtension>
        </extensions>
      </trkpt>
      <trkpt lat="23.167656473815441131591796875" lon="113.42463464476168155670166015625">
        <ele>15.19999980926513671875</ele>
        <time>2026-02-24T23:46:08.000Z</time>
        <extensions>
          <ns3:TrackPointExtension>
            <ns3:hr>136</ns3:hr>
            <ns3:cad>92</ns3:cad>
          </ns3:TrackPointExtension>
        </extensions>
      </trkpt>
      <trkpt lat="23.16764943301677703857421875" lon="113.42461310327053070068359375">
        <ele>15.19999980926513671875</ele>
        <time>2026-02-24T23:46:09.000Z</time>
        <extensions>
          <ns3:TrackPointExtension>
            <ns3:hr>136</ns3:hr>
            <ns3:cad>91</ns3:cad>
          </ns3:TrackPointExtension>
        </extensions>
      </trkpt>
      <trkpt lat="23.1676556356251239776611328125" lon="113.424581587314605712890625">
        <ele>15.19999980926513671875</ele>
        <time>2026-02-24T23:46:10.000Z</time>
        <extensions>
          <ns3:TrackPointExtension>
            <ns3:hr>136</ns3:hr>
            <ns3:cad>91</ns3:cad>
          </ns3:TrackPointExtension>
        </extensions>
      </trkpt>
      <trkpt lat="23.1676509417593479156494140625" lon="113.424558453261852264404296875">
        <ele>15.3999996185302734375</ele>
        <time>2026-02-24T23:46:11.000Z</time>
        <extensions>
          <ns3:TrackPointExtension>
            <ns3:hr>135</ns3:hr>
            <ns3:cad>92</ns3:cad>
          </ns3:TrackPointExtension>
        </extensions>
      </trkpt>
      <trkpt lat="23.1676569767296314239501953125" lon="113.424527943134307861328125">
        <ele>15.3999996185302734375</ele>
        <time>2026-02-24T23:46:12.000Z</time>
        <extensions>
          <ns3:TrackPointExtension>
            <ns3:hr>136</ns3:hr>
            <ns3:cad>93</ns3:cad>
          </ns3:TrackPointExtension>
        </extensions>
      </trkpt>
      <trkpt lat="23.16765203140676021575927734375" lon="113.424500785768032073974609375">
        <ele>15.3999996185302734375</ele>
        <time>2026-02-24T23:46:13.000Z</time>
        <extensions>
          <ns3:TrackPointExtension>
            <ns3:hr>136</ns3:hr>
            <ns3:cad>94</ns3:cad>
          </ns3:TrackPointExtension>
        </extensions>
      </trkpt>
      <trkpt lat="23.16765454597771167755126953125" lon="113.42447270639240741729736328125">
        <ele>15.3999996185302734375</ele>
        <time>2026-02-24T23:46:14.000Z</time>
        <extensions>
          <ns3:TrackPointExtension>
            <ns3:hr>135</ns3:hr>
            <ns3:cad>94</ns3:cad>
          </ns3:TrackPointExtension>
        </extensions>
      </trkpt>
      <trkpt lat="23.1676532886922359466552734375" lon="113.42444186098873615264892578125">
        <ele>15.3999996185302734375</ele>
        <time>2026-02-24T23:46:15.000Z</time>
        <extensions>
          <ns3:TrackPointExtension>
            <ns3:hr>136</ns3:hr>
            <ns3:cad>94</ns3:cad>
          </ns3:TrackPointExtension>
        </extensions>
      </trkpt>
      <trkpt lat="23.16765219904482364654541015625" lon="113.4244154579937458038330078125">
        <ele>15.19999980926513671875</ele>
        <time>2026-02-24T23:46:16.000Z</time>
        <extensions>
          <ns3:TrackPointExtension>
            <ns3:hr>136</ns3:hr>
            <ns3:cad>92</ns3:cad>
          </ns3:TrackPointExtension>
        </extensions>
      </trkpt>
      <trkpt lat="23.16765437833964824676513671875" lon="113.424380756914615631103515625">
        <ele>15.19999980926513671875</ele>
        <time>2026-02-24T23:46:17.000Z</time>
        <extensions>
          <ns3:TrackPointExtension>
            <ns3:hr>135</ns3:hr>
            <ns3:cad>92</ns3:cad>
          </ns3:TrackPointExtension>
        </extensions>
      </trkpt>
      <trkpt lat="23.16764951683580875396728515625" lon="113.42435686849057674407958984375">
        <ele>15.19999980926513671875</ele>
        <time>2026-02-24T23:46:18.000Z</time>
        <extensions>
          <ns3:TrackPointExtension>
            <ns3:hr>136</ns3:hr>
            <ns3:cad>92</ns3:cad>
          </ns3:TrackPointExtension>
        </extensions>
      </trkpt>
      <trkpt lat="23.16765454597771167755126953125" lon="113.42432216741144657135009765625">
        <ele>15.19999980926513671875</ele>
        <time>2026-02-24T23:46:19.000Z</time>
        <extensions>
          <ns3:TrackPointExtension>
            <ns3:hr>136</ns3:hr>
            <ns3:cad>92</ns3:cad>
          </ns3:TrackPointExtension>
        </extensions>
      </trkpt>
      <trkpt lat="23.16764800809323787689208984375" lon="113.4242981113493442535400390625">
        <ele>15.19999980926513671875</ele>
        <time>2026-02-24T23:46:20.000Z</time>
        <extensions>
          <ns3:TrackPointExtension>
            <ns3:hr>135</ns3:hr>
            <ns3:cad>92</ns3:cad>
          </ns3:TrackPointExtension>
        </extensions>
      </trkpt>
      <trkpt lat="23.16765672527253627777099609375" lon="113.4242665953934192657470703125">
        <ele>15.19999980926513671875</ele>
        <time>2026-02-24T23:46:21.000Z</time>
        <extensions>
          <ns3:TrackPointExtension>
            <ns3:hr>136</ns3:hr>
            <ns3:cad>92</ns3:cad>
          </ns3:TrackPointExtension>
        </extensions>
      </trkpt>
      <trkpt lat="23.16765169613063335418701171875" lon="113.42424136586487293243408203125">
        <ele>15.19999980926513671875</ele>
        <time>2026-02-24T23:46:22.000Z</time>
        <extensions>
          <ns3:TrackPointExtension>
            <ns3:hr>136</ns3:hr>
            <ns3:cad>94</ns3:cad>
          </ns3:TrackPointExtension>
        </extensions>
      </trkpt>
      <trkpt lat="23.16765303723514080047607421875" lon="113.424211107194423675537109375">
        <ele>15.19999980926513671875</ele>
        <time>2026-02-24T23:46:23.000Z</time>
        <extensions>
          <ns3:TrackPointExtension>
            <ns3:hr>135</ns3:hr>
            <ns3:cad>94</ns3:cad>
          </ns3:TrackPointExtension>
        </extensions>
      </trkpt>
      <trkpt lat="23.1676549650728702545166015625" lon="113.42417933978140354156494140625">
        <ele>15.19999980926513671875</ele>
        <time>2026-02-24T23:46:24.000Z</time>
        <extensions>
          <ns3:TrackPointExtension>
            <ns3:hr>136</ns3:hr>
            <ns3:cad>92</ns3:cad>
          </ns3:TrackPointExtension>
        </extensions>
      </trkpt>
      <trkpt lat="23.1676589883863925933837890625" lon="113.42415385879576206207275390625">
        <ele>15.19999980926513671875</ele>
        <time>2026-02-24T23:46:25.000Z</time>
        <extensions>
          <ns3:TrackPointExtension>
            <ns3:hr>136</ns3:hr>
            <ns3:cad>92</ns3:cad>
          </ns3:TrackPointExtension>
        </extensions>
      </trkpt>
      <trkpt lat="23.16766041330993175506591796875" lon="113.42412225902080535888671875">
        <ele>15.19999980926513671875</ele>
        <time>2026-02-24T23:46:26.000Z</time>
        <extensions>
          <ns3:TrackPointExtension>
            <ns3:hr>135</ns3:hr>
            <ns3:cad>92</ns3:cad>
          </ns3:TrackPointExtension>
        </extensions>
      </trkpt>
      <trkpt lat="23.16765454597771167755126953125" lon="113.42410088516771793365478515625">
        <ele>15.19999980926513671875</ele>
        <time>2026-02-24T23:46:27.000Z</time>
        <extensions>
          <ns3:TrackPointExtension>
            <ns3:hr>136</ns3:hr>
            <ns3:cad>92</ns3:cad>
          </ns3:TrackPointExtension>
        </extensions>
      </trkpt>
      <trkpt lat="23.167657814919948577880859375" lon="113.4240687824785709381103515625">
        <ele>15.19999980926513671875</ele>
        <time>2026-02-24T23:46:28.000Z</time>
        <extensions>
          <ns3:TrackPointExtension>
            <ns3:hr>136</ns3:hr>
            <ns3:cad>94</ns3:cad>
          </ns3:TrackPointExtension>
        </extensions>
      </trkpt>
      <trkpt lat="23.16765069030225276947021484375" lon="113.42404791153967380523681640625">
        <ele>15.19999980926513671875</ele>
        <time>2026-02-24T23:46:29.000Z</time>
        <extensions>
          <ns3:TrackPointExtension>
            <ns3:hr>135</ns3:hr>
            <ns3:cad>94</ns3:cad>
          </ns3:TrackPointExtension>
        </extensions>
      </trkpt>
      <trkpt lat="23.16765521652996540069580078125" lon="113.4240164794027805328369140625">
        <ele>15.19999980926513671875</ele>
        <time>2026-02-24T23:46:30.000Z</time>
        <extensions>
          <ns3:TrackPointExtension>
            <ns3:hr>136</ns3:hr>
            <ns3:cad>93</ns3:cad>
          </ns3:TrackPointExtension>
        </extensions>
      </trkpt>
      <trkpt lat="23.1676509417593479156494140625" lon="113.4239946864545345306396484375">
        <ele>15.3999996185302734375</ele>
        <time>2026-02-24T23:46:31.000Z</time>
        <extensions>
          <ns3:TrackPointExtension>
            <ns3:hr>136</ns3:hr>
            <ns3:cad>93</ns3:cad>
          </ns3:TrackPointExtension>
        </extensions>
      </trkpt>
      <trkpt lat="23.1676596589386463165283203125" lon="113.42396124266088008880615234375">
        <ele>15.3999996185302734375</ele>
        <time>2026-02-24T23:46:32.000Z</time>
        <extensions>
          <ns3:TrackPointExtension>
            <ns3:hr>136</ns3:hr>
            <ns3:cad>93</ns3:cad>
          </ns3:TrackPointExtension>
        </extensions>
      </trkpt>
      <trkpt lat="23.16764985211193561553955078125" lon="113.42393877916038036346435546875">
        <ele>15.6000003814697265625</ele>
        <time>2026-02-24T23:46:33.000Z</time>
        <extensions>
          <ns3:TrackPointExtension>
            <ns3:hr>136</ns3:hr>
            <ns3:cad>92</ns3:cad>
          </ns3:TrackPointExtension>
        </extensions>
      </trkpt>
      <trkpt lat="23.1676532886922359466552734375" lon="113.42390893958508968353271484375">
        <ele>15.6000003814697265625</ele>
        <time>2026-02-24T23:46:34.000Z</time>
        <extensions>
          <ns3:TrackPointExtension>
            <ns3:hr>137</ns3:hr>
            <ns3:cad>91</ns3:cad>
          </ns3:TrackPointExtension>
        </extensions>
      </trkpt>
      <trkpt lat="23.167653121054172515869140625" lon="113.4238816983997821807861328125">
        <ele>15.6000003814697265625</ele>
        <time>2026-02-24T23:46:35.000Z</time>
        <extensions>
          <ns3:TrackPointExtension>
            <ns3:hr>137</ns3:hr>
            <ns3:cad>91</ns3:cad>
          </ns3:TrackPointExtension>
        </extensions>
      </trkpt>
      <trkpt lat="23.16765655763447284698486328125" lon="113.423855714499950408935546875">
        <ele>15.6000003814697265625</ele>
        <time>2026-02-24T23:46:36.000Z</time>
        <extensions>
          <ns3:TrackPointExtension>
            <ns3:hr>137</ns3:hr>
            <ns3:cad>92</ns3:cad>
          </ns3:TrackPointExtension>
        </extensions>
      </trkpt>
      <trkpt lat="23.16766083240509033203125" lon="113.423823527991771697998046875">
        <ele>15.6000003814697265625</ele>
        <time>2026-02-24T23:46:37.000Z</time>
        <extensions>
          <ns3:TrackPointExtension>
            <ns3:hr>137</ns3:hr>
            <ns3:cad>92</ns3:cad>
          </ns3:TrackPointExtension>
        </extensions>
      </trkpt>
      <trkpt lat="23.16766208969056606292724609375" lon="113.4237982146441936492919921875">
        <ele>15.6000003814697265625</ele>
        <time>2026-02-24T23:46:38.000Z</time>
        <extensions>
          <ns3:TrackPointExtension>
            <ns3:hr>137</ns3:hr>
            <ns3:cad>92</ns3:cad>
          </ns3:TrackPointExtension>
        </extensions>
      </trkpt>
      <trkpt lat="23.16766594536602497100830078125" lon="113.4237643517553806304931640625">
        <ele>15.3999996185302734375</ele>
        <time>2026-02-24T23:46:39.000Z</time>
        <extensions>
          <ns3:TrackPointExtension>
            <ns3:hr>137</ns3:hr>
            <ns3:cad>94</ns3:cad>
          </ns3:TrackPointExtension>
        </extensions>
      </trkpt>
      <trkpt lat="23.16766284406185150146484375" lon="113.423739373683929443359375">
        <ele>15.3999996185302734375</ele>
        <time>2026-02-24T23:46:40.000Z</time>
        <extensions>
          <ns3:TrackPointExtension>
            <ns3:hr>137</ns3:hr>
            <ns3:cad>94</ns3:cad>
          </ns3:TrackPointExtension>
        </extensions>
      </trkpt>
      <trkpt lat="23.167663179337978363037109375" lon="113.42370609752833843231201171875">
        <ele>15.3999996185302734375</ele>
        <time>2026-02-24T23:46:41.000Z</time>
        <extensions>
          <ns3:TrackPointExtension>
            <ns3:hr>138</ns3:hr>
            <ns3:cad>93</ns3:cad>
          </ns3:TrackPointExtension>
        </extensions>
      </trkpt>
      <trkpt lat="23.16766276024281978607177734375" lon="113.4236808679997920989990234375">
        <ele>15.3999996185302734375</ele>
        <time>2026-02-24T23:46:42.000Z</time>
        <extensions>
          <ns3:TrackPointExtension>
            <ns3:hr>138</ns3:hr>
            <ns3:cad>93</ns3:cad>
          </ns3:TrackPointExtension>
        </extensions>
      </trkpt>
      <trkpt lat="23.1676666997373104095458984375" lon="113.42365019023418426513671875">
        <ele>15.6000003814697265625</ele>
        <time>2026-02-24T23:46:43.000Z</time>
        <extensions>
          <ns3:TrackPointExtension>
            <ns3:hr>138</ns3:hr>
            <ns3:cad>94</ns3:cad>
          </ns3:TrackPointExtension>
        </extensions>
      </trkpt>
      <trkpt lat="23.16766477189958095550537109375" lon="113.42362311668694019317626953125">
        <ele>15.6000003814697265625</ele>
        <time>2026-02-24T23:46:44.000Z</time>
        <extensions>
          <ns3:TrackPointExtension>
            <ns3:hr>138</ns3:hr>
            <ns3:cad>94</ns3:cad>
          </ns3:TrackPointExtension>
        </extensions>
      </trkpt>
      <trkpt lat="23.1676663644611835479736328125" lon="113.423594869673252105712890625">
        <ele>15.3999996185302734375</ele>
        <time>2026-02-24T23:46:45.000Z</time>
        <extensions>
          <ns3:TrackPointExtension>
            <ns3:hr>139</ns3:hr>
            <ns3:cad>94</ns3:cad>
          </ns3:TrackPointExtension>
        </extensions>
      </trkpt>
      <trkpt lat="23.167665861546993255615234375" lon="113.42356570065021514892578125">
        <ele>15.3999996185302734375</ele>
        <time>2026-02-24T23:46:46.000Z</time>
        <extensions>
          <ns3:TrackPointExtension>
            <ns3:hr>138</ns3:hr>
            <ns3:cad>94</ns3:cad>
          </ns3:TrackPointExtension>
        </extensions>
      </trkpt>
      <trkpt lat="23.167665861546993255615234375" lon="113.42353560961782932281494140625">
        <ele>15.6000003814697265625</ele>
        <time>2026-02-24T23:46:47.000Z</time>
        <extensions>
          <ns3:TrackPointExtension>
            <ns3:hr>138</ns3:hr>
            <ns3:cad>94</ns3:cad>
          </ns3:TrackPointExtension>
        </extensions>
      </trkpt>
      <trkpt lat="23.16766929812729358673095703125" lon="113.42350359074771404266357421875">
        <ele>15.6000003814697265625</ele>
        <time>2026-02-24T23:46:48.000Z</time>
        <extensions>
          <ns3:TrackPointExtension>
            <ns3:hr>139</ns3:hr>
            <ns3:cad>94</ns3:cad>
          </ns3:TrackPointExtension>
        </extensions>
      </trkpt>
      <trkpt lat="23.16767114214599132537841796875" lon="113.42348045669496059417724609375">
        <ele>15.6000003814697265625</ele>
        <time>2026-02-24T23:46:49.000Z</time>
        <extensions>
          <ns3:TrackPointExtension>
            <ns3:hr>139</ns3:hr>
            <ns3:cad>94</ns3:cad>
          </ns3:TrackPointExtension>
        </extensions>
      </trkpt>
      <trkpt lat="23.1676723994314670562744140625" lon="113.4234498627483844757080078125">
        <ele>15.6000003814697265625</ele>
        <time>2026-02-24T23:46:50.000Z</time>
        <extensions>
          <ns3:TrackPointExtension>
            <ns3:hr>139</ns3:hr>
            <ns3:cad>92</ns3:cad>
          </ns3:TrackPointExtension>
        </extensions>
      </trkpt>
      <trkpt lat="23.16767156124114990234375" lon="113.4234277345240116119384765625">
        <ele>15.6000003814697265625</ele>
        <time>2026-02-24T23:46:51.000Z</time>
        <extensions>
          <ns3:TrackPointExtension>
            <ns3:hr>139</ns3:hr>
            <ns3:cad>92</ns3:cad>
          </ns3:TrackPointExtension>
        </extensions>
      </trkpt>
      <trkpt lat="23.16767851822078227996826171875" lon="113.423396050930023193359375">
        <ele>15.6000003814697265625</ele>
        <time>2026-02-24T23:46:52.000Z</time>
        <extensions>
          <ns3:TrackPointExtension>
            <ns3:hr>139</ns3:hr>
            <ns3:cad>92</ns3:cad>
          </ns3:TrackPointExtension>
        </extensions>
      </trkpt>
      <trkpt lat="23.1676723994314670562744140625" lon="113.4233737550675868988037109375">
        <ele>15.6000003814697265625</ele>
        <time>2026-02-24T23:46:53.000Z</time>
        <extensions>
          <ns3:TrackPointExtension>
            <ns3:hr>139</ns3:hr>
            <ns3:cad>92</ns3:cad>
          </ns3:TrackPointExtension>
        </extensions>
      </trkpt>
      <trkpt lat="23.16767600364983081817626953125" lon="113.42334098182618618011474609375">
        <ele>15.6000003814697265625</ele>
        <time>2026-02-24T23:46:54.000Z</time>
        <extensions>
          <ns3:TrackPointExtension>
            <ns3:hr>140</ns3:hr>
            <ns3:cad>93</ns3:cad>
          </ns3:TrackPointExtension>
        </extensions>
      </trkpt>
      <trkpt lat="23.1676703877747058868408203125" lon="113.42331918887794017791748046875">
        <ele>15.6000003814697265625</ele>
        <time>2026-02-24T23:46:55.000Z</time>
        <extensions>
          <ns3:TrackPointExtension>
            <ns3:hr>140</ns3:hr>
            <ns3:cad>93</ns3:cad>
          </ns3:TrackPointExtension>
        </extensions>
      </trkpt>
      <trkpt lat="23.16767717711627483367919921875" lon="113.423288762569427490234375">
        <ele>15.6000003814697265625</ele>
        <time>2026-02-24T23:46:56.000Z</time>
        <extensions>
          <ns3:TrackPointExtension>
            <ns3:hr>140</ns3:hr>
            <ns3:cad>93</ns3:cad>
          </ns3:TrackPointExtension>
        </extensions>
      </trkpt>
      <trkpt lat="23.16767080686986446380615234375" lon="113.423264957964420318603515625">
        <ele>15.80000019073486328125</ele>
        <time>2026-02-24T23:46:57.000Z</time>
        <extensions>
          <ns3:TrackPointExtension>
            <ns3:hr>140</ns3:hr>
            <ns3:cad>93</ns3:cad>
          </ns3:TrackPointExtension>
        </extensions>
      </trkpt>
      <trkpt lat="23.16767617128789424896240234375" lon="113.423240147531032562255859375">
        <ele>15.80000019073486328125</ele>
        <time>2026-02-24T23:46:58.000Z</time>
        <extensions>
          <ns3:TrackPointExtension>
            <ns3:hr>140</ns3:hr>
            <ns3:cad>92</ns3:cad>
          </ns3:TrackPointExtension>
        </extensions>
      </trkpt>
      <trkpt lat="23.167674578726291656494140625" lon="113.42321491800248622894287109375">
        <ele>15.80000019073486328125</ele>
        <time>2026-02-24T23:46:59.000Z</time>
        <extensions>
          <ns3:TrackPointExtension>
            <ns3:hr>140</ns3:hr>
            <ns3:cad>92</ns3:cad>
          </ns3:TrackPointExtension>
        </extensions>
      </trkpt>
      <trkpt lat="23.167674578726291656494140625" lon="113.42319077812135219573974609375">
        <ele>15.80000019073486328125</ele>
        <time>2026-02-24T23:47:00.000Z</time>
        <extensions>
          <ns3:TrackPointExtension>
            <ns3:hr>140</ns3:hr>
            <ns3:cad>91</ns3:cad>
          </ns3:TrackPointExtension>
        </extensions>
      </trkpt>
      <trkpt lat="23.16767566837370395660400390625" lon="113.4231588430702686309814453125">
        <ele>15.80000019073486328125</ele>
        <time>2026-02-24T23:47:01.000Z</time>
        <extensions>
          <ns3:TrackPointExtension>
            <ns3:hr>140</ns3:hr>
            <ns3:cad>91</ns3:cad>
          </ns3:TrackPointExtension>
        </extensions>
      </trkpt>
      <trkpt lat="23.16766996867954730987548828125" lon="113.423134870827198028564453125">
        <ele>15.80000019073486328125</ele>
        <time>2026-02-24T23:47:02.000Z</time>
        <extensions>
          <ns3:TrackPointExtension>
            <ns3:hr>140</ns3:hr>
            <ns3:cad>91</ns3:cad>
          </ns3:TrackPointExtension>
        </extensions>
      </trkpt>
      <trkpt lat="23.1676767580211162567138671875" lon="113.42309773899614810943603515625">
        <ele>15.80000019073486328125</ele>
        <time>2026-02-24T23:47:03.000Z</time>
        <extensions>
          <ns3:TrackPointExtension>
            <ns3:hr>140</ns3:hr>
            <ns3:cad>92</ns3:cad>
          </ns3:TrackPointExtension>
        </extensions>
      </trkpt>
      <trkpt lat="23.167672567069530487060546875" lon="113.42307376675307750701904296875">
        <ele>15.80000019073486328125</ele>
        <time>2026-02-24T23:47:04.000Z</time>
        <extensions>
          <ns3:TrackPointExtension>
            <ns3:hr>140</ns3:hr>
            <ns3:cad>93</ns3:cad>
          </ns3:TrackPointExtension>
        </extensions>
      </trkpt>
      <trkpt lat="23.16767935641109943389892578125" lon="113.4230418317019939422607421875">
        <ele>15.80000019073486328125</ele>
        <time>2026-02-24T23:47:05.000Z</time>
        <extensions>
          <ns3:TrackPointExtension>
            <ns3:hr>140</ns3:hr>
            <ns3:cad>93</ns3:cad>
          </ns3:TrackPointExtension>
        </extensions>
      </trkpt>
      <trkpt lat="23.16767600364983081817626953125" lon="113.42301928438246250152587890625">
        <ele>15.80000019073486328125</ele>
        <time>2026-02-24T23:47:06.000Z</time>
        <extensions>
          <ns3:TrackPointExtension>
            <ns3:hr>141</ns3:hr>
            <ns3:cad>93</ns3:cad>
          </ns3:TrackPointExtension>
        </extensions>
      </trkpt>
      <trkpt lat="23.16767885349690914154052734375" lon="113.42299195937812328338623046875">
        <ele>15.80000019073486328125</ele>
        <time>2026-02-24T23:47:07.000Z</time>
        <extensions>
          <ns3:TrackPointExtension>
            <ns3:hr>141</ns3:hr>
            <ns3:cad>94</ns3:cad>
          </ns3:TrackPointExtension>
        </extensions>
      </trkpt>
      <trkpt lat="23.1676767580211162567138671875" lon="113.42296564020216464996337890625">
        <ele>15.80000019073486328125</ele>
        <time>2026-02-24T23:47:08.000Z</time>
        <extensions>
          <ns3:TrackPointExtension>
            <ns3:hr>142</ns3:hr>
            <ns3:cad>94</ns3:cad>
          </ns3:TrackPointExtension>
        </extensions>
      </trkpt>
      <trkpt lat="23.16767717711627483367919921875" lon="113.4229412488639354705810546875">
        <ele>16</ele>
        <time>2026-02-24T23:47:09.000Z</time>
        <extensions>
          <ns3:TrackPointExtension>
            <ns3:hr>142</ns3:hr>
            <ns3:cad>94</ns3:cad>
          </ns3:TrackPointExtension>
        </extensions>
      </trkpt>
      <trkpt lat="23.16767969168722629547119140625" lon="113.4229120798408985137939453125">
        <ele>16</ele>
        <time>2026-02-24T23:47:10.000Z</time>
        <extensions>
          <ns3:TrackPointExtension>
            <ns3:hr>142</ns3:hr>
            <ns3:cad>94</ns3:cad>
          </ns3:TrackPointExtension>
        </extensions>
      </trkpt>
      <trkpt lat="23.16767918877303600311279296875" lon="113.422886095941066741943359375">
        <ele>16</ele>
        <time>2026-02-24T23:47:11.000Z</time>
        <extensions>
          <ns3:TrackPointExtension>
            <ns3:hr>142</ns3:hr>
            <ns3:cad>94</ns3:cad>
          </ns3:TrackPointExtension>
        </extensions>
      </trkpt>
      <trkpt lat="23.16768287681043148040771484375" lon="113.4228530712425708770751953125">
        <ele>16</ele>
        <time>2026-02-24T23:47:12.000Z</time>
        <extensions>
          <ns3:TrackPointExtension>
            <ns3:hr>142</ns3:hr>
            <ns3:cad>94</ns3:cad>
          </ns3:TrackPointExtension>
        </extensions>
      </trkpt>
      <trkpt lat="23.16768170334398746490478515625" lon="113.42283404432237148284912109375">
        <ele>16</ele>
        <time>2026-02-24T23:47:13.000Z</time>
        <extensions>
          <ns3:TrackPointExtension>
            <ns3:hr>142</ns3:hr>
            <ns3:cad>94</ns3:cad>
          </ns3:TrackPointExtension>
        </extensions>
      </trkpt>
      <trkpt lat="23.1676871515810489654541015625" lon="113.42279716394841670989990234375">
        <ele>16</ele>
        <time>2026-02-24T23:47:14.000Z</time>
        <extensions>
          <ns3:TrackPointExtension>
            <ns3:hr>142</ns3:hr>
            <ns3:cad>94</ns3:cad>
          </ns3:TrackPointExtension>
        </extensions>
      </trkpt>
      <trkpt lat="23.16768086515367031097412109375" lon="113.4227742813527584075927734375">
        <ele>16</ele>
        <time>2026-02-24T23:47:15.000Z</time>
        <extensions>
          <ns3:TrackPointExtension>
            <ns3:hr>143</ns3:hr>
            <ns3:cad>92</ns3:cad>
          </ns3:TrackPointExtension>
        </extensions>
      </trkpt>
      <trkpt lat="23.1676861457526683807373046875" lon="113.4227390773594379425048828125">
        <ele>16</ele>
        <time>2026-02-24T23:47:16.000Z</time>
        <extensions>
          <ns3:TrackPointExtension>
            <ns3:hr>142</ns3:hr>
            <ns3:cad>92</ns3:cad>
          </ns3:TrackPointExtension>
        </extensions>
      </trkpt>
      <trkpt lat="23.16768136806786060333251953125" lon="113.42271636240184307098388671875">
        <ele>16.200000762939453125</ele>
        <time>2026-02-24T23:47:17.000Z</time>
        <extensions>
          <ns3:TrackPointExtension>
            <ns3:hr>142</ns3:hr>
            <ns3:cad>92</ns3:cad>
          </ns3:TrackPointExtension>
        </extensions>
      </trkpt>
      <trkpt lat="23.16768505610525608062744140625" lon="113.42268166132271289825439453125">
        <ele>16.200000762939453125</ele>
        <time>2026-02-24T23:47:18.000Z</time>
        <extensions>
          <ns3:TrackPointExtension>
            <ns3:hr>142</ns3:hr>
            <ns3:cad>92</ns3:cad>
          </ns3:TrackPointExtension>
        </extensions>
      </trkpt>
      <trkpt lat="23.16768019460141658782958984375" lon="113.422655761241912841796875">
        <ele>16.200000762939453125</ele>
        <time>2026-02-24T23:47:19.000Z</time>
        <extensions>
          <ns3:TrackPointExtension>
            <ns3:hr>142</ns3:hr>
            <ns3:cad>92</ns3:cad>
          </ns3:TrackPointExtension>
        </extensions>
      </trkpt>
      <trkpt lat="23.16768337972462177276611328125" lon="113.422626592218875885009765625">
        <ele>16.200000762939453125</ele>
        <time>2026-02-24T23:47:20.000Z</time>
        <extensions>
          <ns3:TrackPointExtension>
            <ns3:hr>142</ns3:hr>
            <ns3:cad>92</ns3:cad>
          </ns3:TrackPointExtension>
        </extensions>
      </trkpt>
      <trkpt lat="23.16768069751560688018798828125" lon="113.422599770128726959228515625">
        <ele>16.200000762939453125</ele>
        <time>2026-02-24T23:47:21.000Z</time>
        <extensions>
          <ns3:TrackPointExtension>
            <ns3:hr>142</ns3:hr>
            <ns3:cad>92</ns3:cad>
          </ns3:TrackPointExtension>
        </extensions>
      </trkpt>
      <trkpt lat="23.1676824577152729034423828125" lon="113.422572277486324310302734375">
        <ele>16.200000762939453125</ele>
        <time>2026-02-24T23:47:22.000Z</time>
        <extensions>
          <ns3:TrackPointExtension>
            <ns3:hr>141</ns3:hr>
            <ns3:cad>92</ns3:cad>
          </ns3:TrackPointExtension>
        </extensions>
      </trkpt>
      <trkpt lat="23.16768522374331951141357421875" lon="113.42254067771136760711669921875">
        <ele>16.200000762939453125</ele>
        <time>2026-02-24T23:47:23.000Z</time>
        <extensions>
          <ns3:TrackPointExtension>
            <ns3:hr>142</ns3:hr>
            <ns3:cad>92</ns3:cad>
          </ns3:TrackPointExtension>
        </extensions>
      </trkpt>
      <trkpt lat="23.16768237389624118804931640625" lon="113.42251553200185298919677734375">
        <ele>16</ele>
        <time>2026-02-24T23:47:24.000Z</time>
        <extensions>
          <ns3:TrackPointExtension>
            <ns3:hr>142</ns3:hr>
            <ns3:cad>92</ns3:cad>
          </ns3:TrackPointExtension>
        </extensions>
      </trkpt>
      <trkpt lat="23.1676884926855564117431640625" lon="113.422483094036579132080078125">
        <ele>16</ele>
        <time>2026-02-24T23:47:25.000Z</time>
        <extensions>
          <ns3:TrackPointExtension>
            <ns3:hr>141</ns3:hr>
            <ns3:cad>92</ns3:cad>
          </ns3:TrackPointExtension>
        </extensions>
      </trkpt>
      <trkpt lat="23.16768421791493892669677734375" lon="113.422462642192840576171875">
        <ele>16</ele>
        <time>2026-02-24T23:47:26.000Z</time>
        <extensions>
          <ns3:TrackPointExtension>
            <ns3:hr>142</ns3:hr>
            <ns3:cad>92</ns3:cad>
          </ns3:TrackPointExtension>
        </extensions>
      </trkpt>
      <trkpt lat="23.1676871515810489654541015625" lon="113.4224333055317401885986328125">
        <ele>16</ele>
        <time>2026-02-24T23:47:27.000Z</time>
        <extensions>
          <ns3:TrackPointExtension>
            <ns3:hr>142</ns3:hr>
            <ns3:cad>92</ns3:cad>
          </ns3:TrackPointExtension>
        </extensions>
      </trkpt>
      <trkpt lat="23.16768237389624118804931640625" lon="113.42241226695477962493896484375">
        <ele>16.200000762939453125</ele>
        <time>2026-02-24T23:47:28.000Z</time>
        <extensions>
          <ns3:TrackPointExtension>
            <ns3:hr>141</ns3:hr>
            <ns3:cad>93</ns3:cad>
          </ns3:TrackPointExtension>
        </extensions>
      </trkpt>
      <trkpt lat="23.1676884926855564117431640625" lon="113.4223853610455989837646484375">
        <ele>16.200000762939453125</ele>
        <time>2026-02-24T23:47:29.000Z</time>
        <extensions>
          <ns3:TrackPointExtension>
            <ns3:hr>141</ns3:hr>
            <ns3:cad>93</ns3:cad>
          </ns3:TrackPointExtension>
        </extensions>
      </trkpt>
      <trkpt lat="23.16768430173397064208984375" lon="113.42235795222222805023193359375">
        <ele>16.200000762939453125</ele>
        <time>2026-02-24T23:47:30.000Z</time>
        <extensions>
          <ns3:TrackPointExtension>
            <ns3:hr>141</ns3:hr>
            <ns3:cad>92</ns3:cad>
          </ns3:TrackPointExtension>
        </extensions>
      </trkpt>
      <trkpt lat="23.16768438555300235748291015625" lon="113.42232911847531795501708984375">
        <ele>16.200000762939453125</ele>
        <time>2026-02-24T23:47:31.000Z</time>
        <extensions>
          <ns3:TrackPointExtension>
            <ns3:hr>140</ns3:hr>
            <ns3:cad>92</ns3:cad>
          </ns3:TrackPointExtension>
        </extensions>
      </trkpt>
      <trkpt lat="23.16768296062946319580078125" lon="113.4222978539764881134033203125">
        <ele>16.200000762939453125</ele>
        <time>2026-02-24T23:47:32.000Z</time>
        <extensions>
          <ns3:TrackPointExtension>
            <ns3:hr>140</ns3:hr>
            <ns3:cad>92</ns3:cad>
          </ns3:TrackPointExtension>
        </extensions>
      </trkpt>
      <trkpt lat="23.16768270917236804962158203125" lon="113.4222710318863391876220703125">
        <ele>16.200000762939453125</ele>
        <time>2026-02-24T23:47:33.000Z</time>
        <extensions>
          <ns3:TrackPointExtension>
            <ns3:hr>140</ns3:hr>
            <ns3:cad>93</ns3:cad>
          </ns3:TrackPointExtension>
        </extensions>
      </trkpt>
      <trkpt lat="23.1676841340959072113037109375" lon="113.42224161140620708465576171875">
        <ele>16.200000762939453125</ele>
        <time>2026-02-24T23:47:34.000Z</time>
        <extensions>
          <ns3:TrackPointExtension>
            <ns3:hr>139</ns3:hr>
            <ns3:cad>93</ns3:cad>
          </ns3:TrackPointExtension>
        </extensions>
      </trkpt>
      <trkpt lat="23.16768438555300235748291015625" lon="113.42221596278250217437744140625">
        <ele>16.200000762939453125</ele>
        <time>2026-02-24T23:47:35.000Z</time>
        <extensions>
          <ns3:TrackPointExtension>
            <ns3:hr>138</ns3:hr>
            <ns3:cad>93</ns3:cad>
          </ns3:TrackPointExtension>
        </extensions>
      </trkpt>
      <trkpt lat="23.1676894985139369964599609375" lon="113.42218209989368915557861328125">
        <ele>16.200000762939453125</ele>
        <time>2026-02-24T23:47:36.000Z</time>
        <extensions>
          <ns3:TrackPointExtension>
            <ns3:hr>138</ns3:hr>
            <ns3:cad>93</ns3:cad>
          </ns3:TrackPointExtension>
        </extensions>
      </trkpt>
      <trkpt lat="23.167685307562351226806640625" lon="113.4221555292606353759765625">
        <ele>16.200000762939453125</ele>
        <time>2026-02-24T23:47:37.000Z</time>
        <extensions>
          <ns3:TrackPointExtension>
            <ns3:hr>137</ns3:hr>
            <ns3:cad>92</ns3:cad>
          </ns3:TrackPointExtension>
        </extensions>
      </trkpt>
      <trkpt lat="23.16768857650458812713623046875" lon="113.42212946154177188873291015625">
        <ele>16.200000762939453125</ele>
        <time>2026-02-24T23:47:38.000Z</time>
        <extensions>
          <ns3:TrackPointExtension>
            <ns3:hr>137</ns3:hr>
            <ns3:cad>92</ns3:cad>
          </ns3:TrackPointExtension>
        </extensions>
      </trkpt>
      <trkpt lat="23.16768824122846126556396484375" lon="113.42210213653743267059326171875">
        <ele>16.200000762939453125</ele>
        <time>2026-02-24T23:47:39.000Z</time>
        <extensions>
          <ns3:TrackPointExtension>
            <ns3:hr>137</ns3:hr>
            <ns3:cad>92</ns3:cad>
          </ns3:TrackPointExtension>
        </extensions>
      </trkpt>
      <trkpt lat="23.16769125871360301971435546875" lon="113.42207564972341060638427734375">
        <ele>16.200000762939453125</ele>
        <time>2026-02-24T23:47:40.000Z</time>
        <extensions>
          <ns3:TrackPointExtension>
            <ns3:hr>136</ns3:hr>
            <ns3:cad>92</ns3:cad>
          </ns3:TrackPointExtension>
        </extensions>
      </trkpt>
      <trkpt lat="23.16768388263881206512451171875" lon="113.42204815708100795745849609375">
        <ele>16.200000762939453125</ele>
        <time>2026-02-24T23:47:41.000Z</time>
        <extensions>
          <ns3:TrackPointExtension>
            <ns3:hr>136</ns3:hr>
            <ns3:cad>92</ns3:cad>
          </ns3:TrackPointExtension>
        </extensions>
      </trkpt>
      <trkpt lat="23.1676881574094295501708984375" lon="113.4220168925821781158447265625">
        <ele>16.200000762939453125</ele>
        <time>2026-02-24T23:47:42.000Z</time>
        <extensions>
          <ns3:TrackPointExtension>
            <ns3:hr>136</ns3:hr>
            <ns3:cad>92</ns3:cad>
          </ns3:TrackPointExtension>
        </extensions>
      </trkpt>
      <trkpt lat="23.1676831282675266265869140625" lon="113.421990238130092620849609375">
        <ele>16</ele>
        <time>2026-02-24T23:47:43.000Z</time>
        <extensions>
          <ns3:TrackPointExtension>
            <ns3:hr>135</ns3:hr>
            <ns3:cad>92</ns3:cad>
          </ns3:TrackPointExtension>
        </extensions>
      </trkpt>
      <trkpt lat="23.16768690012395381927490234375" lon="113.42196132056415081024169921875">
        <ele>16</ele>
        <time>2026-02-24T23:47:44.000Z</time>
        <extensions>
          <ns3:TrackPointExtension>
            <ns3:hr>135</ns3:hr>
            <ns3:cad>92</ns3:cad>
          </ns3:TrackPointExtension>
        </extensions>
      </trkpt>
      <trkpt lat="23.1676841340959072113037109375" lon="113.42193835414946079254150390625">
        <ele>16</ele>
        <time>2026-02-24T23:47:45.000Z</time>
        <extensions>
          <ns3:TrackPointExtension>
            <ns3:hr>135</ns3:hr>
            <ns3:cad>93</ns3:cad>
          </ns3:TrackPointExtension>
        </extensions>
      </trkpt>
      <trkpt lat="23.1676854752004146575927734375" lon="113.4219119511544704437255859375">
        <ele>16.200000762939453125</ele>
        <time>2026-02-24T23:47:46.000Z</time>
        <extensions>
          <ns3:TrackPointExtension>
            <ns3:hr>135</ns3:hr>
            <ns3:cad>93</ns3:cad>
          </ns3:TrackPointExtension>
        </extensions>
      </trkpt>
      <trkpt lat="23.16768220625817775726318359375" lon="113.421883620321750640869140625">
        <ele>16.200000762939453125</ele>
        <time>2026-02-24T23:47:47.000Z</time>
        <extensions>
          <ns3:TrackPointExtension>
            <ns3:hr>135</ns3:hr>
            <ns3:cad>93</ns3:cad>
          </ns3:TrackPointExtension>
        </extensions>
      </trkpt>
      <trkpt lat="23.16768220625817775726318359375" lon="113.42185839079320430755615234375">
        <ele>16.200000762939453125</ele>
        <time>2026-02-24T23:47:48.000Z</time>
        <extensions>
          <ns3:TrackPointExtension>
            <ns3:hr>136</ns3:hr>
            <ns3:cad>91</ns3:cad>
          </ns3:TrackPointExtension>
        </extensions>
      </trkpt>
      <trkpt lat="23.16768296062946319580078125" lon="113.42182486318051815032958984375">
        <ele>16.200000762939453125</ele>
        <time>2026-02-24T23:47:49.000Z</time>
        <extensions>
          <ns3:TrackPointExtension>
            <ns3:hr>136</ns3:hr>
            <ns3:cad>91</ns3:cad>
          </ns3:TrackPointExtension>
        </extensions>
      </trkpt>
      <trkpt lat="23.16767893731594085693359375" lon="113.42180080711841583251953125">
        <ele>16.200000762939453125</ele>
        <time>2026-02-24T23:47:50.000Z</time>
        <extensions>
          <ns3:TrackPointExtension>
            <ns3:hr>136</ns3:hr>
            <ns3:cad>91</ns3:cad>
          </ns3:TrackPointExtension>
        </extensions>
      </trkpt>
      <trkpt lat="23.16768237389624118804931640625" lon="113.4217691235244274139404296875">
        <ele>16.200000762939453125</ele>
        <time>2026-02-24T23:47:51.000Z</time>
        <extensions>
          <ns3:TrackPointExtension>
            <ns3:hr>136</ns3:hr>
            <ns3:cad>91</ns3:cad>
          </ns3:TrackPointExtension>
        </extensions>
      </trkpt>
      <trkpt lat="23.16767700947821140289306640625" lon="113.42174582183361053466796875">
        <ele>16.3999996185302734375</ele>
        <time>2026-02-24T23:47:52.000Z</time>
        <extensions>
          <ns3:TrackPointExtension>
            <ns3:hr>136</ns3:hr>
            <ns3:cad>92</ns3:cad>
          </ns3:TrackPointExtension>
        </extensions>
      </trkpt>
      <trkpt lat="23.167682625353336334228515625" lon="113.42171623371541500091552734375">
        <ele>16.3999996185302734375</ele>
        <time>2026-02-24T23:47:53.000Z</time>
        <extensions>
          <ns3:TrackPointExtension>
            <ns3:hr>135</ns3:hr>
            <ns3:cad>92</ns3:cad>
          </ns3:TrackPointExtension>
        </extensions>
      </trkpt>
      <trkpt lat="23.167681954801082611083984375" lon="113.4216920100152492523193359375">
        <ele>16.3999996185302734375</ele>
        <time>2026-02-24T23:47:54.000Z</time>
        <extensions>
          <ns3:TrackPointExtension>
            <ns3:hr>136</ns3:hr>
            <ns3:cad>92</ns3:cad>
          </ns3:TrackPointExtension>
        </extensions>
      </trkpt>
      <trkpt lat="23.167684972286224365234375" lon="113.4216625057160854339599609375">
        <ele>16.3999996185302734375</ele>
        <time>2026-02-24T23:47:55.000Z</time>
        <extensions>
          <ns3:TrackPointExtension>
            <ns3:hr>136</ns3:hr>
            <ns3:cad>92</ns3:cad>
          </ns3:TrackPointExtension>
        </extensions>
      </trkpt>
      <trkpt lat="23.1676848046481609344482421875" lon="113.42163627035915851593017578125">
        <ele>16.3999996185302734375</ele>
        <time>2026-02-24T23:47:56.000Z</time>
        <extensions>
          <ns3:TrackPointExtension>
            <ns3:hr>135</ns3:hr>
            <ns3:cad>92</ns3:cad>
          </ns3:TrackPointExtension>
        </extensions>
      </trkpt>
      <trkpt lat="23.16768270917236804962158203125" lon="113.4216125495731830596923828125">
        <ele>16.3999996185302734375</ele>
        <time>2026-02-24T23:47:57.000Z</time>
        <extensions>
          <ns3:TrackPointExtension>
            <ns3:hr>136</ns3:hr>
            <ns3:cad>92</ns3:cad>
          </ns3:TrackPointExtension>
        </extensions>
      </trkpt>
      <trkpt lat="23.167685978114604949951171875" lon="113.4215800277888774871826171875">
        <ele>16.200000762939453125</ele>
        <time>2026-02-24T23:47:58.000Z</time>
        <extensions>
          <ns3:TrackPointExtension>
            <ns3:hr>136</ns3:hr>
            <ns3:cad>92</ns3:cad>
          </ns3:TrackPointExtension>
        </extensions>
      </trkpt>
      <trkpt lat="23.16768229007720947265625" lon="113.4215562231838703155517578125">
        <ele>16.3999996185302734375</ele>
        <time>2026-02-24T23:47:59.000Z</time>
        <extensions>
          <ns3:TrackPointExtension>
            <ns3:hr>136</ns3:hr>
            <ns3:cad>92</ns3:cad>
          </ns3:TrackPointExtension>
        </extensions>
      </trkpt>
      <trkpt lat="23.16768924705684185028076171875" lon="113.4215213544666767120361328125">
        <ele>16.3999996185302734375</ele>
        <time>2026-02-24T23:48:00.000Z</time>
        <extensions>
          <ns3:TrackPointExtension>
            <ns3:hr>137</ns3:hr>
            <ns3:cad>94</ns3:cad>
          </ns3:TrackPointExtension>
        </extensions>
      </trkpt>
      <trkpt lat="23.16768438555300235748291015625" lon="113.4214972145855426788330078125">
        <ele>16.3999996185302734375</ele>
        <time>2026-02-24T23:48:01.000Z</time>
        <extensions>
          <ns3:TrackPointExtension>
            <ns3:hr>137</ns3:hr>
            <ns3:cad>94</ns3:cad>
          </ns3:TrackPointExtension>
        </extensions>
      </trkpt>
      <trkpt lat="23.16769025288522243499755859375" lon="113.4214650280773639678955078125">
        <ele>16.3999996185302734375</ele>
        <time>2026-02-24T23:48:02.000Z</time>
        <extensions>
          <ns3:TrackPointExtension>
            <ns3:hr>137</ns3:hr>
            <ns3:cad>93</ns3:cad>
          </ns3:TrackPointExtension>
        </extensions>
      </trkpt>
      <trkpt lat="23.16768488846719264984130859375" lon="113.4214445762336254119873046875">
        <ele>16.3999996185302734375</ele>
        <time>2026-02-24T23:48:03.000Z</time>
        <extensions>
          <ns3:TrackPointExtension>
            <ns3:hr>137</ns3:hr>
            <ns3:cad>92</ns3:cad>
          </ns3:TrackPointExtension>
        </extensions>
      </trkpt>
      <trkpt lat="23.16769243218004703521728515625" lon="113.42141549102962017059326171875">
        <ele>16.6000003814697265625</ele>
        <time>2026-02-24T23:48:04.000Z</time>
        <extensions>
          <ns3:TrackPointExtension>
            <ns3:hr>137</ns3:hr>
            <ns3:cad>92</ns3:cad>
          </ns3:TrackPointExtension>
        </extensions>
      </trkpt>
      <trkpt lat="23.16768773831427097320556640625" lon="113.4213912673294544219970703125">
        <ele>16.6000003814697265625</ele>
        <time>2026-02-24T23:48:05.000Z</time>
        <extensions>
          <ns3:TrackPointExtension>
            <ns3:hr>137</ns3:hr>
            <ns3:cad>92</ns3:cad>
          </ns3:TrackPointExtension>
        </extensions>
      </trkpt>
      <trkpt lat="23.167690001428127288818359375" lon="113.4213624335825443267822265625">
        <ele>16.6000003814697265625</ele>
        <time>2026-02-24T23:48:06.000Z</time>
        <extensions>
          <ns3:TrackPointExtension>
            <ns3:hr>137</ns3:hr>
            <ns3:cad>92</ns3:cad>
          </ns3:TrackPointExtension>
        </extensions>
      </trkpt>
      <trkpt lat="23.1676858104765415191650390625" lon="113.421335108578205108642578125">
        <ele>16.799999237060546875</ele>
        <time>2026-02-24T23:48:07.000Z</time>
        <extensions>
          <ns3:TrackPointExtension>
            <ns3:hr>137</ns3:hr>
            <ns3:cad>92</ns3:cad>
          </ns3:TrackPointExtension>
        </extensions>
      </trkpt>
      <trkpt lat="23.16768639720976352691650390625" lon="113.4213057719171047210693359375">
        <ele>16.799999237060546875</ele>
        <time>2026-02-24T23:48:08.000Z</time>
        <extensions>
          <ns3:TrackPointExtension>
            <ns3:hr>137</ns3:hr>
            <ns3:cad>93</ns3:cad>
          </ns3:TrackPointExtension>
        </extensions>
      </trkpt>
      <trkpt lat="23.167685307562351226806640625" lon="113.42127568088471889495849609375">
        <ele>16.799999237060546875</ele>
        <time>2026-02-24T23:48:09.000Z</time>
        <extensions>
          <ns3:TrackPointExtension>
            <ns3:hr>137</ns3:hr>
            <ns3:cad>93</ns3:cad>
          </ns3:TrackPointExtension>
        </extensions>
      </trkpt>
      <trkpt lat="23.16768237389624118804931640625" lon="113.4212531335651874542236328125">
        <ele>17</ele>
        <time>2026-02-24T23:48:10.000Z</time>
        <extensions>
          <ns3:TrackPointExtension>
            <ns3:hr>136</ns3:hr>
            <ns3:cad>91</ns3:cad>
          </ns3:TrackPointExtension>
        </extensions>
      </trkpt>
      <trkpt lat="23.16768564283847808837890625" lon="113.42121700756251811981201171875">
        <ele>17</ele>
        <time>2026-02-24T23:48:11.000Z</time>
        <extensions>
          <ns3:TrackPointExtension>
            <ns3:hr>137</ns3:hr>
            <ns3:cad>91</ns3:cad>
          </ns3:TrackPointExtension>
        </extensions>
      </trkpt>
      <trkpt lat="23.16768052987754344940185546875" lon="113.42119186185300350189208984375">
        <ele>17</ele>
        <time>2026-02-24T23:48:12.000Z</time>
        <extensions>
          <ns3:TrackPointExtension>
            <ns3:hr>137</ns3:hr>
            <ns3:cad>91</ns3:cad>
          </ns3:TrackPointExtension>
        </extensions>
      </trkpt>
      <trkpt lat="23.16768237389624118804931640625" lon="113.421160094439983367919921875">
        <ele>17</ele>
        <time>2026-02-24T23:48:13.000Z</time>
        <extensions>
          <ns3:TrackPointExtension>
            <ns3:hr>137</ns3:hr>
            <ns3:cad>92</ns3:cad>
          </ns3:TrackPointExtension>
        </extensions>
      </trkpt>
      <trkpt lat="23.1676755845546722412109375" lon="113.4211374633014202117919921875">
        <ele>17</ele>
        <time>2026-02-24T23:48:14.000Z</time>
        <extensions>
          <ns3:TrackPointExtension>
            <ns3:hr>137</ns3:hr>
            <ns3:cad>94</ns3:cad>
          </ns3:TrackPointExtension>
        </extensions>
      </trkpt>
      <trkpt lat="23.1676794402301311492919921875" lon="113.42110837809741497039794921875">
        <ele>17.200000762939453125</ele>
        <time>2026-02-24T23:48:15.000Z</time>
        <extensions>
          <ns3:TrackPointExtension>
            <ns3:hr>137</ns3:hr>
            <ns3:cad>94</ns3:cad>
          </ns3:TrackPointExtension>
        </extensions>
      </trkpt>
      <trkpt lat="23.16767449490725994110107421875" lon="113.4210824780166149139404296875">
        <ele>17.200000762939453125</ele>
        <time>2026-02-24T23:48:16.000Z</time>
        <extensions>
          <ns3:TrackPointExtension>
            <ns3:hr>137</ns3:hr>
            <ns3:cad>94</ns3:cad>
          </ns3:TrackPointExtension>
        </extensions>
      </trkpt>
      <trkpt lat="23.1676774285733699798583984375" lon="113.42105624265968799591064453125">
        <ele>17.200000762939453125</ele>
        <time>2026-02-24T23:48:17.000Z</time>
        <extensions>
          <ns3:TrackPointExtension>
            <ns3:hr>137</ns3:hr>
            <ns3:cad>93</ns3:cad>
          </ns3:TrackPointExtension>
        </extensions>
      </trkpt>
      <trkpt lat="23.16767918877303600311279296875" lon="113.4210268221795558929443359375">
        <ele>17.200000762939453125</ele>
        <time>2026-02-24T23:48:18.000Z</time>
        <extensions>
          <ns3:TrackPointExtension>
            <ns3:hr>137</ns3:hr>
            <ns3:cad>93</ns3:cad>
          </ns3:TrackPointExtension>
        </extensions>
      </trkpt>
      <trkpt lat="23.16767759621143341064453125" lon="113.421002514660358428955078125">
        <ele>17.200000762939453125</ele>
        <time>2026-02-24T23:48:19.000Z</time>
        <extensions>
          <ns3:TrackPointExtension>
            <ns3:hr>137</ns3:hr>
            <ns3:cad>92</ns3:cad>
          </ns3:TrackPointExtension>
        </extensions>
      </trkpt>
      <trkpt lat="23.1676834635436534881591796875" lon="113.42097057960927486419677734375">
        <ele>17.200000762939453125</ele>
        <time>2026-02-24T23:48:20.000Z</time>
        <extensions>
          <ns3:TrackPointExtension>
            <ns3:hr>137</ns3:hr>
            <ns3:cad>92</ns3:cad>
          </ns3:TrackPointExtension>
        </extensions>
      </trkpt>
      <trkpt lat="23.1676787696778774261474609375" lon="113.4209485352039337158203125">
        <ele>17.200000762939453125</ele>
        <time>2026-02-24T23:48:21.000Z</time>
        <extensions>
          <ns3:TrackPointExtension>
            <ns3:hr>137</ns3:hr>
            <ns3:cad>93</ns3:cad>
          </ns3:TrackPointExtension>
        </extensions>
      </trkpt>
      <trkpt lat="23.16768622957170009613037109375" lon="113.4209148399531841278076171875">
        <ele>17.3999996185302734375</ele>
        <time>2026-02-24T23:48:22.000Z</time>
        <extensions>
          <ns3:TrackPointExtension>
            <ns3:hr>138</ns3:hr>
            <ns3:cad>94</ns3:cad>
          </ns3:TrackPointExtension>
        </extensions>
      </trkpt>
      <trkpt lat="23.16768388263881206512451171875" lon="113.42089497484266757965087890625">
        <ele>17.3999996185302734375</ele>
        <time>2026-02-24T23:48:23.000Z</time>
        <extensions>
          <ns3:TrackPointExtension>
            <ns3:hr>138</ns3:hr>
            <ns3:cad>94</ns3:cad>
          </ns3:TrackPointExtension>
        </extensions>
      </trkpt>
      <trkpt lat="23.16769142635166645050048828125" lon="113.42086547054350376129150390625">
        <ele>17.6000003814697265625</ele>
        <time>2026-02-24T23:48:24.000Z</time>
        <extensions>
          <ns3:TrackPointExtension>
            <ns3:hr>139</ns3:hr>
            <ns3:cad>92</ns3:cad>
          </ns3:TrackPointExtension>
        </extensions>
      </trkpt>
      <trkpt lat="23.16768723540008068084716796875" lon="113.4208387322723865509033203125">
        <ele>17.6000003814697265625</ele>
        <time>2026-02-24T23:48:25.000Z</time>
        <extensions>
          <ns3:TrackPointExtension>
            <ns3:hr>139</ns3:hr>
            <ns3:cad>92</ns3:cad>
          </ns3:TrackPointExtension>
        </extensions>
      </trkpt>
      <trkpt lat="23.16769243218004703521728515625" lon="113.4208102338016033172607421875">
        <ele>17.6000003814697265625</ele>
        <time>2026-02-24T23:48:26.000Z</time>
        <extensions>
          <ns3:TrackPointExtension>
            <ns3:hr>140</ns3:hr>
            <ns3:cad>92</ns3:cad>
          </ns3:TrackPointExtension>
        </extensions>
      </trkpt>
      <trkpt lat="23.1676905043423175811767578125" lon="113.42078148387372493743896484375">
        <ele>17.6000003814697265625</ele>
        <time>2026-02-24T23:48:27.000Z</time>
        <extensions>
          <ns3:TrackPointExtension>
            <ns3:hr>140</ns3:hr>
            <ns3:cad>92</ns3:cad>
          </ns3:TrackPointExtension>
        </extensions>
      </trkpt>
      <trkpt lat="23.16769327037036418914794921875" lon="113.42075876891613006591796875">
        <ele>17.6000003814697265625</ele>
        <time>2026-02-24T23:48:28.000Z</time>
        <extensions>
          <ns3:TrackPointExtension>
            <ns3:hr>141</ns3:hr>
            <ns3:cad>92</ns3:cad>
          </ns3:TrackPointExtension>
        </extensions>
      </trkpt>
      <trkpt lat="23.16769729368388652801513671875" lon="113.420730270445346832275390625">
        <ele>17.6000003814697265625</ele>
        <time>2026-02-24T23:48:29.000Z</time>
        <extensions>
          <ns3:TrackPointExtension>
            <ns3:hr>141</ns3:hr>
            <ns3:cad>94</ns3:cad>
          </ns3:TrackPointExtension>
        </extensions>
      </trkpt>
      <trkpt lat="23.167698718607425689697265625" lon="113.4207083098590373992919921875">
        <ele>17.6000003814697265625</ele>
        <time>2026-02-24T23:48:30.000Z</time>
        <extensions>
          <ns3:TrackPointExtension>
            <ns3:hr>142</ns3:hr>
            <ns3:cad>94</ns3:cad>
          </ns3:TrackPointExtension>
        </extensions>
      </trkpt>
      <trkpt lat="23.16770466975867748260498046875" lon="113.4206767939031124114990234375">
        <ele>17.799999237060546875</ele>
        <time>2026-02-24T23:48:31.000Z</time>
        <extensions>
          <ns3:TrackPointExtension>
            <ns3:hr>142</ns3:hr>
            <ns3:cad>94</ns3:cad>
          </ns3:TrackPointExtension>
        </extensions>
      </trkpt>
      <trkpt lat="23.16769771277904510498046875" lon="113.4206534922122955322265625">
        <ele>18</ele>
        <time>2026-02-24T23:48:32.000Z</time>
        <extensions>
          <ns3:TrackPointExtension>
            <ns3:hr>143</ns3:hr>
            <ns3:cad>92</ns3:cad>
          </ns3:TrackPointExtension>
        </extensions>
      </trkpt>
      <trkpt lat="23.16770617850124835968017578125" lon="113.42062574811279773712158203125">
        <ele>18</ele>
        <time>2026-02-24T23:48:33.000Z</time>
        <extensions>
          <ns3:TrackPointExtension>
            <ns3:hr>144</ns3:hr>
            <ns3:cad>91</ns3:cad>
          </ns3:TrackPointExtension>
        </extensions>
      </trkpt>
      <trkpt lat="23.16770198754966259002685546875" lon="113.42060881666839122772216796875">
        <ele>18.200000762939453125</ele>
        <time>2026-02-24T23:48:34.000Z</time>
        <extensions>
          <ns3:TrackPointExtension>
            <ns3:hr>144</ns3:hr>
            <ns3:cad>91</ns3:cad>
          </ns3:TrackPointExtension>
        </extensions>
      </trkpt>
      <trkpt lat="23.1677079387009143829345703125" lon="113.4205798991024494171142578125">
        <ele>18.200000762939453125</ele>
        <time>2026-02-24T23:48:35.000Z</time>
        <extensions>
          <ns3:TrackPointExtension>
            <ns3:hr>144</ns3:hr>
            <ns3:cad>92</ns3:cad>
          </ns3:TrackPointExtension>
        </extensions>
      </trkpt>
      <trkpt lat="23.16770450212061405181884765625" lon="113.42055651359260082244873046875">
        <ele>18.200000762939453125</ele>
        <time>2026-02-24T23:48:36.000Z</time>
        <extensions>
          <ns3:TrackPointExtension>
            <ns3:hr>144</ns3:hr>
            <ns3:cad>93</ns3:cad>
          </ns3:TrackPointExtension>
        </extensions>
      </trkpt>
      <trkpt lat="23.167711459100246429443359375" lon="113.4205279313027858734130859375">
        <ele>18.200000762939453125</ele>
        <time>2026-02-24T23:48:37.000Z</time>
        <extensions>
          <ns3:TrackPointExtension>
            <ns3:hr>145</ns3:hr>
            <ns3:cad>93</ns3:cad>
          </ns3:TrackPointExtension>
        </extensions>
      </trkpt>
      <trkpt lat="23.16770953126251697540283203125" lon="113.4205044619739055633544921875">
        <ele>18.200000762939453125</ele>
        <time>2026-02-24T23:48:38.000Z</time>
        <extensions>
          <ns3:TrackPointExtension>
            <ns3:hr>145</ns3:hr>
            <ns3:cad>93</ns3:cad>
          </ns3:TrackPointExtension>
        </extensions>
      </trkpt>
      <trkpt lat="23.16771573387086391448974609375" lon="113.42047537676990032196044921875">
        <ele>18.200000762939453125</ele>
        <time>2026-02-24T23:48:39.000Z</time>
        <extensions>
          <ns3:TrackPointExtension>
            <ns3:hr>145</ns3:hr>
            <ns3:cad>93</ns3:cad>
          </ns3:TrackPointExtension>
        </extensions>
      </trkpt>
      <trkpt lat="23.16771623678505420684814453125" lon="113.42044738121330738067626953125">
        <ele>18.200000762939453125</ele>
        <time>2026-02-24T23:48:40.000Z</time>
        <extensions>
          <ns3:TrackPointExtension>
            <ns3:hr>144</ns3:hr>
            <ns3:cad>92</ns3:cad>
          </ns3:TrackPointExtension>
        </extensions>
      </trkpt>
      <trkpt lat="23.16771992482244968414306640625" lon="113.42042206786572933197021484375">
        <ele>18.3999996185302734375</ele>
        <time>2026-02-24T23:48:41.000Z</time>
        <extensions>
          <ns3:TrackPointExtension>
            <ns3:hr>145</ns3:hr>
            <ns3:cad>92</ns3:cad>
          </ns3:TrackPointExtension>
        </extensions>
      </trkpt>
      <trkpt lat="23.16772160120308399200439453125" lon="113.42039776034653186798095703125">
        <ele>18.6000003814697265625</ele>
        <time>2026-02-24T23:48:42.000Z</time>
        <extensions>
          <ns3:TrackPointExtension>
            <ns3:hr>145</ns3:hr>
            <ns3:cad>91</ns3:cad>
          </ns3:TrackPointExtension>
        </extensions>
      </trkpt>
      <trkpt lat="23.167724199593067169189453125" lon="113.42037387192249298095703125">
        <ele>18.6000003814697265625</ele>
        <time>2026-02-24T23:48:43.000Z</time>
        <extensions>
          <ns3:TrackPointExtension>
            <ns3:hr>145</ns3:hr>
            <ns3:cad>91</ns3:cad>
          </ns3:TrackPointExtension>
        </extensions>
      </trkpt>
      <trkpt lat="23.16772478632628917694091796875" lon="113.420344032347202301025390625">
        <ele>18.799999237060546875</ele>
        <time>2026-02-24T23:48:44.000Z</time>
        <extensions>
          <ns3:TrackPointExtension>
            <ns3:hr>145</ns3:hr>
            <ns3:cad>93</ns3:cad>
          </ns3:TrackPointExtension>
        </extensions>
      </trkpt>
      <trkpt lat="23.16771648824214935302734375" lon="113.42032559216022491455078125">
        <ele>19</ele>
        <time>2026-02-24T23:48:45.000Z</time>
        <extensions>
          <ns3:TrackPointExtension>
            <ns3:hr>144</ns3:hr>
            <ns3:cad>93</ns3:cad>
          </ns3:TrackPointExtension>
        </extensions>
      </trkpt>
      <trkpt lat="23.1677190028131008148193359375" lon="113.42029566876590251922607421875">
        <ele>19</ele>
        <time>2026-02-24T23:48:46.000Z</time>
        <extensions>
          <ns3:TrackPointExtension>
            <ns3:hr>145</ns3:hr>
            <ns3:cad>93</ns3:cad>
          </ns3:TrackPointExtension>
        </extensions>
      </trkpt>
      <trkpt lat="23.16771640442311763763427734375" lon="113.42027194797992706298828125">
        <ele>19</ele>
        <time>2026-02-24T23:48:47.000Z</time>
        <extensions>
          <ns3:TrackPointExtension>
            <ns3:hr>145</ns3:hr>
            <ns3:cad>93</ns3:cad>
          </ns3:TrackPointExtension>
        </extensions>
      </trkpt>
      <trkpt lat="23.167722187936305999755859375" lon="113.42023833654820919036865234375">
        <ele>19.200000762939453125</ele>
        <time>2026-02-24T23:48:48.000Z</time>
        <extensions>
          <ns3:TrackPointExtension>
            <ns3:hr>145</ns3:hr>
            <ns3:cad>91</ns3:cad>
          </ns3:TrackPointExtension>
        </extensions>
      </trkpt>
      <trkpt lat="23.16772126592695713043212890625" lon="113.42021386139094829559326171875">
        <ele>19.200000762939453125</ele>
        <time>2026-02-24T23:48:49.000Z</time>
        <extensions>
          <ns3:TrackPointExtension>
            <ns3:hr>145</ns3:hr>
            <ns3:cad>91</ns3:cad>
          </ns3:TrackPointExtension>
        </extensions>
      </trkpt>
      <trkpt lat="23.16772562451660633087158203125" lon="113.42018318362534046173095703125">
        <ele>19.3999996185302734375</ele>
        <time>2026-02-24T23:48:50.000Z</time>
        <extensions>
          <ns3:TrackPointExtension>
            <ns3:hr>146</ns3:hr>
            <ns3:cad>91</ns3:cad>
          </ns3:TrackPointExtension>
        </extensions>
      </trkpt>
      <trkpt lat="23.16772310994565486907958984375" lon="113.4201608039438724517822265625">
        <ele>19.6000003814697265625</ele>
        <time>2026-02-24T23:48:51.000Z</time>
        <extensions>
          <ns3:TrackPointExtension>
            <ns3:hr>146</ns3:hr>
            <ns3:cad>93</ns3:cad>
          </ns3:TrackPointExtension>
        </extensions>
      </trkpt>
      <trkpt lat="23.16772763617336750030517578125" lon="113.42012886889278888702392578125">
        <ele>19.6000003814697265625</ele>
        <time>2026-02-24T23:48:52.000Z</time>
        <extensions>
          <ns3:TrackPointExtension>
            <ns3:hr>146</ns3:hr>
            <ns3:cad>93</ns3:cad>
          </ns3:TrackPointExtension>
        </extensions>
      </trkpt>
      <trkpt lat="23.16772595979273319244384765625" lon="113.4201041422784328460693359375">
        <ele>19.799999237060546875</ele>
        <time>2026-02-24T23:48:53.000Z</time>
        <extensions>
          <ns3:TrackPointExtension>
            <ns3:hr>146</ns3:hr>
            <ns3:cad>93</ns3:cad>
          </ns3:TrackPointExtension>
        </extensions>
      </trkpt>
      <trkpt lat="23.16773233003914356231689453125" lon="113.42007153667509555816650390625">
        <ele>19.799999237060546875</ele>
        <time>2026-02-24T23:48:54.000Z</time>
        <extensions>
          <ns3:TrackPointExtension>
            <ns3:hr>146</ns3:hr>
            <ns3:cad>93</ns3:cad>
          </ns3:TrackPointExtension>
        </extensions>
      </trkpt>
      <trkpt lat="23.16772998310625553131103515625" lon="113.4200504980981349945068359375">
        <ele>19.799999237060546875</ele>
        <time>2026-02-24T23:48:55.000Z</time>
        <extensions>
          <ns3:TrackPointExtension>
            <ns3:hr>146</ns3:hr>
            <ns3:cad>92</ns3:cad>
          </ns3:TrackPointExtension>
        </extensions>
      </trkpt>
      <trkpt lat="23.1677337549626827239990234375" lon="113.420022837817668914794921875">
        <ele>19.799999237060546875</ele>
        <time>2026-02-24T23:48:56.000Z</time>
        <extensions>
          <ns3:TrackPointExtension>
            <ns3:hr>146</ns3:hr>
            <ns3:cad>91</ns3:cad>
          </ns3:TrackPointExtension>
        </extensions>
      </trkpt>
      <trkpt lat="23.167731575667858123779296875" lon="113.4200012125074863433837890625">
        <ele>20</ele>
        <time>2026-02-24T23:48:57.000Z</time>
        <extensions>
          <ns3:TrackPointExtension>
            <ns3:hr>146</ns3:hr>
            <ns3:cad>91</ns3:cad>
          </ns3:TrackPointExtension>
        </extensions>
      </trkpt>
      <trkpt lat="23.1677377782762050628662109375" lon="113.4199713729321956634521484375">
        <ele>20</ele>
        <time>2026-02-24T23:48:58.000Z</time>
        <extensions>
          <ns3:TrackPointExtension>
            <ns3:hr>146</ns3:hr>
            <ns3:cad>90</ns3:cad>
          </ns3:TrackPointExtension>
        </extensions>
      </trkpt>
      <trkpt lat="23.16773534752428531646728515625" lon="113.41994731687009334564208984375">
        <ele>20</ele>
        <time>2026-02-24T23:48:59.000Z</time>
        <extensions>
          <ns3:TrackPointExtension>
            <ns3:hr>146</ns3:hr>
            <ns3:cad>90</ns3:cad>
          </ns3:TrackPointExtension>
        </extensions>
      </trkpt>
      <trkpt lat="23.1677381135523319244384765625" lon="113.41992116533219814300537109375">
        <ele>20</ele>
        <time>2026-02-24T23:49:00.000Z</time>
        <extensions>
          <ns3:TrackPointExtension>
            <ns3:hr>146</ns3:hr>
            <ns3:cad>90</ns3:cad>
          </ns3:TrackPointExtension>
        </extensions>
      </trkpt>
      <trkpt lat="23.167738951742649078369140625" lon="113.41989400796592235565185546875">
        <ele>20</ele>
        <time>2026-02-24T23:49:01.000Z</time>
        <extensions>
          <ns3:TrackPointExtension>
            <ns3:hr>146</ns3:hr>
            <ns3:cad>92</ns3:cad>
          </ns3:TrackPointExtension>
        </extensions>
      </trkpt>
      <trkpt lat="23.1677399575710296630859375" lon="113.41987137682735919952392578125">
        <ele>20.200000762939453125</ele>
        <time>2026-02-24T23:49:02.000Z</time>
        <extensions>
          <ns3:TrackPointExtension>
            <ns3:hr>146</ns3:hr>
            <ns3:cad>92</ns3:cad>
          </ns3:TrackPointExtension>
        </extensions>
      </trkpt>
      <trkpt lat="23.1677424721419811248779296875" lon="113.41984773986041545867919921875">
        <ele>20.200000762939453125</ele>
        <time>2026-02-24T23:49:03.000Z</time>
        <extensions>
          <ns3:TrackPointExtension>
            <ns3:hr>146</ns3:hr>
            <ns3:cad>92</ns3:cad>
          </ns3:TrackPointExtension>
        </extensions>
      </trkpt>
      <trkpt lat="23.16774465143680572509765625" lon="113.419824354350566864013671875">
        <ele>20.200000762939453125</ele>
        <time>2026-02-24T23:49:04.000Z</time>
        <extensions>
          <ns3:TrackPointExtension>
            <ns3:hr>146</ns3:hr>
            <ns3:cad>92</ns3:cad>
          </ns3:TrackPointExtension>
        </extensions>
      </trkpt>
      <trkpt lat="23.16774456761777400970458984375" lon="113.4198000468313694000244140625">
        <ele>20.200000762939453125</ele>
        <time>2026-02-24T23:49:05.000Z</time>
        <extensions>
          <ns3:TrackPointExtension>
            <ns3:hr>145</ns3:hr>
            <ns3:cad>92</ns3:cad>
          </ns3:TrackPointExtension>
        </extensions>
      </trkpt>
      <trkpt lat="23.16774859093129634857177734375" lon="113.419777415692806243896484375">
        <ele>20.3999996185302734375</ele>
        <time>2026-02-24T23:49:06.000Z</time>
        <extensions>
          <ns3:TrackPointExtension>
            <ns3:hr>145</ns3:hr>
            <ns3:cad>92</ns3:cad>
          </ns3:TrackPointExtension>
        </extensions>
      </trkpt>
      <trkpt lat="23.167751692235469818115234375" lon="113.41975151561200618743896484375">
        <ele>20.3999996185302734375</ele>
        <time>2026-02-24T23:49:07.000Z</time>
        <extensions>
          <ns3:TrackPointExtension>
            <ns3:hr>145</ns3:hr>
            <ns3:cad>91</ns3:cad>
          </ns3:TrackPointExtension>
        </extensions>
      </trkpt>
      <trkpt lat="23.1677535362541675567626953125" lon="113.41972603462636470794677734375">
        <ele>20.3999996185302734375</ele>
        <time>2026-02-24T23:49:08.000Z</time>
        <extensions>
          <ns3:TrackPointExtension>
            <ns3:hr>145</ns3:hr>
            <ns3:cad>90</ns3:cad>
          </ns3:TrackPointExtension>
        </extensions>
      </trkpt>
      <trkpt lat="23.16775412298738956451416015625" lon="113.41970105655491352081298828125">
        <ele>20.6000003814697265625</ele>
        <time>2026-02-24T23:49:09.000Z</time>
        <extensions>
          <ns3:TrackPointExtension>
            <ns3:hr>145</ns3:hr>
            <ns3:cad>90</ns3:cad>
          </ns3:TrackPointExtension>
        </extensions>
      </trkpt>
      <trkpt lat="23.1677560508251190185546875" lon="113.41967658139765262603759765625">
        <ele>20.6000003814697265625</ele>
        <time>2026-02-24T23:49:10.000Z</time>
        <extensions>
          <ns3:TrackPointExtension>
            <ns3:hr>145</ns3:hr>
            <ns3:cad>90</ns3:cad>
          </ns3:TrackPointExtension>
        </extensions>
      </trkpt>
      <trkpt lat="23.1677560508251190185546875" lon="113.4196468256413936614990234375">
        <ele>20.799999237060546875</ele>
        <time>2026-02-24T23:49:11.000Z</time>
        <extensions>
          <ns3:TrackPointExtension>
            <ns3:hr>144</ns3:hr>
            <ns3:cad>90</ns3:cad>
          </ns3:TrackPointExtension>
        </extensions>
      </trkpt>
      <trkpt lat="23.1677506864070892333984375" lon="113.41962142847478389739990234375">
        <ele>21</ele>
        <time>2026-02-24T23:49:12.000Z</time>
        <extensions>
          <ns3:TrackPointExtension>
            <ns3:hr>145</ns3:hr>
            <ns3:cad>90</ns3:cad>
          </ns3:TrackPointExtension>
        </extensions>
      </trkpt>
      <trkpt lat="23.16775529645383358001708984375" lon="113.4195874817669391632080078125">
        <ele>21.200000762939453125</ele>
        <time>2026-02-24T23:49:13.000Z</time>
        <extensions>
          <ns3:TrackPointExtension>
            <ns3:hr>145</ns3:hr>
            <ns3:cad>90</ns3:cad>
          </ns3:TrackPointExtension>
        </extensions>
      </trkpt>
      <trkpt lat="23.16775261424481868743896484375" lon="113.41956526972353458404541015625">
        <ele>21.200000762939453125</ele>
        <time>2026-02-24T23:49:14.000Z</time>
        <extensions>
          <ns3:TrackPointExtension>
            <ns3:hr>145</ns3:hr>
            <ns3:cad>90</ns3:cad>
          </ns3:TrackPointExtension>
        </extensions>
      </trkpt>
      <trkpt lat="23.1677545420825481414794921875" lon="113.41953299939632415771484375">
        <ele>21.3999996185302734375</ele>
        <time>2026-02-24T23:49:15.000Z</time>
        <extensions>
          <ns3:TrackPointExtension>
            <ns3:hr>144</ns3:hr>
            <ns3:cad>90</ns3:cad>
          </ns3:TrackPointExtension>
        </extensions>
      </trkpt>
      <trkpt lat="23.16775546409189701080322265625" lon="113.4195103682577610015869140625">
        <ele>21.6000003814697265625</ele>
        <time>2026-02-24T23:49:16.000Z</time>
        <extensions>
          <ns3:TrackPointExtension>
            <ns3:hr>145</ns3:hr>
            <ns3:cad>91</ns3:cad>
          </ns3:TrackPointExtension>
        </extensions>
      </trkpt>
      <trkpt lat="23.1677614152431488037109375" lon="113.41948228888213634490966796875">
        <ele>21.799999237060546875</ele>
        <time>2026-02-24T23:49:17.000Z</time>
        <extensions>
          <ns3:TrackPointExtension>
            <ns3:hr>145</ns3:hr>
            <ns3:cad>91</ns3:cad>
          </ns3:TrackPointExtension>
        </extensions>
      </trkpt>
      <trkpt lat="23.16776133142411708831787109375" lon="113.4194599092006683349609375">
        <ele>21.799999237060546875</ele>
        <time>2026-02-24T23:49:18.000Z</time>
        <extensions>
          <ns3:TrackPointExtension>
            <ns3:hr>145</ns3:hr>
            <ns3:cad>91</ns3:cad>
          </ns3:TrackPointExtension>
        </extensions>
      </trkpt>
      <trkpt lat="23.16776770167052745819091796875" lon="113.41942814178764820098876953125">
        <ele>22</ele>
        <time>2026-02-24T23:49:19.000Z</time>
        <extensions>
          <ns3:TrackPointExtension>
            <ns3:hr>144</ns3:hr>
            <ns3:cad>89</ns3:cad>
          </ns3:TrackPointExtension>
        </extensions>
      </trkpt>
      <trkpt lat="23.16776418127119541168212890625" lon="113.41940551064908504486083984375">
        <ele>22</ele>
        <time>2026-02-24T23:49:20.000Z</time>
        <extensions>
          <ns3:TrackPointExtension>
            <ns3:hr>145</ns3:hr>
            <ns3:cad>89</ns3:cad>
          </ns3:TrackPointExtension>
        </extensions>
      </trkpt>
      <trkpt lat="23.16776351071894168853759765625" lon="113.41937768273055553436279296875">
        <ele>22.200000762939453125</ele>
        <time>2026-02-24T23:49:21.000Z</time>
        <extensions>
          <ns3:TrackPointExtension>
            <ns3:hr>145</ns3:hr>
            <ns3:cad>89</ns3:cad>
          </ns3:TrackPointExtension>
        </extensions>
      </trkpt>
      <trkpt lat="23.16775680519640445709228515625" lon="113.41935203410685062408447265625">
        <ele>22.200000762939453125</ele>
        <time>2026-02-24T23:49:22.000Z</time>
        <extensions>
          <ns3:TrackPointExtension>
            <ns3:hr>145</ns3:hr>
            <ns3:cad>89</ns3:cad>
          </ns3:TrackPointExtension>
        </extensions>
      </trkpt>
      <trkpt lat="23.1677506864070892333984375" lon="113.4193326719105243682861328125">
        <ele>22.3999996185302734375</ele>
        <time>2026-02-24T23:49:23.000Z</time>
        <extensions>
          <ns3:TrackPointExtension>
            <ns3:hr>145</ns3:hr>
            <ns3:cad>90</ns3:cad>
          </ns3:TrackPointExtension>
        </extensions>
      </trkpt>
      <trkpt lat="23.16788680851459503173828125" lon="113.41825786046683788299560546875">
        <ele>23.6000003814697265625</ele>
        <time>2026-02-24T23:54:56.000Z</time>
        <extensions>
          <ns3:TrackPointExtension>
            <ns3:hr>102</ns3:hr>
            <ns3:cad>59</ns3:cad>
          </ns3:TrackPointExtension>
        </extensions>
      </trkpt>
      <trkpt lat="23.1678876467049121856689453125" lon="113.4182410128414630889892578125">
        <ele>23.6000003814697265625</ele>
        <time>2026-02-24T23:54:57.000Z</time>
        <extensions>
          <ns3:TrackPointExtension>
            <ns3:hr>103</ns3:hr>
            <ns3:cad>83</ns3:cad>
          </ns3:TrackPointExtension>
        </extensions>
      </trkpt>
      <trkpt lat="23.167887814342975616455078125" lon="113.41821611858904361724853515625">
        <ele>23.6000003814697265625</ele>
        <time>2026-02-24T23:54:58.000Z</time>
        <extensions>
          <ns3:TrackPointExtension>
            <ns3:hr>103</ns3:hr>
            <ns3:cad>83</ns3:cad>
          </ns3:TrackPointExtension>
        </extensions>
      </trkpt>
      <trkpt lat="23.1678852997720241546630859375" lon="113.41818946413695812225341796875">
        <ele>23.6000003814697265625</ele>
        <time>2026-02-24T23:54:59.000Z</time>
        <extensions>
          <ns3:TrackPointExtension>
            <ns3:hr>103</ns3:hr>
            <ns3:cad>83</ns3:cad>
          </ns3:TrackPointExtension>
        </extensions>
      </trkpt>
      <trkpt lat="23.16788278520107269287109375" lon="113.41815694235265254974365234375">
        <ele>23.6000003814697265625</ele>
        <time>2026-02-24T23:55:00.000Z</time>
        <extensions>
          <ns3:TrackPointExtension>
            <ns3:hr>103</ns3:hr>
            <ns3:cad>94</ns3:cad>
          </ns3:TrackPointExtension>
        </extensions>
      </trkpt>
      <trkpt lat="23.16788454540073871612548828125" lon="113.41813196428120136260986328125">
        <ele>23.6000003814697265625</ele>
        <time>2026-02-24T23:55:01.000Z</time>
        <extensions>
          <ns3:TrackPointExtension>
            <ns3:hr>103</ns3:hr>
            <ns3:cad>94</ns3:cad>
          </ns3:TrackPointExtension>
        </extensions>
      </trkpt>
      <trkpt lat="23.16789443604648113250732421875" lon="113.4181005321443080902099609375">
        <ele>23.6000003814697265625</ele>
        <time>2026-02-24T23:55:02.000Z</time>
        <extensions>
          <ns3:TrackPointExtension>
            <ns3:hr>103</ns3:hr>
            <ns3:cad>92</ns3:cad>
          </ns3:TrackPointExtension>
        </extensions>
      </trkpt>
      <trkpt lat="23.16789460368454456329345703125" lon="113.41807060874998569488525390625">
        <ele>23.799999237060546875</ele>
        <time>2026-02-24T23:55:03.000Z</time>
        <extensions>
          <ns3:TrackPointExtension>
            <ns3:hr>105</ns3:hr>
            <ns3:cad>92</ns3:cad>
          </ns3:TrackPointExtension>
        </extensions>
      </trkpt>
      <trkpt lat="23.16790097393095493316650390625" lon="113.41804479248821735382080078125">
        <ele>23.799999237060546875</ele>
        <time>2026-02-24T23:55:04.000Z</time>
        <extensions>
          <ns3:TrackPointExtension>
            <ns3:hr>107</ns3:hr>
            <ns3:cad>94</ns3:cad>
          </ns3:TrackPointExtension>
        </extensions>
      </trkpt>
      <trkpt lat="23.16790650598704814910888671875" lon="113.41801897622644901275634765625">
        <ele>23.799999237060546875</ele>
        <time>2026-02-24T23:55:05.000Z</time>
        <extensions>
          <ns3:TrackPointExtension>
            <ns3:hr>109</ns3:hr>
            <ns3:cad>95</ns3:cad>
          </ns3:TrackPointExtension>
        </extensions>
      </trkpt>
      <trkpt lat="23.167905919253826141357421875" lon="113.41799785383045673370361328125">
        <ele>23.799999237060546875</ele>
        <time>2026-02-24T23:55:06.000Z</time>
        <extensions>
          <ns3:TrackPointExtension>
            <ns3:hr>110</ns3:hr>
            <ns3:cad>95</ns3:cad>
          </ns3:TrackPointExtension>
        </extensions>
      </trkpt>
      <trkpt lat="23.16791002638638019561767578125" lon="113.41796851716935634613037109375">
        <ele>23.6000003814697265625</ele>
        <time>2026-02-24T23:55:07.000Z</time>
        <extensions>
          <ns3:TrackPointExtension>
            <ns3:hr>111</ns3:hr>
            <ns3:cad>95</ns3:cad>
          </ns3:TrackPointExtension>
        </extensions>
      </trkpt>
      <trkpt lat="23.167910277843475341796875" lon="113.41794705949723720550537109375">
        <ele>23.6000003814697265625</ele>
        <time>2026-02-24T23:55:08.000Z</time>
        <extensions>
          <ns3:TrackPointExtension>
            <ns3:hr>111</ns3:hr>
            <ns3:cad>95</ns3:cad>
          </ns3:TrackPointExtension>
        </extensions>
      </trkpt>
      <trkpt lat="23.16791455261409282684326171875" lon="113.41791705228388309478759765625">
        <ele>23.6000003814697265625</ele>
        <time>2026-02-24T23:55:09.000Z</time>
        <extensions>
          <ns3:TrackPointExtension>
            <ns3:hr>110</ns3:hr>
            <ns3:cad>94</ns3:cad>
          </ns3:TrackPointExtension>
        </extensions>
      </trkpt>
      <trkpt lat="23.16791187040507793426513671875" lon="113.41789676807820796966552734375">
        <ele>23.6000003814697265625</ele>
        <time>2026-02-24T23:55:10.000Z</time>
        <extensions>
          <ns3:TrackPointExtension>
            <ns3:hr>110</ns3:hr>
            <ns3:cad>94</ns3:cad>
          </ns3:TrackPointExtension>
        </extensions>
      </trkpt>
      <trkpt lat="23.167913965880870819091796875" lon="113.41786944307386875152587890625">
        <ele>23.6000003814697265625</ele>
        <time>2026-02-24T23:55:11.000Z</time>
        <extensions>
          <ns3:TrackPointExtension>
            <ns3:hr>110</ns3:hr>
            <ns3:cad>94</ns3:cad>
          </ns3:TrackPointExtension>
        </extensions>
      </trkpt>
      <trkpt lat="23.1679137982428073883056640625" lon="113.417846225202083587646484375">
        <ele>23.3999996185302734375</ele>
        <time>2026-02-24T23:55:12.000Z</time>
        <extensions>
          <ns3:TrackPointExtension>
            <ns3:hr>110</ns3:hr>
            <ns3:cad>92</ns3:cad>
          </ns3:TrackPointExtension>
        </extensions>
      </trkpt>
      <trkpt lat="23.167917318642139434814453125" lon="113.41781915165483951568603515625">
        <ele>23.3999996185302734375</ele>
        <time>2026-02-24T23:55:13.000Z</time>
        <extensions>
          <ns3:TrackPointExtension>
            <ns3:hr>110</ns3:hr>
            <ns3:cad>92</ns3:cad>
          </ns3:TrackPointExtension>
        </extensions>
      </trkpt>
      <trkpt lat="23.167916648089885711669921875" lon="113.41779115609824657440185546875">
        <ele>23.3999996185302734375</ele>
        <time>2026-02-24T23:55:14.000Z</time>
        <extensions>
          <ns3:TrackPointExtension>
            <ns3:hr>111</ns3:hr>
            <ns3:cad>92</ns3:cad>
          </ns3:TrackPointExtension>
        </extensions>
      </trkpt>
      <trkpt lat="23.16791790537536144256591796875" lon="113.417762406170368194580078125">
        <ele>23.200000762939453125</ele>
        <time>2026-02-24T23:55:15.000Z</time>
        <extensions>
          <ns3:TrackPointExtension>
            <ns3:hr>111</ns3:hr>
            <ns3:cad>93</ns3:cad>
          </ns3:TrackPointExtension>
        </extensions>
      </trkpt>
      <trkpt lat="23.167915306985378265380859375" lon="113.41773382388055324554443359375">
        <ele>23.200000762939453125</ele>
        <time>2026-02-24T23:55:16.000Z</time>
        <extensions>
          <ns3:TrackPointExtension>
            <ns3:hr>112</ns3:hr>
            <ns3:cad>94</ns3:cad>
          </ns3:TrackPointExtension>
        </extensions>
      </trkpt>
      <trkpt lat="23.1679164804518222808837890625" lon="113.4177072532474994659423828125">
        <ele>23.200000762939453125</ele>
        <time>2026-02-24T23:55:17.000Z</time>
        <extensions>
          <ns3:TrackPointExtension>
            <ns3:hr>113</ns3:hr>
            <ns3:cad>94</ns3:cad>
          </ns3:TrackPointExtension>
        </extensions>
      </trkpt>
      <trkpt lat="23.16792075522243976593017578125" lon="113.41767632402479648590087890625">
        <ele>23.200000762939453125</ele>
        <time>2026-02-24T23:55:18.000Z</time>
        <extensions>
          <ns3:TrackPointExtension>
            <ns3:hr>114</ns3:hr>
            <ns3:cad>94</ns3:cad>
          </ns3:TrackPointExtension>
        </extensions>
      </trkpt>
      <trkpt lat="23.16792863421142101287841796875" lon="113.4176480770111083984375">
        <ele>23.200000762939453125</ele>
        <time>2026-02-24T23:55:19.000Z</time>
        <extensions>
          <ns3:TrackPointExtension>
            <ns3:hr>115</ns3:hr>
            <ns3:cad>94</ns3:cad>
          </ns3:TrackPointExtension>
        </extensions>
      </trkpt>
      <trkpt lat="23.1679357588291168212890625" lon="113.41761496849358081817626953125">
        <ele>23</ele>
        <time>2026-02-24T23:55:20.000Z</time>
        <extensions>
          <ns3:TrackPointExtension>
            <ns3:hr>117</ns3:hr>
            <ns3:cad>93</ns3:cad>
          </ns3:TrackPointExtension>
        </extensions>
      </trkpt>
      <trkpt lat="23.16793684847652912139892578125" lon="113.41758831404149532318115234375">
        <ele>23</ele>
        <time>2026-02-24T23:55:21.000Z</time>
        <extensions>
          <ns3:TrackPointExtension>
            <ns3:hr>118</ns3:hr>
            <ns3:cad>93</ns3:cad>
          </ns3:TrackPointExtension>
        </extensions>
      </trkpt>
      <trkpt lat="23.16794472746551036834716796875" lon="113.41755311004817485809326171875">
        <ele>23</ele>
        <time>2026-02-24T23:55:22.000Z</time>
        <extensions>
          <ns3:TrackPointExtension>
            <ns3:hr>120</ns3:hr>
            <ns3:cad>92</ns3:cad>
          </ns3:TrackPointExtension>
        </extensions>
      </trkpt>
      <trkpt lat="23.1679500080645084381103515625" lon="113.4175282157957553863525390625">
        <ele>23</ele>
        <time>2026-02-24T23:55:23.000Z</time>
        <extensions>
          <ns3:TrackPointExtension>
            <ns3:hr>121</ns3:hr>
            <ns3:cad>92</ns3:cad>
          </ns3:TrackPointExtension>
        </extensions>
      </trkpt>
      <trkpt lat="23.16795495338737964630126953125" lon="113.41749452054500579833984375">
        <ele>22.799999237060546875</ele>
        <time>2026-02-24T23:55:24.000Z</time>
        <extensions>
          <ns3:TrackPointExtension>
            <ns3:hr>122</ns3:hr>
            <ns3:cad>92</ns3:cad>
          </ns3:TrackPointExtension>
        </extensions>
      </trkpt>
      <trkpt lat="23.16795864142477512359619140625" lon="113.41746635735034942626953125">
        <ele>22.799999237060546875</ele>
        <time>2026-02-24T23:55:25.000Z</time>
        <extensions>
          <ns3:TrackPointExtension>
            <ns3:hr>122</ns3:hr>
            <ns3:cad>93</ns3:cad>
          </ns3:TrackPointExtension>
        </extensions>
      </trkpt>
      <trkpt lat="23.1679644249379634857177734375" lon="113.41743408702313899993896484375">
        <ele>22.6000003814697265625</ele>
        <time>2026-02-24T23:55:26.000Z</time>
        <extensions>
          <ns3:TrackPointExtension>
            <ns3:hr>123</ns3:hr>
            <ns3:cad>93</ns3:cad>
          </ns3:TrackPointExtension>
        </extensions>
      </trkpt>
      <trkpt lat="23.16796635277569293975830078125" lon="113.41740642674267292022705078125">
        <ele>22.6000003814697265625</ele>
        <time>2026-02-24T23:55:27.000Z</time>
        <extensions>
          <ns3:TrackPointExtension>
            <ns3:hr>123</ns3:hr>
            <ns3:cad>93</ns3:cad>
          </ns3:TrackPointExtension>
        </extensions>
      </trkpt>
      <trkpt lat="23.1679718010127544403076171875" lon="113.4173776768147945404052734375">
        <ele>22.6000003814697265625</ele>
        <time>2026-02-24T23:55:28.000Z</time>
        <extensions>
          <ns3:TrackPointExtension>
            <ns3:hr>123</ns3:hr>
            <ns3:cad>93</ns3:cad>
          </ns3:TrackPointExtension>
        </extensions>
      </trkpt>
      <trkpt lat="23.1679786741733551025390625" lon="113.4173495136201381683349609375">
        <ele>22.3999996185302734375</ele>
        <time>2026-02-24T23:55:29.000Z</time>
        <extensions>
          <ns3:TrackPointExtension>
            <ns3:hr>124</ns3:hr>
            <ns3:cad>93</ns3:cad>
          </ns3:TrackPointExtension>
        </extensions>
      </trkpt>
      <trkpt lat="23.16798512823879718780517578125" lon="113.41732327826321125030517578125">
        <ele>22.3999996185302734375</ele>
        <time>2026-02-24T23:55:30.000Z</time>
        <extensions>
          <ns3:TrackPointExtension>
            <ns3:hr>124</ns3:hr>
            <ns3:cad>93</ns3:cad>
          </ns3:TrackPointExtension>
        </extensions>
      </trkpt>
      <trkpt lat="23.1679920852184295654296875" lon="113.41729201376438140869140625">
        <ele>22.3999996185302734375</ele>
        <time>2026-02-24T23:55:31.000Z</time>
        <extensions>
          <ns3:TrackPointExtension>
            <ns3:hr>124</ns3:hr>
            <ns3:cad>93</ns3:cad>
          </ns3:TrackPointExtension>
        </extensions>
      </trkpt>
      <trkpt lat="23.16799686290323734283447265625" lon="113.41726678423583507537841796875">
        <ele>22.3999996185302734375</ele>
        <time>2026-02-24T23:55:32.000Z</time>
        <extensions>
          <ns3:TrackPointExtension>
            <ns3:hr>124</ns3:hr>
            <ns3:cad>91</ns3:cad>
          </ns3:TrackPointExtension>
        </extensions>
      </trkpt>
      <trkpt lat="23.1680054962635040283203125" lon="113.4172348491847515106201171875">
        <ele>22.200000762939453125</ele>
        <time>2026-02-24T23:55:33.000Z</time>
        <extensions>
          <ns3:TrackPointExtension>
            <ns3:hr>124</ns3:hr>
            <ns3:cad>91</ns3:cad>
          </ns3:TrackPointExtension>
        </extensions>
      </trkpt>
      <trkpt lat="23.16800482571125030517578125" lon="113.41721280477941036224365234375">
        <ele>22.200000762939453125</ele>
        <time>2026-02-24T23:55:34.000Z</time>
        <extensions>
          <ns3:TrackPointExtension>
            <ns3:hr>124</ns3:hr>
            <ns3:cad>91</ns3:cad>
          </ns3:TrackPointExtension>
        </extensions>
      </trkpt>
      <trkpt lat="23.16800558008253574371337890625" lon="113.41718413867056369781494140625">
        <ele>22</ele>
        <time>2026-02-24T23:55:35.000Z</time>
        <extensions>
          <ns3:TrackPointExtension>
            <ns3:hr>125</ns3:hr>
            <ns3:cad>92</ns3:cad>
          </ns3:TrackPointExtension>
        </extensions>
      </trkpt>
      <trkpt lat="23.16800625063478946685791015625" lon="113.41716033406555652618408203125">
        <ele>22</ele>
        <time>2026-02-24T23:55:36.000Z</time>
        <extensions>
          <ns3:TrackPointExtension>
            <ns3:hr>124</ns3:hr>
            <ns3:cad>92</ns3:cad>
          </ns3:TrackPointExtension>
        </extensions>
      </trkpt>
      <trkpt lat="23.16800792701542377471923828125" lon="113.4171292372047901153564453125">
        <ele>21.799999237060546875</ele>
        <time>2026-02-24T23:55:37.000Z</time>
        <extensions>
          <ns3:TrackPointExtension>
            <ns3:hr>125</ns3:hr>
            <ns3:cad>94</ns3:cad>
          </ns3:TrackPointExtension>
        </extensions>
      </trkpt>
      <trkpt lat="23.1680116988718509674072265625" lon="113.41709964908659458160400390625">
        <ele>21.799999237060546875</ele>
        <time>2026-02-24T23:55:38.000Z</time>
        <extensions>
          <ns3:TrackPointExtension>
            <ns3:hr>125</ns3:hr>
            <ns3:cad>94</ns3:cad>
          </ns3:TrackPointExtension>
        </extensions>
      </trkpt>
      <trkpt lat="23.168017230927944183349609375" lon="113.4170687198638916015625">
        <ele>21.6000003814697265625</ele>
        <time>2026-02-24T23:55:39.000Z</time>
        <extensions>
          <ns3:TrackPointExtension>
            <ns3:hr>126</ns3:hr>
            <ns3:cad>94</ns3:cad>
          </ns3:TrackPointExtension>
        </extensions>
      </trkpt>
      <trkpt lat="23.16801823675632476806640625" lon="113.41703779064118862152099609375">
        <ele>21.6000003814697265625</ele>
        <time>2026-02-24T23:55:40.000Z</time>
        <extensions>
          <ns3:TrackPointExtension>
            <ns3:hr>126</ns3:hr>
            <ns3:cad>94</ns3:cad>
          </ns3:TrackPointExtension>
        </extensions>
      </trkpt>
      <trkpt lat="23.1680197454988956451416015625" lon="113.41701147146522998809814453125">
        <ele>21.3999996185302734375</ele>
        <time>2026-02-24T23:55:41.000Z</time>
        <extensions>
          <ns3:TrackPointExtension>
            <ns3:hr>127</ns3:hr>
            <ns3:cad>92</ns3:cad>
          </ns3:TrackPointExtension>
        </extensions>
      </trkpt>
      <trkpt lat="23.16802469082176685333251953125" lon="113.41697911731898784637451171875">
        <ele>21.3999996185302734375</ele>
        <time>2026-02-24T23:55:42.000Z</time>
        <extensions>
          <ns3:TrackPointExtension>
            <ns3:hr>128</ns3:hr>
            <ns3:cad>92</ns3:cad>
          </ns3:TrackPointExtension>
        </extensions>
      </trkpt>
      <trkpt lat="23.16802921704947948455810546875" lon="113.41695397160947322845458984375">
        <ele>21.200000762939453125</ele>
        <time>2026-02-24T23:55:43.000Z</time>
        <extensions>
          <ns3:TrackPointExtension>
            <ns3:hr>129</ns3:hr>
            <ns3:cad>92</ns3:cad>
          </ns3:TrackPointExtension>
        </extensions>
      </trkpt>
      <trkpt lat="23.16803709603846073150634765625" lon="113.416924886405467987060546875">
        <ele>21</ele>
        <time>2026-02-24T23:55:44.000Z</time>
        <extensions>
          <ns3:TrackPointExtension>
            <ns3:hr>129</ns3:hr>
            <ns3:cad>92</ns3:cad>
          </ns3:TrackPointExtension>
        </extensions>
      </trkpt>
      <trkpt lat="23.16804028116166591644287109375" lon="113.41690083034336566925048828125">
        <ele>21</ele>
        <time>2026-02-24T23:55:45.000Z</time>
        <extensions>
          <ns3:TrackPointExtension>
            <ns3:hr>130</ns3:hr>
            <ns3:cad>93</ns3:cad>
          </ns3:TrackPointExtension>
        </extensions>
      </trkpt>
      <trkpt lat="23.16804497502744197845458984375" lon="113.41686948202550411224365234375">
        <ele>20.799999237060546875</ele>
        <time>2026-02-24T23:55:46.000Z</time>
        <extensions>
          <ns3:TrackPointExtension>
            <ns3:hr>130</ns3:hr>
            <ns3:cad>93</ns3:cad>
          </ns3:TrackPointExtension>
        </extensions>
      </trkpt>
      <trkpt lat="23.16804866306483745574951171875" lon="113.41684098355472087860107421875">
        <ele>20.799999237060546875</ele>
        <time>2026-02-24T23:55:47.000Z</time>
        <extensions>
          <ns3:TrackPointExtension>
            <ns3:hr>130</ns3:hr>
            <ns3:cad>93</ns3:cad>
          </ns3:TrackPointExtension>
        </extensions>
      </trkpt>
      <trkpt lat="23.16805176436901092529296875" lon="113.41681181453168392181396484375">
        <ele>20.799999237060546875</ele>
        <time>2026-02-24T23:55:48.000Z</time>
        <extensions>
          <ns3:TrackPointExtension>
            <ns3:hr>130</ns3:hr>
            <ns3:cad>96</ns3:cad>
          </ns3:TrackPointExtension>
        </extensions>
      </trkpt>
      <trkpt lat="23.16805184818804264068603515625" lon="113.41678013093769550323486328125">
        <ele>20.6000003814697265625</ele>
        <time>2026-02-24T23:55:49.000Z</time>
        <extensions>
          <ns3:TrackPointExtension>
            <ns3:hr>131</ns3:hr>
            <ns3:cad>96</ns3:cad>
          </ns3:TrackPointExtension>
        </extensions>
      </trkpt>
      <trkpt lat="23.16805587150156497955322265625" lon="113.4167543984949588775634765625">
        <ele>20.6000003814697265625</ele>
        <time>2026-02-24T23:55:50.000Z</time>
        <extensions>
          <ns3:TrackPointExtension>
            <ns3:hr>131</ns3:hr>
            <ns3:cad>93</ns3:cad>
          </ns3:TrackPointExtension>
        </extensions>
      </trkpt>
      <trkpt lat="23.16806090064346790313720703125" lon="113.41672598384320735931396484375">
        <ele>20.3999996185302734375</ele>
        <time>2026-02-24T23:55:51.000Z</time>
        <extensions>
          <ns3:TrackPointExtension>
            <ns3:hr>131</ns3:hr>
            <ns3:cad>93</ns3:cad>
          </ns3:TrackPointExtension>
        </extensions>
      </trkpt>
      <trkpt lat="23.16806090064346790313720703125" lon="113.416701257228851318359375">
        <ele>20.3999996185302734375</ele>
        <time>2026-02-24T23:55:52.000Z</time>
        <extensions>
          <ns3:TrackPointExtension>
            <ns3:hr>131</ns3:hr>
            <ns3:cad>92</ns3:cad>
          </ns3:TrackPointExtension>
        </extensions>
      </trkpt>
      <trkpt lat="23.16806442104279994964599609375" lon="113.41666965745389461517333984375">
        <ele>20.200000762939453125</ele>
        <time>2026-02-24T23:55:53.000Z</time>
        <extensions>
          <ns3:TrackPointExtension>
            <ns3:hr>131</ns3:hr>
            <ns3:cad>92</ns3:cad>
          </ns3:TrackPointExtension>
        </extensions>
      </trkpt>
      <trkpt lat="23.1680656783282756805419921875" lon="113.41664551757276058197021484375">
        <ele>20</ele>
        <time>2026-02-24T23:55:54.000Z</time>
        <extensions>
          <ns3:TrackPointExtension>
            <ns3:hr>132</ns3:hr>
            <ns3:cad>92</ns3:cad>
          </ns3:TrackPointExtension>
        </extensions>
      </trkpt>
      <trkpt lat="23.168074227869510650634765625" lon="113.4166129119694232940673828125">
        <ele>20</ele>
        <time>2026-02-24T23:55:55.000Z</time>
        <extensions>
          <ns3:TrackPointExtension>
            <ns3:hr>131</ns3:hr>
            <ns3:cad>94</ns3:cad>
          </ns3:TrackPointExtension>
        </extensions>
      </trkpt>
      <trkpt lat="23.16807682625949382781982421875" lon="113.4165824018418788909912109375">
        <ele>20</ele>
        <time>2026-02-24T23:55:56.000Z</time>
        <extensions>
          <ns3:TrackPointExtension>
            <ns3:hr>131</ns3:hr>
            <ns3:cad>94</ns3:cad>
          </ns3:TrackPointExtension>
        </extensions>
      </trkpt>
      <trkpt lat="23.1680857948958873748779296875" lon="113.416550047695636749267578125">
        <ele>19.799999237060546875</ele>
        <time>2026-02-24T23:55:57.000Z</time>
        <extensions>
          <ns3:TrackPointExtension>
            <ns3:hr>132</ns3:hr>
            <ns3:cad>94</ns3:cad>
          </ns3:TrackPointExtension>
        </extensions>
      </trkpt>
      <trkpt lat="23.1680888123810291290283203125" lon="113.41651962138712406158447265625">
        <ele>19.799999237060546875</ele>
        <time>2026-02-24T23:55:58.000Z</time>
        <extensions>
          <ns3:TrackPointExtension>
            <ns3:hr>131</ns3:hr>
            <ns3:cad>94</ns3:cad>
          </ns3:TrackPointExtension>
        </extensions>
      </trkpt>
      <trkpt lat="23.16809325478971004486083984375" lon="113.4164922125637531280517578125">
        <ele>19.799999237060546875</ele>
        <time>2026-02-24T23:55:59.000Z</time>
        <extensions>
          <ns3:TrackPointExtension>
            <ns3:hr>131</ns3:hr>
            <ns3:cad>92</ns3:cad>
          </ns3:TrackPointExtension>
        </extensions>
      </trkpt>
      <trkpt lat="23.1681008823215961456298828125" lon="113.41645843349397182464599609375">
        <ele>19.6000003814697265625</ele>
        <time>2026-02-24T23:56:00.000Z</time>
        <extensions>
          <ns3:TrackPointExtension>
            <ns3:hr>131</ns3:hr>
            <ns3:cad>92</ns3:cad>
          </ns3:TrackPointExtension>
        </extensions>
      </trkpt>
      <trkpt lat="23.1681018881499767303466796875" lon="113.41643261723220348358154296875">
        <ele>19.3999996185302734375</ele>
        <time>2026-02-24T23:56:01.000Z</time>
        <extensions>
          <ns3:TrackPointExtension>
            <ns3:hr>131</ns3:hr>
            <ns3:cad>92</ns3:cad>
          </ns3:TrackPointExtension>
        </extensions>
      </trkpt>
      <trkpt lat="23.1681106053292751312255859375" lon="113.416396491229534149169921875">
        <ele>19.200000762939453125</ele>
        <time>2026-02-24T23:56:02.000Z</time>
        <extensions>
          <ns3:TrackPointExtension>
            <ns3:hr>131</ns3:hr>
            <ns3:cad>92</ns3:cad>
          </ns3:TrackPointExtension>
        </extensions>
      </trkpt>
      <trkpt lat="23.16811077296733856201171875" lon="113.416373692452907562255859375">
        <ele>19</ele>
        <time>2026-02-24T23:56:03.000Z</time>
        <extensions>
          <ns3:TrackPointExtension>
            <ns3:hr>131</ns3:hr>
            <ns3:cad>92</ns3:cad>
          </ns3:TrackPointExtension>
        </extensions>
      </trkpt>
      <trkpt lat="23.1681152991950511932373046875" lon="113.416342847049236297607421875">
        <ele>18.799999237060546875</ele>
        <time>2026-02-24T23:56:04.000Z</time>
        <extensions>
          <ns3:TrackPointExtension>
            <ns3:hr>130</ns3:hr>
            <ns3:cad>94</ns3:cad>
          </ns3:TrackPointExtension>
        </extensions>
      </trkpt>
      <trkpt lat="23.168119825422763824462890625" lon="113.416320383548736572265625">
        <ele>18.799999237060546875</ele>
        <time>2026-02-24T23:56:05.000Z</time>
        <extensions>
          <ns3:TrackPointExtension>
            <ns3:hr>130</ns3:hr>
            <ns3:cad>93</ns3:cad>
          </ns3:TrackPointExtension>
        </extensions>
      </trkpt>
      <trkpt lat="23.16812510602176189422607421875" lon="113.41629381291568279266357421875">
        <ele>18.799999237060546875</ele>
        <time>2026-02-24T23:56:06.000Z</time>
        <extensions>
          <ns3:TrackPointExtension>
            <ns3:hr>130</ns3:hr>
            <ns3:cad>93</ns3:cad>
          </ns3:TrackPointExtension>
        </extensions>
      </trkpt>
      <trkpt lat="23.1681261956691741943359375" lon="113.41627369634807109832763671875">
        <ele>18.6000003814697265625</ele>
        <time>2026-02-24T23:56:07.000Z</time>
        <extensions>
          <ns3:TrackPointExtension>
            <ns3:hr>130</ns3:hr>
            <ns3:cad>92</ns3:cad>
          </ns3:TrackPointExtension>
        </extensions>
      </trkpt>
      <trkpt lat="23.1681303866207599639892578125" lon="113.41624335385859012603759765625">
        <ele>18.6000003814697265625</ele>
        <time>2026-02-24T23:56:08.000Z</time>
        <extensions>
          <ns3:TrackPointExtension>
            <ns3:hr>130</ns3:hr>
            <ns3:cad>92</ns3:cad>
          </ns3:TrackPointExtension>
        </extensions>
      </trkpt>
      <trkpt lat="23.16813047043979167938232421875" lon="113.41621820814907550811767578125">
        <ele>18.3999996185302734375</ele>
        <time>2026-02-24T23:56:09.000Z</time>
        <extensions>
          <ns3:TrackPointExtension>
            <ns3:hr>130</ns3:hr>
            <ns3:cad>92</ns3:cad>
          </ns3:TrackPointExtension>
        </extensions>
      </trkpt>
      <trkpt lat="23.16813357174396514892578125" lon="113.41618736274540424346923828125">
        <ele>18.3999996185302734375</ele>
        <time>2026-02-24T23:56:10.000Z</time>
        <extensions>
          <ns3:TrackPointExtension>
            <ns3:hr>130</ns3:hr>
            <ns3:cad>92</ns3:cad>
          </ns3:TrackPointExtension>
        </extensions>
      </trkpt>
      <trkpt lat="23.16813491284847259521484375" lon="113.4161612950265407562255859375">
        <ele>18.3999996185302734375</ele>
        <time>2026-02-24T23:56:11.000Z</time>
        <extensions>
          <ns3:TrackPointExtension>
            <ns3:hr>130</ns3:hr>
            <ns3:cad>92</ns3:cad>
          </ns3:TrackPointExtension>
        </extensions>
      </trkpt>
      <trkpt lat="23.1681347452104091644287109375" lon="113.416131623089313507080078125">
        <ele>18.3999996185302734375</ele>
        <time>2026-02-24T23:56:12.000Z</time>
        <extensions>
          <ns3:TrackPointExtension>
            <ns3:hr>129</ns3:hr>
            <ns3:cad>92</ns3:cad>
          </ns3:TrackPointExtension>
        </extensions>
      </trkpt>
      <trkpt lat="23.16813348792493343353271484375" lon="113.416105471551418304443359375">
        <ele>18.3999996185302734375</ele>
        <time>2026-02-24T23:56:13.000Z</time>
        <extensions>
          <ns3:TrackPointExtension>
            <ns3:hr>130</ns3:hr>
            <ns3:cad>92</ns3:cad>
          </ns3:TrackPointExtension>
        </extensions>
      </trkpt>
      <trkpt lat="23.168135248124599456787109375" lon="113.416075967252254486083984375">
        <ele>18.3999996185302734375</ele>
        <time>2026-02-24T23:56:14.000Z</time>
        <extensions>
          <ns3:TrackPointExtension>
            <ns3:hr>130</ns3:hr>
            <ns3:cad>92</ns3:cad>
          </ns3:TrackPointExtension>
        </extensions>
      </trkpt>
      <trkpt lat="23.16813767887651920318603515625" lon="113.41605006717145442962646484375">
        <ele>18.3999996185302734375</ele>
        <time>2026-02-24T23:56:15.000Z</time>
        <extensions>
          <ns3:TrackPointExtension>
            <ns3:hr>130</ns3:hr>
            <ns3:cad>92</ns3:cad>
          </ns3:TrackPointExtension>
        </extensions>
      </trkpt>
      <trkpt lat="23.16814002580940723419189453125" lon="113.41602358035743236541748046875">
        <ele>18.200000762939453125</ele>
        <time>2026-02-24T23:56:16.000Z</time>
        <extensions>
          <ns3:TrackPointExtension>
            <ns3:hr>129</ns3:hr>
            <ns3:cad>93</ns3:cad>
          </ns3:TrackPointExtension>
        </extensions>
      </trkpt>
      <trkpt lat="23.1681422889232635498046875" lon="113.41599457897245883941650390625">
        <ele>18.200000762939453125</ele>
        <time>2026-02-24T23:56:17.000Z</time>
        <extensions>
          <ns3:TrackPointExtension>
            <ns3:hr>130</ns3:hr>
            <ns3:cad>93</ns3:cad>
          </ns3:TrackPointExtension>
        </extensions>
      </trkpt>
      <trkpt lat="23.1681421212852001190185546875" lon="113.41597429476678371429443359375">
        <ele>18</ele>
        <time>2026-02-24T23:56:18.000Z</time>
        <extensions>
          <ns3:TrackPointExtension>
            <ns3:hr>130</ns3:hr>
            <ns3:cad>93</ns3:cad>
          </ns3:TrackPointExtension>
        </extensions>
      </trkpt>
      <trkpt lat="23.16814438439905643463134765625" lon="113.41594344936311244964599609375">
        <ele>18</ele>
        <time>2026-02-24T23:56:19.000Z</time>
        <extensions>
          <ns3:TrackPointExtension>
            <ns3:hr>130</ns3:hr>
            <ns3:cad>93</ns3:cad>
          </ns3:TrackPointExtension>
        </extensions>
      </trkpt>
      <trkpt lat="23.16814488731324672698974609375" lon="113.41592098586261272430419921875">
        <ele>18</ele>
        <time>2026-02-24T23:56:20.000Z</time>
        <extensions>
          <ns3:TrackPointExtension>
            <ns3:hr>129</ns3:hr>
            <ns3:cad>92</ns3:cad>
          </ns3:TrackPointExtension>
        </extensions>
      </trkpt>
      <trkpt lat="23.16814430058002471923828125" lon="113.4158873744308948516845703125">
        <ele>18</ele>
        <time>2026-02-24T23:56:21.000Z</time>
        <extensions>
          <ns3:TrackPointExtension>
            <ns3:hr>130</ns3:hr>
            <ns3:cad>92</ns3:cad>
          </ns3:TrackPointExtension>
        </extensions>
      </trkpt>
      <trkpt lat="23.16814421676099300384521484375" lon="113.41586130671203136444091796875">
        <ele>18</ele>
        <time>2026-02-24T23:56:22.000Z</time>
        <extensions>
          <ns3:TrackPointExtension>
            <ns3:hr>130</ns3:hr>
            <ns3:cad>92</ns3:cad>
          </ns3:TrackPointExtension>
        </extensions>
      </trkpt>
      <trkpt lat="23.1681471504271030426025390625" lon="113.41583096422255039215087890625">
        <ele>18</ele>
        <time>2026-02-24T23:56:23.000Z</time>
        <extensions>
          <ns3:TrackPointExtension>
            <ns3:hr>130</ns3:hr>
            <ns3:cad>92</ns3:cad>
          </ns3:TrackPointExtension>
        </extensions>
      </trkpt>
      <trkpt lat="23.16815008409321308135986328125" lon="113.41580472886562347412109375">
        <ele>17.799999237060546875</ele>
        <time>2026-02-24T23:56:24.000Z</time>
        <extensions>
          <ns3:TrackPointExtension>
            <ns3:hr>129</ns3:hr>
            <ns3:cad>92</ns3:cad>
          </ns3:TrackPointExtension>
        </extensions>
      </trkpt>
      <trkpt lat="23.16815159283578395843505859375" lon="113.415778577327728271484375">
        <ele>17.799999237060546875</ele>
        <time>2026-02-24T23:56:25.000Z</time>
        <extensions>
          <ns3:TrackPointExtension>
            <ns3:hr>130</ns3:hr>
            <ns3:cad>92</ns3:cad>
          </ns3:TrackPointExtension>
        </extensions>
      </trkpt>
      <trkpt lat="23.16815410740673542022705078125" lon="113.41575108468532562255859375">
        <ele>17.6000003814697265625</ele>
        <time>2026-02-24T23:56:26.000Z</time>
        <extensions>
          <ns3:TrackPointExtension>
            <ns3:hr>130</ns3:hr>
            <ns3:cad>92</ns3:cad>
          </ns3:TrackPointExtension>
        </extensions>
      </trkpt>
      <trkpt lat="23.16815796308219432830810546875" lon="113.41572694480419158935546875">
        <ele>17.6000003814697265625</ele>
        <time>2026-02-24T23:56:27.000Z</time>
        <extensions>
          <ns3:TrackPointExtension>
            <ns3:hr>129</ns3:hr>
            <ns3:cad>94</ns3:cad>
          </ns3:TrackPointExtension>
        </extensions>
      </trkpt>
      <trkpt lat="23.1681629084050655364990234375" lon="113.4156989492475986480712890625">
        <ele>17.3999996185302734375</ele>
        <time>2026-02-24T23:56:28.000Z</time>
        <extensions>
          <ns3:TrackPointExtension>
            <ns3:hr>129</ns3:hr>
            <ns3:cad>93</ns3:cad>
          </ns3:TrackPointExtension>
        </extensions>
      </trkpt>
      <trkpt lat="23.16816684789955615997314453125" lon="113.41567472554743289947509765625">
        <ele>17.6000003814697265625</ele>
        <time>2026-02-24T23:56:29.000Z</time>
        <extensions>
          <ns3:TrackPointExtension>
            <ns3:hr>129</ns3:hr>
            <ns3:cad>94</ns3:cad>
          </ns3:TrackPointExtension>
        </extensions>
      </trkpt>
      <trkpt lat="23.168171457946300506591796875" lon="113.415646143257617950439453125">
        <ele>17.3999996185302734375</ele>
        <time>2026-02-24T23:56:30.000Z</time>
        <extensions>
          <ns3:TrackPointExtension>
            <ns3:hr>130</ns3:hr>
            <ns3:cad>93</ns3:cad>
          </ns3:TrackPointExtension>
        </extensions>
      </trkpt>
      <trkpt lat="23.1681743077933788299560546875" lon="113.41562141664326190948486328125">
        <ele>17.3999996185302734375</ele>
        <time>2026-02-24T23:56:31.000Z</time>
        <extensions>
          <ns3:TrackPointExtension>
            <ns3:hr>129</ns3:hr>
            <ns3:cad>93</ns3:cad>
          </ns3:TrackPointExtension>
        </extensions>
      </trkpt>
      <trkpt lat="23.16817858256399631500244140625" lon="113.4155913256108760833740234375">
        <ele>17.3999996185302734375</ele>
        <time>2026-02-24T23:56:32.000Z</time>
        <extensions>
          <ns3:TrackPointExtension>
            <ns3:hr>129</ns3:hr>
            <ns3:cad>91</ns3:cad>
          </ns3:TrackPointExtension>
        </extensions>
      </trkpt>
      <trkpt lat="23.168178834021091461181640625" lon="113.41556760482490062713623046875">
        <ele>17.3999996185302734375</ele>
        <time>2026-02-24T23:56:33.000Z</time>
        <extensions>
          <ns3:TrackPointExtension>
            <ns3:hr>130</ns3:hr>
            <ns3:cad>91</ns3:cad>
          </ns3:TrackPointExtension>
        </extensions>
      </trkpt>
      <trkpt lat="23.16818377934396266937255859375" lon="113.41553994454443454742431640625">
        <ele>17.200000762939453125</ele>
        <time>2026-02-24T23:56:34.000Z</time>
        <extensions>
          <ns3:TrackPointExtension>
            <ns3:hr>129</ns3:hr>
            <ns3:cad>91</ns3:cad>
          </ns3:TrackPointExtension>
        </extensions>
      </trkpt>
      <trkpt lat="23.1681860424578189849853515625" lon="113.415514715015888214111328125">
        <ele>17.200000762939453125</ele>
        <time>2026-02-24T23:56:35.000Z</time>
        <extensions>
          <ns3:TrackPointExtension>
            <ns3:hr>129</ns3:hr>
            <ns3:cad>91</ns3:cad>
          </ns3:TrackPointExtension>
        </extensions>
      </trkpt>
      <trkpt lat="23.168187551200389862060546875" lon="113.41548864729702472686767578125">
        <ele>17.200000762939453125</ele>
        <time>2026-02-24T23:56:36.000Z</time>
        <extensions>
          <ns3:TrackPointExtension>
            <ns3:hr>128</ns3:hr>
            <ns3:cad>94</ns3:cad>
          </ns3:TrackPointExtension>
        </extensions>
      </trkpt>
      <trkpt lat="23.16819132305681705474853515625" lon="113.4154552035033702850341796875">
        <ele>17</ele>
        <time>2026-02-24T23:56:37.000Z</time>
        <extensions>
          <ns3:TrackPointExtension>
            <ns3:hr>129</ns3:hr>
            <ns3:cad>94</ns3:cad>
          </ns3:TrackPointExtension>
        </extensions>
      </trkpt>
      <trkpt lat="23.16819299943745136260986328125" lon="113.41542385518550872802734375">
        <ele>17</ele>
        <time>2026-02-24T23:56:38.000Z</time>
        <extensions>
          <ns3:TrackPointExtension>
            <ns3:hr>129</ns3:hr>
            <ns3:cad>94</ns3:cad>
          </ns3:TrackPointExtension>
        </extensions>
      </trkpt>
      <trkpt lat="23.1681971065700054168701171875" lon="113.41538890264928340911865234375">
        <ele>16.799999237060546875</ele>
        <time>2026-02-24T23:56:39.000Z</time>
        <extensions>
          <ns3:TrackPointExtension>
            <ns3:hr>129</ns3:hr>
            <ns3:cad>93</ns3:cad>
          </ns3:TrackPointExtension>
        </extensions>
      </trkpt>
      <trkpt lat="23.16819886676967144012451171875" lon="113.4153561294078826904296875">
        <ele>16.799999237060546875</ele>
        <time>2026-02-24T23:56:40.000Z</time>
        <extensions>
          <ns3:TrackPointExtension>
            <ns3:hr>129</ns3:hr>
            <ns3:cad>93</ns3:cad>
          </ns3:TrackPointExtension>
        </extensions>
      </trkpt>
      <trkpt lat="23.1682054884731769561767578125" lon="113.4153217636048793792724609375">
        <ele>16.799999237060546875</ele>
        <time>2026-02-24T23:56:41.000Z</time>
        <extensions>
          <ns3:TrackPointExtension>
            <ns3:hr>129</ns3:hr>
            <ns3:cad>94</ns3:cad>
          </ns3:TrackPointExtension>
        </extensions>
      </trkpt>
      <trkpt lat="23.168208338320255279541015625" lon="113.4152912534773349761962890625">
        <ele>16.6000003814697265625</ele>
        <time>2026-02-24T23:56:42.000Z</time>
        <extensions>
          <ns3:TrackPointExtension>
            <ns3:hr>130</ns3:hr>
            <ns3:cad>95</ns3:cad>
          </ns3:TrackPointExtension>
        </extensions>
      </trkpt>
      <trkpt lat="23.1682125292718410491943359375" lon="113.41526166535913944244384765625">
        <ele>16.6000003814697265625</ele>
        <time>2026-02-24T23:56:43.000Z</time>
        <extensions>
          <ns3:TrackPointExtension>
            <ns3:hr>129</ns3:hr>
            <ns3:cad>95</ns3:cad>
          </ns3:TrackPointExtension>
        </extensions>
      </trkpt>
      <trkpt lat="23.1682195700705051422119140625" lon="113.415226042270660400390625">
        <ele>16.6000003814697265625</ele>
        <time>2026-02-24T23:56:44.000Z</time>
        <extensions>
          <ns3:TrackPointExtension>
            <ns3:hr>129</ns3:hr>
            <ns3:cad>95</ns3:cad>
          </ns3:TrackPointExtension>
        </extensions>
      </trkpt>
      <trkpt lat="23.1682227551937103271484375" lon="113.4152054227888584136962890625">
        <ele>16.6000003814697265625</ele>
        <time>2026-02-24T23:56:45.000Z</time>
        <extensions>
          <ns3:TrackPointExtension>
            <ns3:hr>130</ns3:hr>
            <ns3:cad>94</ns3:cad>
          </ns3:TrackPointExtension>
        </extensions>
      </trkpt>
      <trkpt lat="23.1682336516678333282470703125" lon="113.4151749126613140106201171875">
        <ele>16.6000003814697265625</ele>
        <time>2026-02-24T23:56:46.000Z</time>
        <extensions>
          <ns3:TrackPointExtension>
            <ns3:hr>129</ns3:hr>
            <ns3:cad>94</ns3:cad>
          </ns3:TrackPointExtension>
        </extensions>
      </trkpt>
      <trkpt lat="23.16823373548686504364013671875" lon="113.41515119187533855438232421875">
        <ele>16.6000003814697265625</ele>
        <time>2026-02-24T23:56:47.000Z</time>
        <extensions>
          <ns3:TrackPointExtension>
            <ns3:hr>129</ns3:hr>
            <ns3:cad>94</ns3:cad>
          </ns3:TrackPointExtension>
        </extensions>
      </trkpt>
      <trkpt lat="23.1682366691529750823974609375" lon="113.4151182509958744049072265625">
        <ele>16.6000003814697265625</ele>
        <time>2026-02-24T23:56:48.000Z</time>
        <extensions>
          <ns3:TrackPointExtension>
            <ns3:hr>129</ns3:hr>
            <ns3:cad>93</ns3:cad>
          </ns3:TrackPointExtension>
        </extensions>
      </trkpt>
      <trkpt lat="23.168237507343292236328125" lon="113.4150907583534717559814453125">
        <ele>16.3999996185302734375</ele>
        <time>2026-02-24T23:56:49.000Z</time>
        <extensions>
          <ns3:TrackPointExtension>
            <ns3:hr>129</ns3:hr>
            <ns3:cad>95</ns3:cad>
          </ns3:TrackPointExtension>
        </extensions>
      </trkpt>
      <trkpt lat="23.1682393513619899749755859375" lon="113.41506301425397396087646484375">
        <ele>16.3999996185302734375</ele>
        <time>2026-02-24T23:56:50.000Z</time>
        <extensions>
          <ns3:TrackPointExtension>
            <ns3:hr>129</ns3:hr>
            <ns3:cad>95</ns3:cad>
          </ns3:TrackPointExtension>
        </extensions>
      </trkpt>
      <trkpt lat="23.16824086010456085205078125" lon="113.41503686271607875823974609375">
        <ele>16.3999996185302734375</ele>
        <time>2026-02-24T23:56:51.000Z</time>
        <extensions>
          <ns3:TrackPointExtension>
            <ns3:hr>128</ns3:hr>
            <ns3:cad>95</ns3:cad>
          </ns3:TrackPointExtension>
        </extensions>
      </trkpt>
      <trkpt lat="23.1682413630187511444091796875" lon="113.4150139801204204559326171875">
        <ele>16.3999996185302734375</ele>
        <time>2026-02-24T23:56:52.000Z</time>
        <extensions>
          <ns3:TrackPointExtension>
            <ns3:hr>128</ns3:hr>
            <ns3:cad>94</ns3:cad>
          </ns3:TrackPointExtension>
        </extensions>
      </trkpt>
      <trkpt lat="23.1682463921606540679931640625" lon="113.4149854816496372222900390625">
        <ele>16.3999996185302734375</ele>
        <time>2026-02-24T23:56:53.000Z</time>
        <extensions>
          <ns3:TrackPointExtension>
            <ns3:hr>128</ns3:hr>
            <ns3:cad>95</ns3:cad>
          </ns3:TrackPointExtension>
        </extensions>
      </trkpt>
      <trkpt lat="23.16824563778936862945556640625" lon="113.41496092267334461212158203125">
        <ele>16.200000762939453125</ele>
        <time>2026-02-24T23:56:54.000Z</time>
        <extensions>
          <ns3:TrackPointExtension>
            <ns3:hr>129</ns3:hr>
            <ns3:cad>95</ns3:cad>
          </ns3:TrackPointExtension>
        </extensions>
      </trkpt>
      <trkpt lat="23.16824865527451038360595703125" lon="113.41493510641157627105712890625">
        <ele>16.200000762939453125</ele>
        <time>2026-02-24T23:56:55.000Z</time>
        <extensions>
          <ns3:TrackPointExtension>
            <ns3:hr>128</ns3:hr>
            <ns3:cad>95</ns3:cad>
          </ns3:TrackPointExtension>
        </extensions>
      </trkpt>
      <trkpt lat="23.1682477332651615142822265625" lon="113.4149055182933807373046875">
        <ele>16.200000762939453125</ele>
        <time>2026-02-24T23:56:56.000Z</time>
        <extensions>
          <ns3:TrackPointExtension>
            <ns3:hr>129</ns3:hr>
            <ns3:cad>95</ns3:cad>
          </ns3:TrackPointExtension>
        </extensions>
      </trkpt>
      <trkpt lat="23.16825100220739841461181640625" lon="113.41488129459321498870849609375">
        <ele>16</ele>
        <time>2026-02-24T23:56:57.000Z</time>
        <extensions>
          <ns3:TrackPointExtension>
            <ns3:hr>129</ns3:hr>
            <ns3:cad>95</ns3:cad>
          </ns3:TrackPointExtension>
        </extensions>
      </trkpt>
      <trkpt lat="23.1682608090341091156005859375" lon="113.4148486889898777008056640625">
        <ele>16</ele>
        <time>2026-02-24T23:56:58.000Z</time>
        <extensions>
          <ns3:TrackPointExtension>
            <ns3:hr>129</ns3:hr>
            <ns3:cad>95</ns3:cad>
          </ns3:TrackPointExtension>
        </extensions>
      </trkpt>
      <trkpt lat="23.16826240159571170806884765625" lon="113.414823375642299652099609375">
        <ele>16</ele>
        <time>2026-02-24T23:56:59.000Z</time>
        <extensions>
          <ns3:TrackPointExtension>
            <ns3:hr>129</ns3:hr>
            <ns3:cad>94</ns3:cad>
          </ns3:TrackPointExtension>
        </extensions>
      </trkpt>
      <trkpt lat="23.1682688556611537933349609375" lon="113.41479412280023097991943359375">
        <ele>16</ele>
        <time>2026-02-24T23:57:00.000Z</time>
        <extensions>
          <ns3:TrackPointExtension>
            <ns3:hr>129</ns3:hr>
            <ns3:cad>94</ns3:cad>
          </ns3:TrackPointExtension>
        </extensions>
      </trkpt>
      <trkpt lat="23.1682701967656612396240234375" lon="113.414771743118762969970703125">
        <ele>16</ele>
        <time>2026-02-24T23:57:01.000Z</time>
        <extensions>
          <ns3:TrackPointExtension>
            <ns3:hr>129</ns3:hr>
            <ns3:cad>94</ns3:cad>
          </ns3:TrackPointExtension>
        </extensions>
      </trkpt>
      <trkpt lat="23.16827899776399135589599609375" lon="113.4147387184202671051025390625">
        <ele>15.80000019073486328125</ele>
        <time>2026-02-24T23:57:02.000Z</time>
        <extensions>
          <ns3:TrackPointExtension>
            <ns3:hr>129</ns3:hr>
            <ns3:cad>94</ns3:cad>
          </ns3:TrackPointExtension>
        </extensions>
      </trkpt>
      <trkpt lat="23.1682802550494670867919921875" lon="113.4147162549197673797607421875">
        <ele>15.80000019073486328125</ele>
        <time>2026-02-24T23:57:03.000Z</time>
        <extensions>
          <ns3:TrackPointExtension>
            <ns3:hr>129</ns3:hr>
            <ns3:cad>94</ns3:cad>
          </ns3:TrackPointExtension>
        </extensions>
      </trkpt>
      <trkpt lat="23.16828654147684574127197265625" lon="113.4146870858967304229736328125">
        <ele>15.80000019073486328125</ele>
        <time>2026-02-24T23:57:04.000Z</time>
        <extensions>
          <ns3:TrackPointExtension>
            <ns3:hr>130</ns3:hr>
            <ns3:cad>94</ns3:cad>
          </ns3:TrackPointExtension>
        </extensions>
      </trkpt>
      <trkpt lat="23.16828821785748004913330078125" lon="113.41466009616851806640625">
        <ele>15.80000019073486328125</ele>
        <time>2026-02-24T23:57:05.000Z</time>
        <extensions>
          <ns3:TrackPointExtension>
            <ns3:hr>129</ns3:hr>
            <ns3:cad>93</ns3:cad>
          </ns3:TrackPointExtension>
        </extensions>
      </trkpt>
      <trkpt lat="23.16829039715230464935302734375" lon="113.4146334417164325714111328125">
        <ele>15.80000019073486328125</ele>
        <time>2026-02-24T23:57:06.000Z</time>
        <extensions>
          <ns3:TrackPointExtension>
            <ns3:hr>129</ns3:hr>
            <ns3:cad>93</ns3:cad>
          </ns3:TrackPointExtension>
        </extensions>
      </trkpt>
      <trkpt lat="23.1682946719229221343994140625" lon="113.414603769779205322265625">
        <ele>15.6000003814697265625</ele>
        <time>2026-02-24T23:57:07.000Z</time>
        <extensions>
          <ns3:TrackPointExtension>
            <ns3:hr>129</ns3:hr>
            <ns3:cad>92</ns3:cad>
          </ns3:TrackPointExtension>
        </extensions>
      </trkpt>
      <trkpt lat="23.168296851217746734619140625" lon="113.41457904316484928131103515625">
        <ele>15.6000003814697265625</ele>
        <time>2026-02-24T23:57:08.000Z</time>
        <extensions>
          <ns3:TrackPointExtension>
            <ns3:hr>129</ns3:hr>
            <ns3:cad>92</ns3:cad>
          </ns3:TrackPointExtension>
        </extensions>
      </trkpt>
      <trkpt lat="23.16830213181674480438232421875" lon="113.4145449288189411163330078125">
        <ele>15.6000003814697265625</ele>
        <time>2026-02-24T23:57:09.000Z</time>
        <extensions>
          <ns3:TrackPointExtension>
            <ns3:hr>128</ns3:hr>
            <ns3:cad>92</ns3:cad>
          </ns3:TrackPointExtension>
        </extensions>
      </trkpt>
      <trkpt lat="23.16830481402575969696044921875" lon="113.41452129185199737548828125">
        <ele>15.6000003814697265625</ele>
        <time>2026-02-24T23:57:10.000Z</time>
        <extensions>
          <ns3:TrackPointExtension>
            <ns3:hr>128</ns3:hr>
            <ns3:cad>92</ns3:cad>
          </ns3:TrackPointExtension>
        </extensions>
      </trkpt>
      <trkpt lat="23.16831059753894805908203125" lon="113.4144897758960723876953125">
        <ele>15.6000003814697265625</ele>
        <time>2026-02-24T23:57:11.000Z</time>
        <extensions>
          <ns3:TrackPointExtension>
            <ns3:hr>128</ns3:hr>
            <ns3:cad>94</ns3:cad>
          </ns3:TrackPointExtension>
        </extensions>
      </trkpt>
      <trkpt lat="23.16831084899604320526123046875" lon="113.41446387581527233123779296875">
        <ele>15.6000003814697265625</ele>
        <time>2026-02-24T23:57:12.000Z</time>
        <extensions>
          <ns3:TrackPointExtension>
            <ns3:hr>128</ns3:hr>
            <ns3:cad>95</ns3:cad>
          </ns3:TrackPointExtension>
        </extensions>
      </trkpt>
      <trkpt lat="23.168314956128597259521484375" lon="113.4144366346299648284912109375">
        <ele>15.6000003814697265625</ele>
        <time>2026-02-24T23:57:13.000Z</time>
        <extensions>
          <ns3:TrackPointExtension>
            <ns3:hr>128</ns3:hr>
            <ns3:cad>95</ns3:cad>
          </ns3:TrackPointExtension>
        </extensions>
      </trkpt>
      <trkpt lat="23.16832065582275390625" lon="113.4144044481217861175537109375">
        <ele>15.6000003814697265625</ele>
        <time>2026-02-24T23:57:14.000Z</time>
        <extensions>
          <ns3:TrackPointExtension>
            <ns3:hr>128</ns3:hr>
            <ns3:cad>94</ns3:cad>
          </ns3:TrackPointExtension>
        </extensions>
      </trkpt>
      <trkpt lat="23.16832308657467365264892578125" lon="113.4143732674419879913330078125">
        <ele>15.3999996185302734375</ele>
        <time>2026-02-24T23:57:15.000Z</time>
        <extensions>
          <ns3:TrackPointExtension>
            <ns3:hr>128</ns3:hr>
            <ns3:cad>94</ns3:cad>
          </ns3:TrackPointExtension>
        </extensions>
      </trkpt>
      <trkpt lat="23.16832224838435649871826171875" lon="113.4143424220383167266845703125">
        <ele>15.3999996185302734375</ele>
        <time>2026-02-24T23:57:16.000Z</time>
        <extensions>
          <ns3:TrackPointExtension>
            <ns3:hr>128</ns3:hr>
            <ns3:cad>95</ns3:cad>
          </ns3:TrackPointExtension>
        </extensions>
      </trkpt>
      <trkpt lat="23.1683204881846904754638671875" lon="113.41431853361427783966064453125">
        <ele>15.3999996185302734375</ele>
        <time>2026-02-24T23:57:17.000Z</time>
        <extensions>
          <ns3:TrackPointExtension>
            <ns3:hr>127</ns3:hr>
            <ns3:cad>95</ns3:cad>
          </ns3:TrackPointExtension>
        </extensions>
      </trkpt>
      <trkpt lat="23.16832208074629306793212890625" lon="113.414287269115447998046875">
        <ele>15.19999980926513671875</ele>
        <time>2026-02-24T23:57:18.000Z</time>
        <extensions>
          <ns3:TrackPointExtension>
            <ns3:hr>127</ns3:hr>
            <ns3:cad>95</ns3:cad>
          </ns3:TrackPointExtension>
        </extensions>
      </trkpt>
      <trkpt lat="23.168316297233104705810546875" lon="113.4142619557678699493408203125">
        <ele>15.19999980926513671875</ele>
        <time>2026-02-24T23:57:19.000Z</time>
        <extensions>
          <ns3:TrackPointExtension>
            <ns3:hr>127</ns3:hr>
            <ns3:cad>95</ns3:cad>
          </ns3:TrackPointExtension>
        </extensions>
      </trkpt>
      <trkpt lat="23.16831059753894805908203125" lon="113.41423169709742069244384765625">
        <ele>15.19999980926513671875</ele>
        <time>2026-02-24T23:57:20.000Z</time>
        <extensions>
          <ns3:TrackPointExtension>
            <ns3:hr>127</ns3:hr>
            <ns3:cad>95</ns3:cad>
          </ns3:TrackPointExtension>
        </extensions>
      </trkpt>
      <trkpt lat="23.1683010421693325042724609375" lon="113.4142130054533481597900390625">
        <ele>15</ele>
        <time>2026-02-24T23:57:21.000Z</time>
        <extensions>
          <ns3:TrackPointExtension>
            <ns3:hr>127</ns3:hr>
            <ns3:cad>92</ns3:cad>
          </ns3:TrackPointExtension>
        </extensions>
      </trkpt>
      <trkpt lat="23.16829090006649494171142578125" lon="113.4141865186393260955810546875">
        <ele>15</ele>
        <time>2026-02-24T23:57:22.000Z</time>
        <extensions>
          <ns3:TrackPointExtension>
            <ns3:hr>127</ns3:hr>
            <ns3:cad>92</ns3:cad>
          </ns3:TrackPointExtension>
        </extensions>
      </trkpt>
      <trkpt lat="23.16828067414462566375732421875" lon="113.41416656970977783203125">
        <ele>15</ele>
        <time>2026-02-24T23:57:23.000Z</time>
        <extensions>
          <ns3:TrackPointExtension>
            <ns3:hr>127</ns3:hr>
            <ns3:cad>94</ns3:cad>
          </ns3:TrackPointExtension>
        </extensions>
      </trkpt>
      <trkpt lat="23.1682772375643253326416015625" lon="113.414138741791248321533203125">
        <ele>14.80000019073486328125</ele>
        <time>2026-02-24T23:57:24.000Z</time>
        <extensions>
          <ns3:TrackPointExtension>
            <ns3:hr>127</ns3:hr>
            <ns3:cad>94</ns3:cad>
          </ns3:TrackPointExtension>
        </extensions>
      </trkpt>
      <trkpt lat="23.168269693851470947265625" lon="113.41412005014717578887939453125">
        <ele>14.6000003814697265625</ele>
        <time>2026-02-24T23:57:25.000Z</time>
        <extensions>
          <ns3:TrackPointExtension>
            <ns3:hr>126</ns3:hr>
            <ns3:cad>93</ns3:cad>
          </ns3:TrackPointExtension>
        </extensions>
      </trkpt>
      <trkpt lat="23.168268017470836639404296875" lon="113.41409825719892978668212890625">
        <ele>14.6000003814697265625</ele>
        <time>2026-02-24T23:57:26.000Z</time>
        <extensions>
          <ns3:TrackPointExtension>
            <ns3:hr>126</ns3:hr>
            <ns3:cad>93</ns3:cad>
          </ns3:TrackPointExtension>
        </extensions>
      </trkpt>
      <trkpt lat="23.16826089285314083099365234375" lon="113.414078392088413238525390625">
        <ele>14.3999996185302734375</ele>
        <time>2026-02-24T23:57:27.000Z</time>
        <extensions>
          <ns3:TrackPointExtension>
            <ns3:hr>126</ns3:hr>
            <ns3:cad>91</ns3:cad>
          </ns3:TrackPointExtension>
        </extensions>
      </trkpt>
      <trkpt lat="23.168256282806396484375" lon="113.4140530787408351898193359375">
        <ele>14.19999980926513671875</ele>
        <time>2026-02-24T23:57:28.000Z</time>
        <extensions>
          <ns3:TrackPointExtension>
            <ns3:hr>126</ns3:hr>
            <ns3:cad>89</ns3:cad>
          </ns3:TrackPointExtension>
        </extensions>
      </trkpt>
      <trkpt lat="23.16825066693127155303955078125" lon="113.414033465087413787841796875">
        <ele>14.19999980926513671875</ele>
        <time>2026-02-24T23:57:29.000Z</time>
        <extensions>
          <ns3:TrackPointExtension>
            <ns3:hr>126</ns3:hr>
            <ns3:cad>89</ns3:cad>
          </ns3:TrackPointExtension>
        </extensions>
      </trkpt>
      <trkpt lat="23.16824949346482753753662109375" lon="113.41400052420794963836669921875">
        <ele>14</ele>
        <time>2026-02-24T23:57:30.000Z</time>
        <extensions>
          <ns3:TrackPointExtension>
            <ns3:hr>126</ns3:hr>
            <ns3:cad>88</ns3:cad>
          </ns3:TrackPointExtension>
        </extensions>
      </trkpt>
      <trkpt lat="23.16824479959905147552490234375" lon="113.413976468145847320556640625">
        <ele>14</ele>
        <time>2026-02-24T23:57:31.000Z</time>
        <extensions>
          <ns3:TrackPointExtension>
            <ns3:hr>126</ns3:hr>
            <ns3:cad>87</ns3:cad>
          </ns3:TrackPointExtension>
        </extensions>
      </trkpt>
      <trkpt lat="23.16825016401708126068115234375" lon="113.41394553892314434051513671875">
        <ele>14</ele>
        <time>2026-02-24T23:57:32.000Z</time>
        <extensions>
          <ns3:TrackPointExtension>
            <ns3:hr>126</ns3:hr>
            <ns3:cad>88</ns3:cad>
          </ns3:TrackPointExtension>
        </extensions>
      </trkpt>
      <trkpt lat="23.1682477332651615142822265625" lon="113.41392173431813716888427734375">
        <ele>14</ele>
        <time>2026-02-24T23:57:33.000Z</time>
        <extensions>
          <ns3:TrackPointExtension>
            <ns3:hr>127</ns3:hr>
            <ns3:cad>88</ns3:cad>
          </ns3:TrackPointExtension>
        </extensions>
      </trkpt>
      <trkpt lat="23.16825502552092075347900390625" lon="113.41389642097055912017822265625">
        <ele>14</ele>
        <time>2026-02-24T23:57:34.000Z</time>
        <extensions>
          <ns3:TrackPointExtension>
            <ns3:hr>127</ns3:hr>
            <ns3:cad>88</ns3:cad>
          </ns3:TrackPointExtension>
        </extensions>
      </trkpt>
      <trkpt lat="23.1682670116424560546875" lon="113.41387932188808917999267578125">
        <ele>14</ele>
        <time>2026-02-24T23:57:35.000Z</time>
        <extensions>
          <ns3:TrackPointExtension>
            <ns3:hr>127</ns3:hr>
            <ns3:cad>88</ns3:cad>
          </ns3:TrackPointExtension>
        </extensions>
      </trkpt>
      <trkpt lat="23.16828570328652858734130859375" lon="113.4138589538633823394775390625">
        <ele>14</ele>
        <time>2026-02-24T23:57:36.000Z</time>
        <extensions>
          <ns3:TrackPointExtension>
            <ns3:hr>126</ns3:hr>
            <ns3:cad>90</ns3:cad>
          </ns3:TrackPointExtension>
        </extensions>
      </trkpt>
      <trkpt lat="23.16830297000706195831298828125" lon="113.413839675486087799072265625">
        <ele>14</ele>
        <time>2026-02-24T23:57:37.000Z</time>
        <extensions>
          <ns3:TrackPointExtension>
            <ns3:hr>126</ns3:hr>
            <ns3:cad>90</ns3:cad>
          </ns3:TrackPointExtension>
        </extensions>
      </trkpt>
      <trkpt lat="23.16831688396632671356201171875" lon="113.41381930746138095855712890625">
        <ele>14</ele>
        <time>2026-02-24T23:57:38.000Z</time>
        <extensions>
          <ns3:TrackPointExtension>
            <ns3:hr>126</ns3:hr>
            <ns3:cad>90</ns3:cad>
          </ns3:TrackPointExtension>
        </extensions>
      </trkpt>
      <trkpt lat="23.16832576878368854522705078125" lon="113.41379642486572265625">
        <ele>14</ele>
        <time>2026-02-24T23:57:39.000Z</time>
        <extensions>
          <ns3:TrackPointExtension>
            <ns3:hr>127</ns3:hr>
            <ns3:cad>90</ns3:cad>
          </ns3:TrackPointExtension>
        </extensions>
      </trkpt>
      <trkpt lat="23.16834035329520702362060546875" lon="113.4137697704136371612548828125">
        <ele>13.80000019073486328125</ele>
        <time>2026-02-24T23:57:40.000Z</time>
        <extensions>
          <ns3:TrackPointExtension>
            <ns3:hr>126</ns3:hr>
            <ns3:cad>90</ns3:cad>
          </ns3:TrackPointExtension>
        </extensions>
      </trkpt>
      <trkpt lat="23.168354518711566925048828125" lon="113.41374437324702739715576171875">
        <ele>13.80000019073486328125</ele>
        <time>2026-02-24T23:57:41.000Z</time>
        <extensions>
          <ns3:TrackPointExtension>
            <ns3:hr>126</ns3:hr>
            <ns3:cad>90</ns3:cad>
          </ns3:TrackPointExtension>
        </extensions>
      </trkpt>
      <trkpt lat="23.168365247547626495361328125" lon="113.41371587477624416351318359375">
        <ele>13.6000003814697265625</ele>
        <time>2026-02-24T23:57:42.000Z</time>
        <extensions>
          <ns3:TrackPointExtension>
            <ns3:hr>127</ns3:hr>
            <ns3:cad>90</ns3:cad>
          </ns3:TrackPointExtension>
        </extensions>
      </trkpt>
      <trkpt lat="23.168368600308895111083984375" lon="113.4136906452476978302001953125">
        <ele>13.6000003814697265625</ele>
        <time>2026-02-24T23:57:43.000Z</time>
        <extensions>
          <ns3:TrackPointExtension>
            <ns3:hr>126</ns3:hr>
            <ns3:cad>90</ns3:cad>
          </ns3:TrackPointExtension>
        </extensions>
      </trkpt>
      <trkpt lat="23.16837555728852748870849609375" lon="113.4136618115007877349853515625">
        <ele>13.6000003814697265625</ele>
        <time>2026-02-24T23:57:44.000Z</time>
        <extensions>
          <ns3:TrackPointExtension>
            <ns3:hr>126</ns3:hr>
            <ns3:cad>90</ns3:cad>
          </ns3:TrackPointExtension>
        </extensions>
      </trkpt>
      <trkpt lat="23.168382011353969573974609375" lon="113.41363406740128993988037109375">
        <ele>13.3999996185302734375</ele>
        <time>2026-02-24T23:57:45.000Z</time>
        <extensions>
          <ns3:TrackPointExtension>
            <ns3:hr>127</ns3:hr>
            <ns3:cad>90</ns3:cad>
          </ns3:TrackPointExtension>
        </extensions>
      </trkpt>
      <trkpt lat="23.16838695667684078216552734375" lon="113.41360573656857013702392578125">
        <ele>13.3999996185302734375</ele>
        <time>2026-02-24T23:57:46.000Z</time>
        <extensions>
          <ns3:TrackPointExtension>
            <ns3:hr>126</ns3:hr>
            <ns3:cad>90</ns3:cad>
          </ns3:TrackPointExtension>
        </extensions>
      </trkpt>
      <trkpt lat="23.168387375771999359130859375" lon="113.4135806746780872344970703125">
        <ele>13.19999980926513671875</ele>
        <time>2026-02-24T23:57:47.000Z</time>
        <extensions>
          <ns3:TrackPointExtension>
            <ns3:hr>126</ns3:hr>
            <ns3:cad>90</ns3:cad>
          </ns3:TrackPointExtension>
        </extensions>
      </trkpt>
      <trkpt lat="23.16838980652391910552978515625" lon="113.4135511703789234161376953125">
        <ele>13.19999980926513671875</ele>
        <time>2026-02-24T23:57:48.000Z</time>
        <extensions>
          <ns3:TrackPointExtension>
            <ns3:hr>127</ns3:hr>
            <ns3:cad>90</ns3:cad>
          </ns3:TrackPointExtension>
        </extensions>
      </trkpt>
      <trkpt lat="23.1683892197906970977783203125" lon="113.41352744959294795989990234375">
        <ele>13.19999980926513671875</ele>
        <time>2026-02-24T23:57:49.000Z</time>
        <extensions>
          <ns3:TrackPointExtension>
            <ns3:hr>126</ns3:hr>
            <ns3:cad>89</ns3:cad>
          </ns3:TrackPointExtension>
        </extensions>
      </trkpt>
      <trkpt lat="23.16838779486715793609619140625" lon="113.41349710710346698760986328125">
        <ele>13.19999980926513671875</ele>
        <time>2026-02-24T23:57:50.000Z</time>
        <extensions>
          <ns3:TrackPointExtension>
            <ns3:hr>126</ns3:hr>
            <ns3:cad>89</ns3:cad>
          </ns3:TrackPointExtension>
        </extensions>
      </trkpt>
      <trkpt lat="23.168388716876506805419921875" lon="113.41347212903201580047607421875">
        <ele>13.19999980926513671875</ele>
        <time>2026-02-24T23:57:51.000Z</time>
        <extensions>
          <ns3:TrackPointExtension>
            <ns3:hr>127</ns3:hr>
            <ns3:cad>89</ns3:cad>
          </ns3:TrackPointExtension>
        </extensions>
      </trkpt>
      <trkpt lat="23.168388716876506805419921875" lon="113.41344438493251800537109375">
        <ele>13.19999980926513671875</ele>
        <time>2026-02-24T23:57:52.000Z</time>
        <extensions>
          <ns3:TrackPointExtension>
            <ns3:hr>126</ns3:hr>
            <ns3:cad>89</ns3:cad>
          </ns3:TrackPointExtension>
        </extensions>
      </trkpt>
      <trkpt lat="23.16839064471423625946044921875" lon="113.41342016123235225677490234375">
        <ele>13.19999980926513671875</ele>
        <time>2026-02-24T23:57:53.000Z</time>
        <extensions>
          <ns3:TrackPointExtension>
            <ns3:hr>126</ns3:hr>
            <ns3:cad>88</ns3:cad>
          </ns3:TrackPointExtension>
        </extensions>
      </trkpt>
      <trkpt lat="23.1683905608952045440673828125" lon="113.4133915789425373077392578125">
        <ele>13.19999980926513671875</ele>
        <time>2026-02-24T23:57:54.000Z</time>
        <extensions>
          <ns3:TrackPointExtension>
            <ns3:hr>127</ns3:hr>
            <ns3:cad>88</ns3:cad>
          </ns3:TrackPointExtension>
        </extensions>
      </trkpt>
      <trkpt lat="23.16839064471423625946044921875" lon="113.41337087564170360565185546875">
        <ele>13.3999996185302734375</ele>
        <time>2026-02-24T23:57:55.000Z</time>
        <extensions>
          <ns3:TrackPointExtension>
            <ns3:hr>126</ns3:hr>
            <ns3:cad>89</ns3:cad>
          </ns3:TrackPointExtension>
        </extensions>
      </trkpt>
      <trkpt lat="23.16838947124779224395751953125" lon="113.41334288008511066436767578125">
        <ele>13.3999996185302734375</ele>
        <time>2026-02-24T23:57:56.000Z</time>
        <extensions>
          <ns3:TrackPointExtension>
            <ns3:hr>126</ns3:hr>
            <ns3:cad>89</ns3:cad>
          </ns3:TrackPointExtension>
        </extensions>
      </trkpt>
      <trkpt lat="23.16838997416198253631591796875" lon="113.4133154712617397308349609375">
        <ele>13.3999996185302734375</ele>
        <time>2026-02-24T23:57:57.000Z</time>
        <extensions>
          <ns3:TrackPointExtension>
            <ns3:hr>125</ns3:hr>
            <ns3:cad>89</ns3:cad>
          </ns3:TrackPointExtension>
        </extensions>
      </trkpt>
      <trkpt lat="23.1683908961713314056396484375" lon="113.41328185983002185821533203125">
        <ele>13.3999996185302734375</ele>
        <time>2026-02-24T23:57:58.000Z</time>
        <extensions>
          <ns3:TrackPointExtension>
            <ns3:hr>125</ns3:hr>
            <ns3:cad>90</ns3:cad>
          </ns3:TrackPointExtension>
        </extensions>
      </trkpt>
      <trkpt lat="23.1683898903429508209228515625" lon="113.41325487010180950164794921875">
        <ele>13.3999996185302734375</ele>
        <time>2026-02-24T23:57:59.000Z</time>
        <extensions>
          <ns3:TrackPointExtension>
            <ns3:hr>125</ns3:hr>
            <ns3:cad>91</ns3:cad>
          </ns3:TrackPointExtension>
        </extensions>
      </trkpt>
      <trkpt lat="23.16839097999036312103271484375" lon="113.4132219292223453521728515625">
        <ele>13.3999996185302734375</ele>
        <time>2026-02-24T23:58:00.000Z</time>
        <extensions>
          <ns3:TrackPointExtension>
            <ns3:hr>125</ns3:hr>
            <ns3:cad>92</ns3:cad>
          </ns3:TrackPointExtension>
        </extensions>
      </trkpt>
      <trkpt lat="23.16838880069553852081298828125" lon="113.4132001362740993499755859375">
        <ele>13.19999980926513671875</ele>
        <time>2026-02-24T23:58:01.000Z</time>
        <extensions>
          <ns3:TrackPointExtension>
            <ns3:hr>125</ns3:hr>
            <ns3:cad>92</ns3:cad>
          </ns3:TrackPointExtension>
        </extensions>
      </trkpt>
      <trkpt lat="23.16839215345680713653564453125" lon="113.4131672792136669158935546875">
        <ele>13.19999980926513671875</ele>
        <time>2026-02-24T23:58:02.000Z</time>
        <extensions>
          <ns3:TrackPointExtension>
            <ns3:hr>125</ns3:hr>
            <ns3:cad>92</ns3:cad>
          </ns3:TrackPointExtension>
        </extensions>
      </trkpt>
      <trkpt lat="23.16838729195296764373779296875" lon="113.41314204968512058258056640625">
        <ele>13.19999980926513671875</ele>
        <time>2026-02-24T23:58:03.000Z</time>
        <extensions>
          <ns3:TrackPointExtension>
            <ns3:hr>125</ns3:hr>
            <ns3:cad>92</ns3:cad>
          </ns3:TrackPointExtension>
        </extensions>
      </trkpt>
      <trkpt lat="23.1683915667235851287841796875" lon="113.413112461566925048828125">
        <ele>13.19999980926513671875</ele>
        <time>2026-02-24T23:58:04.000Z</time>
        <extensions>
          <ns3:TrackPointExtension>
            <ns3:hr>125</ns3:hr>
            <ns3:cad>92</ns3:cad>
          </ns3:TrackPointExtension>
        </extensions>
      </trkpt>
      <trkpt lat="23.1683892197906970977783203125" lon="113.41309368610382080078125">
        <ele>13.19999980926513671875</ele>
        <time>2026-02-24T23:58:05.000Z</time>
        <extensions>
          <ns3:TrackPointExtension>
            <ns3:hr>126</ns3:hr>
            <ns3:cad>92</ns3:cad>
          </ns3:TrackPointExtension>
        </extensions>
      </trkpt>
      <trkpt lat="23.16839450038969516754150390625" lon="113.413065187633037567138671875">
        <ele>13.19999980926513671875</ele>
        <time>2026-02-24T23:58:06.000Z</time>
        <extensions>
          <ns3:TrackPointExtension>
            <ns3:hr>125</ns3:hr>
            <ns3:cad>91</ns3:cad>
          </ns3:TrackPointExtension>
        </extensions>
      </trkpt>
      <trkpt lat="23.168392069637775421142578125" lon="113.41304113157093524932861328125">
        <ele>13.19999980926513671875</ele>
        <time>2026-02-24T23:58:07.000Z</time>
        <extensions>
          <ns3:TrackPointExtension>
            <ns3:hr>125</ns3:hr>
            <ns3:cad>90</ns3:cad>
          </ns3:TrackPointExtension>
        </extensions>
      </trkpt>
      <trkpt lat="23.1683915667235851287841796875" lon="113.41301523149013519287109375">
        <ele>13.19999980926513671875</ele>
        <time>2026-02-24T23:58:08.000Z</time>
        <extensions>
          <ns3:TrackPointExtension>
            <ns3:hr>125</ns3:hr>
            <ns3:cad>89</ns3:cad>
          </ns3:TrackPointExtension>
        </extensions>
      </trkpt>
      <trkpt lat="23.168385364115238189697265625" lon="113.41299218125641345977783203125">
        <ele>13.3999996185302734375</ele>
        <time>2026-02-24T23:58:09.000Z</time>
        <extensions>
          <ns3:TrackPointExtension>
            <ns3:hr>125</ns3:hr>
            <ns3:cad>89</ns3:cad>
          </ns3:TrackPointExtension>
        </extensions>
      </trkpt>
      <trkpt lat="23.16839097999036312103271484375" lon="113.41296426951885223388671875">
        <ele>13.3999996185302734375</ele>
        <time>2026-02-24T23:58:10.000Z</time>
        <extensions>
          <ns3:TrackPointExtension>
            <ns3:hr>126</ns3:hr>
            <ns3:cad>89</ns3:cad>
          </ns3:TrackPointExtension>
        </extensions>
      </trkpt>
      <trkpt lat="23.16839064471423625946044921875" lon="113.41294473968446254730224609375">
        <ele>13.6000003814697265625</ele>
        <time>2026-02-24T23:58:11.000Z</time>
        <extensions>
          <ns3:TrackPointExtension>
            <ns3:hr>126</ns3:hr>
            <ns3:cad>90</ns3:cad>
          </ns3:TrackPointExtension>
        </extensions>
      </trkpt>
      <trkpt lat="23.168393075466156005859375" lon="113.4129185043275356292724609375">
        <ele>13.6000003814697265625</ele>
        <time>2026-02-24T23:58:12.000Z</time>
        <extensions>
          <ns3:TrackPointExtension>
            <ns3:hr>127</ns3:hr>
            <ns3:cad>90</ns3:cad>
          </ns3:TrackPointExtension>
        </extensions>
      </trkpt>
      <trkpt lat="23.1683932431042194366455078125" lon="113.41289453208446502685546875">
        <ele>13.80000019073486328125</ele>
        <time>2026-02-24T23:58:13.000Z</time>
        <extensions>
          <ns3:TrackPointExtension>
            <ns3:hr>127</ns3:hr>
            <ns3:cad>90</ns3:cad>
          </ns3:TrackPointExtension>
        </extensions>
      </trkpt>
      <trkpt lat="23.1683965958654880523681640625" lon="113.4128641895949840545654296875">
        <ele>13.80000019073486328125</ele>
        <time>2026-02-24T23:58:14.000Z</time>
        <extensions>
          <ns3:TrackPointExtension>
            <ns3:hr>128</ns3:hr>
            <ns3:cad>90</ns3:cad>
          </ns3:TrackPointExtension>
        </extensions>
      </trkpt>
      <trkpt lat="23.1683986075222492218017578125" lon="113.4128348529338836669921875">
        <ele>14</ele>
        <time>2026-02-24T23:58:15.000Z</time>
        <extensions>
          <ns3:TrackPointExtension>
            <ns3:hr>129</ns3:hr>
            <ns3:cad>90</ns3:cad>
          </ns3:TrackPointExtension>
        </extensions>
      </trkpt>
      <trkpt lat="23.1683996133506298065185546875" lon="113.41280861757695674896240234375">
        <ele>14</ele>
        <time>2026-02-24T23:58:16.000Z</time>
        <extensions>
          <ns3:TrackPointExtension>
            <ns3:hr>130</ns3:hr>
            <ns3:cad>91</ns3:cad>
          </ns3:TrackPointExtension>
        </extensions>
      </trkpt>
      <trkpt lat="23.1683997809886932373046875" lon="113.41278129257261753082275390625">
        <ele>14.19999980926513671875</ele>
        <time>2026-02-24T23:58:17.000Z</time>
        <extensions>
          <ns3:TrackPointExtension>
            <ns3:hr>130</ns3:hr>
            <ns3:cad>92</ns3:cad>
          </ns3:TrackPointExtension>
        </extensions>
      </trkpt>
      <trkpt lat="23.16840070299804210662841796875" lon="113.41275195591151714324951171875">
        <ele>14.19999980926513671875</ele>
        <time>2026-02-24T23:58:18.000Z</time>
        <extensions>
          <ns3:TrackPointExtension>
            <ns3:hr>130</ns3:hr>
            <ns3:cad>92</ns3:cad>
          </ns3:TrackPointExtension>
        </extensions>
      </trkpt>
      <trkpt lat="23.1683976016938686370849609375" lon="113.41272111050784587860107421875">
        <ele>14.19999980926513671875</ele>
        <time>2026-02-24T23:58:19.000Z</time>
        <extensions>
          <ns3:TrackPointExtension>
            <ns3:hr>130</ns3:hr>
            <ns3:cad>92</ns3:cad>
          </ns3:TrackPointExtension>
        </extensions>
      </trkpt>
      <trkpt lat="23.16839936189353466033935546875" lon="113.41269110329449176788330078125">
        <ele>14.19999980926513671875</ele>
        <time>2026-02-24T23:58:20.000Z</time>
        <extensions>
          <ns3:TrackPointExtension>
            <ns3:hr>131</ns3:hr>
            <ns3:cad>90</ns3:cad>
          </ns3:TrackPointExtension>
        </extensions>
      </trkpt>
      <trkpt lat="23.1683972664177417755126953125" lon="113.4126657061278820037841796875">
        <ele>14.19999980926513671875</ele>
        <time>2026-02-24T23:58:21.000Z</time>
        <extensions>
          <ns3:TrackPointExtension>
            <ns3:hr>131</ns3:hr>
            <ns3:cad>90</ns3:cad>
          </ns3:TrackPointExtension>
        </extensions>
      </trkpt>
      <trkpt lat="23.16839584149420261383056640625" lon="113.412641398608684539794921875">
        <ele>14.19999980926513671875</ele>
        <time>2026-02-24T23:58:22.000Z</time>
        <extensions>
          <ns3:TrackPointExtension>
            <ns3:hr>131</ns3:hr>
            <ns3:cad>90</ns3:cad>
          </ns3:TrackPointExtension>
        </extensions>
      </trkpt>
      <trkpt lat="23.1683982722461223602294921875" lon="113.41261533088982105255126953125">
        <ele>14.19999980926513671875</ele>
        <time>2026-02-24T23:58:23.000Z</time>
        <extensions>
          <ns3:TrackPointExtension>
            <ns3:hr>131</ns3:hr>
            <ns3:cad>90</ns3:cad>
          </ns3:TrackPointExtension>
        </extensions>
      </trkpt>
      <trkpt lat="23.16840439103543758392333984375" lon="113.41259337030351161956787109375">
        <ele>14.3999996185302734375</ele>
        <time>2026-02-24T23:58:24.000Z</time>
        <extensions>
          <ns3:TrackPointExtension>
            <ns3:hr>132</ns3:hr>
            <ns3:cad>90</ns3:cad>
          </ns3:TrackPointExtension>
        </extensions>
      </trkpt>
      <trkpt lat="23.16841143183410167694091796875" lon="113.41256386600434780120849609375">
        <ele>14.3999996185302734375</ele>
        <time>2026-02-24T23:58:25.000Z</time>
        <extensions>
          <ns3:TrackPointExtension>
            <ns3:hr>132</ns3:hr>
            <ns3:cad>90</ns3:cad>
          </ns3:TrackPointExtension>
        </extensions>
      </trkpt>
      <trkpt lat="23.16841210238635540008544921875" lon="113.41254056431353092193603515625">
        <ele>14.3999996185302734375</ele>
        <time>2026-02-24T23:58:26.000Z</time>
        <extensions>
          <ns3:TrackPointExtension>
            <ns3:hr>132</ns3:hr>
            <ns3:cad>92</ns3:cad>
          </ns3:TrackPointExtension>
        </extensions>
      </trkpt>
      <trkpt lat="23.16841914318501949310302734375" lon="113.41251072473824024200439453125">
        <ele>14.19999980926513671875</ele>
        <time>2026-02-24T23:58:27.000Z</time>
        <extensions>
          <ns3:TrackPointExtension>
            <ns3:hr>132</ns3:hr>
            <ns3:cad>93</ns3:cad>
          </ns3:TrackPointExtension>
        </extensions>
      </trkpt>
      <trkpt lat="23.1684200651943683624267578125" lon="113.4124870039522647857666015625">
        <ele>14.19999980926513671875</ele>
        <time>2026-02-24T23:58:28.000Z</time>
        <extensions>
          <ns3:TrackPointExtension>
            <ns3:hr>133</ns3:hr>
            <ns3:cad>93</ns3:cad>
          </ns3:TrackPointExtension>
        </extensions>
      </trkpt>
      <trkpt lat="23.1684247590601444244384765625" lon="113.41245540417730808258056640625">
        <ele>14.19999980926513671875</ele>
        <time>2026-02-24T23:58:29.000Z</time>
        <extensions>
          <ns3:TrackPointExtension>
            <ns3:hr>132</ns3:hr>
            <ns3:cad>93</ns3:cad>
          </ns3:TrackPointExtension>
        </extensions>
      </trkpt>
      <trkpt lat="23.1684230826795101165771484375" lon="113.412431180477142333984375">
        <ele>14.19999980926513671875</ele>
        <time>2026-02-24T23:58:30.000Z</time>
        <extensions>
          <ns3:TrackPointExtension>
            <ns3:hr>133</ns3:hr>
            <ns3:cad>93</ns3:cad>
          </ns3:TrackPointExtension>
        </extensions>
      </trkpt>
      <trkpt lat="23.16842668689787387847900390625" lon="113.412399999797344207763671875">
        <ele>14.19999980926513671875</ele>
        <time>2026-02-24T23:58:31.000Z</time>
        <extensions>
          <ns3:TrackPointExtension>
            <ns3:hr>133</ns3:hr>
            <ns3:cad>93</ns3:cad>
          </ns3:TrackPointExtension>
        </extensions>
      </trkpt>
      <trkpt lat="23.1684264354407787322998046875" lon="113.41237694956362247467041015625">
        <ele>14.3999996185302734375</ele>
        <time>2026-02-24T23:58:32.000Z</time>
        <extensions>
          <ns3:TrackPointExtension>
            <ns3:hr>133</ns3:hr>
            <ns3:cad>92</ns3:cad>
          </ns3:TrackPointExtension>
        </extensions>
      </trkpt>
      <trkpt lat="23.16843288950622081756591796875" lon="113.41234660707414150238037109375">
        <ele>14.3999996185302734375</ele>
        <time>2026-02-24T23:58:33.000Z</time>
        <extensions>
          <ns3:TrackPointExtension>
            <ns3:hr>132</ns3:hr>
            <ns3:cad>92</ns3:cad>
          </ns3:TrackPointExtension>
        </extensions>
      </trkpt>
      <trkpt lat="23.16843523643910884857177734375" lon="113.4123237244784832000732421875">
        <ele>14.6000003814697265625</ele>
        <time>2026-02-24T23:58:34.000Z</time>
        <extensions>
          <ns3:TrackPointExtension>
            <ns3:hr>133</ns3:hr>
            <ns3:cad>90</ns3:cad>
          </ns3:TrackPointExtension>
        </extensions>
      </trkpt>
      <trkpt lat="23.1684388406574726104736328125" lon="113.41229639947414398193359375">
        <ele>14.6000003814697265625</ele>
        <time>2026-02-24T23:58:35.000Z</time>
        <extensions>
          <ns3:TrackPointExtension>
            <ns3:hr>133</ns3:hr>
            <ns3:cad>90</ns3:cad>
          </ns3:TrackPointExtension>
        </extensions>
      </trkpt>
      <trkpt lat="23.16844009794294834136962890625" lon="113.412272594869136810302734375">
        <ele>14.6000003814697265625</ele>
        <time>2026-02-24T23:58:36.000Z</time>
        <extensions>
          <ns3:TrackPointExtension>
            <ns3:hr>132</ns3:hr>
            <ns3:cad>90</ns3:cad>
          </ns3:TrackPointExtension>
        </extensions>
      </trkpt>
      <trkpt lat="23.1684455461800098419189453125" lon="113.41224275529384613037109375">
        <ele>14.80000019073486328125</ele>
        <time>2026-02-24T23:58:37.000Z</time>
        <extensions>
          <ns3:TrackPointExtension>
            <ns3:hr>132</ns3:hr>
            <ns3:cad>89</ns3:cad>
          </ns3:TrackPointExtension>
        </extensions>
      </trkpt>
      <trkpt lat="23.16844495944678783416748046875" lon="113.412218950688838958740234375">
        <ele>14.80000019073486328125</ele>
        <time>2026-02-24T23:58:38.000Z</time>
        <extensions>
          <ns3:TrackPointExtension>
            <ns3:hr>132</ns3:hr>
            <ns3:cad>89</ns3:cad>
          </ns3:TrackPointExtension>
        </extensions>
      </trkpt>
      <trkpt lat="23.1684534251689910888671875" lon="113.41219137422740459442138671875">
        <ele>14.80000019073486328125</ele>
        <time>2026-02-24T23:58:39.000Z</time>
        <extensions>
          <ns3:TrackPointExtension>
            <ns3:hr>132</ns3:hr>
            <ns3:cad>90</ns3:cad>
          </ns3:TrackPointExtension>
        </extensions>
      </trkpt>
      <trkpt lat="23.16845401190221309661865234375" lon="113.41217075474560260772705078125">
        <ele>14.80000019073486328125</ele>
        <time>2026-02-24T23:58:40.000Z</time>
        <extensions>
          <ns3:TrackPointExtension>
            <ns3:hr>132</ns3:hr>
            <ns3:cad>91</ns3:cad>
          </ns3:TrackPointExtension>
        </extensions>
      </trkpt>
      <trkpt lat="23.16845635883510112762451171875" lon="113.41214158572256565093994140625">
        <ele>14.80000019073486328125</ele>
        <time>2026-02-24T23:58:41.000Z</time>
        <extensions>
          <ns3:TrackPointExtension>
            <ns3:hr>132</ns3:hr>
            <ns3:cad>91</ns3:cad>
          </ns3:TrackPointExtension>
        </extensions>
      </trkpt>
      <trkpt lat="23.16845543682575225830078125" lon="113.41211803257465362548828125">
        <ele>14.80000019073486328125</ele>
        <time>2026-02-24T23:58:42.000Z</time>
        <extensions>
          <ns3:TrackPointExtension>
            <ns3:hr>132</ns3:hr>
            <ns3:cad>92</ns3:cad>
          </ns3:TrackPointExtension>
        </extensions>
      </trkpt>
      <trkpt lat="23.16845904104411602020263671875" lon="113.41209179721772670745849609375">
        <ele>14.80000019073486328125</ele>
        <time>2026-02-24T23:58:43.000Z</time>
        <extensions>
          <ns3:TrackPointExtension>
            <ns3:hr>132</ns3:hr>
            <ns3:cad>92</ns3:cad>
          </ns3:TrackPointExtension>
        </extensions>
      </trkpt>
      <trkpt lat="23.1684619747102260589599609375" lon="113.41206430457532405853271484375">
        <ele>14.80000019073486328125</ele>
        <time>2026-02-24T23:58:44.000Z</time>
        <extensions>
          <ns3:TrackPointExtension>
            <ns3:hr>133</ns3:hr>
            <ns3:cad>93</ns3:cad>
          </ns3:TrackPointExtension>
        </extensions>
      </trkpt>
      <trkpt lat="23.16846490837633609771728515625" lon="113.412035889923572540283203125">
        <ele>15</ele>
        <time>2026-02-24T23:58:45.000Z</time>
        <extensions>
          <ns3:TrackPointExtension>
            <ns3:hr>133</ns3:hr>
            <ns3:cad>93</ns3:cad>
          </ns3:TrackPointExtension>
        </extensions>
      </trkpt>
      <trkpt lat="23.168469183146953582763671875" lon="113.4120109118521213531494140625">
        <ele>15</ele>
        <time>2026-02-24T23:58:46.000Z</time>
        <extensions>
          <ns3:TrackPointExtension>
            <ns3:hr>133</ns3:hr>
            <ns3:cad>93</ns3:cad>
          </ns3:TrackPointExtension>
        </extensions>
      </trkpt>
      <trkpt lat="23.16847287118434906005859375" lon="113.4119872748851776123046875">
        <ele>15</ele>
        <time>2026-02-24T23:58:47.000Z</time>
        <extensions>
          <ns3:TrackPointExtension>
            <ns3:hr>133</ns3:hr>
            <ns3:cad>92</ns3:cad>
          </ns3:TrackPointExtension>
        </extensions>
      </trkpt>
      <trkpt lat="23.16847681067883968353271484375" lon="113.41196288354694843292236328125">
        <ele>15</ele>
        <time>2026-02-24T23:58:48.000Z</time>
        <extensions>
          <ns3:TrackPointExtension>
            <ns3:hr>132</ns3:hr>
            <ns3:cad>92</ns3:cad>
          </ns3:TrackPointExtension>
        </extensions>
      </trkpt>
      <trkpt lat="23.16848284564912319183349609375" lon="113.41193857602775096893310546875">
        <ele>15</ele>
        <time>2026-02-24T23:58:49.000Z</time>
        <extensions>
          <ns3:TrackPointExtension>
            <ns3:hr>133</ns3:hr>
            <ns3:cad>92</ns3:cad>
          </ns3:TrackPointExtension>
        </extensions>
      </trkpt>
      <trkpt lat="23.168486617505550384521484375" lon="113.41190856881439685821533203125">
        <ele>15</ele>
        <time>2026-02-24T23:58:50.000Z</time>
        <extensions>
          <ns3:TrackPointExtension>
            <ns3:hr>133</ns3:hr>
            <ns3:cad>92</ns3:cad>
          </ns3:TrackPointExtension>
        </extensions>
      </trkpt>
      <trkpt lat="23.1684861145913600921630859375" lon="113.41188610531389713287353515625">
        <ele>15</ele>
        <time>2026-02-24T23:58:51.000Z</time>
        <extensions>
          <ns3:TrackPointExtension>
            <ns3:hr>132</ns3:hr>
            <ns3:cad>91</ns3:cad>
          </ns3:TrackPointExtension>
        </extensions>
      </trkpt>
      <trkpt lat="23.168492652475833892822265625" lon="113.41185760684311389923095703125">
        <ele>15</ele>
        <time>2026-02-24T23:58:52.000Z</time>
        <extensions>
          <ns3:TrackPointExtension>
            <ns3:hr>133</ns3:hr>
            <ns3:cad>91</ns3:cad>
          </ns3:TrackPointExtension>
        </extensions>
      </trkpt>
      <trkpt lat="23.1684921495616436004638671875" lon="113.41183313168585300445556640625">
        <ele>15</ele>
        <time>2026-02-24T23:58:53.000Z</time>
        <extensions>
          <ns3:TrackPointExtension>
            <ns3:hr>133</ns3:hr>
            <ns3:cad>92</ns3:cad>
          </ns3:TrackPointExtension>
        </extensions>
      </trkpt>
      <trkpt lat="23.168494664132595062255859375" lon="113.4118010289967060089111328125">
        <ele>15</ele>
        <time>2026-02-24T23:58:54.000Z</time>
        <extensions>
          <ns3:TrackPointExtension>
            <ns3:hr>132</ns3:hr>
            <ns3:cad>92</ns3:cad>
          </ns3:TrackPointExtension>
        </extensions>
      </trkpt>
      <trkpt lat="23.16849240101873874664306640625" lon="113.41177244670689105987548828125">
        <ele>15</ele>
        <time>2026-02-24T23:58:55.000Z</time>
        <extensions>
          <ns3:TrackPointExtension>
            <ns3:hr>133</ns3:hr>
            <ns3:cad>94</ns3:cad>
          </ns3:TrackPointExtension>
        </extensions>
      </trkpt>
      <trkpt lat="23.16849491558969020843505859375" lon="113.411739505827426910400390625">
        <ele>15</ele>
        <time>2026-02-24T23:58:56.000Z</time>
        <extensions>
          <ns3:TrackPointExtension>
            <ns3:hr>133</ns3:hr>
            <ns3:cad>94</ns3:cad>
          </ns3:TrackPointExtension>
        </extensions>
      </trkpt>
      <trkpt lat="23.16849575378000736236572265625" lon="113.41170991770923137664794921875">
        <ele>15</ele>
        <time>2026-02-24T23:58:57.000Z</time>
        <extensions>
          <ns3:TrackPointExtension>
            <ns3:hr>132</ns3:hr>
            <ns3:cad>94</ns3:cad>
          </ns3:TrackPointExtension>
        </extensions>
      </trkpt>
      <trkpt lat="23.16849826835095882415771484375" lon="113.41168208979070186614990234375">
        <ele>15</ele>
        <time>2026-02-24T23:58:58.000Z</time>
        <extensions>
          <ns3:TrackPointExtension>
            <ns3:hr>133</ns3:hr>
            <ns3:cad>91</ns3:cad>
          </ns3:TrackPointExtension>
        </extensions>
      </trkpt>
      <trkpt lat="23.16850145347416400909423828125" lon="113.4116546809673309326171875">
        <ele>15.19999980926513671875</ele>
        <time>2026-02-24T23:58:59.000Z</time>
        <extensions>
          <ns3:TrackPointExtension>
            <ns3:hr>133</ns3:hr>
            <ns3:cad>91</ns3:cad>
          </ns3:TrackPointExtension>
        </extensions>
      </trkpt>
      <trkpt lat="23.16850447095930576324462890625" lon="113.41163213364779949188232421875">
        <ele>15.19999980926513671875</ele>
        <time>2026-02-24T23:59:00.000Z</time>
        <extensions>
          <ns3:TrackPointExtension>
            <ns3:hr>132</ns3:hr>
            <ns3:cad>92</ns3:cad>
          </ns3:TrackPointExtension>
        </extensions>
      </trkpt>
      <trkpt lat="23.168508745729923248291015625" lon="113.4116037189960479736328125">
        <ele>15.3999996185302734375</ele>
        <time>2026-02-24T23:59:01.000Z</time>
        <extensions>
          <ns3:TrackPointExtension>
            <ns3:hr>133</ns3:hr>
            <ns3:cad>94</ns3:cad>
          </ns3:TrackPointExtension>
        </extensions>
      </trkpt>
      <trkpt lat="23.16851042211055755615234375" lon="113.41158167459070682525634765625">
        <ele>15.3999996185302734375</ele>
        <time>2026-02-24T23:59:02.000Z</time>
        <extensions>
          <ns3:TrackPointExtension>
            <ns3:hr>133</ns3:hr>
            <ns3:cad>94</ns3:cad>
          </ns3:TrackPointExtension>
        </extensions>
      </trkpt>
      <trkpt lat="23.168515451252460479736328125" lon="113.41155602596700191497802734375">
        <ele>15.6000003814697265625</ele>
        <time>2026-02-24T23:59:03.000Z</time>
        <extensions>
          <ns3:TrackPointExtension>
            <ns3:hr>133</ns3:hr>
            <ns3:cad>93</ns3:cad>
          </ns3:TrackPointExtension>
        </extensions>
      </trkpt>
      <trkpt lat="23.16851469688117504119873046875" lon="113.41153088025748729705810546875">
        <ele>15.6000003814697265625</ele>
        <time>2026-02-24T23:59:04.000Z</time>
        <extensions>
          <ns3:TrackPointExtension>
            <ns3:hr>133</ns3:hr>
            <ns3:cad>93</ns3:cad>
          </ns3:TrackPointExtension>
        </extensions>
      </trkpt>
      <trkpt lat="23.16852056421339511871337890625" lon="113.4114976041018962860107421875">
        <ele>15.6000003814697265625</ele>
        <time>2026-02-24T23:59:05.000Z</time>
        <extensions>
          <ns3:TrackPointExtension>
            <ns3:hr>134</ns3:hr>
            <ns3:cad>93</ns3:cad>
          </ns3:TrackPointExtension>
        </extensions>
      </trkpt>
      <trkpt lat="23.16851846873760223388671875" lon="113.4114687703549861907958984375">
        <ele>15.6000003814697265625</ele>
        <time>2026-02-24T23:59:06.000Z</time>
        <extensions>
          <ns3:TrackPointExtension>
            <ns3:hr>134</ns3:hr>
            <ns3:cad>91</ns3:cad>
          </ns3:TrackPointExtension>
        </extensions>
      </trkpt>
      <trkpt lat="23.1685189716517925262451171875" lon="113.411439768970012664794921875">
        <ele>15.6000003814697265625</ele>
        <time>2026-02-24T23:59:07.000Z</time>
        <extensions>
          <ns3:TrackPointExtension>
            <ns3:hr>134</ns3:hr>
            <ns3:cad>91</ns3:cad>
          </ns3:TrackPointExtension>
        </extensions>
      </trkpt>
      <trkpt lat="23.1685176305472850799560546875" lon="113.41141420416533946990966796875">
        <ele>15.6000003814697265625</ele>
        <time>2026-02-24T23:59:08.000Z</time>
        <extensions>
          <ns3:TrackPointExtension>
            <ns3:hr>135</ns3:hr>
            <ns3:cad>91</ns3:cad>
          </ns3:TrackPointExtension>
        </extensions>
      </trkpt>
      <trkpt lat="23.16851519979536533355712890625" lon="113.41138754971325397491455078125">
        <ele>15.6000003814697265625</ele>
        <time>2026-02-24T23:59:09.000Z</time>
        <extensions>
          <ns3:TrackPointExtension>
            <ns3:hr>135</ns3:hr>
            <ns3:cad>94</ns3:cad>
          </ns3:TrackPointExtension>
        </extensions>
      </trkpt>
      <trkpt lat="23.16851587034761905670166015625" lon="113.41135720722377300262451171875">
        <ele>15.6000003814697265625</ele>
        <time>2026-02-24T23:59:10.000Z</time>
        <extensions>
          <ns3:TrackPointExtension>
            <ns3:hr>135</ns3:hr>
            <ns3:cad>94</ns3:cad>
          </ns3:TrackPointExtension>
        </extensions>
      </trkpt>
      <trkpt lat="23.16851821728050708770751953125" lon="113.411333151161670684814453125">
        <ele>15.6000003814697265625</ele>
        <time>2026-02-24T23:59:11.000Z</time>
        <extensions>
          <ns3:TrackPointExtension>
            <ns3:hr>136</ns3:hr>
            <ns3:cad>94</ns3:cad>
          </ns3:TrackPointExtension>
        </extensions>
      </trkpt>
      <trkpt lat="23.1685229949653148651123046875" lon="113.41130507178604602813720703125">
        <ele>15.80000019073486328125</ele>
        <time>2026-02-24T23:59:12.000Z</time>
        <extensions>
          <ns3:TrackPointExtension>
            <ns3:hr>136</ns3:hr>
            <ns3:cad>94</ns3:cad>
          </ns3:TrackPointExtension>
        </extensions>
      </trkpt>
      <trkpt lat="23.168521486222743988037109375" lon="113.41128210537135601043701171875">
        <ele>15.6000003814697265625</ele>
        <time>2026-02-24T23:59:13.000Z</time>
        <extensions>
          <ns3:TrackPointExtension>
            <ns3:hr>136</ns3:hr>
            <ns3:cad>93</ns3:cad>
          </ns3:TrackPointExtension>
        </extensions>
      </trkpt>
      <trkpt lat="23.16852509044110774993896484375" lon="113.4112525172531604766845703125">
        <ele>15.6000003814697265625</ele>
        <time>2026-02-24T23:59:14.000Z</time>
        <extensions>
          <ns3:TrackPointExtension>
            <ns3:hr>136</ns3:hr>
            <ns3:cad>92</ns3:cad>
          </ns3:TrackPointExtension>
        </extensions>
      </trkpt>
      <trkpt lat="23.1685266830027103424072265625" lon="113.41123147867619991302490234375">
        <ele>15.6000003814697265625</ele>
        <time>2026-02-24T23:59:15.000Z</time>
        <extensions>
          <ns3:TrackPointExtension>
            <ns3:hr>136</ns3:hr>
            <ns3:cad>92</ns3:cad>
          </ns3:TrackPointExtension>
        </extensions>
      </trkpt>
      <trkpt lat="23.16853129304945468902587890625" lon="113.41120130382478237152099609375">
        <ele>15.80000019073486328125</ele>
        <time>2026-02-24T23:59:16.000Z</time>
        <extensions>
          <ns3:TrackPointExtension>
            <ns3:hr>136</ns3:hr>
            <ns3:cad>92</ns3:cad>
          </ns3:TrackPointExtension>
        </extensions>
      </trkpt>
      <trkpt lat="23.1685323826968669891357421875" lon="113.4111784212291240692138671875">
        <ele>15.80000019073486328125</ele>
        <time>2026-02-24T23:59:17.000Z</time>
        <extensions>
          <ns3:TrackPointExtension>
            <ns3:hr>136</ns3:hr>
            <ns3:cad>92</ns3:cad>
          </ns3:TrackPointExtension>
        </extensions>
      </trkpt>
      <trkpt lat="23.1685374118387699127197265625" lon="113.4111492522060871124267578125">
        <ele>15.80000019073486328125</ele>
        <time>2026-02-24T23:59:18.000Z</time>
        <extensions>
          <ns3:TrackPointExtension>
            <ns3:hr>136</ns3:hr>
            <ns3:cad>92</ns3:cad>
          </ns3:TrackPointExtension>
        </extensions>
      </trkpt>
      <trkpt lat="23.16853665746748447418212890625" lon="113.41112385503947734832763671875">
        <ele>15.80000019073486328125</ele>
        <time>2026-02-24T23:59:19.000Z</time>
        <extensions>
          <ns3:TrackPointExtension>
            <ns3:hr>136</ns3:hr>
            <ns3:cad>92</ns3:cad>
          </ns3:TrackPointExtension>
        </extensions>
      </trkpt>
      <trkpt lat="23.16853900440037250518798828125" lon="113.4110969491302967071533203125">
        <ele>16</ele>
        <time>2026-02-24T23:59:20.000Z</time>
        <extensions>
          <ns3:TrackPointExtension>
            <ns3:hr>136</ns3:hr>
            <ns3:cad>92</ns3:cad>
          </ns3:TrackPointExtension>
        </extensions>
      </trkpt>
      <trkpt lat="23.16853967495262622833251953125" lon="113.4110707975924015045166015625">
        <ele>16</ele>
        <time>2026-02-24T23:59:21.000Z</time>
        <extensions>
          <ns3:TrackPointExtension>
            <ns3:hr>137</ns3:hr>
            <ns3:cad>92</ns3:cad>
          </ns3:TrackPointExtension>
        </extensions>
      </trkpt>
      <trkpt lat="23.16854202188551425933837890625" lon="113.41104305349290370941162109375">
        <ele>16.200000762939453125</ele>
        <time>2026-02-24T23:59:22.000Z</time>
        <extensions>
          <ns3:TrackPointExtension>
            <ns3:hr>137</ns3:hr>
            <ns3:cad>92</ns3:cad>
          </ns3:TrackPointExtension>
        </extensions>
      </trkpt>
      <trkpt lat="23.1685419380664825439453125" lon="113.41101790778338909149169921875">
        <ele>16.200000762939453125</ele>
        <time>2026-02-24T23:59:23.000Z</time>
        <extensions>
          <ns3:TrackPointExtension>
            <ns3:hr>137</ns3:hr>
            <ns3:cad>93</ns3:cad>
          </ns3:TrackPointExtension>
        </extensions>
      </trkpt>
      <trkpt lat="23.16854537464678287506103515625" lon="113.41098773293197154998779296875">
        <ele>16.200000762939453125</ele>
        <time>2026-02-24T23:59:24.000Z</time>
        <extensions>
          <ns3:TrackPointExtension>
            <ns3:hr>137</ns3:hr>
            <ns3:cad>93</ns3:cad>
          </ns3:TrackPointExtension>
        </extensions>
      </trkpt>
      <trkpt lat="23.1685441173613071441650390625" lon="113.41096158139407634735107421875">
        <ele>16.3999996185302734375</ele>
        <time>2026-02-24T23:59:25.000Z</time>
        <extensions>
          <ns3:TrackPointExtension>
            <ns3:hr>137</ns3:hr>
            <ns3:cad>93</ns3:cad>
          </ns3:TrackPointExtension>
        </extensions>
      </trkpt>
      <trkpt lat="23.16854621283710002899169921875" lon="113.41093408875167369842529296875">
        <ele>16.3999996185302734375</ele>
        <time>2026-02-24T23:59:26.000Z</time>
        <extensions>
          <ns3:TrackPointExtension>
            <ns3:hr>137</ns3:hr>
            <ns3:cad>92</ns3:cad>
          </ns3:TrackPointExtension>
        </extensions>
      </trkpt>
      <trkpt lat="23.16854470409452915191650390625" lon="113.4109098650515079498291015625">
        <ele>16.6000003814697265625</ele>
        <time>2026-02-24T23:59:27.000Z</time>
        <extensions>
          <ns3:TrackPointExtension>
            <ns3:hr>137</ns3:hr>
            <ns3:cad>92</ns3:cad>
          </ns3:TrackPointExtension>
        </extensions>
      </trkpt>
      <trkpt lat="23.16854939796030521392822265625" lon="113.41088161803781986236572265625">
        <ele>16.799999237060546875</ele>
        <time>2026-02-24T23:59:28.000Z</time>
        <extensions>
          <ns3:TrackPointExtension>
            <ns3:hr>137</ns3:hr>
            <ns3:cad>91</ns3:cad>
          </ns3:TrackPointExtension>
        </extensions>
      </trkpt>
      <trkpt lat="23.168551661074161529541015625" lon="113.41085412539541721343994140625">
        <ele>17</ele>
        <time>2026-02-24T23:59:29.000Z</time>
        <extensions>
          <ns3:TrackPointExtension>
            <ns3:hr>137</ns3:hr>
            <ns3:cad>91</ns3:cad>
          </ns3:TrackPointExtension>
        </extensions>
      </trkpt>
      <trkpt lat="23.168559037148952484130859375" lon="113.41082814149558544158935546875">
        <ele>17</ele>
        <time>2026-02-24T23:59:30.000Z</time>
        <extensions>
          <ns3:TrackPointExtension>
            <ns3:hr>137</ns3:hr>
            <ns3:cad>91</ns3:cad>
          </ns3:TrackPointExtension>
        </extensions>
      </trkpt>
      <trkpt lat="23.168563731014728546142578125" lon="113.41079260222613811492919921875">
        <ele>17</ele>
        <time>2026-02-24T23:59:31.000Z</time>
        <extensions>
          <ns3:TrackPointExtension>
            <ns3:hr>137</ns3:hr>
            <ns3:cad>90</ns3:cad>
          </ns3:TrackPointExtension>
        </extensions>
      </trkpt>
      <trkpt lat="23.16857001744210720062255859375" lon="113.4107650257647037506103515625">
        <ele>17</ele>
        <time>2026-02-24T23:59:32.000Z</time>
        <extensions>
          <ns3:TrackPointExtension>
            <ns3:hr>137</ns3:hr>
            <ns3:cad>90</ns3:cad>
          </ns3:TrackPointExtension>
        </extensions>
      </trkpt>
      <trkpt lat="23.16857202909886837005615234375" lon="113.41073024086654186248779296875">
        <ele>17</ele>
        <time>2026-02-24T23:59:33.000Z</time>
        <extensions>
          <ns3:TrackPointExtension>
            <ns3:hr>137</ns3:hr>
            <ns3:cad>91</ns3:cad>
          </ns3:TrackPointExtension>
        </extensions>
      </trkpt>
      <trkpt lat="23.168573789298534393310546875" lon="113.41070492751896381378173828125">
        <ele>17</ele>
        <time>2026-02-24T23:59:34.000Z</time>
        <extensions>
          <ns3:TrackPointExtension>
            <ns3:hr>137</ns3:hr>
            <ns3:cad>91</ns3:cad>
          </ns3:TrackPointExtension>
        </extensions>
      </trkpt>
      <trkpt lat="23.1685756333172321319580078125" lon="113.410673998296260833740234375">
        <ele>17</ele>
        <time>2026-02-24T23:59:35.000Z</time>
        <extensions>
          <ns3:TrackPointExtension>
            <ns3:hr>137</ns3:hr>
            <ns3:cad>91</ns3:cad>
          </ns3:TrackPointExtension>
        </extensions>
      </trkpt>
      <trkpt lat="23.16857957281172275543212890625" lon="113.41065128333866596221923828125">
        <ele>17</ele>
        <time>2026-02-24T23:59:36.000Z</time>
        <extensions>
          <ns3:TrackPointExtension>
            <ns3:hr>137</ns3:hr>
            <ns3:cad>93</ns3:cad>
          </ns3:TrackPointExtension>
        </extensions>
      </trkpt>
      <trkpt lat="23.16858979873359203338623046875" lon="113.4106265567243099212646484375">
        <ele>17</ele>
        <time>2026-02-24T23:59:37.000Z</time>
        <extensions>
          <ns3:TrackPointExtension>
            <ns3:hr>137</ns3:hr>
            <ns3:cad>93</ns3:cad>
          </ns3:TrackPointExtension>
        </extensions>
      </trkpt>
      <trkpt lat="23.16859466023743152618408203125" lon="113.41060602106153964996337890625">
        <ele>17.200000762939453125</ele>
        <time>2026-02-24T23:59:38.000Z</time>
        <extensions>
          <ns3:TrackPointExtension>
            <ns3:hr>137</ns3:hr>
            <ns3:cad>93</ns3:cad>
          </ns3:TrackPointExtension>
        </extensions>
      </trkpt>
      <trkpt lat="23.16860161721706390380859375" lon="113.4105791151523590087890625">
        <ele>17.200000762939453125</ele>
        <time>2026-02-24T23:59:39.000Z</time>
        <extensions>
          <ns3:TrackPointExtension>
            <ns3:hr>138</ns3:hr>
            <ns3:cad>93</ns3:cad>
          </ns3:TrackPointExtension>
        </extensions>
      </trkpt>
      <trkpt lat="23.168602623045444488525390625" lon="113.41056025587022304534912109375">
        <ele>17.200000762939453125</ele>
        <time>2026-02-24T23:59:40.000Z</time>
        <extensions>
          <ns3:TrackPointExtension>
            <ns3:hr>137</ns3:hr>
            <ns3:cad>93</ns3:cad>
          </ns3:TrackPointExtension>
        </extensions>
      </trkpt>
      <trkpt lat="23.16860689781606197357177734375" lon="113.4105289913713932037353515625">
        <ele>17.200000762939453125</ele>
        <time>2026-02-24T23:59:41.000Z</time>
        <extensions>
          <ns3:TrackPointExtension>
            <ns3:hr>137</ns3:hr>
            <ns3:cad>91</ns3:cad>
          </ns3:TrackPointExtension>
        </extensions>
      </trkpt>
      <trkpt lat="23.16860371269285678863525390625" lon="113.41050510294735431671142578125">
        <ele>17.200000762939453125</ele>
        <time>2026-02-24T23:59:42.000Z</time>
        <extensions>
          <ns3:TrackPointExtension>
            <ns3:hr>137</ns3:hr>
            <ns3:cad>90</ns3:cad>
          </ns3:TrackPointExtension>
        </extensions>
      </trkpt>
      <trkpt lat="23.168607652187347412109375" lon="113.41047585010528564453125">
        <ele>17</ele>
        <time>2026-02-24T23:59:43.000Z</time>
        <extensions>
          <ns3:TrackPointExtension>
            <ns3:hr>137</ns3:hr>
            <ns3:cad>90</ns3:cad>
          </ns3:TrackPointExtension>
        </extensions>
      </trkpt>
      <trkpt lat="23.16860404796898365020751953125" lon="113.41045212931931018829345703125">
        <ele>17</ele>
        <time>2026-02-24T23:59:44.000Z</time>
        <extensions>
          <ns3:TrackPointExtension>
            <ns3:hr>138</ns3:hr>
            <ns3:cad>90</ns3:cad>
          </ns3:TrackPointExtension>
        </extensions>
      </trkpt>
      <trkpt lat="23.16860505379736423492431640625" lon="113.410422541201114654541015625">
        <ele>17.200000762939453125</ele>
        <time>2026-02-24T23:59:45.000Z</time>
        <extensions>
          <ns3:TrackPointExtension>
            <ns3:hr>137</ns3:hr>
            <ns3:cad>90</ns3:cad>
          </ns3:TrackPointExtension>
        </extensions>
      </trkpt>
      <trkpt lat="23.16859667189419269561767578125" lon="113.4104009158909320831298828125">
        <ele>17.200000762939453125</ele>
        <time>2026-02-24T23:59:46.000Z</time>
        <extensions>
          <ns3:TrackPointExtension>
            <ns3:hr>137</ns3:hr>
            <ns3:cad>90</ns3:cad>
          </ns3:TrackPointExtension>
        </extensions>
      </trkpt>
      <trkpt lat="23.16859683953225612640380859375" lon="113.41036789119243621826171875">
        <ele>17.200000762939453125</ele>
        <time>2026-02-24T23:59:47.000Z</time>
        <extensions>
          <ns3:TrackPointExtension>
            <ns3:hr>137</ns3:hr>
            <ns3:cad>90</ns3:cad>
          </ns3:TrackPointExtension>
        </extensions>
      </trkpt>
      <trkpt lat="23.16859415732324123382568359375" lon="113.41034282930195331573486328125">
        <ele>17.3999996185302734375</ele>
        <time>2026-02-24T23:59:48.000Z</time>
        <extensions>
          <ns3:TrackPointExtension>
            <ns3:hr>138</ns3:hr>
            <ns3:cad>90</ns3:cad>
          </ns3:TrackPointExtension>
        </extensions>
      </trkpt>
      <trkpt lat="23.16859197802841663360595703125" lon="113.410309888422489166259765625">
        <ele>17.3999996185302734375</ele>
        <time>2026-02-24T23:59:49.000Z</time>
        <extensions>
          <ns3:TrackPointExtension>
            <ns3:hr>138</ns3:hr>
            <ns3:cad>90</ns3:cad>
          </ns3:TrackPointExtension>
        </extensions>
      </trkpt>
      <trkpt lat="23.168586194515228271484375" lon="113.41028432361781597137451171875">
        <ele>17.3999996185302734375</ele>
        <time>2026-02-24T23:59:50.000Z</time>
        <extensions>
          <ns3:TrackPointExtension>
            <ns3:hr>138</ns3:hr>
            <ns3:cad>91</ns3:cad>
          </ns3:TrackPointExtension>
        </extensions>
      </trkpt>
      <trkpt lat="23.1685833446681499481201171875" lon="113.4102545678615570068359375">
        <ele>17.3999996185302734375</ele>
        <time>2026-02-24T23:59:51.000Z</time>
        <extensions>
          <ns3:TrackPointExtension>
            <ns3:hr>138</ns3:hr>
            <ns3:cad>91</ns3:cad>
          </ns3:TrackPointExtension>
        </extensions>
      </trkpt>
      <trkpt lat="23.16857613623142242431640625" lon="113.4102295897901058197021484375">
        <ele>17.200000762939453125</ele>
        <time>2026-02-24T23:59:52.000Z</time>
        <extensions>
          <ns3:TrackPointExtension>
            <ns3:hr>138</ns3:hr>
            <ns3:cad>91</ns3:cad>
          </ns3:TrackPointExtension>
        </extensions>
      </trkpt>
      <trkpt lat="23.16857370547950267791748046875" lon="113.410205952823162078857421875">
        <ele>17.3999996185302734375</ele>
        <time>2026-02-24T23:59:53.000Z</time>
        <extensions>
          <ns3:TrackPointExtension>
            <ns3:hr>138</ns3:hr>
            <ns3:cad>93</ns3:cad>
          </ns3:TrackPointExtension>
        </extensions>
      </trkpt>
      <trkpt lat="23.16856666468083858489990234375" lon="113.41018072329461574554443359375">
        <ele>17.200000762939453125</ele>
        <time>2026-02-24T23:59:54.000Z</time>
        <extensions>
          <ns3:TrackPointExtension>
            <ns3:hr>139</ns3:hr>
            <ns3:cad>93</ns3:cad>
          </ns3:TrackPointExtension>
        </extensions>
      </trkpt>
      <trkpt lat="23.16856079734861850738525390625" lon="113.41015540994703769683837890625">
        <ele>17.200000762939453125</ele>
        <time>2026-02-24T23:59:55.000Z</time>
        <extensions>
          <ns3:TrackPointExtension>
            <ns3:hr>139</ns3:hr>
            <ns3:cad>93</ns3:cad>
          </ns3:TrackPointExtension>
        </extensions>
      </trkpt>
      <trkpt lat="23.168554343283176422119140625" lon="113.41012976132333278656005859375">
        <ele>17.200000762939453125</ele>
        <time>2026-02-24T23:59:56.000Z</time>
        <extensions>
          <ns3:TrackPointExtension>
            <ns3:hr>139</ns3:hr>
            <ns3:cad>93</ns3:cad>
          </ns3:TrackPointExtension>
        </extensions>
      </trkpt>
      <trkpt lat="23.16854939796030521392822265625" lon="113.4101038612425327301025390625">
        <ele>17</ele>
        <time>2026-02-24T23:59:57.000Z</time>
        <extensions>
          <ns3:TrackPointExtension>
            <ns3:hr>139</ns3:hr>
            <ns3:cad>93</ns3:cad>
          </ns3:TrackPointExtension>
        </extensions>
      </trkpt>
      <trkpt lat="23.1685434468090534210205078125" lon="113.410076536238193511962890625">
        <ele>17</ele>
        <time>2026-02-24T23:59:58.000Z</time>
        <extensions>
          <ns3:TrackPointExtension>
            <ns3:hr>138</ns3:hr>
            <ns3:cad>93</ns3:cad>
          </ns3:TrackPointExtension>
        </extensions>
      </trkpt>
      <trkpt lat="23.1685333885252475738525390625" lon="113.4100545756518840789794921875">
        <ele>17</ele>
        <time>2026-02-24T23:59:59.000Z</time>
        <extensions>
          <ns3:TrackPointExtension>
            <ns3:hr>139</ns3:hr>
            <ns3:cad>93</ns3:cad>
          </ns3:TrackPointExtension>
        </extensions>
      </trkpt>
      <trkpt lat="23.16852391697466373443603515625" lon="113.4100274182856082916259765625">
        <ele>16.799999237060546875</ele>
        <time>2026-02-25T00:00:00.000Z</time>
        <extensions>
          <ns3:TrackPointExtension>
            <ns3:hr>139</ns3:hr>
            <ns3:cad>91</ns3:cad>
          </ns3:TrackPointExtension>
        </extensions>
      </trkpt>
      <trkpt lat="23.168513439595699310302734375" lon="113.41000436805188655853271484375">
        <ele>16.799999237060546875</ele>
        <time>2026-02-25T00:00:01.000Z</time>
        <extensions>
          <ns3:TrackPointExtension>
            <ns3:hr>138</ns3:hr>
            <ns3:cad>91</ns3:cad>
          </ns3:TrackPointExtension>
        </extensions>
      </trkpt>
      <trkpt lat="23.168500363826751708984375" lon="113.40998056344687938690185546875">
        <ele>16.799999237060546875</ele>
        <time>2026-02-25T00:00:02.000Z</time>
        <extensions>
          <ns3:TrackPointExtension>
            <ns3:hr>139</ns3:hr>
            <ns3:cad>93</ns3:cad>
          </ns3:TrackPointExtension>
        </extensions>
      </trkpt>
      <trkpt lat="23.1684874556958675384521484375" lon="113.4099657274782657623291015625">
        <ele>16.799999237060546875</ele>
        <time>2026-02-25T00:00:03.000Z</time>
        <extensions>
          <ns3:TrackPointExtension>
            <ns3:hr>139</ns3:hr>
            <ns3:cad>93</ns3:cad>
          </ns3:TrackPointExtension>
        </extensions>
      </trkpt>
      <trkpt lat="23.16847530193626880645751953125" lon="113.40993949212133884429931640625">
        <ele>16.6000003814697265625</ele>
        <time>2026-02-25T00:00:04.000Z</time>
        <extensions>
          <ns3:TrackPointExtension>
            <ns3:hr>138</ns3:hr>
            <ns3:cad>92</ns3:cad>
          </ns3:TrackPointExtension>
        </extensions>
      </trkpt>
      <trkpt lat="23.16846071742475032806396484375" lon="113.409916274249553680419921875">
        <ele>16.6000003814697265625</ele>
        <time>2026-02-25T00:00:05.000Z</time>
        <extensions>
          <ns3:TrackPointExtension>
            <ns3:hr>139</ns3:hr>
            <ns3:cad>91</ns3:cad>
          </ns3:TrackPointExtension>
        </extensions>
      </trkpt>
      <trkpt lat="23.16844403743743896484375" lon="113.4098845906555652618408203125">
        <ele>16.6000003814697265625</ele>
        <time>2026-02-25T00:00:06.000Z</time>
        <extensions>
          <ns3:TrackPointExtension>
            <ns3:hr>139</ns3:hr>
            <ns3:cad>90</ns3:cad>
          </ns3:TrackPointExtension>
        </extensions>
      </trkpt>
      <trkpt lat="23.16842718981206417083740234375" lon="113.40986807830631732940673828125">
        <ele>16.6000003814697265625</ele>
        <time>2026-02-25T00:00:07.000Z</time>
        <extensions>
          <ns3:TrackPointExtension>
            <ns3:hr>138</ns3:hr>
            <ns3:cad>90</ns3:cad>
          </ns3:TrackPointExtension>
        </extensions>
      </trkpt>
      <trkpt lat="23.16841478459537029266357421875" lon="113.40984192676842212677001953125">
        <ele>16.6000003814697265625</ele>
        <time>2026-02-25T00:00:08.000Z</time>
        <extensions>
          <ns3:TrackPointExtension>
            <ns3:hr>138</ns3:hr>
            <ns3:cad>90</ns3:cad>
          </ns3:TrackPointExtension>
        </extensions>
      </trkpt>
      <trkpt lat="23.16839919425547122955322265625" lon="113.40982097201049327850341796875">
        <ele>16.6000003814697265625</ele>
        <time>2026-02-25T00:00:09.000Z</time>
        <extensions>
          <ns3:TrackPointExtension>
            <ns3:hr>138</ns3:hr>
            <ns3:cad>90</ns3:cad>
          </ns3:TrackPointExtension>
        </extensions>
      </trkpt>
      <trkpt lat="23.16838611848652362823486328125" lon="113.40979549102485179901123046875">
        <ele>16.6000003814697265625</ele>
        <time>2026-02-25T00:00:10.000Z</time>
        <extensions>
          <ns3:TrackPointExtension>
            <ns3:hr>138</ns3:hr>
            <ns3:cad>91</ns3:cad>
          </ns3:TrackPointExtension>
        </extensions>
      </trkpt>
      <trkpt lat="23.16837069578468799591064453125" lon="113.40977068059146404266357421875">
        <ele>16.3999996185302734375</ele>
        <time>2026-02-25T00:00:11.000Z</time>
        <extensions>
          <ns3:TrackPointExtension>
            <ns3:hr>138</ns3:hr>
            <ns3:cad>91</ns3:cad>
          </ns3:TrackPointExtension>
        </extensions>
      </trkpt>
      <trkpt lat="23.1683553569018840789794921875" lon="113.4097508154809474945068359375">
        <ele>16.3999996185302734375</ele>
        <time>2026-02-25T00:00:12.000Z</time>
        <extensions>
          <ns3:TrackPointExtension>
            <ns3:hr>138</ns3:hr>
            <ns3:cad>91</ns3:cad>
          </ns3:TrackPointExtension>
        </extensions>
      </trkpt>
      <trkpt lat="23.1683379225432872772216796875" lon="113.40972273610532283782958984375">
        <ele>16.200000762939453125</ele>
        <time>2026-02-25T00:00:13.000Z</time>
        <extensions>
          <ns3:TrackPointExtension>
            <ns3:hr>138</ns3:hr>
            <ns3:cad>91</ns3:cad>
          </ns3:TrackPointExtension>
        </extensions>
      </trkpt>
      <trkpt lat="23.16831889562308788299560546875" lon="113.409703038632869720458984375">
        <ele>16.200000762939453125</ele>
        <time>2026-02-25T00:00:14.000Z</time>
        <extensions>
          <ns3:TrackPointExtension>
            <ns3:hr>137</ns3:hr>
            <ns3:cad>93</ns3:cad>
          </ns3:TrackPointExtension>
        </extensions>
      </trkpt>
      <trkpt lat="23.16830129362642765045166015625" lon="113.40967495925724506378173828125">
        <ele>16.200000762939453125</ele>
        <time>2026-02-25T00:00:15.000Z</time>
        <extensions>
          <ns3:TrackPointExtension>
            <ns3:hr>137</ns3:hr>
            <ns3:cad>93</ns3:cad>
          </ns3:TrackPointExtension>
        </extensions>
      </trkpt>
      <trkpt lat="23.16828201524913311004638671875" lon="113.40965836308896541595458984375">
        <ele>16</ele>
        <time>2026-02-25T00:00:16.000Z</time>
        <extensions>
          <ns3:TrackPointExtension>
            <ns3:hr>137</ns3:hr>
            <ns3:cad>93</ns3:cad>
          </ns3:TrackPointExtension>
        </extensions>
      </trkpt>
      <trkpt lat="23.16826558671891689300537109375" lon="113.4096408449113368988037109375">
        <ele>16</ele>
        <time>2026-02-25T00:00:17.000Z</time>
        <extensions>
          <ns3:TrackPointExtension>
            <ns3:hr>137</ns3:hr>
            <ns3:cad>95</ns3:cad>
          </ns3:TrackPointExtension>
        </extensions>
      </trkpt>
      <trkpt lat="23.1682463921606540679931640625" lon="113.40962232090532779693603515625">
        <ele>16</ele>
        <time>2026-02-25T00:00:18.000Z</time>
        <extensions>
          <ns3:TrackPointExtension>
            <ns3:hr>137</ns3:hr>
            <ns3:cad>95</ns3:cad>
          </ns3:TrackPointExtension>
        </extensions>
      </trkpt>
      <trkpt lat="23.1682276166975498199462890625" lon="113.409599773585796356201171875">
        <ele>16</ele>
        <time>2026-02-25T00:00:19.000Z</time>
        <extensions>
          <ns3:TrackPointExtension>
            <ns3:hr>137</ns3:hr>
            <ns3:cad>95</ns3:cad>
          </ns3:TrackPointExtension>
        </extensions>
      </trkpt>
      <trkpt lat="23.16820624284446239471435546875" lon="113.40957554988563060760498046875">
        <ele>16</ele>
        <time>2026-02-25T00:00:20.000Z</time>
        <extensions>
          <ns3:TrackPointExtension>
            <ns3:hr>137</ns3:hr>
            <ns3:cad>95</ns3:cad>
          </ns3:TrackPointExtension>
        </extensions>
      </trkpt>
      <trkpt lat="23.16818562336266040802001953125" lon="113.40955920517444610595703125">
        <ele>16</ele>
        <time>2026-02-25T00:00:21.000Z</time>
        <extensions>
          <ns3:TrackPointExtension>
            <ns3:hr>137</ns3:hr>
            <ns3:cad>92</ns3:cad>
          </ns3:TrackPointExtension>
        </extensions>
      </trkpt>
      <trkpt lat="23.16815930418670177459716796875" lon="113.40954051353037357330322265625">
        <ele>16</ele>
        <time>2026-02-25T00:00:22.000Z</time>
        <extensions>
          <ns3:TrackPointExtension>
            <ns3:hr>137</ns3:hr>
            <ns3:cad>92</ns3:cad>
          </ns3:TrackPointExtension>
        </extensions>
      </trkpt>
      <trkpt lat="23.16813717596232891082763671875" lon="113.40952844358980655670166015625">
        <ele>15.80000019073486328125</ele>
        <time>2026-02-25T00:00:23.000Z</time>
        <extensions>
          <ns3:TrackPointExtension>
            <ns3:hr>137</ns3:hr>
            <ns3:cad>92</ns3:cad>
          </ns3:TrackPointExtension>
        </extensions>
      </trkpt>
      <trkpt lat="23.16811236552894115447998046875" lon="113.409507572650909423828125">
        <ele>15.80000019073486328125</ele>
        <time>2026-02-25T00:00:24.000Z</time>
        <extensions>
          <ns3:TrackPointExtension>
            <ns3:hr>137</ns3:hr>
            <ns3:cad>92</ns3:cad>
          </ns3:TrackPointExtension>
        </extensions>
      </trkpt>
      <trkpt lat="23.1680945120751857757568359375" lon="113.40949357487261295318603515625">
        <ele>15.80000019073486328125</ele>
        <time>2026-02-25T00:00:25.000Z</time>
        <extensions>
          <ns3:TrackPointExtension>
            <ns3:hr>136</ns3:hr>
            <ns3:cad>93</ns3:cad>
          </ns3:TrackPointExtension>
        </extensions>
      </trkpt>
      <trkpt lat="23.1680707074701786041259765625" lon="113.40947731398046016693115234375">
        <ele>15.80000019073486328125</ele>
        <time>2026-02-25T00:00:26.000Z</time>
        <extensions>
          <ns3:TrackPointExtension>
            <ns3:hr>136</ns3:hr>
            <ns3:cad>94</ns3:cad>
          </ns3:TrackPointExtension>
        </extensions>
      </trkpt>
      <trkpt lat="23.1680510938167572021484375" lon="113.40946407057344913482666015625">
        <ele>15.80000019073486328125</ele>
        <time>2026-02-25T00:00:27.000Z</time>
        <extensions>
          <ns3:TrackPointExtension>
            <ns3:hr>136</ns3:hr>
            <ns3:cad>94</ns3:cad>
          </ns3:TrackPointExtension>
        </extensions>
      </trkpt>
      <trkpt lat="23.1680287979543209075927734375" lon="113.4094433672726154327392578125">
        <ele>15.80000019073486328125</ele>
        <time>2026-02-25T00:00:28.000Z</time>
        <extensions>
          <ns3:TrackPointExtension>
            <ns3:hr>136</ns3:hr>
            <ns3:cad>93</ns3:cad>
          </ns3:TrackPointExtension>
        </extensions>
      </trkpt>
      <trkpt lat="23.167998790740966796875" lon="113.40943356044590473175048828125">
        <ele>15.6000003814697265625</ele>
        <time>2026-02-25T00:00:29.000Z</time>
        <extensions>
          <ns3:TrackPointExtension>
            <ns3:hr>135</ns3:hr>
            <ns3:cad>91</ns3:cad>
          </ns3:TrackPointExtension>
        </extensions>
      </trkpt>
      <trkpt lat="23.16797708161175251007080078125" lon="113.409420065581798553466796875">
        <ele>15.3999996185302734375</ele>
        <time>2026-02-25T00:00:30.000Z</time>
        <extensions>
          <ns3:TrackPointExtension>
            <ns3:hr>135</ns3:hr>
            <ns3:cad>91</ns3:cad>
          </ns3:TrackPointExtension>
        </extensions>
      </trkpt>
      <trkpt lat="23.16794556565582752227783203125" lon="113.4094064868986606597900390625">
        <ele>15.19999980926513671875</ele>
        <time>2026-02-25T00:00:31.000Z</time>
        <extensions>
          <ns3:TrackPointExtension>
            <ns3:hr>135</ns3:hr>
            <ns3:cad>91</ns3:cad>
          </ns3:TrackPointExtension>
        </extensions>
      </trkpt>
      <trkpt lat="23.1679218448698520660400390625" lon="113.40940204448997974395751953125">
        <ele>15.19999980926513671875</ele>
        <time>2026-02-25T00:00:32.000Z</time>
        <extensions>
          <ns3:TrackPointExtension>
            <ns3:hr>134</ns3:hr>
            <ns3:cad>94</ns3:cad>
          </ns3:TrackPointExtension>
        </extensions>
      </trkpt>
      <trkpt lat="23.167894184589385986328125" lon="113.4093908965587615966796875">
        <ele>15.19999980926513671875</ele>
        <time>2026-02-25T00:00:33.000Z</time>
        <extensions>
          <ns3:TrackPointExtension>
            <ns3:hr>134</ns3:hr>
            <ns3:cad>94</ns3:cad>
          </ns3:TrackPointExtension>
        </extensions>
      </trkpt>
      <trkpt lat="23.1678715534508228302001953125" lon="113.40938595123589038848876953125">
        <ele>15.19999980926513671875</ele>
        <time>2026-02-25T00:00:34.000Z</time>
        <extensions>
          <ns3:TrackPointExtension>
            <ns3:hr>134</ns3:hr>
            <ns3:cad>94</ns3:cad>
          </ns3:TrackPointExtension>
        </extensions>
      </trkpt>
      <trkpt lat="23.16784431226551532745361328125" lon="113.40937371365725994110107421875">
        <ele>15.19999980926513671875</ele>
        <time>2026-02-25T00:00:35.000Z</time>
        <extensions>
          <ns3:TrackPointExtension>
            <ns3:hr>134</ns3:hr>
            <ns3:cad>93</ns3:cad>
          </ns3:TrackPointExtension>
        </extensions>
      </trkpt>
      <trkpt lat="23.16782235167920589447021484375" lon="113.4093667566776275634765625">
        <ele>15.19999980926513671875</ele>
        <time>2026-02-25T00:00:36.000Z</time>
        <extensions>
          <ns3:TrackPointExtension>
            <ns3:hr>134</ns3:hr>
            <ns3:cad>91</ns3:cad>
          </ns3:TrackPointExtension>
        </extensions>
      </trkpt>
      <trkpt lat="23.1677947752177715301513671875" lon="113.4093533456325531005859375">
        <ele>15.19999980926513671875</ele>
        <time>2026-02-25T00:00:37.000Z</time>
        <extensions>
          <ns3:TrackPointExtension>
            <ns3:hr>134</ns3:hr>
            <ns3:cad>91</ns3:cad>
          </ns3:TrackPointExtension>
        </extensions>
      </trkpt>
      <trkpt lat="23.167771808803081512451171875" lon="113.409345634281635284423828125">
        <ele>15</ele>
        <time>2026-02-25T00:00:38.000Z</time>
        <extensions>
          <ns3:TrackPointExtension>
            <ns3:hr>133</ns3:hr>
            <ns3:cad>92</ns3:cad>
          </ns3:TrackPointExtension>
        </extensions>
      </trkpt>
      <trkpt lat="23.1677453219890594482421875" lon="113.4093327261507511138916015625">
        <ele>14.80000019073486328125</ele>
        <time>2026-02-25T00:00:39.000Z</time>
        <extensions>
          <ns3:TrackPointExtension>
            <ns3:hr>133</ns3:hr>
            <ns3:cad>93</ns3:cad>
          </ns3:TrackPointExtension>
        </extensions>
      </trkpt>
      <trkpt lat="23.16772026009857654571533203125" lon="113.409322835505008697509765625">
        <ele>14.80000019073486328125</ele>
        <time>2026-02-25T00:00:40.000Z</time>
        <extensions>
          <ns3:TrackPointExtension>
            <ns3:hr>133</ns3:hr>
            <ns3:cad>93</ns3:cad>
          </ns3:TrackPointExtension>
        </extensions>
      </trkpt>
      <trkpt lat="23.16769679076969623565673828125" lon="113.409313447773456573486328125">
        <ele>14.80000019073486328125</ele>
        <time>2026-02-25T00:00:41.000Z</time>
        <extensions>
          <ns3:TrackPointExtension>
            <ns3:hr>133</ns3:hr>
            <ns3:cad>93</ns3:cad>
          </ns3:TrackPointExtension>
        </extensions>
      </trkpt>
      <trkpt lat="23.167673237621784210205078125" lon="113.40930196456611156463623046875">
        <ele>14.80000019073486328125</ele>
        <time>2026-02-25T00:00:42.000Z</time>
        <extensions>
          <ns3:TrackPointExtension>
            <ns3:hr>133</ns3:hr>
            <ns3:cad>93</ns3:cad>
          </ns3:TrackPointExtension>
        </extensions>
      </trkpt>
      <trkpt lat="23.1676509417593479156494140625" lon="113.40928922407329082489013671875">
        <ele>14.80000019073486328125</ele>
        <time>2026-02-25T00:00:43.000Z</time>
        <extensions>
          <ns3:TrackPointExtension>
            <ns3:hr>132</ns3:hr>
            <ns3:cad>92</ns3:cad>
          </ns3:TrackPointExtension>
        </extensions>
      </trkpt>
      <trkpt lat="23.16762655042111873626708984375" lon="113.40928218327462673187255859375">
        <ele>14.80000019073486328125</ele>
        <time>2026-02-25T00:00:44.000Z</time>
        <extensions>
          <ns3:TrackPointExtension>
            <ns3:hr>133</ns3:hr>
            <ns3:cad>92</ns3:cad>
          </ns3:TrackPointExtension>
        </extensions>
      </trkpt>
      <trkpt lat="23.16759939305484294891357421875" lon="113.409269861876964569091796875">
        <ele>14.80000019073486328125</ele>
        <time>2026-02-25T00:00:45.000Z</time>
        <extensions>
          <ns3:TrackPointExtension>
            <ns3:hr>133</ns3:hr>
            <ns3:cad>91</ns3:cad>
          </ns3:TrackPointExtension>
        </extensions>
      </trkpt>
      <trkpt lat="23.16757324151694774627685546875" lon="113.4092613123357295989990234375">
        <ele>14.80000019073486328125</ele>
        <time>2026-02-25T00:00:46.000Z</time>
        <extensions>
          <ns3:TrackPointExtension>
            <ns3:hr>133</ns3:hr>
            <ns3:cad>90</ns3:cad>
          </ns3:TrackPointExtension>
        </extensions>
      </trkpt>
      <trkpt lat="23.16754482686519622802734375" lon="113.40925276279449462890625">
        <ele>14.80000019073486328125</ele>
        <time>2026-02-25T00:00:47.000Z</time>
        <extensions>
          <ns3:TrackPointExtension>
            <ns3:hr>134</ns3:hr>
            <ns3:cad>89</ns3:cad>
          </ns3:TrackPointExtension>
        </extensions>
      </trkpt>
      <trkpt lat="23.16752135753631591796875" lon="113.40925150550901889801025390625">
        <ele>14.6000003814697265625</ele>
        <time>2026-02-25T00:00:48.000Z</time>
        <extensions>
          <ns3:TrackPointExtension>
            <ns3:hr>134</ns3:hr>
            <ns3:cad>88</ns3:cad>
          </ns3:TrackPointExtension>
        </extensions>
      </trkpt>
      <trkpt lat="23.1674947030842304229736328125" lon="113.40924312360584735870361328125">
        <ele>14.6000003814697265625</ele>
        <time>2026-02-25T00:00:49.000Z</time>
        <extensions>
          <ns3:TrackPointExtension>
            <ns3:hr>134</ns3:hr>
            <ns3:cad>89</ns3:cad>
          </ns3:TrackPointExtension>
        </extensions>
      </trkpt>
      <trkpt lat="23.16747282631695270538330078125" lon="113.40925267897546291351318359375">
        <ele>14.6000003814697265625</ele>
        <time>2026-02-25T00:00:50.000Z</time>
        <extensions>
          <ns3:TrackPointExtension>
            <ns3:hr>134</ns3:hr>
            <ns3:cad>89</ns3:cad>
          </ns3:TrackPointExtension>
        </extensions>
      </trkpt>
      <trkpt lat="23.16744298674166202545166015625" lon="113.40925217606127262115478515625">
        <ele>14.6000003814697265625</ele>
        <time>2026-02-25T00:00:51.000Z</time>
        <extensions>
          <ns3:TrackPointExtension>
            <ns3:hr>134</ns3:hr>
            <ns3:cad>89</ns3:cad>
          </ns3:TrackPointExtension>
        </extensions>
      </trkpt>
      <trkpt lat="23.16741985268890857696533203125" lon="113.4092599712312221527099609375">
        <ele>14.6000003814697265625</ele>
        <time>2026-02-25T00:00:52.000Z</time>
        <extensions>
          <ns3:TrackPointExtension>
            <ns3:hr>134</ns3:hr>
            <ns3:cad>89</ns3:cad>
          </ns3:TrackPointExtension>
        </extensions>
      </trkpt>
      <trkpt lat="23.167390935122966766357421875" lon="113.4092542715370655059814453125">
        <ele>14.6000003814697265625</ele>
        <time>2026-02-25T00:00:53.000Z</time>
        <extensions>
          <ns3:TrackPointExtension>
            <ns3:hr>135</ns3:hr>
            <ns3:cad>89</ns3:cad>
          </ns3:TrackPointExtension>
        </extensions>
      </trkpt>
      <trkpt lat="23.16736637614667415618896484375" lon="113.409251756966114044189453125">
        <ele>14.6000003814697265625</ele>
        <time>2026-02-25T00:00:54.000Z</time>
        <extensions>
          <ns3:TrackPointExtension>
            <ns3:hr>135</ns3:hr>
            <ns3:cad>89</ns3:cad>
          </ns3:TrackPointExtension>
        </extensions>
      </trkpt>
      <trkpt lat="23.16733854822814464569091796875" lon="113.40923926793038845062255859375">
        <ele>14.3999996185302734375</ele>
        <time>2026-02-25T00:00:55.000Z</time>
        <extensions>
          <ns3:TrackPointExtension>
            <ns3:hr>136</ns3:hr>
            <ns3:cad>89</ns3:cad>
          </ns3:TrackPointExtension>
        </extensions>
      </trkpt>
      <trkpt lat="23.1673109717667102813720703125" lon="113.40923541225492954254150390625">
        <ele>14.3999996185302734375</ele>
        <time>2026-02-25T00:00:56.000Z</time>
        <extensions>
          <ns3:TrackPointExtension>
            <ns3:hr>137</ns3:hr>
            <ns3:cad>89</ns3:cad>
          </ns3:TrackPointExtension>
        </extensions>
      </trkpt>
      <trkpt lat="23.16728725098073482513427734375" lon="113.40922602452337741851806640625">
        <ele>14.3999996185302734375</ele>
        <time>2026-02-25T00:00:57.000Z</time>
        <extensions>
          <ns3:TrackPointExtension>
            <ns3:hr>138</ns3:hr>
            <ns3:cad>91</ns3:cad>
          </ns3:TrackPointExtension>
        </extensions>
      </trkpt>
      <trkpt lat="23.16726126708090305328369140625" lon="113.4092137031257152557373046875">
        <ele>14.3999996185302734375</ele>
        <time>2026-02-25T00:00:58.000Z</time>
        <extensions>
          <ns3:TrackPointExtension>
            <ns3:hr>140</ns3:hr>
            <ns3:cad>92</ns3:cad>
          </ns3:TrackPointExtension>
        </extensions>
      </trkpt>
      <trkpt lat="23.16723578609526157379150390625" lon="113.4092039801180362701416015625">
        <ele>14.19999980926513671875</ele>
        <time>2026-02-25T00:00:59.000Z</time>
        <extensions>
          <ns3:TrackPointExtension>
            <ns3:hr>141</ns3:hr>
            <ns3:cad>92</ns3:cad>
          </ns3:TrackPointExtension>
        </extensions>
      </trkpt>
      <trkpt lat="23.16720686852931976318359375" lon="113.4091892279684543609619140625">
        <ele>14.19999980926513671875</ele>
        <time>2026-02-25T00:01:00.000Z</time>
        <extensions>
          <ns3:TrackPointExtension>
            <ns3:hr>142</ns3:hr>
            <ns3:cad>92</ns3:cad>
          </ns3:TrackPointExtension>
        </extensions>
      </trkpt>
      <trkpt lat="23.16718499176204204559326171875" lon="113.40918277390301227569580078125">
        <ele>14.19999980926513671875</ele>
        <time>2026-02-25T00:01:01.000Z</time>
        <extensions>
          <ns3:TrackPointExtension>
            <ns3:hr>142</ns3:hr>
            <ns3:cad>93</ns3:cad>
          </ns3:TrackPointExtension>
        </extensions>
      </trkpt>
      <trkpt lat="23.167156241834163665771484375" lon="113.40917170979082584381103515625">
        <ele>14</ele>
        <time>2026-02-25T00:01:02.000Z</time>
        <extensions>
          <ns3:TrackPointExtension>
            <ns3:hr>143</ns3:hr>
            <ns3:cad>93</ns3:cad>
          </ns3:TrackPointExtension>
        </extensions>
      </trkpt>
      <trkpt lat="23.1671339459717273712158203125" lon="113.40916617773473262786865234375">
        <ele>14</ele>
        <time>2026-02-25T00:01:03.000Z</time>
        <extensions>
          <ns3:TrackPointExtension>
            <ns3:hr>143</ns3:hr>
            <ns3:cad>92</ns3:cad>
          </ns3:TrackPointExtension>
        </extensions>
      </trkpt>
      <trkpt lat="23.1671031005680561065673828125" lon="113.40915821492671966552734375">
        <ele>14</ele>
        <time>2026-02-25T00:01:04.000Z</time>
        <extensions>
          <ns3:TrackPointExtension>
            <ns3:hr>143</ns3:hr>
            <ns3:cad>92</ns3:cad>
          </ns3:TrackPointExtension>
        </extensions>
      </trkpt>
      <trkpt lat="23.16708239726722240447998046875" lon="113.40915109030902385711669921875">
        <ele>14</ele>
        <time>2026-02-25T00:01:05.000Z</time>
        <extensions>
          <ns3:TrackPointExtension>
            <ns3:hr>143</ns3:hr>
            <ns3:cad>92</ns3:cad>
          </ns3:TrackPointExtension>
        </extensions>
      </trkpt>
      <trkpt lat="23.16705222241580486297607421875" lon="113.40914438478648662567138671875">
        <ele>14</ele>
        <time>2026-02-25T00:01:06.000Z</time>
        <extensions>
          <ns3:TrackPointExtension>
            <ns3:hr>143</ns3:hr>
            <ns3:cad>92</ns3:cad>
          </ns3:TrackPointExtension>
        </extensions>
      </trkpt>
      <trkpt lat="23.167030178010463714599609375" lon="113.40914220549166202545166015625">
        <ele>13.80000019073486328125</ele>
        <time>2026-02-25T00:01:07.000Z</time>
        <extensions>
          <ns3:TrackPointExtension>
            <ns3:hr>143</ns3:hr>
            <ns3:cad>90</ns3:cad>
          </ns3:TrackPointExtension>
        </extensions>
      </trkpt>
      <trkpt lat="23.167002014815807342529296875" lon="113.4091339074075222015380859375">
        <ele>13.80000019073486328125</ele>
        <time>2026-02-25T00:01:08.000Z</time>
        <extensions>
          <ns3:TrackPointExtension>
            <ns3:hr>143</ns3:hr>
            <ns3:cad>90</ns3:cad>
          </ns3:TrackPointExtension>
        </extensions>
      </trkpt>
      <trkpt lat="23.1669797189533710479736328125" lon="113.4091339074075222015380859375">
        <ele>13.80000019073486328125</ele>
        <time>2026-02-25T00:01:09.000Z</time>
        <extensions>
          <ns3:TrackPointExtension>
            <ns3:hr>142</ns3:hr>
            <ns3:cad>90</ns3:cad>
          </ns3:TrackPointExtension>
        </extensions>
      </trkpt>
      <trkpt lat="23.16695197485387325286865234375" lon="113.40912661515176296234130859375">
        <ele>13.80000019073486328125</ele>
        <time>2026-02-25T00:01:10.000Z</time>
        <extensions>
          <ns3:TrackPointExtension>
            <ns3:hr>142</ns3:hr>
            <ns3:cad>90</ns3:cad>
          </ns3:TrackPointExtension>
        </extensions>
      </trkpt>
      <trkpt lat="23.16692951135337352752685546875" lon="113.409127034246921539306640625">
        <ele>13.80000019073486328125</ele>
        <time>2026-02-25T00:01:11.000Z</time>
        <extensions>
          <ns3:TrackPointExtension>
            <ns3:hr>142</ns3:hr>
            <ns3:cad>90</ns3:cad>
          </ns3:TrackPointExtension>
        </extensions>
      </trkpt>
      <trkpt lat="23.16689933650195598602294921875" lon="113.40911638922989368438720703125">
        <ele>13.80000019073486328125</ele>
        <time>2026-02-25T00:01:12.000Z</time>
        <extensions>
          <ns3:TrackPointExtension>
            <ns3:hr>142</ns3:hr>
            <ns3:cad>92</ns3:cad>
          </ns3:TrackPointExtension>
        </extensions>
      </trkpt>
      <trkpt lat="23.16687586717307567596435546875" lon="113.40912024490535259246826171875">
        <ele>13.80000019073486328125</ele>
        <time>2026-02-25T00:01:13.000Z</time>
        <extensions>
          <ns3:TrackPointExtension>
            <ns3:hr>141</ns3:hr>
            <ns3:cad>92</ns3:cad>
          </ns3:TrackPointExtension>
        </extensions>
      </trkpt>
      <trkpt lat="23.16684820689260959625244140625" lon="113.40910649858415126800537109375">
        <ele>13.80000019073486328125</ele>
        <time>2026-02-25T00:01:14.000Z</time>
        <extensions>
          <ns3:TrackPointExtension>
            <ns3:hr>141</ns3:hr>
            <ns3:cad>92</ns3:cad>
          </ns3:TrackPointExtension>
        </extensions>
      </trkpt>
      <trkpt lat="23.16682641394436359405517578125" lon="113.409108258783817291259765625">
        <ele>13.80000019073486328125</ele>
        <time>2026-02-25T00:01:15.000Z</time>
        <extensions>
          <ns3:TrackPointExtension>
            <ns3:hr>141</ns3:hr>
            <ns3:cad>93</ns3:cad>
          </ns3:TrackPointExtension>
        </extensions>
      </trkpt>
      <trkpt lat="23.16679690964519977569580078125" lon="113.40909727849066257476806640625">
        <ele>13.80000019073486328125</ele>
        <time>2026-02-25T00:01:16.000Z</time>
        <extensions>
          <ns3:TrackPointExtension>
            <ns3:hr>141</ns3:hr>
            <ns3:cad>92</ns3:cad>
          </ns3:TrackPointExtension>
        </extensions>
      </trkpt>
      <trkpt lat="23.1667795591056346893310546875" lon="113.4090933389961719512939453125">
        <ele>13.80000019073486328125</ele>
        <time>2026-02-25T00:01:17.000Z</time>
        <extensions>
          <ns3:TrackPointExtension>
            <ns3:hr>140</ns3:hr>
            <ns3:cad>92</ns3:cad>
          </ns3:TrackPointExtension>
        </extensions>
      </trkpt>
      <trkpt lat="23.1667527370154857635498046875" lon="113.40907716192305088043212890625">
        <ele>13.6000003814697265625</ele>
        <time>2026-02-25T00:01:18.000Z</time>
        <extensions>
          <ns3:TrackPointExtension>
            <ns3:hr>140</ns3:hr>
            <ns3:cad>92</ns3:cad>
          </ns3:TrackPointExtension>
        </extensions>
      </trkpt>
      <trkpt lat="23.16673840396106243133544921875" lon="113.40906836092472076416015625">
        <ele>13.6000003814697265625</ele>
        <time>2026-02-25T00:01:19.000Z</time>
        <extensions>
          <ns3:TrackPointExtension>
            <ns3:hr>140</ns3:hr>
            <ns3:cad>90</ns3:cad>
          </ns3:TrackPointExtension>
        </extensions>
      </trkpt>
      <trkpt lat="23.1667099893093109130859375" lon="113.409065343439579010009765625">
        <ele>13.6000003814697265625</ele>
        <time>2026-02-25T00:01:20.000Z</time>
        <extensions>
          <ns3:TrackPointExtension>
            <ns3:hr>140</ns3:hr>
            <ns3:cad>89</ns3:cad>
          </ns3:TrackPointExtension>
        </extensions>
      </trkpt>
      <trkpt lat="23.16669062711298465728759765625" lon="113.40906660072505474090576171875">
        <ele>13.6000003814697265625</ele>
        <time>2026-02-25T00:01:21.000Z</time>
        <extensions>
          <ns3:TrackPointExtension>
            <ns3:hr>140</ns3:hr>
            <ns3:cad>89</ns3:cad>
          </ns3:TrackPointExtension>
        </extensions>
      </trkpt>
      <trkpt lat="23.16666464321315288543701171875" lon="113.40906433761119842529296875">
        <ele>13.6000003814697265625</ele>
        <time>2026-02-25T00:01:22.000Z</time>
        <extensions>
          <ns3:TrackPointExtension>
            <ns3:hr>139</ns3:hr>
            <ns3:cad>90</ns3:cad>
          </ns3:TrackPointExtension>
        </extensions>
      </trkpt>
      <trkpt lat="23.16664301790297031402587890625" lon="113.409067355096340179443359375">
        <ele>13.6000003814697265625</ele>
        <time>2026-02-25T00:01:23.000Z</time>
        <extensions>
          <ns3:TrackPointExtension>
            <ns3:hr>138</ns3:hr>
            <ns3:cad>90</ns3:cad>
          </ns3:TrackPointExtension>
        </extensions>
      </trkpt>
      <trkpt lat="23.1666129268705844879150390625" lon="113.40906324796378612518310546875">
        <ele>13.6000003814697265625</ele>
        <time>2026-02-25T00:01:24.000Z</time>
        <extensions>
          <ns3:TrackPointExtension>
            <ns3:hr>138</ns3:hr>
            <ns3:cad>90</ns3:cad>
          </ns3:TrackPointExtension>
        </extensions>
      </trkpt>
      <trkpt lat="23.1665931455790996551513671875" lon="113.40906274504959583282470703125">
        <ele>13.6000003814697265625</ele>
        <time>2026-02-25T00:01:25.000Z</time>
        <extensions>
          <ns3:TrackPointExtension>
            <ns3:hr>137</ns3:hr>
            <ns3:cad>90</ns3:cad>
          </ns3:TrackPointExtension>
        </extensions>
      </trkpt>
      <trkpt lat="23.16656422801315784454345703125" lon="113.4090541116893291473388671875">
        <ele>13.6000003814697265625</ele>
        <time>2026-02-25T00:01:26.000Z</time>
        <extensions>
          <ns3:TrackPointExtension>
            <ns3:hr>136</ns3:hr>
            <ns3:cad>90</ns3:cad>
          </ns3:TrackPointExtension>
        </extensions>
      </trkpt>
      <trkpt lat="23.1665462069213390350341796875" lon="113.40905671007931232452392578125">
        <ele>13.6000003814697265625</ele>
        <time>2026-02-25T00:01:27.000Z</time>
        <extensions>
          <ns3:TrackPointExtension>
            <ns3:hr>136</ns3:hr>
            <ns3:cad>90</ns3:cad>
          </ns3:TrackPointExtension>
        </extensions>
      </trkpt>
      <trkpt lat="23.16651946865022182464599609375" lon="113.409051597118377685546875">
        <ele>13.6000003814697265625</ele>
        <time>2026-02-25T00:01:28.000Z</time>
        <extensions>
          <ns3:TrackPointExtension>
            <ns3:hr>136</ns3:hr>
            <ns3:cad>90</ns3:cad>
          </ns3:TrackPointExtension>
        </extensions>
      </trkpt>
      <trkpt lat="23.1664979271590709686279296875" lon="113.40905671007931232452392578125">
        <ele>13.6000003814697265625</ele>
        <time>2026-02-25T00:01:29.000Z</time>
        <extensions>
          <ns3:TrackPointExtension>
            <ns3:hr>135</ns3:hr>
            <ns3:cad>89</ns3:cad>
          </ns3:TrackPointExtension>
        </extensions>
      </trkpt>
      <trkpt lat="23.16646029241383075714111328125" lon="113.4090537764132022857666015625">
        <ele>13.6000003814697265625</ele>
        <time>2026-02-25T00:01:30.000Z</time>
        <extensions>
          <ns3:TrackPointExtension>
            <ns3:hr>135</ns3:hr>
            <ns3:cad>89</ns3:cad>
          </ns3:TrackPointExtension>
        </extensions>
      </trkpt>
      <trkpt lat="23.166444115340709686279296875" lon="113.409066684544086456298828125">
        <ele>13.6000003814697265625</ele>
        <time>2026-02-25T00:01:31.000Z</time>
        <extensions>
          <ns3:TrackPointExtension>
            <ns3:hr>135</ns3:hr>
            <ns3:cad>89</ns3:cad>
          </ns3:TrackPointExtension>
        </extensions>
      </trkpt>
      <trkpt lat="23.1664265133440494537353515625" lon="113.409089148044586181640625">
        <ele>13.6000003814697265625</ele>
        <time>2026-02-25T00:01:32.000Z</time>
        <extensions>
          <ns3:TrackPointExtension>
            <ns3:hr>135</ns3:hr>
            <ns3:cad>89</ns3:cad>
          </ns3:TrackPointExtension>
        </extensions>
      </trkpt>
      <trkpt lat="23.16642961464822292327880859375" lon="113.4091164730489253997802734375">
        <ele>13.6000003814697265625</ele>
        <time>2026-02-25T00:01:33.000Z</time>
        <extensions>
          <ns3:TrackPointExtension>
            <ns3:hr>135</ns3:hr>
            <ns3:cad>90</ns3:cad>
          </ns3:TrackPointExtension>
        </extensions>
      </trkpt>
      <trkpt lat="23.1664392538368701934814453125" lon="113.40913902036845684051513671875">
        <ele>13.80000019073486328125</ele>
        <time>2026-02-25T00:01:34.000Z</time>
        <extensions>
          <ns3:TrackPointExtension>
            <ns3:hr>134</ns3:hr>
            <ns3:cad>90</ns3:cad>
          </ns3:TrackPointExtension>
        </extensions>
      </trkpt>
      <trkpt lat="23.16645442508161067962646484375" lon="113.40916399843990802764892578125">
        <ele>13.80000019073486328125</ele>
        <time>2026-02-25T00:01:35.000Z</time>
        <extensions>
          <ns3:TrackPointExtension>
            <ns3:hr>134</ns3:hr>
            <ns3:cad>90</ns3:cad>
          </ns3:TrackPointExtension>
        </extensions>
      </trkpt>
      <trkpt lat="23.1664654053747653961181640625" lon="113.4091868810355663299560546875">
        <ele>13.6000003814697265625</ele>
        <time>2026-02-25T00:01:36.000Z</time>
        <extensions>
          <ns3:TrackPointExtension>
            <ns3:hr>134</ns3:hr>
            <ns3:cad>91</ns3:cad>
          </ns3:TrackPointExtension>
        </extensions>
      </trkpt>
      <trkpt lat="23.1664793193340301513671875" lon="113.40921529568731784820556640625">
        <ele>13.6000003814697265625</ele>
        <time>2026-02-25T00:01:37.000Z</time>
        <extensions>
          <ns3:TrackPointExtension>
            <ns3:hr>134</ns3:hr>
            <ns3:cad>91</ns3:cad>
          </ns3:TrackPointExtension>
        </extensions>
      </trkpt>
      <trkpt lat="23.16649314947426319122314453125" lon="113.40923465788364410400390625">
        <ele>13.6000003814697265625</ele>
        <time>2026-02-25T00:01:38.000Z</time>
        <extensions>
          <ns3:TrackPointExtension>
            <ns3:hr>134</ns3:hr>
            <ns3:cad>91</ns3:cad>
          </ns3:TrackPointExtension>
        </extensions>
      </trkpt>
      <trkpt lat="23.16651125438511371612548828125" lon="113.40926357544958591461181640625">
        <ele>13.6000003814697265625</ele>
        <time>2026-02-25T00:01:39.000Z</time>
        <extensions>
          <ns3:TrackPointExtension>
            <ns3:hr>134</ns3:hr>
            <ns3:cad>91</ns3:cad>
          </ns3:TrackPointExtension>
        </extensions>
      </trkpt>
      <trkpt lat="23.16653489135205745697021484375" lon="113.40927765704691410064697265625">
        <ele>13.6000003814697265625</ele>
        <time>2026-02-25T00:01:40.000Z</time>
        <extensions>
          <ns3:TrackPointExtension>
            <ns3:hr>134</ns3:hr>
            <ns3:cad>91</ns3:cad>
          </ns3:TrackPointExtension>
        </extensions>
      </trkpt>
      <trkpt lat="23.16655500791966915130615234375" lon="113.40930481441318988800048828125">
        <ele>13.6000003814697265625</ele>
        <time>2026-02-25T00:01:41.000Z</time>
        <extensions>
          <ns3:TrackPointExtension>
            <ns3:hr>133</ns3:hr>
            <ns3:cad>92</ns3:cad>
          </ns3:TrackPointExtension>
        </extensions>
      </trkpt>
      <trkpt lat="23.166576214134693145751953125" lon="113.40933012776076793670654296875">
        <ele>13.6000003814697265625</ele>
        <time>2026-02-25T00:01:42.000Z</time>
        <extensions>
          <ns3:TrackPointExtension>
            <ns3:hr>134</ns3:hr>
            <ns3:cad>92</ns3:cad>
          </ns3:TrackPointExtension>
        </extensions>
      </trkpt>
      <trkpt lat="23.1665924750268459320068359375" lon="113.4093531779944896697998046875">
        <ele>13.80000019073486328125</ele>
        <time>2026-02-25T00:01:43.000Z</time>
        <extensions>
          <ns3:TrackPointExtension>
            <ns3:hr>134</ns3:hr>
            <ns3:cad>92</ns3:cad>
          </ns3:TrackPointExtension>
        </extensions>
      </trkpt>
      <trkpt lat="23.16661150194704532623291015625" lon="113.4093883819878101348876953125">
        <ele>13.80000019073486328125</ele>
        <time>2026-02-25T00:01:44.000Z</time>
        <extensions>
          <ns3:TrackPointExtension>
            <ns3:hr>134</ns3:hr>
            <ns3:cad>94</ns3:cad>
          </ns3:TrackPointExtension>
        </extensions>
      </trkpt>
      <trkpt lat="23.1666362285614013671875" lon="113.4094078280031681060791015625">
        <ele>13.80000019073486328125</ele>
        <time>2026-02-25T00:01:45.000Z</time>
        <extensions>
          <ns3:TrackPointExtension>
            <ns3:hr>133</ns3:hr>
            <ns3:cad>95</ns3:cad>
          </ns3:TrackPointExtension>
        </extensions>
      </trkpt>
      <trkpt lat="23.16665559075772762298583984375" lon="113.4094356559216976165771484375">
        <ele>13.80000019073486328125</ele>
        <time>2026-02-25T00:01:46.000Z</time>
        <extensions>
          <ns3:TrackPointExtension>
            <ns3:hr>134</ns3:hr>
            <ns3:cad>95</ns3:cad>
          </ns3:TrackPointExtension>
        </extensions>
      </trkpt>
      <trkpt lat="23.1666752882301807403564453125" lon="113.4094644896686077117919921875">
        <ele>13.80000019073486328125</ele>
        <time>2026-02-25T00:01:47.000Z</time>
        <extensions>
          <ns3:TrackPointExtension>
            <ns3:hr>134</ns3:hr>
            <ns3:cad>97</ns3:cad>
          </ns3:TrackPointExtension>
        </extensions>
      </trkpt>
      <trkpt lat="23.16669188439846038818359375" lon="113.4094847738742828369140625">
        <ele>13.80000019073486328125</ele>
        <time>2026-02-25T00:01:48.000Z</time>
        <extensions>
          <ns3:TrackPointExtension>
            <ns3:hr>134</ns3:hr>
            <ns3:cad>97</ns3:cad>
          </ns3:TrackPointExtension>
        </extensions>
      </trkpt>
      <trkpt lat="23.1667108274996280670166015625" lon="113.40951670892536640167236328125">
        <ele>13.80000019073486328125</ele>
        <time>2026-02-25T00:01:49.000Z</time>
        <extensions>
          <ns3:TrackPointExtension>
            <ns3:hr>134</ns3:hr>
            <ns3:cad>97</ns3:cad>
          </ns3:TrackPointExtension>
        </extensions>
      </trkpt>
      <trkpt lat="23.166731111705303192138671875" lon="113.409536741673946380615234375">
        <ele>14</ele>
        <time>2026-02-25T00:01:50.000Z</time>
        <extensions>
          <ns3:TrackPointExtension>
            <ns3:hr>134</ns3:hr>
            <ns3:cad>97</ns3:cad>
          </ns3:TrackPointExtension>
        </extensions>
      </trkpt>
      <trkpt lat="23.1667524017393589019775390625" lon="113.409563563764095306396484375">
        <ele>14</ele>
        <time>2026-02-25T00:01:51.000Z</time>
        <extensions>
          <ns3:TrackPointExtension>
            <ns3:hr>134</ns3:hr>
            <ns3:cad>97</ns3:cad>
          </ns3:TrackPointExtension>
        </extensions>
      </trkpt>
      <trkpt lat="23.16677142865955829620361328125" lon="113.4095882065594196319580078125">
        <ele>14.19999980926513671875</ele>
        <time>2026-02-25T00:01:52.000Z</time>
        <extensions>
          <ns3:TrackPointExtension>
            <ns3:hr>134</ns3:hr>
            <ns3:cad>96</ns3:cad>
          </ns3:TrackPointExtension>
        </extensions>
      </trkpt>
      <trkpt lat="23.16678844392299652099609375" lon="113.40961628593504428863525390625">
        <ele>14.19999980926513671875</ele>
        <time>2026-02-25T00:01:53.000Z</time>
        <extensions>
          <ns3:TrackPointExtension>
            <ns3:hr>135</ns3:hr>
            <ns3:cad>96</ns3:cad>
          </ns3:TrackPointExtension>
        </extensions>
      </trkpt>
      <trkpt lat="23.1668070517480373382568359375" lon="113.409642688930034637451171875">
        <ele>14.3999996185302734375</ele>
        <time>2026-02-25T00:01:54.000Z</time>
        <extensions>
          <ns3:TrackPointExtension>
            <ns3:hr>134</ns3:hr>
            <ns3:cad>96</ns3:cad>
          </ns3:TrackPointExtension>
        </extensions>
      </trkpt>
      <trkpt lat="23.16682037897408008575439453125" lon="113.4096636436879634857177734375">
        <ele>14.3999996185302734375</ele>
        <time>2026-02-25T00:01:55.000Z</time>
        <extensions>
          <ns3:TrackPointExtension>
            <ns3:hr>134</ns3:hr>
            <ns3:cad>96</ns3:cad>
          </ns3:TrackPointExtension>
        </extensions>
      </trkpt>
      <trkpt lat="23.1668362207710742950439453125" lon="113.40969222597777843475341796875">
        <ele>14.3999996185302734375</ele>
        <time>2026-02-25T00:01:56.000Z</time>
        <extensions>
          <ns3:TrackPointExtension>
            <ns3:hr>135</ns3:hr>
            <ns3:cad>96</ns3:cad>
          </ns3:TrackPointExtension>
        </extensions>
      </trkpt>
      <trkpt lat="23.1668553315103054046630859375" lon="113.40970479883253574371337890625">
        <ele>14.3999996185302734375</ele>
        <time>2026-02-25T00:01:57.000Z</time>
        <extensions>
          <ns3:TrackPointExtension>
            <ns3:hr>134</ns3:hr>
            <ns3:cad>95</ns3:cad>
          </ns3:TrackPointExtension>
        </extensions>
      </trkpt>
      <trkpt lat="23.16687268204987049102783203125" lon="113.4097350575029850006103515625">
        <ele>14.3999996185302734375</ele>
        <time>2026-02-25T00:01:58.000Z</time>
        <extensions>
          <ns3:TrackPointExtension>
            <ns3:hr>134</ns3:hr>
            <ns3:cad>95</ns3:cad>
          </ns3:TrackPointExtension>
        </extensions>
      </trkpt>
      <trkpt lat="23.16689439117908477783203125" lon="113.40975358150899410247802734375">
        <ele>14.3999996185302734375</ele>
        <time>2026-02-25T00:01:59.000Z</time>
        <extensions>
          <ns3:TrackPointExtension>
            <ns3:hr>135</ns3:hr>
            <ns3:cad>95</ns3:cad>
          </ns3:TrackPointExtension>
        </extensions>
      </trkpt>
      <trkpt lat="23.166912496089935302734375" lon="113.409781493246555328369140625">
        <ele>14.3999996185302734375</ele>
        <time>2026-02-25T00:02:00.000Z</time>
        <extensions>
          <ns3:TrackPointExtension>
            <ns3:hr>135</ns3:hr>
            <ns3:cad>94</ns3:cad>
          </ns3:TrackPointExtension>
        </extensions>
      </trkpt>
      <trkpt lat="23.1669337861239910125732421875" lon="113.40981158427894115447998046875">
        <ele>14.3999996185302734375</ele>
        <time>2026-02-25T00:02:01.000Z</time>
        <extensions>
          <ns3:TrackPointExtension>
            <ns3:hr>135</ns3:hr>
            <ns3:cad>91</ns3:cad>
          </ns3:TrackPointExtension>
        </extensions>
      </trkpt>
      <trkpt lat="23.16695432178676128387451171875" lon="113.4098376519978046417236328125">
        <ele>14.19999980926513671875</ele>
        <time>2026-02-25T00:02:02.000Z</time>
        <extensions>
          <ns3:TrackPointExtension>
            <ns3:hr>136</ns3:hr>
            <ns3:cad>91</ns3:cad>
          </ns3:TrackPointExtension>
        </extensions>
      </trkpt>
      <trkpt lat="23.1669753603637218475341796875" lon="113.40986497700214385986328125">
        <ele>14.19999980926513671875</ele>
        <time>2026-02-25T00:02:03.000Z</time>
        <extensions>
          <ns3:TrackPointExtension>
            <ns3:hr>136</ns3:hr>
            <ns3:cad>91</ns3:cad>
          </ns3:TrackPointExtension>
        </extensions>
      </trkpt>
      <trkpt lat="23.16699095070362091064453125" lon="113.4098842553794384002685546875">
        <ele>14.19999980926513671875</ele>
        <time>2026-02-25T00:02:04.000Z</time>
        <extensions>
          <ns3:TrackPointExtension>
            <ns3:hr>136</ns3:hr>
            <ns3:cad>92</ns3:cad>
          </ns3:TrackPointExtension>
        </extensions>
      </trkpt>
      <trkpt lat="23.1670135818421840667724609375" lon="113.40991216711699962615966796875">
        <ele>14.3999996185302734375</ele>
        <time>2026-02-25T00:02:05.000Z</time>
        <extensions>
          <ns3:TrackPointExtension>
            <ns3:hr>137</ns3:hr>
            <ns3:cad>93</ns3:cad>
          </ns3:TrackPointExtension>
        </extensions>
      </trkpt>
      <trkpt lat="23.16703177057206630706787109375" lon="113.40993077494204044342041015625">
        <ele>14.3999996185302734375</ele>
        <time>2026-02-25T00:02:06.000Z</time>
        <extensions>
          <ns3:TrackPointExtension>
            <ns3:hr>137</ns3:hr>
            <ns3:cad>95</ns3:cad>
          </ns3:TrackPointExtension>
        </extensions>
      </trkpt>
      <trkpt lat="23.16705188713967800140380859375" lon="113.4099563397467136383056640625">
        <ele>14.3999996185302734375</ele>
        <time>2026-02-25T00:02:07.000Z</time>
        <extensions>
          <ns3:TrackPointExtension>
            <ns3:hr>137</ns3:hr>
            <ns3:cad>95</ns3:cad>
          </ns3:TrackPointExtension>
        </extensions>
      </trkpt>
      <trkpt lat="23.16706865094602108001708984375" lon="113.409982658922672271728515625">
        <ele>14.3999996185302734375</ele>
        <time>2026-02-25T00:02:08.000Z</time>
        <extensions>
          <ns3:TrackPointExtension>
            <ns3:hr>138</ns3:hr>
            <ns3:cad>95</ns3:cad>
          </ns3:TrackPointExtension>
        </extensions>
      </trkpt>
      <trkpt lat="23.16708759404718875885009765625" lon="113.4100036136806011199951171875">
        <ele>14.3999996185302734375</ele>
        <time>2026-02-25T00:02:09.000Z</time>
        <extensions>
          <ns3:TrackPointExtension>
            <ns3:hr>138</ns3:hr>
            <ns3:cad>95</ns3:cad>
          </ns3:TrackPointExtension>
        </extensions>
      </trkpt>
      <trkpt lat="23.16710553131997585296630859375" lon="113.4100311063230037689208984375">
        <ele>14.19999980926513671875</ele>
        <time>2026-02-25T00:02:10.000Z</time>
        <extensions>
          <ns3:TrackPointExtension>
            <ns3:hr>138</ns3:hr>
            <ns3:cad>95</ns3:cad>
          </ns3:TrackPointExtension>
        </extensions>
      </trkpt>
      <trkpt lat="23.1671191938221454620361328125" lon="113.410052396357059478759765625">
        <ele>14</ele>
        <time>2026-02-25T00:02:11.000Z</time>
        <extensions>
          <ns3:TrackPointExtension>
            <ns3:hr>139</ns3:hr>
            <ns3:cad>95</ns3:cad>
          </ns3:TrackPointExtension>
        </extensions>
      </trkpt>
      <trkpt lat="23.16713604144752025604248046875" lon="113.41008248738944530487060546875">
        <ele>14</ele>
        <time>2026-02-25T00:02:12.000Z</time>
        <extensions>
          <ns3:TrackPointExtension>
            <ns3:hr>139</ns3:hr>
            <ns3:cad>95</ns3:cad>
          </ns3:TrackPointExtension>
        </extensions>
      </trkpt>
      <trkpt lat="23.1671554036438465118408203125" lon="113.41010428033769130706787109375">
        <ele>14</ele>
        <time>2026-02-25T00:02:13.000Z</time>
        <extensions>
          <ns3:TrackPointExtension>
            <ns3:hr>139</ns3:hr>
            <ns3:cad>95</ns3:cad>
          </ns3:TrackPointExtension>
        </extensions>
      </trkpt>
      <trkpt lat="23.16716797649860382080078125" lon="113.41013026423752307891845703125">
        <ele>14.19999980926513671875</ele>
        <time>2026-02-25T00:02:14.000Z</time>
        <extensions>
          <ns3:TrackPointExtension>
            <ns3:hr>139</ns3:hr>
            <ns3:cad>95</ns3:cad>
          </ns3:TrackPointExtension>
        </extensions>
      </trkpt>
      <trkpt lat="23.167183063924312591552734375" lon="113.41015943326056003570556640625">
        <ele>14.19999980926513671875</ele>
        <time>2026-02-25T00:02:15.000Z</time>
        <extensions>
          <ns3:TrackPointExtension>
            <ns3:hr>140</ns3:hr>
            <ns3:cad>93</ns3:cad>
          </ns3:TrackPointExtension>
        </extensions>
      </trkpt>
      <trkpt lat="23.167198486626148223876953125" lon="113.410180471837520599365234375">
        <ele>14.19999980926513671875</ele>
        <time>2026-02-25T00:02:16.000Z</time>
        <extensions>
          <ns3:TrackPointExtension>
            <ns3:hr>139</ns3:hr>
            <ns3:cad>93</ns3:cad>
          </ns3:TrackPointExtension>
        </extensions>
      </trkpt>
      <trkpt lat="23.16721868701279163360595703125" lon="113.4102094732224941253662109375">
        <ele>14.19999980926513671875</ele>
        <time>2026-02-25T00:02:17.000Z</time>
        <extensions>
          <ns3:TrackPointExtension>
            <ns3:hr>140</ns3:hr>
            <ns3:cad>95</ns3:cad>
          </ns3:TrackPointExtension>
        </extensions>
      </trkpt>
      <trkpt lat="23.1672410666942596435546875" lon="113.41022816486656665802001953125">
        <ele>14.19999980926513671875</ele>
        <time>2026-02-25T00:02:18.000Z</time>
        <extensions>
          <ns3:TrackPointExtension>
            <ns3:hr>140</ns3:hr>
            <ns3:cad>96</ns3:cad>
          </ns3:TrackPointExtension>
        </extensions>
      </trkpt>
      <trkpt lat="23.1672623567283153533935546875" lon="113.41025666333734989166259765625">
        <ele>14.19999980926513671875</ele>
        <time>2026-02-25T00:02:19.000Z</time>
        <extensions>
          <ns3:TrackPointExtension>
            <ns3:hr>140</ns3:hr>
            <ns3:cad>96</ns3:cad>
          </ns3:TrackPointExtension>
        </extensions>
      </trkpt>
      <trkpt lat="23.16728507168591022491455078125" lon="113.41027376241981983184814453125">
        <ele>14.19999980926513671875</ele>
        <time>2026-02-25T00:02:20.000Z</time>
        <extensions>
          <ns3:TrackPointExtension>
            <ns3:hr>140</ns3:hr>
            <ns3:cad>94</ns3:cad>
          </ns3:TrackPointExtension>
        </extensions>
      </trkpt>
      <trkpt lat="23.16730468533933162689208984375" lon="113.4103016741573810577392578125">
        <ele>14</ele>
        <time>2026-02-25T00:02:21.000Z</time>
        <extensions>
          <ns3:TrackPointExtension>
            <ns3:hr>140</ns3:hr>
            <ns3:cad>94</ns3:cad>
          </ns3:TrackPointExtension>
        </extensions>
      </trkpt>
      <trkpt lat="23.1673228740692138671875" lon="113.4103181026875972747802734375">
        <ele>14.19999980926513671875</ele>
        <time>2026-02-25T00:02:22.000Z</time>
        <extensions>
          <ns3:TrackPointExtension>
            <ns3:hr>140</ns3:hr>
            <ns3:cad>92</ns3:cad>
          </ns3:TrackPointExtension>
        </extensions>
      </trkpt>
      <trkpt lat="23.1673408113420009613037109375" lon="113.4103472717106342315673828125">
        <ele>14.19999980926513671875</ele>
        <time>2026-02-25T00:02:23.000Z</time>
        <extensions>
          <ns3:TrackPointExtension>
            <ns3:hr>140</ns3:hr>
            <ns3:cad>92</ns3:cad>
          </ns3:TrackPointExtension>
        </extensions>
      </trkpt>
      <trkpt lat="23.16735967062413692474365234375" lon="113.41036143712699413299560546875">
        <ele>14.19999980926513671875</ele>
        <time>2026-02-25T00:02:24.000Z</time>
        <extensions>
          <ns3:TrackPointExtension>
            <ns3:hr>140</ns3:hr>
            <ns3:cad>90</ns3:cad>
          </ns3:TrackPointExtension>
        </extensions>
      </trkpt>
      <trkpt lat="23.16738146357238292694091796875" lon="113.41039094142615795135498046875">
        <ele>14.3999996185302734375</ele>
        <time>2026-02-25T00:02:25.000Z</time>
        <extensions>
          <ns3:TrackPointExtension>
            <ns3:hr>140</ns3:hr>
            <ns3:cad>89</ns3:cad>
          </ns3:TrackPointExtension>
        </extensions>
      </trkpt>
      <trkpt lat="23.16740040667355060577392578125" lon="113.410410471260547637939453125">
        <ele>14.3999996185302734375</ele>
        <time>2026-02-25T00:02:26.000Z</time>
        <extensions>
          <ns3:TrackPointExtension>
            <ns3:hr>140</ns3:hr>
            <ns3:cad>89</ns3:cad>
          </ns3:TrackPointExtension>
        </extensions>
      </trkpt>
      <trkpt lat="23.16741834394633769989013671875" lon="113.410435616970062255859375">
        <ele>14.3999996185302734375</ele>
        <time>2026-02-25T00:02:27.000Z</time>
        <extensions>
          <ns3:TrackPointExtension>
            <ns3:hr>140</ns3:hr>
            <ns3:cad>89</ns3:cad>
          </ns3:TrackPointExtension>
        </extensions>
      </trkpt>
      <trkpt lat="23.16743393428623676300048828125" lon="113.4104532189667224884033203125">
        <ele>14.3999996185302734375</ele>
        <time>2026-02-25T00:02:28.000Z</time>
        <extensions>
          <ns3:TrackPointExtension>
            <ns3:hr>140</ns3:hr>
            <ns3:cad>89</ns3:cad>
          </ns3:TrackPointExtension>
        </extensions>
      </trkpt>
      <trkpt lat="23.167453296482563018798828125" lon="113.41047928668558597564697265625">
        <ele>14.3999996185302734375</ele>
        <time>2026-02-25T00:02:29.000Z</time>
        <extensions>
          <ns3:TrackPointExtension>
            <ns3:hr>140</ns3:hr>
            <ns3:cad>89</ns3:cad>
          </ns3:TrackPointExtension>
        </extensions>
      </trkpt>
      <trkpt lat="23.16747508943080902099609375" lon="113.410494960844516754150390625">
        <ele>14.3999996185302734375</ele>
        <time>2026-02-25T00:02:30.000Z</time>
        <extensions>
          <ns3:TrackPointExtension>
            <ns3:hr>140</ns3:hr>
            <ns3:cad>90</ns3:cad>
          </ns3:TrackPointExtension>
        </extensions>
      </trkpt>
      <trkpt lat="23.16749562509357929229736328125" lon="113.4105206094682216644287109375">
        <ele>14.3999996185302734375</ele>
        <time>2026-02-25T00:02:31.000Z</time>
        <extensions>
          <ns3:TrackPointExtension>
            <ns3:hr>140</ns3:hr>
            <ns3:cad>90</ns3:cad>
          </ns3:TrackPointExtension>
        </extensions>
      </trkpt>
      <trkpt lat="23.1675084494054317474365234375" lon="113.41054097749292850494384765625">
        <ele>14.3999996185302734375</ele>
        <time>2026-02-25T00:02:32.000Z</time>
        <extensions>
          <ns3:TrackPointExtension>
            <ns3:hr>140</ns3:hr>
            <ns3:cad>90</ns3:cad>
          </ns3:TrackPointExtension>
        </extensions>
      </trkpt>
      <trkpt lat="23.16752202808856964111328125" lon="113.410570062696933746337890625">
        <ele>14.3999996185302734375</ele>
        <time>2026-02-25T00:02:33.000Z</time>
        <extensions>
          <ns3:TrackPointExtension>
            <ns3:hr>140</ns3:hr>
            <ns3:cad>92</ns3:cad>
          </ns3:TrackPointExtension>
        </extensions>
      </trkpt>
      <trkpt lat="23.16753837279975414276123046875" lon="113.4105883352458477020263671875">
        <ele>14.3999996185302734375</ele>
        <time>2026-02-25T00:02:34.000Z</time>
        <extensions>
          <ns3:TrackPointExtension>
            <ns3:hr>140</ns3:hr>
            <ns3:cad>91</ns3:cad>
          </ns3:TrackPointExtension>
        </extensions>
      </trkpt>
      <trkpt lat="23.16754574887454509735107421875" lon="113.41061490587890148162841796875">
        <ele>14.6000003814697265625</ele>
        <time>2026-02-25T00:02:35.000Z</time>
        <extensions>
          <ns3:TrackPointExtension>
            <ns3:hr>140</ns3:hr>
            <ns3:cad>90</ns3:cad>
          </ns3:TrackPointExtension>
        </extensions>
      </trkpt>
      <trkpt lat="23.16755211912095546722412109375" lon="113.410639129579067230224609375">
        <ele>14.80000019073486328125</ele>
        <time>2026-02-25T00:02:36.000Z</time>
        <extensions>
          <ns3:TrackPointExtension>
            <ns3:hr>140</ns3:hr>
            <ns3:cad>90</ns3:cad>
          </ns3:TrackPointExtension>
        </extensions>
      </trkpt>
      <trkpt lat="23.1675456650555133819580078125" lon="113.41067156754434108734130859375">
        <ele>15</ele>
        <time>2026-02-25T00:02:37.000Z</time>
        <extensions>
          <ns3:TrackPointExtension>
            <ns3:hr>140</ns3:hr>
            <ns3:cad>90</ns3:cad>
          </ns3:TrackPointExtension>
        </extensions>
      </trkpt>
      <trkpt lat="23.16754809580743312835693359375" lon="113.4106957912445068359375">
        <ele>15</ele>
        <time>2026-02-25T00:02:38.000Z</time>
        <extensions>
          <ns3:TrackPointExtension>
            <ns3:hr>140</ns3:hr>
            <ns3:cad>89</ns3:cad>
          </ns3:TrackPointExtension>
        </extensions>
      </trkpt>
      <trkpt lat="23.16754390485584735870361328125" lon="113.41072328388690948486328125">
        <ele>15</ele>
        <time>2026-02-25T00:02:39.000Z</time>
        <extensions>
          <ns3:TrackPointExtension>
            <ns3:hr>140</ns3:hr>
            <ns3:cad>89</ns3:cad>
          </ns3:TrackPointExtension>
        </extensions>
      </trkpt>
      <trkpt lat="23.16754256375133991241455078125" lon="113.41074876487255096435546875">
        <ele>15</ele>
        <time>2026-02-25T00:02:40.000Z</time>
        <extensions>
          <ns3:TrackPointExtension>
            <ns3:hr>140</ns3:hr>
            <ns3:cad>89</ns3:cad>
          </ns3:TrackPointExtension>
        </extensions>
      </trkpt>
      <trkpt lat="23.1675356067717075347900390625" lon="113.41078103519976139068603515625">
        <ele>15</ele>
        <time>2026-02-25T00:02:41.000Z</time>
        <extensions>
          <ns3:TrackPointExtension>
            <ns3:hr>140</ns3:hr>
            <ns3:cad>89</ns3:cad>
          </ns3:TrackPointExtension>
        </extensions>
      </trkpt>
      <trkpt lat="23.16753518767654895782470703125" lon="113.410802744328975677490234375">
        <ele>15</ele>
        <time>2026-02-25T00:02:42.000Z</time>
        <extensions>
          <ns3:TrackPointExtension>
            <ns3:hr>140</ns3:hr>
            <ns3:cad>89</ns3:cad>
          </ns3:TrackPointExtension>
        </extensions>
      </trkpt>
      <trkpt lat="23.16752747632563114166259765625" lon="113.4108371101319789886474609375">
        <ele>15</ele>
        <time>2026-02-25T00:02:43.000Z</time>
        <extensions>
          <ns3:TrackPointExtension>
            <ns3:hr>140</ns3:hr>
            <ns3:cad>89</ns3:cad>
          </ns3:TrackPointExtension>
        </extensions>
      </trkpt>
      <trkpt lat="23.16752881743013858795166015625" lon="113.410864770412445068359375">
        <ele>15.19999980926513671875</ele>
        <time>2026-02-25T00:02:44.000Z</time>
        <extensions>
          <ns3:TrackPointExtension>
            <ns3:hr>140</ns3:hr>
            <ns3:cad>89</ns3:cad>
          </ns3:TrackPointExtension>
        </extensions>
      </trkpt>
      <trkpt lat="23.1675258837640285491943359375" lon="113.41089502908289432525634765625">
        <ele>15.19999980926513671875</ele>
        <time>2026-02-25T00:02:45.000Z</time>
        <extensions>
          <ns3:TrackPointExtension>
            <ns3:hr>140</ns3:hr>
            <ns3:cad>89</ns3:cad>
          </ns3:TrackPointExtension>
        </extensions>
      </trkpt>
      <trkpt lat="23.1675253808498382568359375" lon="113.41092168353497982025146484375">
        <ele>15.3999996185302734375</ele>
        <time>2026-02-25T00:02:46.000Z</time>
        <extensions>
          <ns3:TrackPointExtension>
            <ns3:hr>139</ns3:hr>
            <ns3:cad>89</ns3:cad>
          </ns3:TrackPointExtension>
        </extensions>
      </trkpt>
      <trkpt lat="23.16752026788890361785888671875" lon="113.41095286421477794647216796875">
        <ele>15.3999996185302734375</ele>
        <time>2026-02-25T00:02:47.000Z</time>
        <extensions>
          <ns3:TrackPointExtension>
            <ns3:hr>139</ns3:hr>
            <ns3:cad>89</ns3:cad>
          </ns3:TrackPointExtension>
        </extensions>
      </trkpt>
      <trkpt lat="23.167518340051174163818359375" lon="113.41097935102880001068115234375">
        <ele>15.6000003814697265625</ele>
        <time>2026-02-25T00:02:48.000Z</time>
        <extensions>
          <ns3:TrackPointExtension>
            <ns3:hr>139</ns3:hr>
            <ns3:cad>89</ns3:cad>
          </ns3:TrackPointExtension>
        </extensions>
      </trkpt>
      <trkpt lat="23.16751264035701751708984375" lon="113.4110161475837230682373046875">
        <ele>15.6000003814697265625</ele>
        <time>2026-02-25T00:02:49.000Z</time>
        <extensions>
          <ns3:TrackPointExtension>
            <ns3:hr>140</ns3:hr>
            <ns3:cad>88</ns3:cad>
          </ns3:TrackPointExtension>
        </extensions>
      </trkpt>
      <trkpt lat="23.16751037724316120147705078125" lon="113.41103936545550823211669921875">
        <ele>15.6000003814697265625</ele>
        <time>2026-02-25T00:02:50.000Z</time>
        <extensions>
          <ns3:TrackPointExtension>
            <ns3:hr>140</ns3:hr>
            <ns3:cad>88</ns3:cad>
          </ns3:TrackPointExtension>
        </extensions>
      </trkpt>
      <trkpt lat="23.16750434227287769317626953125" lon="113.4110744856297969818115234375">
        <ele>15.6000003814697265625</ele>
        <time>2026-02-25T00:02:51.000Z</time>
        <extensions>
          <ns3:TrackPointExtension>
            <ns3:hr>140</ns3:hr>
            <ns3:cad>88</ns3:cad>
          </ns3:TrackPointExtension>
        </extensions>
      </trkpt>
      <trkpt lat="23.1675034202635288238525390625" lon="113.41110013425350189208984375">
        <ele>15.6000003814697265625</ele>
        <time>2026-02-25T00:02:52.000Z</time>
        <extensions>
          <ns3:TrackPointExtension>
            <ns3:hr>140</ns3:hr>
            <ns3:cad>88</ns3:cad>
          </ns3:TrackPointExtension>
        </extensions>
      </trkpt>
      <trkpt lat="23.1674943678081035614013671875" lon="113.41113290749490261077880859375">
        <ele>15.6000003814697265625</ele>
        <time>2026-02-25T00:02:53.000Z</time>
        <extensions>
          <ns3:TrackPointExtension>
            <ns3:hr>140</ns3:hr>
            <ns3:cad>89</ns3:cad>
          </ns3:TrackPointExtension>
        </extensions>
      </trkpt>
      <trkpt lat="23.16749461926519870758056640625" lon="113.41115972958505153656005859375">
        <ele>15.6000003814697265625</ele>
        <time>2026-02-25T00:02:54.000Z</time>
        <extensions>
          <ns3:TrackPointExtension>
            <ns3:hr>140</ns3:hr>
            <ns3:cad>89</ns3:cad>
          </ns3:TrackPointExtension>
        </extensions>
      </trkpt>
      <trkpt lat="23.1674869917333126068115234375" lon="113.41119258664548397064208984375">
        <ele>15.6000003814697265625</ele>
        <time>2026-02-25T00:02:55.000Z</time>
        <extensions>
          <ns3:TrackPointExtension>
            <ns3:hr>140</ns3:hr>
            <ns3:cad>89</ns3:cad>
          </ns3:TrackPointExtension>
        </extensions>
      </trkpt>
      <trkpt lat="23.16748539917171001434326171875" lon="113.41121739707887172698974609375">
        <ele>15.6000003814697265625</ele>
        <time>2026-02-25T00:02:56.000Z</time>
        <extensions>
          <ns3:TrackPointExtension>
            <ns3:hr>140</ns3:hr>
            <ns3:cad>89</ns3:cad>
          </ns3:TrackPointExtension>
        </extensions>
      </trkpt>
      <trkpt lat="23.167481124401092529296875" lon="113.411252684891223907470703125">
        <ele>15.6000003814697265625</ele>
        <time>2026-02-25T00:02:57.000Z</time>
        <extensions>
          <ns3:TrackPointExtension>
            <ns3:hr>140</ns3:hr>
            <ns3:cad>89</ns3:cad>
          </ns3:TrackPointExtension>
        </extensions>
      </trkpt>
      <trkpt lat="23.16747911274433135986328125" lon="113.4112786687910556793212890625">
        <ele>15.6000003814697265625</ele>
        <time>2026-02-25T00:02:58.000Z</time>
        <extensions>
          <ns3:TrackPointExtension>
            <ns3:hr>139</ns3:hr>
            <ns3:cad>88</ns3:cad>
          </ns3:TrackPointExtension>
        </extensions>
      </trkpt>
      <trkpt lat="23.167470060288906097412109375" lon="113.411311022937297821044921875">
        <ele>15.6000003814697265625</ele>
        <time>2026-02-25T00:02:59.000Z</time>
        <extensions>
          <ns3:TrackPointExtension>
            <ns3:hr>140</ns3:hr>
            <ns3:cad>88</ns3:cad>
          </ns3:TrackPointExtension>
        </extensions>
      </trkpt>
      <trkpt lat="23.1674663722515106201171875" lon="113.411336839199066162109375">
        <ele>15.6000003814697265625</ele>
        <time>2026-02-25T00:03:00.000Z</time>
        <extensions>
          <ns3:TrackPointExtension>
            <ns3:hr>140</ns3:hr>
            <ns3:cad>88</ns3:cad>
          </ns3:TrackPointExtension>
        </extensions>
      </trkpt>
      <trkpt lat="23.1674574874341487884521484375" lon="113.4113695286214351654052734375">
        <ele>15.6000003814697265625</ele>
        <time>2026-02-25T00:03:01.000Z</time>
        <extensions>
          <ns3:TrackPointExtension>
            <ns3:hr>140</ns3:hr>
            <ns3:cad>89</ns3:cad>
          </ns3:TrackPointExtension>
        </extensions>
      </trkpt>
      <trkpt lat="23.16745690070092678070068359375" lon="113.4113919921219348907470703125">
        <ele>15.3999996185302734375</ele>
        <time>2026-02-25T00:03:02.000Z</time>
        <extensions>
          <ns3:TrackPointExtension>
            <ns3:hr>140</ns3:hr>
            <ns3:cad>90</ns3:cad>
          </ns3:TrackPointExtension>
        </extensions>
      </trkpt>
      <trkpt lat="23.1674390472471714019775390625" lon="113.41141738928854465484619140625">
        <ele>15.3999996185302734375</ele>
        <time>2026-02-25T00:03:03.000Z</time>
        <extensions>
          <ns3:TrackPointExtension>
            <ns3:hr>140</ns3:hr>
            <ns3:cad>90</ns3:cad>
          </ns3:TrackPointExtension>
        </extensions>
      </trkpt>
      <trkpt lat="23.1674341857433319091796875" lon="113.41144219972193241119384765625">
        <ele>15.6000003814697265625</ele>
        <time>2026-02-25T00:03:04.000Z</time>
        <extensions>
          <ns3:TrackPointExtension>
            <ns3:hr>140</ns3:hr>
            <ns3:cad>90</ns3:cad>
          </ns3:TrackPointExtension>
        </extensions>
      </trkpt>
      <trkpt lat="23.16742387600243091583251953125" lon="113.41147698462009429931640625">
        <ele>15.6000003814697265625</ele>
        <time>2026-02-25T00:03:05.000Z</time>
        <extensions>
          <ns3:TrackPointExtension>
            <ns3:hr>141</ns3:hr>
            <ns3:cad>92</ns3:cad>
          </ns3:TrackPointExtension>
        </extensions>
      </trkpt>
      <trkpt lat="23.16741951741278171539306640625" lon="113.41150472871959209442138671875">
        <ele>15.6000003814697265625</ele>
        <time>2026-02-25T00:03:06.000Z</time>
        <extensions>
          <ns3:TrackPointExtension>
            <ns3:hr>141</ns3:hr>
            <ns3:cad>92</ns3:cad>
          </ns3:TrackPointExtension>
        </extensions>
      </trkpt>
      <trkpt lat="23.16740711219608783721923828125" lon="113.41153054498136043548583984375">
        <ele>15.6000003814697265625</ele>
        <time>2026-02-25T00:03:07.000Z</time>
        <extensions>
          <ns3:TrackPointExtension>
            <ns3:hr>141</ns3:hr>
            <ns3:cad>92</ns3:cad>
          </ns3:TrackPointExtension>
        </extensions>
      </trkpt>
      <trkpt lat="23.167394958436489105224609375" lon="113.41155887581408023834228515625">
        <ele>15.6000003814697265625</ele>
        <time>2026-02-25T00:03:08.000Z</time>
        <extensions>
          <ns3:TrackPointExtension>
            <ns3:hr>142</ns3:hr>
            <ns3:cad>92</ns3:cad>
          </ns3:TrackPointExtension>
        </extensions>
      </trkpt>
      <trkpt lat="23.16739101894199848175048828125" lon="113.4115857817232608795166015625">
        <ele>15.6000003814697265625</ele>
        <time>2026-02-25T00:03:09.000Z</time>
        <extensions>
          <ns3:TrackPointExtension>
            <ns3:hr>142</ns3:hr>
            <ns3:cad>92</ns3:cad>
          </ns3:TrackPointExtension>
        </extensions>
      </trkpt>
      <trkpt lat="23.16737978719174861907958984375" lon="113.41162006370723247528076171875">
        <ele>15.80000019073486328125</ele>
        <time>2026-02-25T00:03:10.000Z</time>
        <extensions>
          <ns3:TrackPointExtension>
            <ns3:hr>142</ns3:hr>
            <ns3:cad>94</ns3:cad>
          </ns3:TrackPointExtension>
        </extensions>
      </trkpt>
      <trkpt lat="23.167376182973384857177734375" lon="113.41164587996900081634521484375">
        <ele>15.80000019073486328125</ele>
        <time>2026-02-25T00:03:11.000Z</time>
        <extensions>
          <ns3:TrackPointExtension>
            <ns3:hr>142</ns3:hr>
            <ns3:cad>94</ns3:cad>
          </ns3:TrackPointExtension>
        </extensions>
      </trkpt>
      <trkpt lat="23.16736771725118160247802734375" lon="113.41167806647717952728271484375">
        <ele>16</ele>
        <time>2026-02-25T00:03:12.000Z</time>
        <extensions>
          <ns3:TrackPointExtension>
            <ns3:hr>142</ns3:hr>
            <ns3:cad>93</ns3:cad>
          </ns3:TrackPointExtension>
        </extensions>
      </trkpt>
      <trkpt lat="23.16736377775669097900390625" lon="113.4117037989199161529541015625">
        <ele>16</ele>
        <time>2026-02-25T00:03:13.000Z</time>
        <extensions>
          <ns3:TrackPointExtension>
            <ns3:hr>142</ns3:hr>
            <ns3:cad>92</ns3:cad>
          </ns3:TrackPointExtension>
        </extensions>
      </trkpt>
      <trkpt lat="23.16735246218740940093994140625" lon="113.4117353148758411407470703125">
        <ele>16.200000762939453125</ele>
        <time>2026-02-25T00:03:14.000Z</time>
        <extensions>
          <ns3:TrackPointExtension>
            <ns3:hr>142</ns3:hr>
            <ns3:cad>92</ns3:cad>
          </ns3:TrackPointExtension>
        </extensions>
      </trkpt>
      <trkpt lat="23.16734910942614078521728515625" lon="113.4117577783763408660888671875">
        <ele>16</ele>
        <time>2026-02-25T00:03:15.000Z</time>
        <extensions>
          <ns3:TrackPointExtension>
            <ns3:hr>143</ns3:hr>
            <ns3:cad>92</ns3:cad>
          </ns3:TrackPointExtension>
        </extensions>
      </trkpt>
      <trkpt lat="23.16733754239976406097412109375" lon="113.4117856062948703765869140625">
        <ele>16</ele>
        <time>2026-02-25T00:03:16.000Z</time>
        <extensions>
          <ns3:TrackPointExtension>
            <ns3:hr>143</ns3:hr>
            <ns3:cad>90</ns3:cad>
          </ns3:TrackPointExtension>
        </extensions>
      </trkpt>
      <trkpt lat="23.16733335144817829132080078125" lon="113.4118102490901947021484375">
        <ele>16</ele>
        <time>2026-02-25T00:03:17.000Z</time>
        <extensions>
          <ns3:TrackPointExtension>
            <ns3:hr>143</ns3:hr>
            <ns3:cad>90</ns3:cad>
          </ns3:TrackPointExtension>
        </extensions>
      </trkpt>
      <trkpt lat="23.16732262261211872100830078125" lon="113.41184419579803943634033203125">
        <ele>16</ele>
        <time>2026-02-25T00:03:18.000Z</time>
        <extensions>
          <ns3:TrackPointExtension>
            <ns3:hr>143</ns3:hr>
            <ns3:cad>90</ns3:cad>
          </ns3:TrackPointExtension>
        </extensions>
      </trkpt>
      <trkpt lat="23.167314492166042327880859375" lon="113.411865569651126861572265625">
        <ele>15.80000019073486328125</ele>
        <time>2026-02-25T00:03:19.000Z</time>
        <extensions>
          <ns3:TrackPointExtension>
            <ns3:hr>143</ns3:hr>
            <ns3:cad>90</ns3:cad>
          </ns3:TrackPointExtension>
        </extensions>
      </trkpt>
      <trkpt lat="23.16730099730193614959716796875" lon="113.41189314611256122589111328125">
        <ele>16</ele>
        <time>2026-02-25T00:03:20.000Z</time>
        <extensions>
          <ns3:TrackPointExtension>
            <ns3:hr>143</ns3:hr>
            <ns3:cad>90</ns3:cad>
          </ns3:TrackPointExtension>
        </extensions>
      </trkpt>
      <trkpt lat="23.16729814745485782623291015625" lon="113.41191644780337810516357421875">
        <ele>16</ele>
        <time>2026-02-25T00:03:21.000Z</time>
        <extensions>
          <ns3:TrackPointExtension>
            <ns3:hr>143</ns3:hr>
            <ns3:cad>90</ns3:cad>
          </ns3:TrackPointExtension>
        </extensions>
      </trkpt>
      <trkpt lat="23.16728171892464160919189453125" lon="113.41194913722574710845947265625">
        <ele>16</ele>
        <time>2026-02-25T00:03:22.000Z</time>
        <extensions>
          <ns3:TrackPointExtension>
            <ns3:hr>143</ns3:hr>
            <ns3:cad>90</ns3:cad>
          </ns3:TrackPointExtension>
        </extensions>
      </trkpt>
      <trkpt lat="23.167277276515960693359375" lon="113.41197453439235687255859375">
        <ele>16</ele>
        <time>2026-02-25T00:03:23.000Z</time>
        <extensions>
          <ns3:TrackPointExtension>
            <ns3:hr>143</ns3:hr>
            <ns3:cad>90</ns3:cad>
          </ns3:TrackPointExtension>
        </extensions>
      </trkpt>
      <trkpt lat="23.1672579981386661529541015625" lon="113.41200445778667926788330078125">
        <ele>16</ele>
        <time>2026-02-25T00:03:24.000Z</time>
        <extensions>
          <ns3:TrackPointExtension>
            <ns3:hr>143</ns3:hr>
            <ns3:cad>90</ns3:cad>
          </ns3:TrackPointExtension>
        </extensions>
      </trkpt>
      <trkpt lat="23.167250454425811767578125" lon="113.41202591545879840850830078125">
        <ele>16</ele>
        <time>2026-02-25T00:03:25.000Z</time>
        <extensions>
          <ns3:TrackPointExtension>
            <ns3:hr>143</ns3:hr>
            <ns3:cad>90</ns3:cad>
          </ns3:TrackPointExtension>
        </extensions>
      </trkpt>
      <trkpt lat="23.167237378656864166259765625" lon="113.41205525211989879608154296875">
        <ele>16</ele>
        <time>2026-02-25T00:03:26.000Z</time>
        <extensions>
          <ns3:TrackPointExtension>
            <ns3:hr>142</ns3:hr>
            <ns3:cad>92</ns3:cad>
          </ns3:TrackPointExtension>
        </extensions>
      </trkpt>
      <trkpt lat="23.16723410971462726593017578125" lon="113.412078805267810821533203125">
        <ele>16</ele>
        <time>2026-02-25T00:03:27.000Z</time>
        <extensions>
          <ns3:TrackPointExtension>
            <ns3:hr>142</ns3:hr>
            <ns3:cad>93</ns3:cad>
          </ns3:TrackPointExtension>
        </extensions>
      </trkpt>
      <trkpt lat="23.167221955955028533935546875" lon="113.41210554353892803192138671875">
        <ele>16</ele>
        <time>2026-02-25T00:03:28.000Z</time>
        <extensions>
          <ns3:TrackPointExtension>
            <ns3:hr>141</ns3:hr>
            <ns3:cad>93</ns3:cad>
          </ns3:TrackPointExtension>
        </extensions>
      </trkpt>
      <trkpt lat="23.167215920984745025634765625" lon="113.4121282584965229034423828125">
        <ele>16</ele>
        <time>2026-02-25T00:03:29.000Z</time>
        <extensions>
          <ns3:TrackPointExtension>
            <ns3:hr>141</ns3:hr>
            <ns3:cad>93</ns3:cad>
          </ns3:TrackPointExtension>
        </extensions>
      </trkpt>
      <trkpt lat="23.16720209084451198577880859375" lon="113.4121530689299106597900390625">
        <ele>15.80000019073486328125</ele>
        <time>2026-02-25T00:03:30.000Z</time>
        <extensions>
          <ns3:TrackPointExtension>
            <ns3:hr>140</ns3:hr>
            <ns3:cad>92</ns3:cad>
          </ns3:TrackPointExtension>
        </extensions>
      </trkpt>
      <trkpt lat="23.16719421185553073883056640625" lon="113.4121795557439327239990234375">
        <ele>15.80000019073486328125</ele>
        <time>2026-02-25T00:03:31.000Z</time>
        <extensions>
          <ns3:TrackPointExtension>
            <ns3:hr>140</ns3:hr>
            <ns3:cad>92</ns3:cad>
          </ns3:TrackPointExtension>
        </extensions>
      </trkpt>
      <trkpt lat="23.1671808846294879913330078125" lon="113.41220411472022533416748046875">
        <ele>15.80000019073486328125</ele>
        <time>2026-02-25T00:03:32.000Z</time>
        <extensions>
          <ns3:TrackPointExtension>
            <ns3:hr>139</ns3:hr>
            <ns3:cad>92</ns3:cad>
          </ns3:TrackPointExtension>
        </extensions>
      </trkpt>
      <trkpt lat="23.167172335088253021240234375" lon="113.412229679524898529052734375">
        <ele>15.80000019073486328125</ele>
        <time>2026-02-25T00:03:33.000Z</time>
        <extensions>
          <ns3:TrackPointExtension>
            <ns3:hr>139</ns3:hr>
            <ns3:cad>92</ns3:cad>
          </ns3:TrackPointExtension>
        </extensions>
      </trkpt>
      <trkpt lat="23.1671590916812419891357421875" lon="113.4122536517679691314697265625">
        <ele>15.80000019073486328125</ele>
        <time>2026-02-25T00:03:34.000Z</time>
        <extensions>
          <ns3:TrackPointExtension>
            <ns3:hr>139</ns3:hr>
            <ns3:cad>92</ns3:cad>
          </ns3:TrackPointExtension>
        </extensions>
      </trkpt>
      <trkpt lat="23.16714643500745296478271484375" lon="113.41227804310619831085205078125">
        <ele>16</ele>
        <time>2026-02-25T00:03:35.000Z</time>
        <extensions>
          <ns3:TrackPointExtension>
            <ns3:hr>138</ns3:hr>
            <ns3:cad>92</ns3:cad>
          </ns3:TrackPointExtension>
        </extensions>
      </trkpt>
      <trkpt lat="23.1671339459717273712158203125" lon="113.4123012609779834747314453125">
        <ele>16</ele>
        <time>2026-02-25T00:03:36.000Z</time>
        <extensions>
          <ns3:TrackPointExtension>
            <ns3:hr>138</ns3:hr>
            <ns3:cad>92</ns3:cad>
          </ns3:TrackPointExtension>
        </extensions>
      </trkpt>
      <trkpt lat="23.16712263040244579315185546875" lon="113.41232632286846637725830078125">
        <ele>16</ele>
        <time>2026-02-25T00:03:37.000Z</time>
        <extensions>
          <ns3:TrackPointExtension>
            <ns3:hr>138</ns3:hr>
            <ns3:cad>92</ns3:cad>
          </ns3:TrackPointExtension>
        </extensions>
      </trkpt>
      <trkpt lat="23.16710955463349819183349609375" lon="113.41235063038766384124755859375">
        <ele>16.200000762939453125</ele>
        <time>2026-02-25T00:03:38.000Z</time>
        <extensions>
          <ns3:TrackPointExtension>
            <ns3:hr>138</ns3:hr>
            <ns3:cad>91</ns3:cad>
          </ns3:TrackPointExtension>
        </extensions>
      </trkpt>
      <trkpt lat="23.16709480248391628265380859375" lon="113.412375189363956451416015625">
        <ele>16.200000762939453125</ele>
        <time>2026-02-25T00:03:39.000Z</time>
        <extensions>
          <ns3:TrackPointExtension>
            <ns3:hr>138</ns3:hr>
            <ns3:cad>91</ns3:cad>
          </ns3:TrackPointExtension>
        </extensions>
      </trkpt>
      <trkpt lat="23.16708072088658809661865234375" lon="113.41239572502672672271728515625">
        <ele>16</ele>
        <time>2026-02-25T00:03:40.000Z</time>
        <extensions>
          <ns3:TrackPointExtension>
            <ns3:hr>138</ns3:hr>
            <ns3:cad>91</ns3:cad>
          </ns3:TrackPointExtension>
        </extensions>
      </trkpt>
      <trkpt lat="23.1670675612986087799072265625" lon="113.4124212898313999176025390625">
        <ele>16</ele>
        <time>2026-02-25T00:03:41.000Z</time>
        <extensions>
          <ns3:TrackPointExtension>
            <ns3:hr>138</ns3:hr>
            <ns3:cad>91</ns3:cad>
          </ns3:TrackPointExtension>
        </extensions>
      </trkpt>
      <trkpt lat="23.16705691628158092498779296875" lon="113.41244450770318508148193359375">
        <ele>16</ele>
        <time>2026-02-25T00:03:42.000Z</time>
        <extensions>
          <ns3:TrackPointExtension>
            <ns3:hr>138</ns3:hr>
            <ns3:cad>91</ns3:cad>
          </ns3:TrackPointExtension>
        </extensions>
      </trkpt>
      <trkpt lat="23.1670447625219821929931640625" lon="113.41247141361236572265625">
        <ele>16</ele>
        <time>2026-02-25T00:03:43.000Z</time>
        <extensions>
          <ns3:TrackPointExtension>
            <ns3:hr>138</ns3:hr>
            <ns3:cad>90</ns3:cad>
          </ns3:TrackPointExtension>
        </extensions>
      </trkpt>
      <trkpt lat="23.16704015247523784637451171875" lon="113.4124953858554363250732421875">
        <ele>15.80000019073486328125</ele>
        <time>2026-02-25T00:03:44.000Z</time>
        <extensions>
          <ns3:TrackPointExtension>
            <ns3:hr>138</ns3:hr>
            <ns3:cad>90</ns3:cad>
          </ns3:TrackPointExtension>
        </extensions>
      </trkpt>
      <trkpt lat="23.16702489741146564483642578125" lon="113.41252413578331470489501953125">
        <ele>15.80000019073486328125</ele>
        <time>2026-02-25T00:03:45.000Z</time>
        <extensions>
          <ns3:TrackPointExtension>
            <ns3:hr>138</ns3:hr>
            <ns3:cad>90</ns3:cad>
          </ns3:TrackPointExtension>
        </extensions>
      </trkpt>
      <trkpt lat="23.16701584495604038238525390625" lon="113.41254928149282932281494140625">
        <ele>15.80000019073486328125</ele>
        <time>2026-02-25T00:03:46.000Z</time>
        <extensions>
          <ns3:TrackPointExtension>
            <ns3:hr>138</ns3:hr>
            <ns3:cad>90</ns3:cad>
          </ns3:TrackPointExtension>
        </extensions>
      </trkpt>
      <trkpt lat="23.16699354909360408782958984375" lon="113.41257459484040737152099609375">
        <ele>15.80000019073486328125</ele>
        <time>2026-02-25T00:03:47.000Z</time>
        <extensions>
          <ns3:TrackPointExtension>
            <ns3:hr>139</ns3:hr>
            <ns3:cad>91</ns3:cad>
          </ns3:TrackPointExtension>
        </extensions>
      </trkpt>
      <trkpt lat="23.1669867597520351409912109375" lon="113.41259806416928768157958984375">
        <ele>15.80000019073486328125</ele>
        <time>2026-02-25T00:03:48.000Z</time>
        <extensions>
          <ns3:TrackPointExtension>
            <ns3:hr>138</ns3:hr>
            <ns3:cad>92</ns3:cad>
          </ns3:TrackPointExtension>
        </extensions>
      </trkpt>
      <trkpt lat="23.16696505062282085418701171875" lon="113.41262438334524631500244140625">
        <ele>15.80000019073486328125</ele>
        <time>2026-02-25T00:03:49.000Z</time>
        <extensions>
          <ns3:TrackPointExtension>
            <ns3:hr>138</ns3:hr>
            <ns3:cad>93</ns3:cad>
          </ns3:TrackPointExtension>
        </extensions>
      </trkpt>
      <trkpt lat="23.16695272922515869140625" lon="113.4126465953886508941650390625">
        <ele>15.80000019073486328125</ele>
        <time>2026-02-25T00:03:50.000Z</time>
        <extensions>
          <ns3:TrackPointExtension>
            <ns3:hr>139</ns3:hr>
            <ns3:cad>93</ns3:cad>
          </ns3:TrackPointExtension>
        </extensions>
      </trkpt>
      <trkpt lat="23.16692699678242206573486328125" lon="113.4126650355756282806396484375">
        <ele>15.80000019073486328125</ele>
        <time>2026-02-25T00:03:51.000Z</time>
        <extensions>
          <ns3:TrackPointExtension>
            <ns3:hr>138</ns3:hr>
            <ns3:cad>93</ns3:cad>
          </ns3:TrackPointExtension>
        </extensions>
      </trkpt>
      <trkpt lat="23.1669133342802524566650390625" lon="113.4126841463148593902587890625">
        <ele>15.80000019073486328125</ele>
        <time>2026-02-25T00:03:52.000Z</time>
        <extensions>
          <ns3:TrackPointExtension>
            <ns3:hr>138</ns3:hr>
            <ns3:cad>92</ns3:cad>
          </ns3:TrackPointExtension>
        </extensions>
      </trkpt>
      <trkpt lat="23.16689011640846729278564453125" lon="113.41270409524440765380859375">
        <ele>16</ele>
        <time>2026-02-25T00:03:53.000Z</time>
        <extensions>
          <ns3:TrackPointExtension>
            <ns3:hr>138</ns3:hr>
            <ns3:cad>90</ns3:cad>
          </ns3:TrackPointExtension>
        </extensions>
      </trkpt>
      <trkpt lat="23.16687921993434429168701171875" lon="113.41272396035492420196533203125">
        <ele>16</ele>
        <time>2026-02-25T00:03:54.000Z</time>
        <extensions>
          <ns3:TrackPointExtension>
            <ns3:hr>139</ns3:hr>
            <ns3:cad>90</ns3:cad>
          </ns3:TrackPointExtension>
        </extensions>
      </trkpt>
      <trkpt lat="23.16685960628092288970947265625" lon="113.41274776495993137359619140625">
        <ele>16</ele>
        <time>2026-02-25T00:03:55.000Z</time>
        <extensions>
          <ns3:TrackPointExtension>
            <ns3:hr>138</ns3:hr>
            <ns3:cad>89</ns3:cad>
          </ns3:TrackPointExtension>
        </extensions>
      </trkpt>
      <trkpt lat="23.16684854216873645782470703125" lon="113.412766791880130767822265625">
        <ele>16.200000762939453125</ele>
        <time>2026-02-25T00:03:56.000Z</time>
        <extensions>
          <ns3:TrackPointExtension>
            <ns3:hr>138</ns3:hr>
            <ns3:cad>89</ns3:cad>
          </ns3:TrackPointExtension>
        </extensions>
      </trkpt>
      <trkpt lat="23.16682540811598300933837890625" lon="113.41278900392353534698486328125">
        <ele>16.200000762939453125</ele>
        <time>2026-02-25T00:03:57.000Z</time>
        <extensions>
          <ns3:TrackPointExtension>
            <ns3:hr>139</ns3:hr>
            <ns3:cad>89</ns3:cad>
          </ns3:TrackPointExtension>
        </extensions>
      </trkpt>
      <trkpt lat="23.166811577975749969482421875" lon="113.41280995868146419525146484375">
        <ele>16.200000762939453125</ele>
        <time>2026-02-25T00:03:58.000Z</time>
        <extensions>
          <ns3:TrackPointExtension>
            <ns3:hr>138</ns3:hr>
            <ns3:cad>89</ns3:cad>
          </ns3:TrackPointExtension>
        </extensions>
      </trkpt>
      <trkpt lat="23.166786767542362213134765625" lon="113.41282722540199756622314453125">
        <ele>16.3999996185302734375</ele>
        <time>2026-02-25T00:03:59.000Z</time>
        <extensions>
          <ns3:TrackPointExtension>
            <ns3:hr>138</ns3:hr>
            <ns3:cad>90</ns3:cad>
          </ns3:TrackPointExtension>
        </extensions>
      </trkpt>
      <trkpt lat="23.1667741946876049041748046875" lon="113.4128447435796260833740234375">
        <ele>16.3999996185302734375</ele>
        <time>2026-02-25T00:04:00.000Z</time>
        <extensions>
          <ns3:TrackPointExtension>
            <ns3:hr>139</ns3:hr>
            <ns3:cad>90</ns3:cad>
          </ns3:TrackPointExtension>
        </extensions>
      </trkpt>
      <trkpt lat="23.166754245758056640625" lon="113.41286561451852321624755859375">
        <ele>16.200000762939453125</ele>
        <time>2026-02-25T00:04:01.000Z</time>
        <extensions>
          <ns3:TrackPointExtension>
            <ns3:hr>138</ns3:hr>
            <ns3:cad>90</ns3:cad>
          </ns3:TrackPointExtension>
        </extensions>
      </trkpt>
      <trkpt lat="23.16674175672233104705810546875" lon="113.41288246214389801025390625">
        <ele>16.200000762939453125</ele>
        <time>2026-02-25T00:04:02.000Z</time>
        <extensions>
          <ns3:TrackPointExtension>
            <ns3:hr>138</ns3:hr>
            <ns3:cad>90</ns3:cad>
          </ns3:TrackPointExtension>
        </extensions>
      </trkpt>
      <trkpt lat="23.16672231070697307586669921875" lon="113.41289855539798736572265625">
        <ele>16.200000762939453125</ele>
        <time>2026-02-25T00:04:03.000Z</time>
        <extensions>
          <ns3:TrackPointExtension>
            <ns3:hr>138</ns3:hr>
            <ns3:cad>90</ns3:cad>
          </ns3:TrackPointExtension>
        </extensions>
      </trkpt>
      <trkpt lat="23.1667088158428668975830078125" lon="113.4129124693572521209716796875">
        <ele>16.200000762939453125</ele>
        <time>2026-02-25T00:04:04.000Z</time>
        <extensions>
          <ns3:TrackPointExtension>
            <ns3:hr>139</ns3:hr>
            <ns3:cad>90</ns3:cad>
          </ns3:TrackPointExtension>
        </extensions>
      </trkpt>
      <trkpt lat="23.16668559797108173370361328125" lon="113.412930406630039215087890625">
        <ele>16.200000762939453125</ele>
        <time>2026-02-25T00:04:05.000Z</time>
        <extensions>
          <ns3:TrackPointExtension>
            <ns3:hr>139</ns3:hr>
            <ns3:cad>90</ns3:cad>
          </ns3:TrackPointExtension>
        </extensions>
      </trkpt>
      <trkpt lat="23.16667218692600727081298828125" lon="113.4129423089325428009033203125">
        <ele>16.200000762939453125</ele>
        <time>2026-02-25T00:04:06.000Z</time>
        <extensions>
          <ns3:TrackPointExtension>
            <ns3:hr>140</ns3:hr>
            <ns3:cad>90</ns3:cad>
          </ns3:TrackPointExtension>
        </extensions>
      </trkpt>
      <trkpt lat="23.16665031015872955322265625" lon="113.4129597432911396026611328125">
        <ele>16.200000762939453125</ele>
        <time>2026-02-25T00:04:07.000Z</time>
        <extensions>
          <ns3:TrackPointExtension>
            <ns3:hr>140</ns3:hr>
            <ns3:cad>90</ns3:cad>
          </ns3:TrackPointExtension>
        </extensions>
      </trkpt>
      <trkpt lat="23.16663295961916446685791015625" lon="113.41297709383070468902587890625">
        <ele>16.200000762939453125</ele>
        <time>2026-02-25T00:04:08.000Z</time>
        <extensions>
          <ns3:TrackPointExtension>
            <ns3:hr>140</ns3:hr>
            <ns3:cad>90</ns3:cad>
          </ns3:TrackPointExtension>
        </extensions>
      </trkpt>
      <trkpt lat="23.16660731099545955657958984375" lon="113.4129956178367137908935546875">
        <ele>16.200000762939453125</ele>
        <time>2026-02-25T00:04:09.000Z</time>
        <extensions>
          <ns3:TrackPointExtension>
            <ns3:hr>140</ns3:hr>
            <ns3:cad>89</ns3:cad>
          </ns3:TrackPointExtension>
        </extensions>
      </trkpt>
      <trkpt lat="23.16658970899879932403564453125" lon="113.4130093641579151153564453125">
        <ele>16.200000762939453125</ele>
        <time>2026-02-25T00:04:10.000Z</time>
        <extensions>
          <ns3:TrackPointExtension>
            <ns3:hr>141</ns3:hr>
            <ns3:cad>88</ns3:cad>
          </ns3:TrackPointExtension>
        </extensions>
      </trkpt>
      <trkpt lat="23.16656716167926788330078125" lon="113.41302604414522647857666015625">
        <ele>16.200000762939453125</ele>
        <time>2026-02-25T00:04:11.000Z</time>
        <extensions>
          <ns3:TrackPointExtension>
            <ns3:hr>140</ns3:hr>
            <ns3:cad>88</ns3:cad>
          </ns3:TrackPointExtension>
        </extensions>
      </trkpt>
      <trkpt lat="23.1665301136672496795654296875" lon="113.41305948793888092041015625">
        <ele>16.200000762939453125</ele>
        <time>2026-02-25T00:04:12.000Z</time>
        <extensions>
          <ns3:TrackPointExtension>
            <ns3:hr>141</ns3:hr>
            <ns3:cad>88</ns3:cad>
          </ns3:TrackPointExtension>
        </extensions>
      </trkpt>
      <trkpt lat="23.16651427187025547027587890625" lon="113.413065187633037567138671875">
        <ele>16.200000762939453125</ele>
        <time>2026-02-25T00:04:13.000Z</time>
        <extensions>
          <ns3:TrackPointExtension>
            <ns3:hr>141</ns3:hr>
            <ns3:cad>89</ns3:cad>
          </ns3:TrackPointExtension>
        </extensions>
      </trkpt>
      <trkpt lat="23.1664860248565673828125" lon="113.41308354400098323822021484375">
        <ele>16.3999996185302734375</ele>
        <time>2026-02-25T00:04:14.000Z</time>
        <extensions>
          <ns3:TrackPointExtension>
            <ns3:hr>141</ns3:hr>
            <ns3:cad>89</ns3:cad>
          </ns3:TrackPointExtension>
        </extensions>
      </trkpt>
      <trkpt lat="23.1664697639644145965576171875" lon="113.41310852207243442535400390625">
        <ele>16.3999996185302734375</ele>
        <time>2026-02-25T00:04:15.000Z</time>
        <extensions>
          <ns3:TrackPointExtension>
            <ns3:hr>140</ns3:hr>
            <ns3:cad>89</ns3:cad>
          </ns3:TrackPointExtension>
        </extensions>
      </trkpt>
      <trkpt lat="23.16644319333136081695556640625" lon="113.4131298959255218505859375">
        <ele>16.3999996185302734375</ele>
        <time>2026-02-25T00:04:16.000Z</time>
        <extensions>
          <ns3:TrackPointExtension>
            <ns3:hr>141</ns3:hr>
            <ns3:cad>89</ns3:cad>
          </ns3:TrackPointExtension>
        </extensions>
      </trkpt>
      <trkpt lat="23.16642609424889087677001953125" lon="113.41314171440899372100830078125">
        <ele>16.3999996185302734375</ele>
        <time>2026-02-25T00:04:17.000Z</time>
        <extensions>
          <ns3:TrackPointExtension>
            <ns3:hr>140</ns3:hr>
            <ns3:cad>89</ns3:cad>
          </ns3:TrackPointExtension>
        </extensions>
      </trkpt>
      <trkpt lat="23.1664057262241840362548828125" lon="113.413148336112499237060546875">
        <ele>16.6000003814697265625</ele>
        <time>2026-02-25T00:04:18.000Z</time>
        <extensions>
          <ns3:TrackPointExtension>
            <ns3:hr>141</ns3:hr>
            <ns3:cad>89</ns3:cad>
          </ns3:TrackPointExtension>
        </extensions>
      </trkpt>
      <trkpt lat="23.16639139316976070404052734375" lon="113.4131448157131671905517578125">
        <ele>16.799999237060546875</ele>
        <time>2026-02-25T00:04:19.000Z</time>
        <extensions>
          <ns3:TrackPointExtension>
            <ns3:hr>141</ns3:hr>
            <ns3:cad>88</ns3:cad>
          </ns3:TrackPointExtension>
        </extensions>
      </trkpt>
    </trkseg>
  </trk>
</gpx>
