<gpx xmlns:ns3="http://www.garmin.com/xmlschemas/TrackPointExtension/v1" xmlns="http://www.topografix.com/GPX/1/1" xmlns:xsi="http://www.w3.org/2001/XMLSchema-instance" xmlns:ns2="http://www.garmin.com/xmlschemas/GpxExtensions/v3" creator="Garmin Connect" version="1.1" xsi:schemaLocation="http://www.topografix.com/GPX/1/1 http://www.topografix.com/GPX/11.xsd">
  <extensions>
<distance>6652.38</distance>
<average_hr>137.0</average_hr>
<average_speed>3.20799994468689</average_speed>
<start_time>2026-07-14T10:42:15+00:00</start_time>
<end_time>2026-07-14T11:16:48.804000+00:00</end_time>
<moving_time>2071.791</moving_time>
<elapsed_time>2128.11</elapsed_time>
</extensions>
<metadata>
    <link href="connect.garmin.com">
      <text>Garmin Connect</text>
    </link>
    <time>2026-07-14T10:42:15.000Z</time>
  </metadata>
  <trk>
    <name>广州市 - 基础训练</name>
    <type>running</type>
    <trkseg>
      <trkpt lat="23.16778664477169513702392578125" lon="113.422678895294666290283203125">
        <ele>20.799999237060546875</ele>
        <time>2026-07-14T10:42:15.000Z</time>
        <extensions>
          <ns3:TrackPointExtension>
            <ns3:hr>71</ns3:hr>
            <ns3:cad>0</ns3:cad>
          </ns3:TrackPointExtension>
        </extensions>
      </trkpt>
      <trkpt lat="23.16780474968254566192626953125" lon="113.4226897917687892913818359375">
        <ele>20.799999237060546875</ele>
        <time>2026-07-14T10:42:16.000Z</time>
        <extensions>
          <ns3:TrackPointExtension>
            <ns3:hr>70</ns3:hr>
            <ns3:cad>0</ns3:cad>
          </ns3:TrackPointExtension>
        </extensions>
      </trkpt>
      <trkpt lat="23.1678272970020771026611328125" lon="113.42268669046461582183837890625">
        <ele>20.6000003814697265625</ele>
        <time>2026-07-14T10:42:17.000Z</time>
        <extensions>
          <ns3:TrackPointExtension>
            <ns3:hr>68</ns3:hr>
            <ns3:cad>0</ns3:cad>
          </ns3:TrackPointExtension>
        </extensions>
      </trkpt>
      <trkpt lat="23.167860321700572967529296875" lon="113.42269155196845531463623046875">
        <ele>20.6000003814697265625</ele>
        <time>2026-07-14T10:42:18.000Z</time>
        <extensions>
          <ns3:TrackPointExtension>
            <ns3:hr>67</ns3:hr>
            <ns3:cad>0</ns3:cad>
          </ns3:TrackPointExtension>
        </extensions>
      </trkpt>
      <trkpt lat="23.16788353957235813140869140625" lon="113.42269130051136016845703125">
        <ele>20.6000003814697265625</ele>
        <time>2026-07-14T10:42:19.000Z</time>
        <extensions>
          <ns3:TrackPointExtension>
            <ns3:hr>69</ns3:hr>
            <ns3:cad>0</ns3:cad>
          </ns3:TrackPointExtension>
        </extensions>
      </trkpt>
      <trkpt lat="23.16792410798370838165283203125" lon="113.422697000205516815185546875">
        <ele>20.6000003814697265625</ele>
        <time>2026-07-14T10:42:20.000Z</time>
        <extensions>
          <ns3:TrackPointExtension>
            <ns3:hr>70</ns3:hr>
            <ns3:cad>88</ns3:cad>
          </ns3:TrackPointExtension>
        </extensions>
      </trkpt>
      <trkpt lat="23.167954199016094207763671875" lon="113.42269808985292911529541015625">
        <ele>20.799999237060546875</ele>
        <time>2026-07-14T10:42:21.000Z</time>
        <extensions>
          <ns3:TrackPointExtension>
            <ns3:hr>71</ns3:hr>
            <ns3:cad>89</ns3:cad>
          </ns3:TrackPointExtension>
        </extensions>
      </trkpt>
      <trkpt lat="23.1679959408938884735107421875" lon="113.42269758693873882293701171875">
        <ele>20.799999237060546875</ele>
        <time>2026-07-14T10:42:22.000Z</time>
        <extensions>
          <ns3:TrackPointExtension>
            <ns3:hr>72</ns3:hr>
            <ns3:cad>89</ns3:cad>
          </ns3:TrackPointExtension>
        </extensions>
      </trkpt>
      <trkpt lat="23.16802368499338626861572265625" lon="113.422695659101009368896484375">
        <ele>20.799999237060546875</ele>
        <time>2026-07-14T10:42:23.000Z</time>
        <extensions>
          <ns3:TrackPointExtension>
            <ns3:hr>73</ns3:hr>
            <ns3:cad>88</ns3:cad>
          </ns3:TrackPointExtension>
        </extensions>
      </trkpt>
      <trkpt lat="23.16805855371057987213134765625" lon="113.42271334491670131683349609375">
        <ele>20.799999237060546875</ele>
        <time>2026-07-14T10:42:24.000Z</time>
        <extensions>
          <ns3:TrackPointExtension>
            <ns3:hr>74</ns3:hr>
            <ns3:cad>88</ns3:cad>
          </ns3:TrackPointExtension>
        </extensions>
      </trkpt>
      <trkpt lat="23.1680770777165889739990234375" lon="113.42273748479783535003662109375">
        <ele>20.799999237060546875</ele>
        <time>2026-07-14T10:42:25.000Z</time>
        <extensions>
          <ns3:TrackPointExtension>
            <ns3:hr>75</ns3:hr>
            <ns3:cad>88</ns3:cad>
          </ns3:TrackPointExtension>
        </extensions>
      </trkpt>
      <trkpt lat="23.16808554343879222869873046875" lon="113.422770090401172637939453125">
        <ele>20.799999237060546875</ele>
        <time>2026-07-14T10:42:26.000Z</time>
        <extensions>
          <ns3:TrackPointExtension>
            <ns3:hr>77</ns3:hr>
            <ns3:cad>88</ns3:cad>
          </ns3:TrackPointExtension>
        </extensions>
      </trkpt>
      <trkpt lat="23.16808973439037799835205078125" lon="113.42279992997646331787109375">
        <ele>20.799999237060546875</ele>
        <time>2026-07-14T10:42:27.000Z</time>
        <extensions>
          <ns3:TrackPointExtension>
            <ns3:hr>79</ns3:hr>
            <ns3:cad>88</ns3:cad>
          </ns3:TrackPointExtension>
        </extensions>
      </trkpt>
      <trkpt lat="23.16809610463678836822509765625" lon="113.42283890582621097564697265625">
        <ele>20.799999237060546875</ele>
        <time>2026-07-14T10:42:28.000Z</time>
        <extensions>
          <ns3:TrackPointExtension>
            <ns3:hr>81</ns3:hr>
            <ns3:cad>89</ns3:cad>
          </ns3:TrackPointExtension>
        </extensions>
      </trkpt>
      <trkpt lat="23.16809761337935924530029296875" lon="113.42286773957312107086181640625">
        <ele>20.799999237060546875</ele>
        <time>2026-07-14T10:42:29.000Z</time>
        <extensions>
          <ns3:TrackPointExtension>
            <ns3:hr>82</ns3:hr>
            <ns3:cad>89</ns3:cad>
          </ns3:TrackPointExtension>
        </extensions>
      </trkpt>
      <trkpt lat="23.16809627227485179901123046875" lon="113.42290193773806095123291015625">
        <ele>20.6000003814697265625</ele>
        <time>2026-07-14T10:42:30.000Z</time>
        <extensions>
          <ns3:TrackPointExtension>
            <ns3:hr>84</ns3:hr>
            <ns3:cad>89</ns3:cad>
          </ns3:TrackPointExtension>
        </extensions>
      </trkpt>
      <trkpt lat="23.1680958531796932220458984375" lon="113.4229275025427341461181640625">
        <ele>20.6000003814697265625</ele>
        <time>2026-07-14T10:42:31.000Z</time>
        <extensions>
          <ns3:TrackPointExtension>
            <ns3:hr>86</ns3:hr>
            <ns3:cad>89</ns3:cad>
          </ns3:TrackPointExtension>
        </extensions>
      </trkpt>
      <trkpt lat="23.16809409298002719879150390625" lon="113.422957174479961395263671875">
        <ele>20.6000003814697265625</ele>
        <time>2026-07-14T10:42:32.000Z</time>
        <extensions>
          <ns3:TrackPointExtension>
            <ns3:hr>88</ns3:hr>
            <ns3:cad>89</ns3:cad>
          </ns3:TrackPointExtension>
        </extensions>
      </trkpt>
      <trkpt lat="23.16809208132326602935791015625" lon="113.42298760078847408294677734375">
        <ele>20.6000003814697265625</ele>
        <time>2026-07-14T10:42:33.000Z</time>
        <extensions>
          <ns3:TrackPointExtension>
            <ns3:hr>89</ns3:hr>
            <ns3:cad>89</ns3:cad>
          </ns3:TrackPointExtension>
        </extensions>
      </trkpt>
      <trkpt lat="23.1680881418287754058837890625" lon="113.42301945202052593231201171875">
        <ele>20.6000003814697265625</ele>
        <time>2026-07-14T10:42:34.000Z</time>
        <extensions>
          <ns3:TrackPointExtension>
            <ns3:hr>91</ns3:hr>
            <ns3:cad>89</ns3:cad>
          </ns3:TrackPointExtension>
        </extensions>
      </trkpt>
      <trkpt lat="23.1680841185152530670166015625" lon="113.423052392899990081787109375">
        <ele>20.6000003814697265625</ele>
        <time>2026-07-14T10:42:35.000Z</time>
        <extensions>
          <ns3:TrackPointExtension>
            <ns3:hr>93</ns3:hr>
            <ns3:cad>89</ns3:cad>
          </ns3:TrackPointExtension>
        </extensions>
      </trkpt>
      <trkpt lat="23.168082945048809051513671875" lon="113.4230864234268665313720703125">
        <ele>20.6000003814697265625</ele>
        <time>2026-07-14T10:42:36.000Z</time>
        <extensions>
          <ns3:TrackPointExtension>
            <ns3:hr>94</ns3:hr>
            <ns3:cad>89</ns3:cad>
          </ns3:TrackPointExtension>
        </extensions>
      </trkpt>
      <trkpt lat="23.16808202303946018218994140625" lon="113.423114083707332611083984375">
        <ele>20.799999237060546875</ele>
        <time>2026-07-14T10:42:37.000Z</time>
        <extensions>
          <ns3:TrackPointExtension>
            <ns3:hr>95</ns3:hr>
            <ns3:cad>89</ns3:cad>
          </ns3:TrackPointExtension>
        </extensions>
      </trkpt>
      <trkpt lat="23.16807900555431842803955078125" lon="113.4231450967490673065185546875">
        <ele>21</ele>
        <time>2026-07-14T10:42:38.000Z</time>
        <extensions>
          <ns3:TrackPointExtension>
            <ns3:hr>97</ns3:hr>
            <ns3:cad>89</ns3:cad>
          </ns3:TrackPointExtension>
        </extensions>
      </trkpt>
      <trkpt lat="23.1680790893733501434326171875" lon="113.423169739544391632080078125">
        <ele>21.200000762939453125</ele>
        <time>2026-07-14T10:42:39.000Z</time>
        <extensions>
          <ns3:TrackPointExtension>
            <ns3:hr>98</ns3:hr>
            <ns3:cad>89</ns3:cad>
          </ns3:TrackPointExtension>
        </extensions>
      </trkpt>
      <trkpt lat="23.16807230003178119659423828125" lon="113.4232020936906337738037109375">
        <ele>21.200000762939453125</ele>
        <time>2026-07-14T10:42:40.000Z</time>
        <extensions>
          <ns3:TrackPointExtension>
            <ns3:hr>100</ns3:hr>
            <ns3:cad>89</ns3:cad>
          </ns3:TrackPointExtension>
        </extensions>
      </trkpt>
      <trkpt lat="23.16807062365114688873291015625" lon="113.42323369346559047698974609375">
        <ele>21.200000762939453125</ele>
        <time>2026-07-14T10:42:41.000Z</time>
        <extensions>
          <ns3:TrackPointExtension>
            <ns3:hr>101</ns3:hr>
            <ns3:cad>89</ns3:cad>
          </ns3:TrackPointExtension>
        </extensions>
      </trkpt>
      <trkpt lat="23.16807246766984462738037109375" lon="113.42327308841049671173095703125">
        <ele>21</ele>
        <time>2026-07-14T10:42:42.000Z</time>
        <extensions>
          <ns3:TrackPointExtension>
            <ns3:hr>103</ns3:hr>
            <ns3:cad>89</ns3:cad>
          </ns3:TrackPointExtension>
        </extensions>
      </trkpt>
      <trkpt lat="23.16807297058403491973876953125" lon="113.42330276034772396087646484375">
        <ele>20.799999237060546875</ele>
        <time>2026-07-14T10:42:43.000Z</time>
        <extensions>
          <ns3:TrackPointExtension>
            <ns3:hr>104</ns3:hr>
            <ns3:cad>89</ns3:cad>
          </ns3:TrackPointExtension>
        </extensions>
      </trkpt>
      <trkpt lat="23.16806919872760772705078125" lon="113.42334098182618618011474609375">
        <ele>20.6000003814697265625</ele>
        <time>2026-07-14T10:42:44.000Z</time>
        <extensions>
          <ns3:TrackPointExtension>
            <ns3:hr>105</ns3:hr>
            <ns3:cad>89</ns3:cad>
          </ns3:TrackPointExtension>
        </extensions>
      </trkpt>
      <trkpt lat="23.1680707074701786041259765625" lon="113.423366546630859375">
        <ele>20.3999996185302734375</ele>
        <time>2026-07-14T10:42:45.000Z</time>
        <extensions>
          <ns3:TrackPointExtension>
            <ns3:hr>108</ns3:hr>
            <ns3:cad>90</ns3:cad>
          </ns3:TrackPointExtension>
        </extensions>
      </trkpt>
      <trkpt lat="23.16806810908019542694091796875" lon="113.4234029240906238555908203125">
        <ele>20.3999996185302734375</ele>
        <time>2026-07-14T10:42:46.000Z</time>
        <extensions>
          <ns3:TrackPointExtension>
            <ns3:hr>110</ns3:hr>
            <ns3:cad>90</ns3:cad>
          </ns3:TrackPointExtension>
        </extensions>
      </trkpt>
      <trkpt lat="23.168066181242465972900390625" lon="113.423429243266582489013671875">
        <ele>20.3999996185302734375</ele>
        <time>2026-07-14T10:42:47.000Z</time>
        <extensions>
          <ns3:TrackPointExtension>
            <ns3:hr>113</ns3:hr>
            <ns3:cad>90</ns3:cad>
          </ns3:TrackPointExtension>
        </extensions>
      </trkpt>
      <trkpt lat="23.1680656783282756805419921875" lon="113.42346956022083759307861328125">
        <ele>20.6000003814697265625</ele>
        <time>2026-07-14T10:42:48.000Z</time>
        <extensions>
          <ns3:TrackPointExtension>
            <ns3:hr>114</ns3:hr>
            <ns3:cad>91</ns3:cad>
          </ns3:TrackPointExtension>
        </extensions>
      </trkpt>
      <trkpt lat="23.1680690310895442962646484375" lon="113.42349738813936710357666015625">
        <ele>20.3999996185302734375</ele>
        <time>2026-07-14T10:42:49.000Z</time>
        <extensions>
          <ns3:TrackPointExtension>
            <ns3:hr>116</ns3:hr>
            <ns3:cad>91</ns3:cad>
          </ns3:TrackPointExtension>
        </extensions>
      </trkpt>
      <trkpt lat="23.1680656783282756805419921875" lon="113.42353996820747852325439453125">
        <ele>20.3999996185302734375</ele>
        <time>2026-07-14T10:42:50.000Z</time>
        <extensions>
          <ns3:TrackPointExtension>
            <ns3:hr>117</ns3:hr>
            <ns3:cad>91</ns3:cad>
          </ns3:TrackPointExtension>
        </extensions>
      </trkpt>
      <trkpt lat="23.16806676797568798065185546875" lon="113.42356662265956401824951171875">
        <ele>20.3999996185302734375</ele>
        <time>2026-07-14T10:42:51.000Z</time>
        <extensions>
          <ns3:TrackPointExtension>
            <ns3:hr>118</ns3:hr>
            <ns3:cad>92</ns3:cad>
          </ns3:TrackPointExtension>
        </extensions>
      </trkpt>
      <trkpt lat="23.168066851794719696044921875" lon="113.42360459268093109130859375">
        <ele>20.200000762939453125</ele>
        <time>2026-07-14T10:42:52.000Z</time>
        <extensions>
          <ns3:TrackPointExtension>
            <ns3:hr>120</ns3:hr>
            <ns3:cad>92</ns3:cad>
          </ns3:TrackPointExtension>
        </extensions>
      </trkpt>
      <trkpt lat="23.16807146184146404266357421875" lon="113.42363300733268260955810546875">
        <ele>20.200000762939453125</ele>
        <time>2026-07-14T10:42:53.000Z</time>
        <extensions>
          <ns3:TrackPointExtension>
            <ns3:hr>120</ns3:hr>
            <ns3:cad>92</ns3:cad>
          </ns3:TrackPointExtension>
        </extensions>
      </trkpt>
      <trkpt lat="23.16807230003178119659423828125" lon="113.423661924898624420166015625">
        <ele>20.200000762939453125</ele>
        <time>2026-07-14T10:42:54.000Z</time>
        <extensions>
          <ns3:TrackPointExtension>
            <ns3:hr>121</ns3:hr>
            <ns3:cad>92</ns3:cad>
          </ns3:TrackPointExtension>
        </extensions>
      </trkpt>
      <trkpt lat="23.16807649098336696624755859375" lon="113.4236905910074710845947265625">
        <ele>20.200000762939453125</ele>
        <time>2026-07-14T10:42:55.000Z</time>
        <extensions>
          <ns3:TrackPointExtension>
            <ns3:hr>122</ns3:hr>
            <ns3:cad>93</ns3:cad>
          </ns3:TrackPointExtension>
        </extensions>
      </trkpt>
      <trkpt lat="23.1680779159069061279296875" lon="113.4237200953066349029541015625">
        <ele>20</ele>
        <time>2026-07-14T10:42:56.000Z</time>
        <extensions>
          <ns3:TrackPointExtension>
            <ns3:hr>123</ns3:hr>
            <ns3:cad>93</ns3:cad>
          </ns3:TrackPointExtension>
        </extensions>
      </trkpt>
      <trkpt lat="23.16807925701141357421875" lon="113.42375052161514759063720703125">
        <ele>20</ele>
        <time>2026-07-14T10:42:57.000Z</time>
        <extensions>
          <ns3:TrackPointExtension>
            <ns3:hr>123</ns3:hr>
            <ns3:cad>92</ns3:cad>
          </ns3:TrackPointExtension>
        </extensions>
      </trkpt>
      <trkpt lat="23.1680747307837009429931640625" lon="113.42378186993300914764404296875">
        <ele>19.799999237060546875</ele>
        <time>2026-07-14T10:42:58.000Z</time>
        <extensions>
          <ns3:TrackPointExtension>
            <ns3:hr>123</ns3:hr>
            <ns3:cad>92</ns3:cad>
          </ns3:TrackPointExtension>
        </extensions>
      </trkpt>
      <trkpt lat="23.16807514987885951995849609375" lon="113.4238173253834247589111328125">
        <ele>19.799999237060546875</ele>
        <time>2026-07-14T10:42:59.000Z</time>
        <extensions>
          <ns3:TrackPointExtension>
            <ns3:hr>123</ns3:hr>
            <ns3:cad>93</ns3:cad>
          </ns3:TrackPointExtension>
        </extensions>
      </trkpt>
      <trkpt lat="23.16807799972593784332275390625" lon="113.42384356074035167694091796875">
        <ele>19.799999237060546875</ele>
        <time>2026-07-14T10:43:00.000Z</time>
        <extensions>
          <ns3:TrackPointExtension>
            <ns3:hr>124</ns3:hr>
            <ns3:cad>93</ns3:cad>
          </ns3:TrackPointExtension>
        </extensions>
      </trkpt>
      <trkpt lat="23.16808219067752361297607421875" lon="113.423882536590099334716796875">
        <ele>19.799999237060546875</ele>
        <time>2026-07-14T10:43:01.000Z</time>
        <extensions>
          <ns3:TrackPointExtension>
            <ns3:hr>123</ns3:hr>
            <ns3:cad>93</ns3:cad>
          </ns3:TrackPointExtension>
        </extensions>
      </trkpt>
      <trkpt lat="23.1680894829332828521728515625" lon="113.4239091910421848297119140625">
        <ele>19.799999237060546875</ele>
        <time>2026-07-14T10:43:02.000Z</time>
        <extensions>
          <ns3:TrackPointExtension>
            <ns3:hr>123</ns3:hr>
            <ns3:cad>91</ns3:cad>
          </ns3:TrackPointExtension>
        </extensions>
      </trkpt>
      <trkpt lat="23.16808789037168025970458984375" lon="113.423945903778076171875">
        <ele>19.799999237060546875</ele>
        <time>2026-07-14T10:43:03.000Z</time>
        <extensions>
          <ns3:TrackPointExtension>
            <ns3:hr>122</ns3:hr>
            <ns3:cad>91</ns3:cad>
          </ns3:TrackPointExtension>
        </extensions>
      </trkpt>
      <trkpt lat="23.16809040494263172149658203125" lon="113.4239698760211467742919921875">
        <ele>20</ele>
        <time>2026-07-14T10:43:04.000Z</time>
        <extensions>
          <ns3:TrackPointExtension>
            <ns3:hr>123</ns3:hr>
            <ns3:cad>93</ns3:cad>
          </ns3:TrackPointExtension>
        </extensions>
      </trkpt>
      <trkpt lat="23.16808738745748996734619140625" lon="113.42400633729994297027587890625">
        <ele>20</ele>
        <time>2026-07-14T10:43:05.000Z</time>
        <extensions>
          <ns3:TrackPointExtension>
            <ns3:hr>123</ns3:hr>
            <ns3:cad>93</ns3:cad>
          </ns3:TrackPointExtension>
        </extensions>
      </trkpt>
      <trkpt lat="23.16808420233428478240966796875" lon="113.4240349195897579193115234375">
        <ele>20.200000762939453125</ele>
        <time>2026-07-14T10:43:06.000Z</time>
        <extensions>
          <ns3:TrackPointExtension>
            <ns3:hr>123</ns3:hr>
            <ns3:cad>93</ns3:cad>
          </ns3:TrackPointExtension>
        </extensions>
      </trkpt>
      <trkpt lat="23.16808017902076244354248046875" lon="113.424071967601776123046875">
        <ele>20.200000762939453125</ele>
        <time>2026-07-14T10:43:07.000Z</time>
        <extensions>
          <ns3:TrackPointExtension>
            <ns3:hr>124</ns3:hr>
            <ns3:cad>93</ns3:cad>
          </ns3:TrackPointExtension>
        </extensions>
      </trkpt>
      <trkpt lat="23.1680821068584918975830078125" lon="113.42410407029092311859130859375">
        <ele>20.200000762939453125</ele>
        <time>2026-07-14T10:43:08.000Z</time>
        <extensions>
          <ns3:TrackPointExtension>
            <ns3:hr>124</ns3:hr>
            <ns3:cad>92</ns3:cad>
          </ns3:TrackPointExtension>
        </extensions>
      </trkpt>
      <trkpt lat="23.1680811010301113128662109375" lon="113.42413106001913547515869140625">
        <ele>20.200000762939453125</ele>
        <time>2026-07-14T10:43:09.000Z</time>
        <extensions>
          <ns3:TrackPointExtension>
            <ns3:hr>124</ns3:hr>
            <ns3:cad>92</ns3:cad>
          </ns3:TrackPointExtension>
        </extensions>
      </trkpt>
      <trkpt lat="23.16807950846850872039794921875" lon="113.424162827432155609130859375">
        <ele>20</ele>
        <time>2026-07-14T10:43:10.000Z</time>
        <extensions>
          <ns3:TrackPointExtension>
            <ns3:hr>124</ns3:hr>
            <ns3:cad>92</ns3:cad>
          </ns3:TrackPointExtension>
        </extensions>
      </trkpt>
      <trkpt lat="23.1680800952017307281494140625" lon="113.42418755404651165008544921875">
        <ele>20</ele>
        <time>2026-07-14T10:43:11.000Z</time>
        <extensions>
          <ns3:TrackPointExtension>
            <ns3:hr>125</ns3:hr>
            <ns3:cad>92</ns3:cad>
          </ns3:TrackPointExtension>
        </extensions>
      </trkpt>
      <trkpt lat="23.16807347349822521209716796875" lon="113.42422426678240299224853515625">
        <ele>20</ele>
        <time>2026-07-14T10:43:12.000Z</time>
        <extensions>
          <ns3:TrackPointExtension>
            <ns3:hr>126</ns3:hr>
            <ns3:cad>93</ns3:cad>
          </ns3:TrackPointExtension>
        </extensions>
      </trkpt>
      <trkpt lat="23.16807531751692295074462890625" lon="113.4242498315870761871337890625">
        <ele>20</ele>
        <time>2026-07-14T10:43:13.000Z</time>
        <extensions>
          <ns3:TrackPointExtension>
            <ns3:hr>126</ns3:hr>
            <ns3:cad>93</ns3:cad>
          </ns3:TrackPointExtension>
        </extensions>
      </trkpt>
      <trkpt lat="23.1680774129927158355712890625" lon="113.42428562231361865997314453125">
        <ele>20</ele>
        <time>2026-07-14T10:43:14.000Z</time>
        <extensions>
          <ns3:TrackPointExtension>
            <ns3:hr>126</ns3:hr>
            <ns3:cad>93</ns3:cad>
          </ns3:TrackPointExtension>
        </extensions>
      </trkpt>
      <trkpt lat="23.16808084957301616668701171875" lon="113.42430640943348407745361328125">
        <ele>20.200000762939453125</ele>
        <time>2026-07-14T10:43:15.000Z</time>
        <extensions>
          <ns3:TrackPointExtension>
            <ns3:hr>126</ns3:hr>
            <ns3:cad>93</ns3:cad>
          </ns3:TrackPointExtension>
        </extensions>
      </trkpt>
      <trkpt lat="23.1680790893733501434326171875" lon="113.42434010468423366546630859375">
        <ele>20.3999996185302734375</ele>
        <time>2026-07-14T10:43:16.000Z</time>
        <extensions>
          <ns3:TrackPointExtension>
            <ns3:hr>126</ns3:hr>
            <ns3:cad>92</ns3:cad>
          </ns3:TrackPointExtension>
        </extensions>
      </trkpt>
      <trkpt lat="23.168082945048809051513671875" lon="113.4243638254702091217041015625">
        <ele>20.3999996185302734375</ele>
        <time>2026-07-14T10:43:17.000Z</time>
        <extensions>
          <ns3:TrackPointExtension>
            <ns3:hr>126</ns3:hr>
            <ns3:cad>93</ns3:cad>
          </ns3:TrackPointExtension>
        </extensions>
      </trkpt>
      <trkpt lat="23.1680878065526485443115234375" lon="113.42439844273030757904052734375">
        <ele>20.3999996185302734375</ele>
        <time>2026-07-14T10:43:18.000Z</time>
        <extensions>
          <ns3:TrackPointExtension>
            <ns3:hr>127</ns3:hr>
            <ns3:cad>93</ns3:cad>
          </ns3:TrackPointExtension>
        </extensions>
      </trkpt>
      <trkpt lat="23.1680921651422977447509765625" lon="113.424422331154346466064453125">
        <ele>20.3999996185302734375</ele>
        <time>2026-07-14T10:43:19.000Z</time>
        <extensions>
          <ns3:TrackPointExtension>
            <ns3:hr>127</ns3:hr>
            <ns3:cad>93</ns3:cad>
          </ns3:TrackPointExtension>
        </extensions>
      </trkpt>
      <trkpt lat="23.168092668056488037109375" lon="113.424455858767032623291015625">
        <ele>20.3999996185302734375</ele>
        <time>2026-07-14T10:43:20.000Z</time>
        <extensions>
          <ns3:TrackPointExtension>
            <ns3:hr>129</ns3:hr>
            <ns3:cad>92</ns3:cad>
          </ns3:TrackPointExtension>
        </extensions>
      </trkpt>
      <trkpt lat="23.16809627227485179901123046875" lon="113.42448410578072071075439453125">
        <ele>20.3999996185302734375</ele>
        <time>2026-07-14T10:43:21.000Z</time>
        <extensions>
          <ns3:TrackPointExtension>
            <ns3:hr>131</ns3:hr>
            <ns3:cad>92</ns3:cad>
          </ns3:TrackPointExtension>
        </extensions>
      </trkpt>
      <trkpt lat="23.16809602081775665283203125" lon="113.424519561231136322021484375">
        <ele>20.3999996185302734375</ele>
        <time>2026-07-14T10:43:22.000Z</time>
        <extensions>
          <ns3:TrackPointExtension>
            <ns3:hr>131</ns3:hr>
            <ns3:cad>92</ns3:cad>
          </ns3:TrackPointExtension>
        </extensions>
      </trkpt>
      <trkpt lat="23.16809602081775665283203125" lon="113.42455049045383930206298828125">
        <ele>20.3999996185302734375</ele>
        <time>2026-07-14T10:43:23.000Z</time>
        <extensions>
          <ns3:TrackPointExtension>
            <ns3:hr>131</ns3:hr>
            <ns3:cad>91</ns3:cad>
          </ns3:TrackPointExtension>
        </extensions>
      </trkpt>
      <trkpt lat="23.16809208132326602935791015625" lon="113.42458250932395458221435546875">
        <ele>20.3999996185302734375</ele>
        <time>2026-07-14T10:43:24.000Z</time>
        <extensions>
          <ns3:TrackPointExtension>
            <ns3:hr>132</ns3:hr>
            <ns3:cad>92</ns3:cad>
          </ns3:TrackPointExtension>
        </extensions>
      </trkpt>
      <trkpt lat="23.16809199750423431396484375" lon="113.4246176294982433319091796875">
        <ele>20.200000762939453125</ele>
        <time>2026-07-14T10:43:25.000Z</time>
        <extensions>
          <ns3:TrackPointExtension>
            <ns3:hr>132</ns3:hr>
            <ns3:cad>91</ns3:cad>
          </ns3:TrackPointExtension>
        </extensions>
      </trkpt>
      <trkpt lat="23.16809141077101230621337890625" lon="113.42464436776936054229736328125">
        <ele>20.200000762939453125</ele>
        <time>2026-07-14T10:43:26.000Z</time>
        <extensions>
          <ns3:TrackPointExtension>
            <ns3:hr>132</ns3:hr>
            <ns3:cad>91</ns3:cad>
          </ns3:TrackPointExtension>
        </extensions>
      </trkpt>
      <trkpt lat="23.16808973439037799835205078125" lon="113.42468225397169589996337890625">
        <ele>20</ele>
        <time>2026-07-14T10:43:27.000Z</time>
        <extensions>
          <ns3:TrackPointExtension>
            <ns3:hr>133</ns3:hr>
            <ns3:cad>91</ns3:cad>
          </ns3:TrackPointExtension>
        </extensions>
      </trkpt>
      <trkpt lat="23.168092668056488037109375" lon="113.424707986414432525634765625">
        <ele>20</ele>
        <time>2026-07-14T10:43:28.000Z</time>
        <extensions>
          <ns3:TrackPointExtension>
            <ns3:hr>133</ns3:hr>
            <ns3:cad>92</ns3:cad>
          </ns3:TrackPointExtension>
        </extensions>
      </trkpt>
      <trkpt lat="23.168090991675853729248046875" lon="113.42474377714097499847412109375">
        <ele>20</ele>
        <time>2026-07-14T10:43:29.000Z</time>
        <extensions>
          <ns3:TrackPointExtension>
            <ns3:hr>133</ns3:hr>
            <ns3:cad>92</ns3:cad>
          </ns3:TrackPointExtension>
        </extensions>
      </trkpt>
      <trkpt lat="23.16809409298002719879150390625" lon="113.42476573772728443145751953125">
        <ele>20</ele>
        <time>2026-07-14T10:43:30.000Z</time>
        <extensions>
          <ns3:TrackPointExtension>
            <ns3:hr>133</ns3:hr>
            <ns3:cad>92</ns3:cad>
          </ns3:TrackPointExtension>
        </extensions>
      </trkpt>
      <trkpt lat="23.16809065639972686767578125" lon="113.4247949905693531036376953125">
        <ele>20</ele>
        <time>2026-07-14T10:43:31.000Z</time>
        <extensions>
          <ns3:TrackPointExtension>
            <ns3:hr>133</ns3:hr>
            <ns3:cad>94</ns3:cad>
          </ns3:TrackPointExtension>
        </extensions>
      </trkpt>
      <trkpt lat="23.16810029558837413787841796875" lon="113.4248234890401363372802734375">
        <ele>20</ele>
        <time>2026-07-14T10:43:32.000Z</time>
        <extensions>
          <ns3:TrackPointExtension>
            <ns3:hr>134</ns3:hr>
            <ns3:cad>94</ns3:cad>
          </ns3:TrackPointExtension>
        </extensions>
      </trkpt>
      <trkpt lat="23.16809526644647121429443359375" lon="113.42485927976667881011962890625">
        <ele>20</ele>
        <time>2026-07-14T10:43:33.000Z</time>
        <extensions>
          <ns3:TrackPointExtension>
            <ns3:hr>134</ns3:hr>
            <ns3:cad>93</ns3:cad>
          </ns3:TrackPointExtension>
        </extensions>
      </trkpt>
      <trkpt lat="23.16809778101742267608642578125" lon="113.42487889342010021209716796875">
        <ele>19.799999237060546875</ele>
        <time>2026-07-14T10:43:34.000Z</time>
        <extensions>
          <ns3:TrackPointExtension>
            <ns3:hr>134</ns3:hr>
            <ns3:cad>93</ns3:cad>
          </ns3:TrackPointExtension>
        </extensions>
      </trkpt>
      <trkpt lat="23.168097697198390960693359375" lon="113.424913845956325531005859375">
        <ele>19.799999237060546875</ele>
        <time>2026-07-14T10:43:35.000Z</time>
        <extensions>
          <ns3:TrackPointExtension>
            <ns3:hr>134</ns3:hr>
            <ns3:cad>91</ns3:cad>
          </ns3:TrackPointExtension>
        </extensions>
      </trkpt>
      <trkpt lat="23.168095685541629791259765625" lon="113.42493505217134952545166015625">
        <ele>19.799999237060546875</ele>
        <time>2026-07-14T10:43:36.000Z</time>
        <extensions>
          <ns3:TrackPointExtension>
            <ns3:hr>134</ns3:hr>
            <ns3:cad>91</ns3:cad>
          </ns3:TrackPointExtension>
        </extensions>
      </trkpt>
      <trkpt lat="23.16809576936066150665283203125" lon="113.42497210018336772918701171875">
        <ele>19.799999237060546875</ele>
        <time>2026-07-14T10:43:37.000Z</time>
        <extensions>
          <ns3:TrackPointExtension>
            <ns3:hr>134</ns3:hr>
            <ns3:cad>91</ns3:cad>
          </ns3:TrackPointExtension>
        </extensions>
      </trkpt>
      <trkpt lat="23.16809258423745632171630859375" lon="113.42499540187418460845947265625">
        <ele>19.799999237060546875</ele>
        <time>2026-07-14T10:43:38.000Z</time>
        <extensions>
          <ns3:TrackPointExtension>
            <ns3:hr>135</ns3:hr>
            <ns3:cad>91</ns3:cad>
          </ns3:TrackPointExtension>
        </extensions>
      </trkpt>
      <trkpt lat="23.1680921651422977447509765625" lon="113.42503295280039310455322265625">
        <ele>19.799999237060546875</ele>
        <time>2026-07-14T10:43:39.000Z</time>
        <extensions>
          <ns3:TrackPointExtension>
            <ns3:hr>135</ns3:hr>
            <ns3:cad>91</ns3:cad>
          </ns3:TrackPointExtension>
        </extensions>
      </trkpt>
      <trkpt lat="23.168098032474517822265625" lon="113.42505373992025852203369140625">
        <ele>19.6000003814697265625</ele>
        <time>2026-07-14T10:43:40.000Z</time>
        <extensions>
          <ns3:TrackPointExtension>
            <ns3:hr>135</ns3:hr>
            <ns3:cad>91</ns3:cad>
          </ns3:TrackPointExtension>
        </extensions>
      </trkpt>
      <trkpt lat="23.168094344437122344970703125" lon="113.42509330250322818756103515625">
        <ele>19.6000003814697265625</ele>
        <time>2026-07-14T10:43:41.000Z</time>
        <extensions>
          <ns3:TrackPointExtension>
            <ns3:hr>135</ns3:hr>
            <ns3:cad>91</ns3:cad>
          </ns3:TrackPointExtension>
        </extensions>
      </trkpt>
      <trkpt lat="23.1680958531796932220458984375" lon="113.4251166880130767822265625">
        <ele>19.6000003814697265625</ele>
        <time>2026-07-14T10:43:42.000Z</time>
        <extensions>
          <ns3:TrackPointExtension>
            <ns3:hr>135</ns3:hr>
            <ns3:cad>90</ns3:cad>
          </ns3:TrackPointExtension>
        </extensions>
      </trkpt>
      <trkpt lat="23.168093003332614898681640625" lon="113.42515465803444385528564453125">
        <ele>19.799999237060546875</ele>
        <time>2026-07-14T10:43:43.000Z</time>
        <extensions>
          <ns3:TrackPointExtension>
            <ns3:hr>135</ns3:hr>
            <ns3:cad>90</ns3:cad>
          </ns3:TrackPointExtension>
        </extensions>
      </trkpt>
      <trkpt lat="23.168095014989376068115234375" lon="113.4251805581152439117431640625">
        <ele>19.799999237060546875</ele>
        <time>2026-07-14T10:43:44.000Z</time>
        <extensions>
          <ns3:TrackPointExtension>
            <ns3:hr>135</ns3:hr>
            <ns3:cad>90</ns3:cad>
          </ns3:TrackPointExtension>
        </extensions>
      </trkpt>
      <trkpt lat="23.16809308715164661407470703125" lon="113.425217606127262115478515625">
        <ele>19.799999237060546875</ele>
        <time>2026-07-14T10:43:45.000Z</time>
        <extensions>
          <ns3:TrackPointExtension>
            <ns3:hr>135</ns3:hr>
            <ns3:cad>90</ns3:cad>
          </ns3:TrackPointExtension>
        </extensions>
      </trkpt>
      <trkpt lat="23.1680985353887081146240234375" lon="113.42524216510355472564697265625">
        <ele>19.6000003814697265625</ele>
        <time>2026-07-14T10:43:46.000Z</time>
        <extensions>
          <ns3:TrackPointExtension>
            <ns3:hr>135</ns3:hr>
            <ns3:cad>90</ns3:cad>
          </ns3:TrackPointExtension>
        </extensions>
      </trkpt>
      <trkpt lat="23.16809467971324920654296875" lon="113.4252808056771755218505859375">
        <ele>19.6000003814697265625</ele>
        <time>2026-07-14T10:43:47.000Z</time>
        <extensions>
          <ns3:TrackPointExtension>
            <ns3:hr>135</ns3:hr>
            <ns3:cad>90</ns3:cad>
          </ns3:TrackPointExtension>
        </extensions>
      </trkpt>
      <trkpt lat="23.168099038302898406982421875" lon="113.42530452646315097808837890625">
        <ele>19.6000003814697265625</ele>
        <time>2026-07-14T10:43:48.000Z</time>
        <extensions>
          <ns3:TrackPointExtension>
            <ns3:hr>135</ns3:hr>
            <ns3:cad>90</ns3:cad>
          </ns3:TrackPointExtension>
        </extensions>
      </trkpt>
      <trkpt lat="23.1680941767990589141845703125" lon="113.42534023337066173553466796875">
        <ele>19.6000003814697265625</ele>
        <time>2026-07-14T10:43:49.000Z</time>
        <extensions>
          <ns3:TrackPointExtension>
            <ns3:hr>135</ns3:hr>
            <ns3:cad>90</ns3:cad>
          </ns3:TrackPointExtension>
        </extensions>
      </trkpt>
      <trkpt lat="23.16809711046516895294189453125" lon="113.42536839656531810760498046875">
        <ele>19.799999237060546875</ele>
        <time>2026-07-14T10:43:50.000Z</time>
        <extensions>
          <ns3:TrackPointExtension>
            <ns3:hr>135</ns3:hr>
            <ns3:cad>91</ns3:cad>
          </ns3:TrackPointExtension>
        </extensions>
      </trkpt>
      <trkpt lat="23.16809333860874176025390625" lon="113.425404690206050872802734375">
        <ele>20</ele>
        <time>2026-07-14T10:43:51.000Z</time>
        <extensions>
          <ns3:TrackPointExtension>
            <ns3:hr>135</ns3:hr>
            <ns3:cad>93</ns3:cad>
          </ns3:TrackPointExtension>
        </extensions>
      </trkpt>
      <trkpt lat="23.16809325478971004486083984375" lon="113.42543830163776874542236328125">
        <ele>20</ele>
        <time>2026-07-14T10:43:52.000Z</time>
        <extensions>
          <ns3:TrackPointExtension>
            <ns3:hr>135</ns3:hr>
            <ns3:cad>93</ns3:cad>
          </ns3:TrackPointExtension>
        </extensions>
      </trkpt>
      <trkpt lat="23.16809224896132946014404296875" lon="113.425473086535930633544921875">
        <ele>20</ele>
        <time>2026-07-14T10:43:53.000Z</time>
        <extensions>
          <ns3:TrackPointExtension>
            <ns3:hr>135</ns3:hr>
            <ns3:cad>92</ns3:cad>
          </ns3:TrackPointExtension>
        </extensions>
      </trkpt>
      <trkpt lat="23.16809409298002719879150390625" lon="113.42550736851990222930908203125">
        <ele>20</ele>
        <time>2026-07-14T10:43:54.000Z</time>
        <extensions>
          <ns3:TrackPointExtension>
            <ns3:hr>135</ns3:hr>
            <ns3:cad>92</ns3:cad>
          </ns3:TrackPointExtension>
        </extensions>
      </trkpt>
      <trkpt lat="23.16809124313294887542724609375" lon="113.4255336038768291473388671875">
        <ele>20</ele>
        <time>2026-07-14T10:43:55.000Z</time>
        <extensions>
          <ns3:TrackPointExtension>
            <ns3:hr>135</ns3:hr>
            <ns3:cad>92</ns3:cad>
          </ns3:TrackPointExtension>
        </extensions>
      </trkpt>
      <trkpt lat="23.16808872856199741363525390625" lon="113.42556939460337162017822265625">
        <ele>20</ele>
        <time>2026-07-14T10:43:56.000Z</time>
        <extensions>
          <ns3:TrackPointExtension>
            <ns3:hr>134</ns3:hr>
            <ns3:cad>93</ns3:cad>
          </ns3:TrackPointExtension>
        </extensions>
      </trkpt>
      <trkpt lat="23.16809090785682201385498046875" lon="113.4255899302661418914794921875">
        <ele>20</ele>
        <time>2026-07-14T10:43:57.000Z</time>
        <extensions>
          <ns3:TrackPointExtension>
            <ns3:hr>134</ns3:hr>
            <ns3:cad>93</ns3:cad>
          </ns3:TrackPointExtension>
        </extensions>
      </trkpt>
      <trkpt lat="23.168089650571346282958984375" lon="113.42562437988817691802978515625">
        <ele>20</ele>
        <time>2026-07-14T10:43:58.000Z</time>
        <extensions>
          <ns3:TrackPointExtension>
            <ns3:hr>134</ns3:hr>
            <ns3:cad>93</ns3:cad>
          </ns3:TrackPointExtension>
        </extensions>
      </trkpt>
      <trkpt lat="23.16809476353228092193603515625" lon="113.4256469272077083587646484375">
        <ele>20</ele>
        <time>2026-07-14T10:43:59.000Z</time>
        <extensions>
          <ns3:TrackPointExtension>
            <ns3:hr>133</ns3:hr>
            <ns3:cad>93</ns3:cad>
          </ns3:TrackPointExtension>
        </extensions>
      </trkpt>
      <trkpt lat="23.16809467971324920654296875" lon="113.4256834723055362701416015625">
        <ele>20</ele>
        <time>2026-07-14T10:44:00.000Z</time>
        <extensions>
          <ns3:TrackPointExtension>
            <ns3:hr>132</ns3:hr>
            <ns3:cad>93</ns3:cad>
          </ns3:TrackPointExtension>
        </extensions>
      </trkpt>
      <trkpt lat="23.16809996031224727630615234375" lon="113.4257067739963531494140625">
        <ele>19.799999237060546875</ele>
        <time>2026-07-14T10:44:01.000Z</time>
        <extensions>
          <ns3:TrackPointExtension>
            <ns3:hr>132</ns3:hr>
            <ns3:cad>93</ns3:cad>
          </ns3:TrackPointExtension>
        </extensions>
      </trkpt>
      <trkpt lat="23.16809928975999355316162109375" lon="113.4257470071315765380859375">
        <ele>19.799999237060546875</ele>
        <time>2026-07-14T10:44:02.000Z</time>
        <extensions>
          <ns3:TrackPointExtension>
            <ns3:hr>132</ns3:hr>
            <ns3:cad>93</ns3:cad>
          </ns3:TrackPointExtension>
        </extensions>
      </trkpt>
      <trkpt lat="23.168101720511913299560546875" lon="113.425774164497852325439453125">
        <ele>19.799999237060546875</ele>
        <time>2026-07-14T10:44:03.000Z</time>
        <extensions>
          <ns3:TrackPointExtension>
            <ns3:hr>131</ns3:hr>
            <ns3:cad>93</ns3:cad>
          </ns3:TrackPointExtension>
        </extensions>
      </trkpt>
      <trkpt lat="23.1680948473513126373291015625" lon="113.42580961994826793670654296875">
        <ele>19.799999237060546875</ele>
        <time>2026-07-14T10:44:04.000Z</time>
        <extensions>
          <ns3:TrackPointExtension>
            <ns3:hr>131</ns3:hr>
            <ns3:cad>92</ns3:cad>
          </ns3:TrackPointExtension>
        </extensions>
      </trkpt>
      <trkpt lat="23.16809543408453464508056640625" lon="113.42583744786679744720458984375">
        <ele>19.799999237060546875</ele>
        <time>2026-07-14T10:44:05.000Z</time>
        <extensions>
          <ns3:TrackPointExtension>
            <ns3:hr>131</ns3:hr>
            <ns3:cad>92</ns3:cad>
          </ns3:TrackPointExtension>
        </extensions>
      </trkpt>
      <trkpt lat="23.16809040494263172149658203125" lon="113.425874412059783935546875">
        <ele>20</ele>
        <time>2026-07-14T10:44:06.000Z</time>
        <extensions>
          <ns3:TrackPointExtension>
            <ns3:hr>131</ns3:hr>
            <ns3:cad>93</ns3:cad>
          </ns3:TrackPointExtension>
        </extensions>
      </trkpt>
      <trkpt lat="23.16809593699872493743896484375" lon="113.4259010665118694305419921875">
        <ele>20</ele>
        <time>2026-07-14T10:44:07.000Z</time>
        <extensions>
          <ns3:TrackPointExtension>
            <ns3:hr>131</ns3:hr>
            <ns3:cad>93</ns3:cad>
          </ns3:TrackPointExtension>
        </extensions>
      </trkpt>
      <trkpt lat="23.16809333860874176025390625" lon="113.42593685723841190338134765625">
        <ele>20</ele>
        <time>2026-07-14T10:44:08.000Z</time>
        <extensions>
          <ns3:TrackPointExtension>
            <ns3:hr>131</ns3:hr>
            <ns3:cad>92</ns3:cad>
          </ns3:TrackPointExtension>
        </extensions>
      </trkpt>
      <trkpt lat="23.16809811629354953765869140625" lon="113.42596820555627346038818359375">
        <ele>20</ele>
        <time>2026-07-14T10:44:09.000Z</time>
        <extensions>
          <ns3:TrackPointExtension>
            <ns3:hr>130</ns3:hr>
            <ns3:cad>92</ns3:cad>
          </ns3:TrackPointExtension>
        </extensions>
      </trkpt>
      <trkpt lat="23.168098367750644683837890625" lon="113.42599838040769100189208984375">
        <ele>20</ele>
        <time>2026-07-14T10:44:10.000Z</time>
        <extensions>
          <ns3:TrackPointExtension>
            <ns3:hr>131</ns3:hr>
            <ns3:cad>92</ns3:cad>
          </ns3:TrackPointExtension>
        </extensions>
      </trkpt>
      <trkpt lat="23.168099708855152130126953125" lon="113.42602922581136226654052734375">
        <ele>19.799999237060546875</ele>
        <time>2026-07-14T10:44:11.000Z</time>
        <extensions>
          <ns3:TrackPointExtension>
            <ns3:hr>131</ns3:hr>
            <ns3:cad>91</ns3:cad>
          </ns3:TrackPointExtension>
        </extensions>
      </trkpt>
      <trkpt lat="23.16809593699872493743896484375" lon="113.42606141231954097747802734375">
        <ele>19.799999237060546875</ele>
        <time>2026-07-14T10:44:12.000Z</time>
        <extensions>
          <ns3:TrackPointExtension>
            <ns3:hr>131</ns3:hr>
            <ns3:cad>91</ns3:cad>
          </ns3:TrackPointExtension>
        </extensions>
      </trkpt>
      <trkpt lat="23.16809727810323238372802734375" lon="113.42609678395092487335205078125">
        <ele>19.6000003814697265625</ele>
        <time>2026-07-14T10:44:13.000Z</time>
        <extensions>
          <ns3:TrackPointExtension>
            <ns3:hr>131</ns3:hr>
            <ns3:cad>91</ns3:cad>
          </ns3:TrackPointExtension>
        </extensions>
      </trkpt>
      <trkpt lat="23.16809962503612041473388671875" lon="113.4261223487555980682373046875">
        <ele>19.6000003814697265625</ele>
        <time>2026-07-14T10:44:14.000Z</time>
        <extensions>
          <ns3:TrackPointExtension>
            <ns3:hr>131</ns3:hr>
            <ns3:cad>91</ns3:cad>
          </ns3:TrackPointExtension>
        </extensions>
      </trkpt>
      <trkpt lat="23.16809543408453464508056640625" lon="113.426159061491489410400390625">
        <ele>19.6000003814697265625</ele>
        <time>2026-07-14T10:44:15.000Z</time>
        <extensions>
          <ns3:TrackPointExtension>
            <ns3:hr>131</ns3:hr>
            <ns3:cad>91</ns3:cad>
          </ns3:TrackPointExtension>
        </extensions>
      </trkpt>
      <trkpt lat="23.1681018881499767303466796875" lon="113.42618613503873348236083984375">
        <ele>19.6000003814697265625</ele>
        <time>2026-07-14T10:44:16.000Z</time>
        <extensions>
          <ns3:TrackPointExtension>
            <ns3:hr>131</ns3:hr>
            <ns3:cad>92</ns3:cad>
          </ns3:TrackPointExtension>
        </extensions>
      </trkpt>
      <trkpt lat="23.1680955179035663604736328125" lon="113.42622385360300540924072265625">
        <ele>19.6000003814697265625</ele>
        <time>2026-07-14T10:44:17.000Z</time>
        <extensions>
          <ns3:TrackPointExtension>
            <ns3:hr>131</ns3:hr>
            <ns3:cad>92</ns3:cad>
          </ns3:TrackPointExtension>
        </extensions>
      </trkpt>
      <trkpt lat="23.16809526644647121429443359375" lon="113.4262510947883129119873046875">
        <ele>19.6000003814697265625</ele>
        <time>2026-07-14T10:44:18.000Z</time>
        <extensions>
          <ns3:TrackPointExtension>
            <ns3:hr>130</ns3:hr>
            <ns3:cad>92</ns3:cad>
          </ns3:TrackPointExtension>
        </extensions>
      </trkpt>
      <trkpt lat="23.16809107549488544464111328125" lon="113.426286466419696807861328125">
        <ele>19.6000003814697265625</ele>
        <time>2026-07-14T10:44:19.000Z</time>
        <extensions>
          <ns3:TrackPointExtension>
            <ns3:hr>131</ns3:hr>
            <ns3:cad>92</ns3:cad>
          </ns3:TrackPointExtension>
        </extensions>
      </trkpt>
      <trkpt lat="23.16809074021875858306884765625" lon="113.426317311823368072509765625">
        <ele>19.6000003814697265625</ele>
        <time>2026-07-14T10:44:20.000Z</time>
        <extensions>
          <ns3:TrackPointExtension>
            <ns3:hr>131</ns3:hr>
            <ns3:cad>93</ns3:cad>
          </ns3:TrackPointExtension>
        </extensions>
      </trkpt>
      <trkpt lat="23.1680898182094097137451171875" lon="113.4263493306934833526611328125">
        <ele>19.6000003814697265625</ele>
        <time>2026-07-14T10:44:21.000Z</time>
        <extensions>
          <ns3:TrackPointExtension>
            <ns3:hr>130</ns3:hr>
            <ns3:cad>93</ns3:cad>
          </ns3:TrackPointExtension>
        </extensions>
      </trkpt>
      <trkpt lat="23.16809224896132946014404296875" lon="113.426376990973949432373046875">
        <ele>19.6000003814697265625</ele>
        <time>2026-07-14T10:44:22.000Z</time>
        <extensions>
          <ns3:TrackPointExtension>
            <ns3:hr>131</ns3:hr>
            <ns3:cad>93</ns3:cad>
          </ns3:TrackPointExtension>
        </extensions>
      </trkpt>
      <trkpt lat="23.16808621399104595184326171875" lon="113.42640473507344722747802734375">
        <ele>19.799999237060546875</ele>
        <time>2026-07-14T10:44:23.000Z</time>
        <extensions>
          <ns3:TrackPointExtension>
            <ns3:hr>131</ns3:hr>
            <ns3:cad>93</ns3:cad>
          </ns3:TrackPointExtension>
        </extensions>
      </trkpt>
      <trkpt lat="23.1680871360003948211669921875" lon="113.42643029987812042236328125">
        <ele>19.799999237060546875</ele>
        <time>2026-07-14T10:44:24.000Z</time>
        <extensions>
          <ns3:TrackPointExtension>
            <ns3:hr>130</ns3:hr>
            <ns3:cad>92</ns3:cad>
          </ns3:TrackPointExtension>
        </extensions>
      </trkpt>
      <trkpt lat="23.16808235831558704376220703125" lon="113.42646307311952114105224609375">
        <ele>19.799999237060546875</ele>
        <time>2026-07-14T10:44:25.000Z</time>
        <extensions>
          <ns3:TrackPointExtension>
            <ns3:hr>131</ns3:hr>
            <ns3:cad>92</ns3:cad>
          </ns3:TrackPointExtension>
        </extensions>
      </trkpt>
      <trkpt lat="23.168083615601062774658203125" lon="113.42648662626743316650390625">
        <ele>19.6000003814697265625</ele>
        <time>2026-07-14T10:44:26.000Z</time>
        <extensions>
          <ns3:TrackPointExtension>
            <ns3:hr>130</ns3:hr>
            <ns3:cad>91</ns3:cad>
          </ns3:TrackPointExtension>
        </extensions>
      </trkpt>
      <trkpt lat="23.1680811010301113128662109375" lon="113.42652040533721446990966796875">
        <ele>19.6000003814697265625</ele>
        <time>2026-07-14T10:44:27.000Z</time>
        <extensions>
          <ns3:TrackPointExtension>
            <ns3:hr>130</ns3:hr>
            <ns3:cad>91</ns3:cad>
          </ns3:TrackPointExtension>
        </extensions>
      </trkpt>
      <trkpt lat="23.16808839328587055206298828125" lon="113.4265441261231899261474609375">
        <ele>19.3999996185302734375</ele>
        <time>2026-07-14T10:44:28.000Z</time>
        <extensions>
          <ns3:TrackPointExtension>
            <ns3:hr>130</ns3:hr>
            <ns3:cad>90</ns3:cad>
          </ns3:TrackPointExtension>
        </extensions>
      </trkpt>
      <trkpt lat="23.16808487288653850555419921875" lon="113.42657111585140228271484375">
        <ele>19.3999996185302734375</ele>
        <time>2026-07-14T10:44:29.000Z</time>
        <extensions>
          <ns3:TrackPointExtension>
            <ns3:hr>130</ns3:hr>
            <ns3:cad>90</ns3:cad>
          </ns3:TrackPointExtension>
        </extensions>
      </trkpt>
      <trkpt lat="23.16808051429688930511474609375" lon="113.426584191620349884033203125">
        <ele>19.3999996185302734375</ele>
        <time>2026-07-14T10:44:30.000Z</time>
        <extensions>
          <ns3:TrackPointExtension>
            <ns3:hr>130</ns3:hr>
            <ns3:cad>90</ns3:cad>
          </ns3:TrackPointExtension>
        </extensions>
      </trkpt>
      <trkpt lat="23.16807565279304981231689453125" lon="113.42660422436892986297607421875">
        <ele>19.3999996185302734375</ele>
        <time>2026-07-14T10:44:31.000Z</time>
        <extensions>
          <ns3:TrackPointExtension>
            <ns3:hr>130</ns3:hr>
            <ns3:cad>88</ns3:cad>
          </ns3:TrackPointExtension>
        </extensions>
      </trkpt>
      <trkpt lat="23.1680804304778575897216796875" lon="113.42661109752953052520751953125">
        <ele>19.3999996185302734375</ele>
        <time>2026-07-14T10:44:32.000Z</time>
        <extensions>
          <ns3:TrackPointExtension>
            <ns3:hr>129</ns3:hr>
            <ns3:cad>88</ns3:cad>
          </ns3:TrackPointExtension>
        </extensions>
      </trkpt>
      <trkpt lat="23.16807900555431842803955078125" lon="113.4266242571175098419189453125">
        <ele>19.3999996185302734375</ele>
        <time>2026-07-14T10:44:33.000Z</time>
        <extensions>
          <ns3:TrackPointExtension>
            <ns3:hr>129</ns3:hr>
            <ns3:cad>88</ns3:cad>
          </ns3:TrackPointExtension>
        </extensions>
      </trkpt>
      <trkpt lat="23.1680733896791934967041015625" lon="113.42663951218128204345703125">
        <ele>19.200000762939453125</ele>
        <time>2026-07-14T10:44:34.000Z</time>
        <extensions>
          <ns3:TrackPointExtension>
            <ns3:hr>129</ns3:hr>
            <ns3:cad>88</ns3:cad>
          </ns3:TrackPointExtension>
        </extensions>
      </trkpt>
      <trkpt lat="23.1680754013359546661376953125" lon="113.42665518634021282196044921875">
        <ele>19</ele>
        <time>2026-07-14T10:44:35.000Z</time>
        <extensions>
          <ns3:TrackPointExtension>
            <ns3:hr>130</ns3:hr>
            <ns3:cad>85</ns3:cad>
          </ns3:TrackPointExtension>
        </extensions>
      </trkpt>
      <trkpt lat="23.16807179711759090423583984375" lon="113.4266785718500614166259765625">
        <ele>18.799999237060546875</ele>
        <time>2026-07-14T10:44:36.000Z</time>
        <extensions>
          <ns3:TrackPointExtension>
            <ns3:hr>129</ns3:hr>
            <ns3:cad>85</ns3:cad>
          </ns3:TrackPointExtension>
        </extensions>
      </trkpt>
      <trkpt lat="23.16807565279304981231689453125" lon="113.42669759877026081085205078125">
        <ele>18.799999237060546875</ele>
        <time>2026-07-14T10:44:37.000Z</time>
        <extensions>
          <ns3:TrackPointExtension>
            <ns3:hr>129</ns3:hr>
            <ns3:cad>70</ns3:cad>
          </ns3:TrackPointExtension>
        </extensions>
      </trkpt>
      <trkpt lat="23.1680784188210964202880859375" lon="113.42672802507877349853515625">
        <ele>18.799999237060546875</ele>
        <time>2026-07-14T10:44:38.000Z</time>
        <extensions>
          <ns3:TrackPointExtension>
            <ns3:hr>129</ns3:hr>
            <ns3:cad>70</ns3:cad>
          </ns3:TrackPointExtension>
        </extensions>
      </trkpt>
      <trkpt lat="23.168090321123600006103515625" lon="113.4267462976276874542236328125">
        <ele>19</ele>
        <time>2026-07-14T10:44:39.000Z</time>
        <extensions>
          <ns3:TrackPointExtension>
            <ns3:hr>129</ns3:hr>
            <ns3:cad>81</ns3:cad>
          </ns3:TrackPointExtension>
        </extensions>
      </trkpt>
      <trkpt lat="23.16811219789087772369384765625" lon="113.426771275699138641357421875">
        <ele>19.200000762939453125</ele>
        <time>2026-07-14T10:44:40.000Z</time>
        <extensions>
          <ns3:TrackPointExtension>
            <ns3:hr>128</ns3:hr>
            <ns3:cad>81</ns3:cad>
          </ns3:TrackPointExtension>
        </extensions>
      </trkpt>
      <trkpt lat="23.16812410019338130950927734375" lon="113.42678342945873737335205078125">
        <ele>19.799999237060546875</ele>
        <time>2026-07-14T10:44:41.000Z</time>
        <extensions>
          <ns3:TrackPointExtension>
            <ns3:hr>128</ns3:hr>
            <ns3:cad>81</ns3:cad>
          </ns3:TrackPointExtension>
        </extensions>
      </trkpt>
      <trkpt lat="23.16814966499805450439453125" lon="113.42680220492184162139892578125">
        <ele>20.200000762939453125</ele>
        <time>2026-07-14T10:44:42.000Z</time>
        <extensions>
          <ns3:TrackPointExtension>
            <ns3:hr>127</ns3:hr>
            <ns3:cad>86</ns3:cad>
          </ns3:TrackPointExtension>
        </extensions>
      </trkpt>
      <trkpt lat="23.16816617734730243682861328125" lon="113.426810167729854583740234375">
        <ele>20.3999996185302734375</ele>
        <time>2026-07-14T10:44:43.000Z</time>
        <extensions>
          <ns3:TrackPointExtension>
            <ns3:hr>126</ns3:hr>
            <ns3:cad>87</ns3:cad>
          </ns3:TrackPointExtension>
        </extensions>
      </trkpt>
      <trkpt lat="23.1681904010474681854248046875" lon="113.42682030983269214630126953125">
        <ele>20.3999996185302734375</ele>
        <time>2026-07-14T10:44:44.000Z</time>
        <extensions>
          <ns3:TrackPointExtension>
            <ns3:hr>125</ns3:hr>
            <ns3:cad>87</ns3:cad>
          </ns3:TrackPointExtension>
        </extensions>
      </trkpt>
      <trkpt lat="23.16821630112826824188232421875" lon="113.42682684771716594696044921875">
        <ele>20.6000003814697265625</ele>
        <time>2026-07-14T10:44:45.000Z</time>
        <extensions>
          <ns3:TrackPointExtension>
            <ns3:hr>124</ns3:hr>
            <ns3:cad>87</ns3:cad>
          </ns3:TrackPointExtension>
        </extensions>
      </trkpt>
      <trkpt lat="23.1682334840297698974609375" lon="113.42682215385138988494873046875">
        <ele>20.799999237060546875</ele>
        <time>2026-07-14T10:44:46.000Z</time>
        <extensions>
          <ns3:TrackPointExtension>
            <ns3:hr>123</ns3:hr>
            <ns3:cad>87</ns3:cad>
          </ns3:TrackPointExtension>
        </extensions>
      </trkpt>
      <trkpt lat="23.16826499998569488525390625" lon="113.42682902701199054718017578125">
        <ele>20.6000003814697265625</ele>
        <time>2026-07-14T10:44:47.000Z</time>
        <extensions>
          <ns3:TrackPointExtension>
            <ns3:hr>123</ns3:hr>
            <ns3:cad>87</ns3:cad>
          </ns3:TrackPointExtension>
        </extensions>
      </trkpt>
      <trkpt lat="23.168284110724925994873046875" lon="113.4268279373645782470703125">
        <ele>20.6000003814697265625</ele>
        <time>2026-07-14T10:44:48.000Z</time>
        <extensions>
          <ns3:TrackPointExtension>
            <ns3:hr>123</ns3:hr>
            <ns3:cad>87</ns3:cad>
          </ns3:TrackPointExtension>
        </extensions>
      </trkpt>
      <trkpt lat="23.16831889562308788299560546875" lon="113.42683254741132259368896484375">
        <ele>20.3999996185302734375</ele>
        <time>2026-07-14T10:44:49.000Z</time>
        <extensions>
          <ns3:TrackPointExtension>
            <ns3:hr>123</ns3:hr>
            <ns3:cad>86</ns3:cad>
          </ns3:TrackPointExtension>
        </extensions>
      </trkpt>
      <trkpt lat="23.16833733581006526947021484375" lon="113.4268274344503879547119140625">
        <ele>20.200000762939453125</ele>
        <time>2026-07-14T10:44:50.000Z</time>
        <extensions>
          <ns3:TrackPointExtension>
            <ns3:hr>122</ns3:hr>
            <ns3:cad>86</ns3:cad>
          </ns3:TrackPointExtension>
        </extensions>
      </trkpt>
      <trkpt lat="23.16837522201240062713623046875" lon="113.42682835645973682403564453125">
        <ele>20</ele>
        <time>2026-07-14T10:44:51.000Z</time>
        <extensions>
          <ns3:TrackPointExtension>
            <ns3:hr>121</ns3:hr>
            <ns3:cad>86</ns3:cad>
          </ns3:TrackPointExtension>
        </extensions>
      </trkpt>
      <trkpt lat="23.16839634440839290618896484375" lon="113.426822908222675323486328125">
        <ele>20</ele>
        <time>2026-07-14T10:44:52.000Z</time>
        <extensions>
          <ns3:TrackPointExtension>
            <ns3:hr>121</ns3:hr>
            <ns3:cad>86</ns3:cad>
          </ns3:TrackPointExtension>
        </extensions>
      </trkpt>
      <trkpt lat="23.16843104548752307891845703125" lon="113.426823578774929046630859375">
        <ele>20</ele>
        <time>2026-07-14T10:44:53.000Z</time>
        <extensions>
          <ns3:TrackPointExtension>
            <ns3:hr>120</ns3:hr>
            <ns3:cad>88</ns3:cad>
          </ns3:TrackPointExtension>
        </extensions>
      </trkpt>
      <trkpt lat="23.16845535300672054290771484375" lon="113.42681779526174068450927734375">
        <ele>20</ele>
        <time>2026-07-14T10:44:54.000Z</time>
        <extensions>
          <ns3:TrackPointExtension>
            <ns3:hr>120</ns3:hr>
            <ns3:cad>89</ns3:cad>
          </ns3:TrackPointExtension>
        </extensions>
      </trkpt>
      <trkpt lat="23.16848670132458209991455078125" lon="113.42681846581399440765380859375">
        <ele>20.200000762939453125</ele>
        <time>2026-07-14T10:44:55.000Z</time>
        <extensions>
          <ns3:TrackPointExtension>
            <ns3:hr>120</ns3:hr>
            <ns3:cad>88</ns3:cad>
          </ns3:TrackPointExtension>
        </extensions>
      </trkpt>
      <trkpt lat="23.16850950010120868682861328125" lon="113.42683020047843456268310546875">
        <ele>20</ele>
        <time>2026-07-14T10:44:56.000Z</time>
        <extensions>
          <ns3:TrackPointExtension>
            <ns3:hr>119</ns3:hr>
            <ns3:cad>89</ns3:cad>
          </ns3:TrackPointExtension>
        </extensions>
      </trkpt>
      <trkpt lat="23.1685263477265834808349609375" lon="113.4268465451896190643310546875">
        <ele>20</ele>
        <time>2026-07-14T10:44:57.000Z</time>
        <extensions>
          <ns3:TrackPointExtension>
            <ns3:hr>120</ns3:hr>
            <ns3:cad>88</ns3:cad>
          </ns3:TrackPointExtension>
        </extensions>
      </trkpt>
      <trkpt lat="23.1685320474207401275634765625" lon="113.42687194235622882843017578125">
        <ele>19.799999237060546875</ele>
        <time>2026-07-14T10:44:58.000Z</time>
        <extensions>
          <ns3:TrackPointExtension>
            <ns3:hr>120</ns3:hr>
            <ns3:cad>88</ns3:cad>
          </ns3:TrackPointExtension>
        </extensions>
      </trkpt>
      <trkpt lat="23.1685338914394378662109375" lon="113.42689725570380687713623046875">
        <ele>19.3999996185302734375</ele>
        <time>2026-07-14T10:44:59.000Z</time>
        <extensions>
          <ns3:TrackPointExtension>
            <ns3:hr>120</ns3:hr>
            <ns3:cad>88</ns3:cad>
          </ns3:TrackPointExtension>
        </extensions>
      </trkpt>
      <trkpt lat="23.16853196360170841217041015625" lon="113.4269333817064762115478515625">
        <ele>19.3999996185302734375</ele>
        <time>2026-07-14T10:45:00.000Z</time>
        <extensions>
          <ns3:TrackPointExtension>
            <ns3:hr>120</ns3:hr>
            <ns3:cad>86</ns3:cad>
          </ns3:TrackPointExtension>
        </extensions>
      </trkpt>
      <trkpt lat="23.1685380823910236358642578125" lon="113.42695509083569049835205078125">
        <ele>19.3999996185302734375</ele>
        <time>2026-07-14T10:45:01.000Z</time>
        <extensions>
          <ns3:TrackPointExtension>
            <ns3:hr>120</ns3:hr>
            <ns3:cad>86</ns3:cad>
          </ns3:TrackPointExtension>
        </extensions>
      </trkpt>
      <trkpt lat="23.168554343283176422119140625" lon="113.42697747051715850830078125">
        <ele>19.3999996185302734375</ele>
        <time>2026-07-14T10:45:02.000Z</time>
        <extensions>
          <ns3:TrackPointExtension>
            <ns3:hr>120</ns3:hr>
            <ns3:cad>86</ns3:cad>
          </ns3:TrackPointExtension>
        </extensions>
      </trkpt>
      <trkpt lat="23.16857521422207355499267578125" lon="113.426979817450046539306640625">
        <ele>19.3999996185302734375</ele>
        <time>2026-07-14T10:45:03.000Z</time>
        <extensions>
          <ns3:TrackPointExtension>
            <ns3:hr>120</ns3:hr>
            <ns3:cad>86</ns3:cad>
          </ns3:TrackPointExtension>
        </extensions>
      </trkpt>
      <trkpt lat="23.16860404796898365020751953125" lon="113.4269833378493785858154296875">
        <ele>19.3999996185302734375</ele>
        <time>2026-07-14T10:45:04.000Z</time>
        <extensions>
          <ns3:TrackPointExtension>
            <ns3:hr>121</ns3:hr>
            <ns3:cad>86</ns3:cad>
          </ns3:TrackPointExtension>
        </extensions>
      </trkpt>
      <trkpt lat="23.16862433217465877532958984375" lon="113.42698283493518829345703125">
        <ele>19.3999996185302734375</ele>
        <time>2026-07-14T10:45:05.000Z</time>
        <extensions>
          <ns3:TrackPointExtension>
            <ns3:hr>121</ns3:hr>
            <ns3:cad>87</ns3:cad>
          </ns3:TrackPointExtension>
        </extensions>
      </trkpt>
      <trkpt lat="23.168650567531585693359375" lon="113.42697856016457080841064453125">
        <ele>19.3999996185302734375</ele>
        <time>2026-07-14T10:45:06.000Z</time>
        <extensions>
          <ns3:TrackPointExtension>
            <ns3:hr>121</ns3:hr>
            <ns3:cad>87</ns3:cad>
          </ns3:TrackPointExtension>
        </extensions>
      </trkpt>
      <trkpt lat="23.16868007183074951171875" lon="113.4269754588603973388671875">
        <ele>19.6000003814697265625</ele>
        <time>2026-07-14T10:45:07.000Z</time>
        <extensions>
          <ns3:TrackPointExtension>
            <ns3:hr>121</ns3:hr>
            <ns3:cad>87</ns3:cad>
          </ns3:TrackPointExtension>
        </extensions>
      </trkpt>
      <trkpt lat="23.1687057204544544219970703125" lon="113.42697671614587306976318359375">
        <ele>19.6000003814697265625</ele>
        <time>2026-07-14T10:45:08.000Z</time>
        <extensions>
          <ns3:TrackPointExtension>
            <ns3:hr>121</ns3:hr>
            <ns3:cad>87</ns3:cad>
          </ns3:TrackPointExtension>
        </extensions>
      </trkpt>
      <trkpt lat="23.16872927360236644744873046875" lon="113.42698752880096435546875">
        <ele>19.799999237060546875</ele>
        <time>2026-07-14T10:45:09.000Z</time>
        <extensions>
          <ns3:TrackPointExtension>
            <ns3:hr>121</ns3:hr>
            <ns3:cad>88</ns3:cad>
          </ns3:TrackPointExtension>
        </extensions>
      </trkpt>
      <trkpt lat="23.16874637268483638763427734375" lon="113.427009321749210357666015625">
        <ele>19.799999237060546875</ele>
        <time>2026-07-14T10:45:10.000Z</time>
        <extensions>
          <ns3:TrackPointExtension>
            <ns3:hr>121</ns3:hr>
            <ns3:cad>88</ns3:cad>
          </ns3:TrackPointExtension>
        </extensions>
      </trkpt>
      <trkpt lat="23.16875559277832508087158203125" lon="113.4270292706787586212158203125">
        <ele>19.799999237060546875</ele>
        <time>2026-07-14T10:45:11.000Z</time>
        <extensions>
          <ns3:TrackPointExtension>
            <ns3:hr>121</ns3:hr>
            <ns3:cad>88</ns3:cad>
          </ns3:TrackPointExtension>
        </extensions>
      </trkpt>
      <trkpt lat="23.16877755336463451385498046875" lon="113.427038155496120452880859375">
        <ele>19.799999237060546875</ele>
        <time>2026-07-14T10:45:12.000Z</time>
        <extensions>
          <ns3:TrackPointExtension>
            <ns3:hr>122</ns3:hr>
            <ns3:cad>90</ns3:cad>
          </ns3:TrackPointExtension>
        </extensions>
      </trkpt>
      <trkpt lat="23.16879875957965850830078125" lon="113.4270450286567211151123046875">
        <ele>19.799999237060546875</ele>
        <time>2026-07-14T10:45:13.000Z</time>
        <extensions>
          <ns3:TrackPointExtension>
            <ns3:hr>122</ns3:hr>
            <ns3:cad>90</ns3:cad>
          </ns3:TrackPointExtension>
        </extensions>
      </trkpt>
      <trkpt lat="23.1688277609646320343017578125" lon="113.4270433522760868072509765625">
        <ele>19.799999237060546875</ele>
        <time>2026-07-14T10:45:14.000Z</time>
        <extensions>
          <ns3:TrackPointExtension>
            <ns3:hr>123</ns3:hr>
            <ns3:cad>90</ns3:cad>
          </ns3:TrackPointExtension>
        </extensions>
      </trkpt>
      <trkpt lat="23.168856762349605560302734375" lon="113.42704159207642078399658203125">
        <ele>20</ele>
        <time>2026-07-14T10:45:15.000Z</time>
        <extensions>
          <ns3:TrackPointExtension>
            <ns3:hr>123</ns3:hr>
            <ns3:cad>90</ns3:cad>
          </ns3:TrackPointExtension>
        </extensions>
      </trkpt>
      <trkpt lat="23.168890960514545440673828125" lon="113.42703505419194698333740234375">
        <ele>20</ele>
        <time>2026-07-14T10:45:16.000Z</time>
        <extensions>
          <ns3:TrackPointExtension>
            <ns3:hr>123</ns3:hr>
            <ns3:cad>90</ns3:cad>
          </ns3:TrackPointExtension>
        </extensions>
      </trkpt>
      <trkpt lat="23.16891920752823352813720703125" lon="113.42703773640096187591552734375">
        <ele>20.200000762939453125</ele>
        <time>2026-07-14T10:45:17.000Z</time>
        <extensions>
          <ns3:TrackPointExtension>
            <ns3:hr>123</ns3:hr>
            <ns3:cad>89</ns3:cad>
          </ns3:TrackPointExtension>
        </extensions>
      </trkpt>
      <trkpt lat="23.1689437665045261383056640625" lon="113.4270336292684078216552734375">
        <ele>20.200000762939453125</ele>
        <time>2026-07-14T10:45:18.000Z</time>
        <extensions>
          <ns3:TrackPointExtension>
            <ns3:hr>123</ns3:hr>
            <ns3:cad>89</ns3:cad>
          </ns3:TrackPointExtension>
        </extensions>
      </trkpt>
      <trkpt lat="23.16897117532789707183837890625" lon="113.42703974805772304534912109375">
        <ele>20.200000762939453125</ele>
        <time>2026-07-14T10:45:19.000Z</time>
        <extensions>
          <ns3:TrackPointExtension>
            <ns3:hr>124</ns3:hr>
            <ns3:cad>89</ns3:cad>
          </ns3:TrackPointExtension>
        </extensions>
      </trkpt>
      <trkpt lat="23.168994896113872528076171875" lon="113.42704460956156253814697265625">
        <ele>20.200000762939453125</ele>
        <time>2026-07-14T10:45:20.000Z</time>
        <extensions>
          <ns3:TrackPointExtension>
            <ns3:hr>124</ns3:hr>
            <ns3:cad>89</ns3:cad>
          </ns3:TrackPointExtension>
        </extensions>
      </trkpt>
      <trkpt lat="23.169017694890499114990234375" lon="113.4270658157765865325927734375">
        <ele>20.200000762939453125</ele>
        <time>2026-07-14T10:45:21.000Z</time>
        <extensions>
          <ns3:TrackPointExtension>
            <ns3:hr>124</ns3:hr>
            <ns3:cad>89</ns3:cad>
          </ns3:TrackPointExtension>
        </extensions>
      </trkpt>
      <trkpt lat="23.16903772763907909393310546875" lon="113.42707428149878978729248046875">
        <ele>20.3999996185302734375</ele>
        <time>2026-07-14T10:45:22.000Z</time>
        <extensions>
          <ns3:TrackPointExtension>
            <ns3:hr>124</ns3:hr>
            <ns3:cad>89</ns3:cad>
          </ns3:TrackPointExtension>
        </extensions>
      </trkpt>
      <trkpt lat="23.16906672902405261993408203125" lon="113.42708517797291278839111328125">
        <ele>20.3999996185302734375</ele>
        <time>2026-07-14T10:45:23.000Z</time>
        <extensions>
          <ns3:TrackPointExtension>
            <ns3:hr>125</ns3:hr>
            <ns3:cad>89</ns3:cad>
          </ns3:TrackPointExtension>
        </extensions>
      </trkpt>
      <trkpt lat="23.1690916232764720916748046875" lon="113.42708467505872249603271484375">
        <ele>20.3999996185302734375</ele>
        <time>2026-07-14T10:45:24.000Z</time>
        <extensions>
          <ns3:TrackPointExtension>
            <ns3:hr>126</ns3:hr>
            <ns3:cad>89</ns3:cad>
          </ns3:TrackPointExtension>
        </extensions>
      </trkpt>
      <trkpt lat="23.1691228039562702178955078125" lon="113.42708886601030826568603515625">
        <ele>20.3999996185302734375</ele>
        <time>2026-07-14T10:45:25.000Z</time>
        <extensions>
          <ns3:TrackPointExtension>
            <ns3:hr>127</ns3:hr>
            <ns3:cad>89</ns3:cad>
          </ns3:TrackPointExtension>
        </extensions>
      </trkpt>
      <trkpt lat="23.16914786584675312042236328125" lon="113.42708517797291278839111328125">
        <ele>20.3999996185302734375</ele>
        <time>2026-07-14T10:45:26.000Z</time>
        <extensions>
          <ns3:TrackPointExtension>
            <ns3:hr>128</ns3:hr>
            <ns3:cad>89</ns3:cad>
          </ns3:TrackPointExtension>
        </extensions>
      </trkpt>
      <trkpt lat="23.16918172873556613922119140625" lon="113.4270872734487056732177734375">
        <ele>20.6000003814697265625</ele>
        <time>2026-07-14T10:45:27.000Z</time>
        <extensions>
          <ns3:TrackPointExtension>
            <ns3:hr>129</ns3:hr>
            <ns3:cad>89</ns3:cad>
          </ns3:TrackPointExtension>
        </extensions>
      </trkpt>
      <trkpt lat="23.169206790626049041748046875" lon="113.42708534561097621917724609375">
        <ele>20.799999237060546875</ele>
        <time>2026-07-14T10:45:28.000Z</time>
        <extensions>
          <ns3:TrackPointExtension>
            <ns3:hr>129</ns3:hr>
            <ns3:cad>89</ns3:cad>
          </ns3:TrackPointExtension>
        </extensions>
      </trkpt>
      <trkpt lat="23.16924124024808406829833984375" lon="113.42709020711481571197509765625">
        <ele>20.799999237060546875</ele>
        <time>2026-07-14T10:45:29.000Z</time>
        <extensions>
          <ns3:TrackPointExtension>
            <ns3:hr>129</ns3:hr>
            <ns3:cad>88</ns3:cad>
          </ns3:TrackPointExtension>
        </extensions>
      </trkpt>
      <trkpt lat="23.169265799224376678466796875" lon="113.4270866028964519500732421875">
        <ele>21</ele>
        <time>2026-07-14T10:45:30.000Z</time>
        <extensions>
          <ns3:TrackPointExtension>
            <ns3:hr>129</ns3:hr>
            <ns3:cad>88</ns3:cad>
          </ns3:TrackPointExtension>
        </extensions>
      </trkpt>
      <trkpt lat="23.16929639317095279693603515625" lon="113.42708517797291278839111328125">
        <ele>21</ele>
        <time>2026-07-14T10:45:31.000Z</time>
        <extensions>
          <ns3:TrackPointExtension>
            <ns3:hr>130</ns3:hr>
            <ns3:cad>88</ns3:cad>
          </ns3:TrackPointExtension>
        </extensions>
      </trkpt>
      <trkpt lat="23.1693219579756259918212890625" lon="113.427086770534515380859375">
        <ele>21</ele>
        <time>2026-07-14T10:45:32.000Z</time>
        <extensions>
          <ns3:TrackPointExtension>
            <ns3:hr>130</ns3:hr>
            <ns3:cad>88</ns3:cad>
          </ns3:TrackPointExtension>
        </extensions>
      </trkpt>
      <trkpt lat="23.1693477742373943328857421875" lon="113.427079059183597564697265625">
        <ele>20.799999237060546875</ele>
        <time>2026-07-14T10:45:33.000Z</time>
        <extensions>
          <ns3:TrackPointExtension>
            <ns3:hr>131</ns3:hr>
            <ns3:cad>87</ns3:cad>
          </ns3:TrackPointExtension>
        </extensions>
      </trkpt>
      <trkpt lat="23.1693732552230358123779296875" lon="113.427081070840358734130859375">
        <ele>20.6000003814697265625</ele>
        <time>2026-07-14T10:45:34.000Z</time>
        <extensions>
          <ns3:TrackPointExtension>
            <ns3:hr>131</ns3:hr>
            <ns3:cad>87</ns3:cad>
          </ns3:TrackPointExtension>
        </extensions>
      </trkpt>
      <trkpt lat="23.16940133459866046905517578125" lon="113.42708341777324676513671875">
        <ele>20.6000003814697265625</ele>
        <time>2026-07-14T10:45:35.000Z</time>
        <extensions>
          <ns3:TrackPointExtension>
            <ns3:hr>132</ns3:hr>
            <ns3:cad>88</ns3:cad>
          </ns3:TrackPointExtension>
        </extensions>
      </trkpt>
      <trkpt lat="23.16942933015525341033935546875" lon="113.427087105810642242431640625">
        <ele>20.6000003814697265625</ele>
        <time>2026-07-14T10:45:36.000Z</time>
        <extensions>
          <ns3:TrackPointExtension>
            <ns3:hr>131</ns3:hr>
            <ns3:cad>88</ns3:cad>
          </ns3:TrackPointExtension>
        </extensions>
      </trkpt>
      <trkpt lat="23.16945581696927547454833984375" lon="113.4270854294300079345703125">
        <ele>20.3999996185302734375</ele>
        <time>2026-07-14T10:45:37.000Z</time>
        <extensions>
          <ns3:TrackPointExtension>
            <ns3:hr>131</ns3:hr>
            <ns3:cad>88</ns3:cad>
          </ns3:TrackPointExtension>
        </extensions>
      </trkpt>
      <trkpt lat="23.16948364488780498504638671875" lon="113.427092470228672027587890625">
        <ele>20.3999996185302734375</ele>
        <time>2026-07-14T10:45:38.000Z</time>
        <extensions>
          <ns3:TrackPointExtension>
            <ns3:hr>131</ns3:hr>
            <ns3:cad>88</ns3:cad>
          </ns3:TrackPointExtension>
        </extensions>
      </trkpt>
      <trkpt lat="23.16951197572052478790283203125" lon="113.42709607444703578948974609375">
        <ele>20.3999996185302734375</ele>
        <time>2026-07-14T10:45:39.000Z</time>
        <extensions>
          <ns3:TrackPointExtension>
            <ns3:hr>131</ns3:hr>
            <ns3:cad>88</ns3:cad>
          </ns3:TrackPointExtension>
        </extensions>
      </trkpt>
      <trkpt lat="23.16954650916159152984619140625" lon="113.427102528512477874755859375">
        <ele>20.200000762939453125</ele>
        <time>2026-07-14T10:45:40.000Z</time>
        <extensions>
          <ns3:TrackPointExtension>
            <ns3:hr>131</ns3:hr>
            <ns3:cad>88</ns3:cad>
          </ns3:TrackPointExtension>
        </extensions>
      </trkpt>
      <trkpt lat="23.169576935470104217529296875" lon="113.42710479162633419036865234375">
        <ele>20.200000762939453125</ele>
        <time>2026-07-14T10:45:41.000Z</time>
        <extensions>
          <ns3:TrackPointExtension>
            <ns3:hr>131</ns3:hr>
            <ns3:cad>88</ns3:cad>
          </ns3:TrackPointExtension>
        </extensions>
      </trkpt>
      <trkpt lat="23.16961339674890041351318359375" lon="113.42710747383534908294677734375">
        <ele>20</ele>
        <time>2026-07-14T10:45:42.000Z</time>
        <extensions>
          <ns3:TrackPointExtension>
            <ns3:hr>131</ns3:hr>
            <ns3:cad>88</ns3:cad>
          </ns3:TrackPointExtension>
        </extensions>
      </trkpt>
      <trkpt lat="23.16963871009647846221923828125" lon="113.42710713855922222137451171875">
        <ele>20</ele>
        <time>2026-07-14T10:45:43.000Z</time>
        <extensions>
          <ns3:TrackPointExtension>
            <ns3:hr>132</ns3:hr>
            <ns3:cad>88</ns3:cad>
          </ns3:TrackPointExtension>
        </extensions>
      </trkpt>
      <trkpt lat="23.16967156715691089630126953125" lon="113.42711049132049083709716796875">
        <ele>20</ele>
        <time>2026-07-14T10:45:44.000Z</time>
        <extensions>
          <ns3:TrackPointExtension>
            <ns3:hr>131</ns3:hr>
            <ns3:cad>88</ns3:cad>
          </ns3:TrackPointExtension>
        </extensions>
      </trkpt>
      <trkpt lat="23.16969537176191806793212890625" lon="113.42710948549211025238037109375">
        <ele>20</ele>
        <time>2026-07-14T10:45:45.000Z</time>
        <extensions>
          <ns3:TrackPointExtension>
            <ns3:hr>131</ns3:hr>
            <ns3:cad>88</ns3:cad>
          </ns3:TrackPointExtension>
        </extensions>
      </trkpt>
      <trkpt lat="23.16972688771784305572509765625" lon="113.4271107427775859832763671875">
        <ele>19.799999237060546875</ele>
        <time>2026-07-14T10:45:46.000Z</time>
        <extensions>
          <ns3:TrackPointExtension>
            <ns3:hr>131</ns3:hr>
            <ns3:cad>89</ns3:cad>
          </ns3:TrackPointExtension>
        </extensions>
      </trkpt>
      <trkpt lat="23.1697524525225162506103515625" lon="113.4271107427775859832763671875">
        <ele>20</ele>
        <time>2026-07-14T10:45:47.000Z</time>
        <extensions>
          <ns3:TrackPointExtension>
            <ns3:hr>131</ns3:hr>
            <ns3:cad>89</ns3:cad>
          </ns3:TrackPointExtension>
        </extensions>
      </trkpt>
      <trkpt lat="23.16978589631617069244384765625" lon="113.42711417935788631439208984375">
        <ele>20</ele>
        <time>2026-07-14T10:45:48.000Z</time>
        <extensions>
          <ns3:TrackPointExtension>
            <ns3:hr>132</ns3:hr>
            <ns3:cad>88</ns3:cad>
          </ns3:TrackPointExtension>
        </extensions>
      </trkpt>
      <trkpt lat="23.16981003619730472564697265625" lon="113.4271151013672351837158203125">
        <ele>20</ele>
        <time>2026-07-14T10:45:49.000Z</time>
        <extensions>
          <ns3:TrackPointExtension>
            <ns3:hr>132</ns3:hr>
            <ns3:cad>88</ns3:cad>
          </ns3:TrackPointExtension>
        </extensions>
      </trkpt>
      <trkpt lat="23.16984188742935657501220703125" lon="113.42711803503334522247314453125">
        <ele>20.200000762939453125</ele>
        <time>2026-07-14T10:45:50.000Z</time>
        <extensions>
          <ns3:TrackPointExtension>
            <ns3:hr>132</ns3:hr>
            <ns3:cad>89</ns3:cad>
          </ns3:TrackPointExtension>
        </extensions>
      </trkpt>
      <trkpt lat="23.16986627876758575439453125" lon="113.4271154366433620452880859375">
        <ele>20.200000762939453125</ele>
        <time>2026-07-14T10:45:51.000Z</time>
        <extensions>
          <ns3:TrackPointExtension>
            <ns3:hr>132</ns3:hr>
            <ns3:cad>89</ns3:cad>
          </ns3:TrackPointExtension>
        </extensions>
      </trkpt>
      <trkpt lat="23.16989586688578128814697265625" lon="113.427117951214313507080078125">
        <ele>20.3999996185302734375</ele>
        <time>2026-07-14T10:45:52.000Z</time>
        <extensions>
          <ns3:TrackPointExtension>
            <ns3:hr>133</ns3:hr>
            <ns3:cad>89</ns3:cad>
          </ns3:TrackPointExtension>
        </extensions>
      </trkpt>
      <trkpt lat="23.169917576014995574951171875" lon="113.42711669392883777618408203125">
        <ele>20.200000762939453125</ele>
        <time>2026-07-14T10:45:53.000Z</time>
        <extensions>
          <ns3:TrackPointExtension>
            <ns3:hr>133</ns3:hr>
            <ns3:cad>88</ns3:cad>
          </ns3:TrackPointExtension>
        </extensions>
      </trkpt>
      <trkpt lat="23.1699500977993011474609375" lon="113.42712155543267726898193359375">
        <ele>20.3999996185302734375</ele>
        <time>2026-07-14T10:45:54.000Z</time>
        <extensions>
          <ns3:TrackPointExtension>
            <ns3:hr>133</ns3:hr>
            <ns3:cad>88</ns3:cad>
          </ns3:TrackPointExtension>
        </extensions>
      </trkpt>
      <trkpt lat="23.16997365094721317291259765625" lon="113.4271194599568843841552734375">
        <ele>20.3999996185302734375</ele>
        <time>2026-07-14T10:45:55.000Z</time>
        <extensions>
          <ns3:TrackPointExtension>
            <ns3:hr>134</ns3:hr>
            <ns3:cad>89</ns3:cad>
          </ns3:TrackPointExtension>
        </extensions>
      </trkpt>
      <trkpt lat="23.17001044750213623046875" lon="113.42711853794753551483154296875">
        <ele>20.3999996185302734375</ele>
        <time>2026-07-14T10:45:56.000Z</time>
        <extensions>
          <ns3:TrackPointExtension>
            <ns3:hr>134</ns3:hr>
            <ns3:cad>89</ns3:cad>
          </ns3:TrackPointExtension>
        </extensions>
      </trkpt>
      <trkpt lat="23.17003752104938030242919921875" lon="113.427113592624664306640625">
        <ele>20.200000762939453125</ele>
        <time>2026-07-14T10:45:57.000Z</time>
        <extensions>
          <ns3:TrackPointExtension>
            <ns3:hr>134</ns3:hr>
            <ns3:cad>88</ns3:cad>
          </ns3:TrackPointExtension>
        </extensions>
      </trkpt>
      <trkpt lat="23.170072138309478759765625" lon="113.42711300589144229888916015625">
        <ele>20.200000762939453125</ele>
        <time>2026-07-14T10:45:58.000Z</time>
        <extensions>
          <ns3:TrackPointExtension>
            <ns3:hr>135</ns3:hr>
            <ns3:cad>88</ns3:cad>
          </ns3:TrackPointExtension>
        </extensions>
      </trkpt>
      <trkpt lat="23.1700949370861053466796875" lon="113.427109234035015106201171875">
        <ele>20.200000762939453125</ele>
        <time>2026-07-14T10:45:59.000Z</time>
        <extensions>
          <ns3:TrackPointExtension>
            <ns3:hr>135</ns3:hr>
            <ns3:cad>89</ns3:cad>
          </ns3:TrackPointExtension>
        </extensions>
      </trkpt>
      <trkpt lat="23.1701271235942840576171875" lon="113.4271068871021270751953125">
        <ele>20.200000762939453125</ele>
        <time>2026-07-14T10:46:00.000Z</time>
        <extensions>
          <ns3:TrackPointExtension>
            <ns3:hr>135</ns3:hr>
            <ns3:cad>89</ns3:cad>
          </ns3:TrackPointExtension>
        </extensions>
      </trkpt>
      <trkpt lat="23.1701485812664031982421875" lon="113.4271043725311756134033203125">
        <ele>20.200000762939453125</ele>
        <time>2026-07-14T10:46:01.000Z</time>
        <extensions>
          <ns3:TrackPointExtension>
            <ns3:hr>135</ns3:hr>
            <ns3:cad>89</ns3:cad>
          </ns3:TrackPointExtension>
        </extensions>
      </trkpt>
      <trkpt lat="23.17018152214586734771728515625" lon="113.42710915021598339080810546875">
        <ele>20.3999996185302734375</ele>
        <time>2026-07-14T10:46:02.000Z</time>
        <extensions>
          <ns3:TrackPointExtension>
            <ns3:hr>135</ns3:hr>
            <ns3:cad>89</ns3:cad>
          </ns3:TrackPointExtension>
        </extensions>
      </trkpt>
      <trkpt lat="23.17020557820796966552734375" lon="113.42710730619728565216064453125">
        <ele>20.3999996185302734375</ele>
        <time>2026-07-14T10:46:03.000Z</time>
        <extensions>
          <ns3:TrackPointExtension>
            <ns3:hr>135</ns3:hr>
            <ns3:cad>89</ns3:cad>
          </ns3:TrackPointExtension>
        </extensions>
      </trkpt>
      <trkpt lat="23.170238435268402099609375" lon="113.4271110780537128448486328125">
        <ele>20.3999996185302734375</ele>
        <time>2026-07-14T10:46:04.000Z</time>
        <extensions>
          <ns3:TrackPointExtension>
            <ns3:hr>134</ns3:hr>
            <ns3:cad>89</ns3:cad>
          </ns3:TrackPointExtension>
        </extensions>
      </trkpt>
      <trkpt lat="23.17026064731180667877197265625" lon="113.42710864730179309844970703125">
        <ele>20.3999996185302734375</ele>
        <time>2026-07-14T10:46:05.000Z</time>
        <extensions>
          <ns3:TrackPointExtension>
            <ns3:hr>133</ns3:hr>
            <ns3:cad>90</ns3:cad>
          </ns3:TrackPointExtension>
        </extensions>
      </trkpt>
      <trkpt lat="23.170291073620319366455078125" lon="113.4271117486059665679931640625">
        <ele>20.3999996185302734375</ele>
        <time>2026-07-14T10:46:06.000Z</time>
        <extensions>
          <ns3:TrackPointExtension>
            <ns3:hr>132</ns3:hr>
            <ns3:cad>89</ns3:cad>
          </ns3:TrackPointExtension>
        </extensions>
      </trkpt>
      <trkpt lat="23.17031496204435825347900390625" lon="113.4271154366433620452880859375">
        <ele>20.3999996185302734375</ele>
        <time>2026-07-14T10:46:07.000Z</time>
        <extensions>
          <ns3:TrackPointExtension>
            <ns3:hr>132</ns3:hr>
            <ns3:cad>89</ns3:cad>
          </ns3:TrackPointExtension>
        </extensions>
      </trkpt>
      <trkpt lat="23.17034262232482433319091796875" lon="113.4271151013672351837158203125">
        <ele>20.3999996185302734375</ele>
        <time>2026-07-14T10:46:08.000Z</time>
        <extensions>
          <ns3:TrackPointExtension>
            <ns3:hr>131</ns3:hr>
            <ns3:cad>89</ns3:cad>
          </ns3:TrackPointExtension>
        </extensions>
      </trkpt>
      <trkpt lat="23.1703663431107997894287109375" lon="113.427113592624664306640625">
        <ele>20.3999996185302734375</ele>
        <time>2026-07-14T10:46:09.000Z</time>
        <extensions>
          <ns3:TrackPointExtension>
            <ns3:hr>131</ns3:hr>
            <ns3:cad>89</ns3:cad>
          </ns3:TrackPointExtension>
        </extensions>
      </trkpt>
      <trkpt lat="23.1704007089138031005859375" lon="113.42711283825337886810302734375">
        <ele>20.3999996185302734375</ele>
        <time>2026-07-14T10:46:10.000Z</time>
        <extensions>
          <ns3:TrackPointExtension>
            <ns3:hr>131</ns3:hr>
            <ns3:cad>89</ns3:cad>
          </ns3:TrackPointExtension>
        </extensions>
      </trkpt>
      <trkpt lat="23.1704283691942691802978515625" lon="113.427113592624664306640625">
        <ele>20.3999996185302734375</ele>
        <time>2026-07-14T10:46:11.000Z</time>
        <extensions>
          <ns3:TrackPointExtension>
            <ns3:hr>131</ns3:hr>
            <ns3:cad>89</ns3:cad>
          </ns3:TrackPointExtension>
        </extensions>
      </trkpt>
      <trkpt lat="23.1704597175121307373046875" lon="113.4271151013672351837158203125">
        <ele>20.3999996185302734375</ele>
        <time>2026-07-14T10:46:12.000Z</time>
        <extensions>
          <ns3:TrackPointExtension>
            <ns3:hr>131</ns3:hr>
            <ns3:cad>89</ns3:cad>
          </ns3:TrackPointExtension>
        </extensions>
      </trkpt>
      <trkpt lat="23.1704857014119625091552734375" lon="113.42711694538593292236328125">
        <ele>20.3999996185302734375</ele>
        <time>2026-07-14T10:46:13.000Z</time>
        <extensions>
          <ns3:TrackPointExtension>
            <ns3:hr>131</ns3:hr>
            <ns3:cad>89</ns3:cad>
          </ns3:TrackPointExtension>
        </extensions>
      </trkpt>
      <trkpt lat="23.17051931284368038177490234375" lon="113.42711769975721836090087890625">
        <ele>20.3999996185302734375</ele>
        <time>2026-07-14T10:46:14.000Z</time>
        <extensions>
          <ns3:TrackPointExtension>
            <ns3:hr>131</ns3:hr>
            <ns3:cad>89</ns3:cad>
          </ns3:TrackPointExtension>
        </extensions>
      </trkpt>
      <trkpt lat="23.170547224581241607666015625" lon="113.42711585573852062225341796875">
        <ele>20.3999996185302734375</ele>
        <time>2026-07-14T10:46:15.000Z</time>
        <extensions>
          <ns3:TrackPointExtension>
            <ns3:hr>131</ns3:hr>
            <ns3:cad>89</ns3:cad>
          </ns3:TrackPointExtension>
        </extensions>
      </trkpt>
      <trkpt lat="23.1705762259662151336669921875" lon="113.427120633423328399658203125">
        <ele>20.3999996185302734375</ele>
        <time>2026-07-14T10:46:16.000Z</time>
        <extensions>
          <ns3:TrackPointExtension>
            <ns3:hr>131</ns3:hr>
            <ns3:cad>89</ns3:cad>
          </ns3:TrackPointExtension>
        </extensions>
      </trkpt>
      <trkpt lat="23.17060531117022037506103515625" lon="113.4271271713078022003173828125">
        <ele>20.3999996185302734375</ele>
        <time>2026-07-14T10:46:17.000Z</time>
        <extensions>
          <ns3:TrackPointExtension>
            <ns3:hr>130</ns3:hr>
            <ns3:cad>89</ns3:cad>
          </ns3:TrackPointExtension>
        </extensions>
      </trkpt>
      <trkpt lat="23.17063682712614536285400390625" lon="113.427132703363895416259765625">
        <ele>20.3999996185302734375</ele>
        <time>2026-07-14T10:46:18.000Z</time>
        <extensions>
          <ns3:TrackPointExtension>
            <ns3:hr>130</ns3:hr>
            <ns3:cad>89</ns3:cad>
          </ns3:TrackPointExtension>
        </extensions>
      </trkpt>
      <trkpt lat="23.17066113464534282684326171875" lon="113.42714049853384494781494140625">
        <ele>20.3999996185302734375</ele>
        <time>2026-07-14T10:46:19.000Z</time>
        <extensions>
          <ns3:TrackPointExtension>
            <ns3:hr>130</ns3:hr>
            <ns3:cad>89</ns3:cad>
          </ns3:TrackPointExtension>
        </extensions>
      </trkpt>
      <trkpt lat="23.17068711854517459869384765625" lon="113.4271506406366825103759765625">
        <ele>20.6000003814697265625</ele>
        <time>2026-07-14T10:46:20.000Z</time>
        <extensions>
          <ns3:TrackPointExtension>
            <ns3:hr>129</ns3:hr>
            <ns3:cad>90</ns3:cad>
          </ns3:TrackPointExtension>
        </extensions>
      </trkpt>
      <trkpt lat="23.17071327008306980133056640625" lon="113.42715541832149028778076171875">
        <ele>20.6000003814697265625</ele>
        <time>2026-07-14T10:46:21.000Z</time>
        <extensions>
          <ns3:TrackPointExtension>
            <ns3:hr>129</ns3:hr>
            <ns3:cad>90</ns3:cad>
          </ns3:TrackPointExtension>
        </extensions>
      </trkpt>
      <trkpt lat="23.17074528895318508148193359375" lon="113.42716715298593044281005859375">
        <ele>20.6000003814697265625</ele>
        <time>2026-07-14T10:46:22.000Z</time>
        <extensions>
          <ns3:TrackPointExtension>
            <ns3:hr>129</ns3:hr>
            <ns3:cad>90</ns3:cad>
          </ns3:TrackPointExtension>
        </extensions>
      </trkpt>
      <trkpt lat="23.170771189033985137939453125" lon="113.4271754510700702667236328125">
        <ele>20.6000003814697265625</ele>
        <time>2026-07-14T10:46:23.000Z</time>
        <extensions>
          <ns3:TrackPointExtension>
            <ns3:hr>129</ns3:hr>
            <ns3:cad>90</ns3:cad>
          </ns3:TrackPointExtension>
        </extensions>
      </trkpt>
      <trkpt lat="23.170804046094417572021484375" lon="113.42719070613384246826171875">
        <ele>20.6000003814697265625</ele>
        <time>2026-07-14T10:46:24.000Z</time>
        <extensions>
          <ns3:TrackPointExtension>
            <ns3:hr>129</ns3:hr>
            <ns3:cad>91</ns3:cad>
          </ns3:TrackPointExtension>
        </extensions>
      </trkpt>
      <trkpt lat="23.170826844871044158935546875" lon="113.4272005967795848846435546875">
        <ele>20.3999996185302734375</ele>
        <time>2026-07-14T10:46:25.000Z</time>
        <extensions>
          <ns3:TrackPointExtension>
            <ns3:hr>129</ns3:hr>
            <ns3:cad>91</ns3:cad>
          </ns3:TrackPointExtension>
        </extensions>
      </trkpt>
      <trkpt lat="23.17085576243698596954345703125" lon="113.4272166900336742401123046875">
        <ele>20.3999996185302734375</ele>
        <time>2026-07-14T10:46:26.000Z</time>
        <extensions>
          <ns3:TrackPointExtension>
            <ns3:hr>128</ns3:hr>
            <ns3:cad>90</ns3:cad>
          </ns3:TrackPointExtension>
        </extensions>
      </trkpt>
      <trkpt lat="23.17087923176586627960205078125" lon="113.4272244013845920562744140625">
        <ele>20.3999996185302734375</ele>
        <time>2026-07-14T10:46:27.000Z</time>
        <extensions>
          <ns3:TrackPointExtension>
            <ns3:hr>128</ns3:hr>
            <ns3:cad>90</ns3:cad>
          </ns3:TrackPointExtension>
        </extensions>
      </trkpt>
      <trkpt lat="23.17090605385601520538330078125" lon="113.4272381477057933807373046875">
        <ele>20.3999996185302734375</ele>
        <time>2026-07-14T10:46:28.000Z</time>
        <extensions>
          <ns3:TrackPointExtension>
            <ns3:hr>128</ns3:hr>
            <ns3:cad>91</ns3:cad>
          </ns3:TrackPointExtension>
        </extensions>
      </trkpt>
      <trkpt lat="23.17092281766235828399658203125" lon="113.4272495470941066741943359375">
        <ele>20.3999996185302734375</ele>
        <time>2026-07-14T10:46:29.000Z</time>
        <extensions>
          <ns3:TrackPointExtension>
            <ns3:hr>128</ns3:hr>
            <ns3:cad>91</ns3:cad>
          </ns3:TrackPointExtension>
        </extensions>
      </trkpt>
      <trkpt lat="23.170950226485729217529296875" lon="113.427268825471401214599609375">
        <ele>20.3999996185302734375</ele>
        <time>2026-07-14T10:46:30.000Z</time>
        <extensions>
          <ns3:TrackPointExtension>
            <ns3:hr>128</ns3:hr>
            <ns3:cad>91</ns3:cad>
          </ns3:TrackPointExtension>
        </extensions>
      </trkpt>
      <trkpt lat="23.1709748692810535430908203125" lon="113.42728198505938053131103515625">
        <ele>20.200000762939453125</ele>
        <time>2026-07-14T10:46:31.000Z</time>
        <extensions>
          <ns3:TrackPointExtension>
            <ns3:hr>128</ns3:hr>
            <ns3:cad>91</ns3:cad>
          </ns3:TrackPointExtension>
        </extensions>
      </trkpt>
      <trkpt lat="23.1709973327815532684326171875" lon="113.427303023636341094970703125">
        <ele>20.200000762939453125</ele>
        <time>2026-07-14T10:46:32.000Z</time>
        <extensions>
          <ns3:TrackPointExtension>
            <ns3:hr>127</ns3:hr>
            <ns3:cad>91</ns3:cad>
          </ns3:TrackPointExtension>
        </extensions>
      </trkpt>
      <trkpt lat="23.17101853899657726287841796875" lon="113.42731769196689128875732421875">
        <ele>20.200000762939453125</ele>
        <time>2026-07-14T10:46:33.000Z</time>
        <extensions>
          <ns3:TrackPointExtension>
            <ns3:hr>128</ns3:hr>
            <ns3:cad>91</ns3:cad>
          </ns3:TrackPointExtension>
        </extensions>
      </trkpt>
      <trkpt lat="23.1710417568683624267578125" lon="113.427336215972900390625">
        <ele>20.200000762939453125</ele>
        <time>2026-07-14T10:46:34.000Z</time>
        <extensions>
          <ns3:TrackPointExtension>
            <ns3:hr>128</ns3:hr>
            <ns3:cad>90</ns3:cad>
          </ns3:TrackPointExtension>
        </extensions>
      </trkpt>
      <trkpt lat="23.17106430418789386749267578125" lon="113.4273509681224822998046875">
        <ele>20.200000762939453125</ele>
        <time>2026-07-14T10:46:35.000Z</time>
        <extensions>
          <ns3:TrackPointExtension>
            <ns3:hr>127</ns3:hr>
            <ns3:cad>90</ns3:cad>
          </ns3:TrackPointExtension>
        </extensions>
      </trkpt>
      <trkpt lat="23.1710915453732013702392578125" lon="113.42737351544201374053955078125">
        <ele>20.3999996185302734375</ele>
        <time>2026-07-14T10:46:36.000Z</time>
        <extensions>
          <ns3:TrackPointExtension>
            <ns3:hr>127</ns3:hr>
            <ns3:cad>90</ns3:cad>
          </ns3:TrackPointExtension>
        </extensions>
      </trkpt>
      <trkpt lat="23.17111484706401824951171875" lon="113.42738424427807331085205078125">
        <ele>20.3999996185302734375</ele>
        <time>2026-07-14T10:46:37.000Z</time>
        <extensions>
          <ns3:TrackPointExtension>
            <ns3:hr>127</ns3:hr>
            <ns3:cad>90</ns3:cad>
          </ns3:TrackPointExtension>
        </extensions>
      </trkpt>
      <trkpt lat="23.171141333878040313720703125" lon="113.42740737833082675933837890625">
        <ele>20.3999996185302734375</ele>
        <time>2026-07-14T10:46:38.000Z</time>
        <extensions>
          <ns3:TrackPointExtension>
            <ns3:hr>127</ns3:hr>
            <ns3:cad>90</ns3:cad>
          </ns3:TrackPointExtension>
        </extensions>
      </trkpt>
      <trkpt lat="23.171162120997905731201171875" lon="113.42742363922297954559326171875">
        <ele>20.3999996185302734375</ele>
        <time>2026-07-14T10:46:39.000Z</time>
        <extensions>
          <ns3:TrackPointExtension>
            <ns3:hr>126</ns3:hr>
            <ns3:cad>90</ns3:cad>
          </ns3:TrackPointExtension>
        </extensions>
      </trkpt>
      <trkpt lat="23.17118483595550060272216796875" lon="113.427448533475399017333984375">
        <ele>20.200000762939453125</ele>
        <time>2026-07-14T10:46:40.000Z</time>
        <extensions>
          <ns3:TrackPointExtension>
            <ns3:hr>126</ns3:hr>
            <ns3:cad>89</ns3:cad>
          </ns3:TrackPointExtension>
        </extensions>
      </trkpt>
      <trkpt lat="23.17120470106601715087890625" lon="113.4274701587855815887451171875">
        <ele>20.200000762939453125</ele>
        <time>2026-07-14T10:46:41.000Z</time>
        <extensions>
          <ns3:TrackPointExtension>
            <ns3:hr>126</ns3:hr>
            <ns3:cad>89</ns3:cad>
          </ns3:TrackPointExtension>
        </extensions>
      </trkpt>
      <trkpt lat="23.17122791893780231475830078125" lon="113.42749622650444507598876953125">
        <ele>20.200000762939453125</ele>
        <time>2026-07-14T10:46:42.000Z</time>
        <extensions>
          <ns3:TrackPointExtension>
            <ns3:hr>126</ns3:hr>
            <ns3:cad>89</ns3:cad>
          </ns3:TrackPointExtension>
        </extensions>
      </trkpt>
      <trkpt lat="23.17124853841960430145263671875" lon="113.42751500196754932403564453125">
        <ele>20.200000762939453125</ele>
        <time>2026-07-14T10:46:43.000Z</time>
        <extensions>
          <ns3:TrackPointExtension>
            <ns3:hr>126</ns3:hr>
            <ns3:cad>89</ns3:cad>
          </ns3:TrackPointExtension>
        </extensions>
      </trkpt>
      <trkpt lat="23.17127033136785030364990234375" lon="113.42754098586738109588623046875">
        <ele>20.200000762939453125</ele>
        <time>2026-07-14T10:46:44.000Z</time>
        <extensions>
          <ns3:TrackPointExtension>
            <ns3:hr>126</ns3:hr>
            <ns3:cad>90</ns3:cad>
          </ns3:TrackPointExtension>
        </extensions>
      </trkpt>
      <trkpt lat="23.1712849996984004974365234375" lon="113.427560515701770782470703125">
        <ele>20.200000762939453125</ele>
        <time>2026-07-14T10:46:45.000Z</time>
        <extensions>
          <ns3:TrackPointExtension>
            <ns3:hr>126</ns3:hr>
            <ns3:cad>90</ns3:cad>
          </ns3:TrackPointExtension>
        </extensions>
      </trkpt>
      <trkpt lat="23.1713044457137584686279296875" lon="113.427589349448680877685546875">
        <ele>20.200000762939453125</ele>
        <time>2026-07-14T10:46:46.000Z</time>
        <extensions>
          <ns3:TrackPointExtension>
            <ns3:hr>126</ns3:hr>
            <ns3:cad>90</ns3:cad>
          </ns3:TrackPointExtension>
        </extensions>
      </trkpt>
      <trkpt lat="23.17131794057786464691162109375" lon="113.427608795464038848876953125">
        <ele>20.200000762939453125</ele>
        <time>2026-07-14T10:46:47.000Z</time>
        <extensions>
          <ns3:TrackPointExtension>
            <ns3:hr>126</ns3:hr>
            <ns3:cad>90</ns3:cad>
          </ns3:TrackPointExtension>
        </extensions>
      </trkpt>
      <trkpt lat="23.1713356263935565948486328125" lon="113.42763595283031463623046875">
        <ele>20.200000762939453125</ele>
        <time>2026-07-14T10:46:48.000Z</time>
        <extensions>
          <ns3:TrackPointExtension>
            <ns3:hr>126</ns3:hr>
            <ns3:cad>91</ns3:cad>
          </ns3:TrackPointExtension>
        </extensions>
      </trkpt>
      <trkpt lat="23.17134912125766277313232421875" lon="113.42765472829341888427734375">
        <ele>20.3999996185302734375</ele>
        <time>2026-07-14T10:46:49.000Z</time>
        <extensions>
          <ns3:TrackPointExtension>
            <ns3:hr>126</ns3:hr>
            <ns3:cad>91</ns3:cad>
          </ns3:TrackPointExtension>
        </extensions>
      </trkpt>
      <trkpt lat="23.17136161029338836669921875" lon="113.42768565751612186431884765625">
        <ele>20.3999996185302734375</ele>
        <time>2026-07-14T10:46:50.000Z</time>
        <extensions>
          <ns3:TrackPointExtension>
            <ns3:hr>126</ns3:hr>
            <ns3:cad>93</ns3:cad>
          </ns3:TrackPointExtension>
        </extensions>
      </trkpt>
      <trkpt lat="23.1713765300810337066650390625" lon="113.4277082048356533050537109375">
        <ele>20.3999996185302734375</ele>
        <time>2026-07-14T10:46:51.000Z</time>
        <extensions>
          <ns3:TrackPointExtension>
            <ns3:hr>126</ns3:hr>
            <ns3:cad>93</ns3:cad>
          </ns3:TrackPointExtension>
        </extensions>
      </trkpt>
      <trkpt lat="23.17139069549739360809326171875" lon="113.42773695476353168487548828125">
        <ele>20.3999996185302734375</ele>
        <time>2026-07-14T10:46:52.000Z</time>
        <extensions>
          <ns3:TrackPointExtension>
            <ns3:hr>126</ns3:hr>
            <ns3:cad>92</ns3:cad>
          </ns3:TrackPointExtension>
        </extensions>
      </trkpt>
      <trkpt lat="23.17140586674213409423828125" lon="113.42776528559625148773193359375">
        <ele>20.3999996185302734375</ele>
        <time>2026-07-14T10:46:53.000Z</time>
        <extensions>
          <ns3:TrackPointExtension>
            <ns3:hr>126</ns3:hr>
            <ns3:cad>92</ns3:cad>
          </ns3:TrackPointExtension>
        </extensions>
      </trkpt>
      <trkpt lat="23.17142154090106487274169921875" lon="113.42779428698122501373291015625">
        <ele>20.3999996185302734375</ele>
        <time>2026-07-14T10:46:54.000Z</time>
        <extensions>
          <ns3:TrackPointExtension>
            <ns3:hr>126</ns3:hr>
            <ns3:cad>92</ns3:cad>
          </ns3:TrackPointExtension>
        </extensions>
      </trkpt>
      <trkpt lat="23.17143595777451992034912109375" lon="113.42782211489975452423095703125">
        <ele>20.3999996185302734375</ele>
        <time>2026-07-14T10:46:55.000Z</time>
        <extensions>
          <ns3:TrackPointExtension>
            <ns3:hr>126</ns3:hr>
            <ns3:cad>92</ns3:cad>
          </ns3:TrackPointExtension>
        </extensions>
      </trkpt>
      <trkpt lat="23.1714536435902118682861328125" lon="113.42784659005701541900634765625">
        <ele>20.3999996185302734375</ele>
        <time>2026-07-14T10:46:56.000Z</time>
        <extensions>
          <ns3:TrackPointExtension>
            <ns3:hr>126</ns3:hr>
            <ns3:cad>92</ns3:cad>
          </ns3:TrackPointExtension>
        </extensions>
      </trkpt>
      <trkpt lat="23.171467892825603485107421875" lon="113.427872993052005767822265625">
        <ele>20.3999996185302734375</ele>
        <time>2026-07-14T10:46:57.000Z</time>
        <extensions>
          <ns3:TrackPointExtension>
            <ns3:hr>126</ns3:hr>
            <ns3:cad>91</ns3:cad>
          </ns3:TrackPointExtension>
        </extensions>
      </trkpt>
      <trkpt lat="23.17148071713745594024658203125" lon="113.4278983063995838165283203125">
        <ele>20.3999996185302734375</ele>
        <time>2026-07-14T10:46:58.000Z</time>
        <extensions>
          <ns3:TrackPointExtension>
            <ns3:hr>126</ns3:hr>
            <ns3:cad>92</ns3:cad>
          </ns3:TrackPointExtension>
        </extensions>
      </trkpt>
      <trkpt lat="23.1714965589344501495361328125" lon="113.42792839743196964263916015625">
        <ele>20.3999996185302734375</ele>
        <time>2026-07-14T10:46:59.000Z</time>
        <extensions>
          <ns3:TrackPointExtension>
            <ns3:hr>127</ns3:hr>
            <ns3:cad>91</ns3:cad>
          </ns3:TrackPointExtension>
        </extensions>
      </trkpt>
      <trkpt lat="23.17151055671274662017822265625" lon="113.427953459322452545166015625">
        <ele>20.3999996185302734375</ele>
        <time>2026-07-14T10:47:00.000Z</time>
        <extensions>
          <ns3:TrackPointExtension>
            <ns3:hr>127</ns3:hr>
            <ns3:cad>92</ns3:cad>
          </ns3:TrackPointExtension>
        </extensions>
      </trkpt>
      <trkpt lat="23.17152581177651882171630859375" lon="113.42798472382128238677978515625">
        <ele>20.6000003814697265625</ele>
        <time>2026-07-14T10:47:01.000Z</time>
        <extensions>
          <ns3:TrackPointExtension>
            <ns3:hr>127</ns3:hr>
            <ns3:cad>93</ns3:cad>
          </ns3:TrackPointExtension>
        </extensions>
      </trkpt>
      <trkpt lat="23.1715401448309421539306640625" lon="113.428004421293735504150390625">
        <ele>20.6000003814697265625</ele>
        <time>2026-07-14T10:47:02.000Z</time>
        <extensions>
          <ns3:TrackPointExtension>
            <ns3:hr>127</ns3:hr>
            <ns3:cad>93</ns3:cad>
          </ns3:TrackPointExtension>
        </extensions>
      </trkpt>
      <trkpt lat="23.1715555675327777862548828125" lon="113.42803694307804107666015625">
        <ele>20.6000003814697265625</ele>
        <time>2026-07-14T10:47:03.000Z</time>
        <extensions>
          <ns3:TrackPointExtension>
            <ns3:hr>128</ns3:hr>
            <ns3:cad>92</ns3:cad>
          </ns3:TrackPointExtension>
        </extensions>
      </trkpt>
      <trkpt lat="23.17156906239688396453857421875" lon="113.4280589036643505096435546875">
        <ele>20.6000003814697265625</ele>
        <time>2026-07-14T10:47:04.000Z</time>
        <extensions>
          <ns3:TrackPointExtension>
            <ns3:hr>128</ns3:hr>
            <ns3:cad>91</ns3:cad>
          </ns3:TrackPointExtension>
        </extensions>
      </trkpt>
      <trkpt lat="23.17158062942326068878173828125" lon="113.42808966524899005889892578125">
        <ele>20.6000003814697265625</ele>
        <time>2026-07-14T10:47:05.000Z</time>
        <extensions>
          <ns3:TrackPointExtension>
            <ns3:hr>128</ns3:hr>
            <ns3:cad>91</ns3:cad>
          </ns3:TrackPointExtension>
        </extensions>
      </trkpt>
      <trkpt lat="23.17159471102058887481689453125" lon="113.42810525558888912200927734375">
        <ele>20.6000003814697265625</ele>
        <time>2026-07-14T10:47:06.000Z</time>
        <extensions>
          <ns3:TrackPointExtension>
            <ns3:hr>129</ns3:hr>
            <ns3:cad>91</ns3:cad>
          </ns3:TrackPointExtension>
        </extensions>
      </trkpt>
      <trkpt lat="23.17160862497985363006591796875" lon="113.42813484370708465576171875">
        <ele>20.6000003814697265625</ele>
        <time>2026-07-14T10:47:07.000Z</time>
        <extensions>
          <ns3:TrackPointExtension>
            <ns3:hr>129</ns3:hr>
            <ns3:cad>92</ns3:cad>
          </ns3:TrackPointExtension>
        </extensions>
      </trkpt>
      <trkpt lat="23.1716219522058963775634765625" lon="113.42815806157886981964111328125">
        <ele>20.6000003814697265625</ele>
        <time>2026-07-14T10:47:08.000Z</time>
        <extensions>
          <ns3:TrackPointExtension>
            <ns3:hr>129</ns3:hr>
            <ns3:cad>92</ns3:cad>
          </ns3:TrackPointExtension>
        </extensions>
      </trkpt>
      <trkpt lat="23.17163653671741485595703125" lon="113.42818723060190677642822265625">
        <ele>20.799999237060546875</ele>
        <time>2026-07-14T10:47:09.000Z</time>
        <extensions>
          <ns3:TrackPointExtension>
            <ns3:hr>130</ns3:hr>
            <ns3:cad>93</ns3:cad>
          </ns3:TrackPointExtension>
        </extensions>
      </trkpt>
      <trkpt lat="23.17165053449571132659912109375" lon="113.42821262776851654052734375">
        <ele>20.799999237060546875</ele>
        <time>2026-07-14T10:47:10.000Z</time>
        <extensions>
          <ns3:TrackPointExtension>
            <ns3:hr>130</ns3:hr>
            <ns3:cad>93</ns3:cad>
          </ns3:TrackPointExtension>
        </extensions>
      </trkpt>
      <trkpt lat="23.1716635264456272125244140625" lon="113.42823584564030170440673828125">
        <ele>20.799999237060546875</ele>
        <time>2026-07-14T10:47:11.000Z</time>
        <extensions>
          <ns3:TrackPointExtension>
            <ns3:hr>131</ns3:hr>
            <ns3:cad>92</ns3:cad>
          </ns3:TrackPointExtension>
        </extensions>
      </trkpt>
      <trkpt lat="23.1716786138713359832763671875" lon="113.42825830914080142974853515625">
        <ele>20.799999237060546875</ele>
        <time>2026-07-14T10:47:12.000Z</time>
        <extensions>
          <ns3:TrackPointExtension>
            <ns3:hr>131</ns3:hr>
            <ns3:cad>92</ns3:cad>
          </ns3:TrackPointExtension>
        </extensions>
      </trkpt>
      <trkpt lat="23.17169244401156902313232421875" lon="113.42828102409839630126953125">
        <ele>20.799999237060546875</ele>
        <time>2026-07-14T10:47:13.000Z</time>
        <extensions>
          <ns3:TrackPointExtension>
            <ns3:hr>131</ns3:hr>
            <ns3:cad>92</ns3:cad>
          </ns3:TrackPointExtension>
        </extensions>
      </trkpt>
      <trkpt lat="23.1717037595808506011962890625" lon="113.4283043257892131805419921875">
        <ele>20.799999237060546875</ele>
        <time>2026-07-14T10:47:14.000Z</time>
        <extensions>
          <ns3:TrackPointExtension>
            <ns3:hr>131</ns3:hr>
            <ns3:cad>93</ns3:cad>
          </ns3:TrackPointExtension>
        </extensions>
      </trkpt>
      <trkpt lat="23.17171608097851276397705078125" lon="113.428327627480030059814453125">
        <ele>20.799999237060546875</ele>
        <time>2026-07-14T10:47:15.000Z</time>
        <extensions>
          <ns3:TrackPointExtension>
            <ns3:hr>132</ns3:hr>
            <ns3:cad>93</ns3:cad>
          </ns3:TrackPointExtension>
        </extensions>
      </trkpt>
      <trkpt lat="23.17173066549003124237060546875" lon="113.4283599816262722015380859375">
        <ele>21</ele>
        <time>2026-07-14T10:47:16.000Z</time>
        <extensions>
          <ns3:TrackPointExtension>
            <ns3:hr>132</ns3:hr>
            <ns3:cad>92</ns3:cad>
          </ns3:TrackPointExtension>
        </extensions>
      </trkpt>
      <trkpt lat="23.17174273543059825897216796875" lon="113.42838454060256481170654296875">
        <ele>21</ele>
        <time>2026-07-14T10:47:17.000Z</time>
        <extensions>
          <ns3:TrackPointExtension>
            <ns3:hr>132</ns3:hr>
            <ns3:cad>92</ns3:cad>
          </ns3:TrackPointExtension>
        </extensions>
      </trkpt>
      <trkpt lat="23.17175597883760929107666015625" lon="113.42842049896717071533203125">
        <ele>21</ele>
        <time>2026-07-14T10:47:18.000Z</time>
        <extensions>
          <ns3:TrackPointExtension>
            <ns3:hr>132</ns3:hr>
            <ns3:cad>92</ns3:cad>
          </ns3:TrackPointExtension>
        </extensions>
      </trkpt>
      <trkpt lat="23.1717694737017154693603515625" lon="113.42844371683895587921142578125">
        <ele>21.200000762939453125</ele>
        <time>2026-07-14T10:47:19.000Z</time>
        <extensions>
          <ns3:TrackPointExtension>
            <ns3:hr>132</ns3:hr>
            <ns3:cad>92</ns3:cad>
          </ns3:TrackPointExtension>
        </extensions>
      </trkpt>
      <trkpt lat="23.17178397439420223236083984375" lon="113.42847347259521484375">
        <ele>21.200000762939453125</ele>
        <time>2026-07-14T10:47:20.000Z</time>
        <extensions>
          <ns3:TrackPointExtension>
            <ns3:hr>132</ns3:hr>
            <ns3:cad>92</ns3:cad>
          </ns3:TrackPointExtension>
        </extensions>
      </trkpt>
      <trkpt lat="23.17179772071540355682373046875" lon="113.42849467881023883819580078125">
        <ele>21.3999996185302734375</ele>
        <time>2026-07-14T10:47:21.000Z</time>
        <extensions>
          <ns3:TrackPointExtension>
            <ns3:hr>133</ns3:hr>
            <ns3:cad>92</ns3:cad>
          </ns3:TrackPointExtension>
        </extensions>
      </trkpt>
      <trkpt lat="23.1718107126653194427490234375" lon="113.42852644622325897216796875">
        <ele>21.3999996185302734375</ele>
        <time>2026-07-14T10:47:22.000Z</time>
        <extensions>
          <ns3:TrackPointExtension>
            <ns3:hr>133</ns3:hr>
            <ns3:cad>91</ns3:cad>
          </ns3:TrackPointExtension>
        </extensions>
      </trkpt>
      <trkpt lat="23.171823956072330474853515625" lon="113.428545892238616943359375">
        <ele>21.6000003814697265625</ele>
        <time>2026-07-14T10:47:23.000Z</time>
        <extensions>
          <ns3:TrackPointExtension>
            <ns3:hr>133</ns3:hr>
            <ns3:cad>91</ns3:cad>
          </ns3:TrackPointExtension>
        </extensions>
      </trkpt>
      <trkpt lat="23.17183828912675380706787109375" lon="113.428578078746795654296875">
        <ele>21.6000003814697265625</ele>
        <time>2026-07-14T10:47:24.000Z</time>
        <extensions>
          <ns3:TrackPointExtension>
            <ns3:hr>133</ns3:hr>
            <ns3:cad>91</ns3:cad>
          </ns3:TrackPointExtension>
        </extensions>
      </trkpt>
      <trkpt lat="23.171853125095367431640625" lon="113.42859492637217044830322265625">
        <ele>21.6000003814697265625</ele>
        <time>2026-07-14T10:47:25.000Z</time>
        <extensions>
          <ns3:TrackPointExtension>
            <ns3:hr>133</ns3:hr>
            <ns3:cad>92</ns3:cad>
          </ns3:TrackPointExtension>
        </extensions>
      </trkpt>
      <trkpt lat="23.17186628468334674835205078125" lon="113.42862543649971485137939453125">
        <ele>21.6000003814697265625</ele>
        <time>2026-07-14T10:47:26.000Z</time>
        <extensions>
          <ns3:TrackPointExtension>
            <ns3:hr>134</ns3:hr>
            <ns3:cad>92</ns3:cad>
          </ns3:TrackPointExtension>
        </extensions>
      </trkpt>
      <trkpt lat="23.17188153974711894989013671875" lon="113.4286432899534702301025390625">
        <ele>21.6000003814697265625</ele>
        <time>2026-07-14T10:47:27.000Z</time>
        <extensions>
          <ns3:TrackPointExtension>
            <ns3:hr>134</ns3:hr>
            <ns3:cad>91</ns3:cad>
          </ns3:TrackPointExtension>
        </extensions>
      </trkpt>
      <trkpt lat="23.171898387372493743896484375" lon="113.42866902239620685577392578125">
        <ele>21.6000003814697265625</ele>
        <time>2026-07-14T10:47:28.000Z</time>
        <extensions>
          <ns3:TrackPointExtension>
            <ns3:hr>134</ns3:hr>
            <ns3:cad>91</ns3:cad>
          </ns3:TrackPointExtension>
        </extensions>
      </trkpt>
      <trkpt lat="23.171913810074329376220703125" lon="113.4286935813724994659423828125">
        <ele>21.799999237060546875</ele>
        <time>2026-07-14T10:47:29.000Z</time>
        <extensions>
          <ns3:TrackPointExtension>
            <ns3:hr>133</ns3:hr>
            <ns3:cad>91</ns3:cad>
          </ns3:TrackPointExtension>
        </extensions>
      </trkpt>
      <trkpt lat="23.171928562223911285400390625" lon="113.4287202358245849609375">
        <ele>21.799999237060546875</ele>
        <time>2026-07-14T10:47:30.000Z</time>
        <extensions>
          <ns3:TrackPointExtension>
            <ns3:hr>134</ns3:hr>
            <ns3:cad>92</ns3:cad>
          </ns3:TrackPointExtension>
        </extensions>
      </trkpt>
      <trkpt lat="23.1719428114593029022216796875" lon="113.42874177731573581695556640625">
        <ele>21.799999237060546875</ele>
        <time>2026-07-14T10:47:31.000Z</time>
        <extensions>
          <ns3:TrackPointExtension>
            <ns3:hr>134</ns3:hr>
            <ns3:cad>92</ns3:cad>
          </ns3:TrackPointExtension>
        </extensions>
      </trkpt>
      <trkpt lat="23.171958737075328826904296875" lon="113.428766168653964996337890625">
        <ele>21.799999237060546875</ele>
        <time>2026-07-14T10:47:32.000Z</time>
        <extensions>
          <ns3:TrackPointExtension>
            <ns3:hr>133</ns3:hr>
            <ns3:cad>92</ns3:cad>
          </ns3:TrackPointExtension>
        </extensions>
      </trkpt>
      <trkpt lat="23.17197860218584537506103515625" lon="113.4287886321544647216796875">
        <ele>21.799999237060546875</ele>
        <time>2026-07-14T10:47:33.000Z</time>
        <extensions>
          <ns3:TrackPointExtension>
            <ns3:hr>134</ns3:hr>
            <ns3:cad>93</ns3:cad>
          </ns3:TrackPointExtension>
        </extensions>
      </trkpt>
      <trkpt lat="23.17199871875345706939697265625" lon="113.42881402932107448577880859375">
        <ele>21.799999237060546875</ele>
        <time>2026-07-14T10:47:34.000Z</time>
        <extensions>
          <ns3:TrackPointExtension>
            <ns3:hr>134</ns3:hr>
            <ns3:cad>92</ns3:cad>
          </ns3:TrackPointExtension>
        </extensions>
      </trkpt>
      <trkpt lat="23.172019757330417633056640625" lon="113.4288395941257476806640625">
        <ele>21.799999237060546875</ele>
        <time>2026-07-14T10:47:35.000Z</time>
        <extensions>
          <ns3:TrackPointExtension>
            <ns3:hr>133</ns3:hr>
            <ns3:cad>92</ns3:cad>
          </ns3:TrackPointExtension>
        </extensions>
      </trkpt>
      <trkpt lat="23.17204129882156848907470703125" lon="113.4288592077791690826416015625">
        <ele>21.799999237060546875</ele>
        <time>2026-07-14T10:47:36.000Z</time>
        <extensions>
          <ns3:TrackPointExtension>
            <ns3:hr>134</ns3:hr>
            <ns3:cad>92</ns3:cad>
          </ns3:TrackPointExtension>
        </extensions>
      </trkpt>
      <trkpt lat="23.17206929437816143035888671875" lon="113.4288843534886837005615234375">
        <ele>21.6000003814697265625</ele>
        <time>2026-07-14T10:47:37.000Z</time>
        <extensions>
          <ns3:TrackPointExtension>
            <ns3:hr>134</ns3:hr>
            <ns3:cad>92</ns3:cad>
          </ns3:TrackPointExtension>
        </extensions>
      </trkpt>
      <trkpt lat="23.17209108732640743255615234375" lon="113.4288997761905193328857421875">
        <ele>21.6000003814697265625</ele>
        <time>2026-07-14T10:47:38.000Z</time>
        <extensions>
          <ns3:TrackPointExtension>
            <ns3:hr>134</ns3:hr>
            <ns3:cad>92</ns3:cad>
          </ns3:TrackPointExtension>
        </extensions>
      </trkpt>
      <trkpt lat="23.17211774177849292755126953125" lon="113.4289219044148921966552734375">
        <ele>21.6000003814697265625</ele>
        <time>2026-07-14T10:47:39.000Z</time>
        <extensions>
          <ns3:TrackPointExtension>
            <ns3:hr>134</ns3:hr>
            <ns3:cad>92</ns3:cad>
          </ns3:TrackPointExtension>
        </extensions>
      </trkpt>
      <trkpt lat="23.1721419654786586761474609375" lon="113.42893104068934917449951171875">
        <ele>21.6000003814697265625</ele>
        <time>2026-07-14T10:47:40.000Z</time>
        <extensions>
          <ns3:TrackPointExtension>
            <ns3:hr>135</ns3:hr>
            <ns3:cad>91</ns3:cad>
          </ns3:TrackPointExtension>
        </extensions>
      </trkpt>
      <trkpt lat="23.17216870374977588653564453125" lon="113.42894746921956539154052734375">
        <ele>21.6000003814697265625</ele>
        <time>2026-07-14T10:47:41.000Z</time>
        <extensions>
          <ns3:TrackPointExtension>
            <ns3:hr>135</ns3:hr>
            <ns3:cad>91</ns3:cad>
          </ns3:TrackPointExtension>
        </extensions>
      </trkpt>
      <trkpt lat="23.17219083197414875030517578125" lon="113.4289567731320858001708984375">
        <ele>21.6000003814697265625</ele>
        <time>2026-07-14T10:47:42.000Z</time>
        <extensions>
          <ns3:TrackPointExtension>
            <ns3:hr>135</ns3:hr>
            <ns3:cad>93</ns3:cad>
          </ns3:TrackPointExtension>
        </extensions>
      </trkpt>
      <trkpt lat="23.172218911349773406982421875" lon="113.42897697351872920989990234375">
        <ele>21.6000003814697265625</ele>
        <time>2026-07-14T10:47:43.000Z</time>
        <extensions>
          <ns3:TrackPointExtension>
            <ns3:hr>135</ns3:hr>
            <ns3:cad>93</ns3:cad>
          </ns3:TrackPointExtension>
        </extensions>
      </trkpt>
      <trkpt lat="23.172241710126399993896484375" lon="113.4289871156215667724609375">
        <ele>21.6000003814697265625</ele>
        <time>2026-07-14T10:47:44.000Z</time>
        <extensions>
          <ns3:TrackPointExtension>
            <ns3:hr>135</ns3:hr>
            <ns3:cad>93</ns3:cad>
          </ns3:TrackPointExtension>
        </extensions>
      </trkpt>
      <trkpt lat="23.17227297462522983551025390625" lon="113.42900916002690792083740234375">
        <ele>21.6000003814697265625</ele>
        <time>2026-07-14T10:47:45.000Z</time>
        <extensions>
          <ns3:TrackPointExtension>
            <ns3:hr>135</ns3:hr>
            <ns3:cad>92</ns3:cad>
          </ns3:TrackPointExtension>
        </extensions>
      </trkpt>
      <trkpt lat="23.17229962907731533050537109375" lon="113.4290166199207305908203125">
        <ele>21.3999996185302734375</ele>
        <time>2026-07-14T10:47:46.000Z</time>
        <extensions>
          <ns3:TrackPointExtension>
            <ns3:hr>135</ns3:hr>
            <ns3:cad>91</ns3:cad>
          </ns3:TrackPointExtension>
        </extensions>
      </trkpt>
      <trkpt lat="23.1723287142813205718994140625" lon="113.42902877368032932281494140625">
        <ele>21.3999996185302734375</ele>
        <time>2026-07-14T10:47:47.000Z</time>
        <extensions>
          <ns3:TrackPointExtension>
            <ns3:hr>135</ns3:hr>
            <ns3:cad>92</ns3:cad>
          </ns3:TrackPointExtension>
        </extensions>
      </trkpt>
      <trkpt lat="23.1723531894385814666748046875" lon="113.42903413809835910797119140625">
        <ele>21.3999996185302734375</ele>
        <time>2026-07-14T10:47:48.000Z</time>
        <extensions>
          <ns3:TrackPointExtension>
            <ns3:hr>135</ns3:hr>
            <ns3:cad>91</ns3:cad>
          </ns3:TrackPointExtension>
        </extensions>
      </trkpt>
      <trkpt lat="23.1723823584616184234619140625" lon="113.4290442802011966705322265625">
        <ele>21.3999996185302734375</ele>
        <time>2026-07-14T10:47:49.000Z</time>
        <extensions>
          <ns3:TrackPointExtension>
            <ns3:hr>136</ns3:hr>
            <ns3:cad>92</ns3:cad>
          </ns3:TrackPointExtension>
        </extensions>
      </trkpt>
      <trkpt lat="23.17241077311336994171142578125" lon="113.4290459565818309783935546875">
        <ele>21.6000003814697265625</ele>
        <time>2026-07-14T10:47:50.000Z</time>
        <extensions>
          <ns3:TrackPointExtension>
            <ns3:hr>136</ns3:hr>
            <ns3:cad>91</ns3:cad>
          </ns3:TrackPointExtension>
        </extensions>
      </trkpt>
      <trkpt lat="23.1724457256495952606201171875" lon="113.42905039899051189422607421875">
        <ele>21.6000003814697265625</ele>
        <time>2026-07-14T10:47:51.000Z</time>
        <extensions>
          <ns3:TrackPointExtension>
            <ns3:hr>136</ns3:hr>
            <ns3:cad>92</ns3:cad>
          </ns3:TrackPointExtension>
        </extensions>
      </trkpt>
      <trkpt lat="23.17247648723423480987548828125" lon="113.429055511951446533203125">
        <ele>21.799999237060546875</ele>
        <time>2026-07-14T10:47:52.000Z</time>
        <extensions>
          <ns3:TrackPointExtension>
            <ns3:hr>136</ns3:hr>
            <ns3:cad>92</ns3:cad>
          </ns3:TrackPointExtension>
        </extensions>
      </trkpt>
      <trkpt lat="23.17250414751470088958740234375" lon="113.4290576912462711334228515625">
        <ele>21.799999237060546875</ele>
        <time>2026-07-14T10:47:53.000Z</time>
        <extensions>
          <ns3:TrackPointExtension>
            <ns3:hr>136</ns3:hr>
            <ns3:cad>92</ns3:cad>
          </ns3:TrackPointExtension>
        </extensions>
      </trkpt>
      <trkpt lat="23.17253549583256244659423828125" lon="113.42905819416046142578125">
        <ele>21.799999237060546875</ele>
        <time>2026-07-14T10:47:54.000Z</time>
        <extensions>
          <ns3:TrackPointExtension>
            <ns3:hr>135</ns3:hr>
            <ns3:cad>92</ns3:cad>
          </ns3:TrackPointExtension>
        </extensions>
      </trkpt>
      <trkpt lat="23.172557540237903594970703125" lon="113.42905727215111255645751953125">
        <ele>21.799999237060546875</ele>
        <time>2026-07-14T10:47:55.000Z</time>
        <extensions>
          <ns3:TrackPointExtension>
            <ns3:hr>135</ns3:hr>
            <ns3:cad>91</ns3:cad>
          </ns3:TrackPointExtension>
        </extensions>
      </trkpt>
      <trkpt lat="23.17258914001286029815673828125" lon="113.42906196601688861846923828125">
        <ele>21.6000003814697265625</ele>
        <time>2026-07-14T10:47:56.000Z</time>
        <extensions>
          <ns3:TrackPointExtension>
            <ns3:hr>135</ns3:hr>
            <ns3:cad>91</ns3:cad>
          </ns3:TrackPointExtension>
        </extensions>
      </trkpt>
      <trkpt lat="23.1726136989891529083251953125" lon="113.429056517779827117919921875">
        <ele>21.6000003814697265625</ele>
        <time>2026-07-14T10:47:57.000Z</time>
        <extensions>
          <ns3:TrackPointExtension>
            <ns3:hr>135</ns3:hr>
            <ns3:cad>91</ns3:cad>
          </ns3:TrackPointExtension>
        </extensions>
      </trkpt>
      <trkpt lat="23.17264328710734844207763671875" lon="113.42905811034142971038818359375">
        <ele>21.6000003814697265625</ele>
        <time>2026-07-14T10:47:58.000Z</time>
        <extensions>
          <ns3:TrackPointExtension>
            <ns3:hr>135</ns3:hr>
            <ns3:cad>92</ns3:cad>
          </ns3:TrackPointExtension>
        </extensions>
      </trkpt>
      <trkpt lat="23.1726643256843090057373046875" lon="113.4290586970746517181396484375">
        <ele>21.6000003814697265625</ele>
        <time>2026-07-14T10:47:59.000Z</time>
        <extensions>
          <ns3:TrackPointExtension>
            <ns3:hr>135</ns3:hr>
            <ns3:cad>92</ns3:cad>
          </ns3:TrackPointExtension>
        </extensions>
      </trkpt>
      <trkpt lat="23.1726968474686145782470703125" lon="113.42906096018850803375244140625">
        <ele>21.6000003814697265625</ele>
        <time>2026-07-14T10:48:00.000Z</time>
        <extensions>
          <ns3:TrackPointExtension>
            <ns3:hr>135</ns3:hr>
            <ns3:cad>92</ns3:cad>
          </ns3:TrackPointExtension>
        </extensions>
      </trkpt>
      <trkpt lat="23.172722160816192626953125" lon="113.42905324883759021759033203125">
        <ele>21.799999237060546875</ele>
        <time>2026-07-14T10:48:01.000Z</time>
        <extensions>
          <ns3:TrackPointExtension>
            <ns3:hr>135</ns3:hr>
            <ns3:cad>92</ns3:cad>
          </ns3:TrackPointExtension>
        </extensions>
      </trkpt>
      <trkpt lat="23.17275501787662506103515625" lon="113.42905777506530284881591796875">
        <ele>21.799999237060546875</ele>
        <time>2026-07-14T10:48:02.000Z</time>
        <extensions>
          <ns3:TrackPointExtension>
            <ns3:hr>135</ns3:hr>
            <ns3:cad>93</ns3:cad>
          </ns3:TrackPointExtension>
        </extensions>
      </trkpt>
      <trkpt lat="23.1727843545377254486083984375" lon="113.4290560148656368255615234375">
        <ele>21.799999237060546875</ele>
        <time>2026-07-14T10:48:03.000Z</time>
        <extensions>
          <ns3:TrackPointExtension>
            <ns3:hr>135</ns3:hr>
            <ns3:cad>93</ns3:cad>
          </ns3:TrackPointExtension>
        </extensions>
      </trkpt>
      <trkpt lat="23.17281411029398441314697265625" lon="113.42905760742723941802978515625">
        <ele>22</ele>
        <time>2026-07-14T10:48:04.000Z</time>
        <extensions>
          <ns3:TrackPointExtension>
            <ns3:hr>135</ns3:hr>
            <ns3:cad>92</ns3:cad>
          </ns3:TrackPointExtension>
        </extensions>
      </trkpt>
      <trkpt lat="23.1728457100689411163330078125" lon="113.4290576912462711334228515625">
        <ele>22</ele>
        <time>2026-07-14T10:48:05.000Z</time>
        <extensions>
          <ns3:TrackPointExtension>
            <ns3:hr>135</ns3:hr>
            <ns3:cad>92</ns3:cad>
          </ns3:TrackPointExtension>
        </extensions>
      </trkpt>
      <trkpt lat="23.17287429235875606536865234375" lon="113.42905886471271514892578125">
        <ele>21.799999237060546875</ele>
        <time>2026-07-14T10:48:06.000Z</time>
        <extensions>
          <ns3:TrackPointExtension>
            <ns3:hr>135</ns3:hr>
            <ns3:cad>92</ns3:cad>
          </ns3:TrackPointExtension>
        </extensions>
      </trkpt>
      <trkpt lat="23.17290798760950565338134765625" lon="113.42906414531171321868896484375">
        <ele>22</ele>
        <time>2026-07-14T10:48:07.000Z</time>
        <extensions>
          <ns3:TrackPointExtension>
            <ns3:hr>135</ns3:hr>
            <ns3:cad>92</ns3:cad>
          </ns3:TrackPointExtension>
        </extensions>
      </trkpt>
      <trkpt lat="23.17293472588062286376953125" lon="113.42906263656914234161376953125">
        <ele>22</ele>
        <time>2026-07-14T10:48:08.000Z</time>
        <extensions>
          <ns3:TrackPointExtension>
            <ns3:hr>135</ns3:hr>
            <ns3:cad>92</ns3:cad>
          </ns3:TrackPointExtension>
        </extensions>
      </trkpt>
      <trkpt lat="23.172968588769435882568359375" lon="113.42906531877815723419189453125">
        <ele>22</ele>
        <time>2026-07-14T10:48:09.000Z</time>
        <extensions>
          <ns3:TrackPointExtension>
            <ns3:hr>135</ns3:hr>
            <ns3:cad>92</ns3:cad>
          </ns3:TrackPointExtension>
        </extensions>
      </trkpt>
      <trkpt lat="23.172992058098316192626953125" lon="113.42905609868466854095458984375">
        <ele>22</ele>
        <time>2026-07-14T10:48:10.000Z</time>
        <extensions>
          <ns3:TrackPointExtension>
            <ns3:hr>135</ns3:hr>
            <ns3:cad>94</ns3:cad>
          </ns3:TrackPointExtension>
        </extensions>
      </trkpt>
      <trkpt lat="23.17302600480616092681884765625" lon="113.42906129546463489532470703125">
        <ele>22.200000762939453125</ele>
        <time>2026-07-14T10:48:11.000Z</time>
        <extensions>
          <ns3:TrackPointExtension>
            <ns3:hr>135</ns3:hr>
            <ns3:cad>94</ns3:cad>
          </ns3:TrackPointExtension>
        </extensions>
      </trkpt>
      <trkpt lat="23.17304913885891437530517578125" lon="113.42905961908400058746337890625">
        <ele>22.200000762939453125</ele>
        <time>2026-07-14T10:48:12.000Z</time>
        <extensions>
          <ns3:TrackPointExtension>
            <ns3:hr>135</ns3:hr>
            <ns3:cad>94</ns3:cad>
          </ns3:TrackPointExtension>
        </extensions>
      </trkpt>
      <trkpt lat="23.17307914607226848602294921875" lon="113.42906146310269832611083984375">
        <ele>22.3999996185302734375</ele>
        <time>2026-07-14T10:48:13.000Z</time>
        <extensions>
          <ns3:TrackPointExtension>
            <ns3:hr>135</ns3:hr>
            <ns3:cad>93</ns3:cad>
          </ns3:TrackPointExtension>
        </extensions>
      </trkpt>
      <trkpt lat="23.17310613580048084259033203125" lon="113.4290593676269054412841796875">
        <ele>22.3999996185302734375</ele>
        <time>2026-07-14T10:48:14.000Z</time>
        <extensions>
          <ns3:TrackPointExtension>
            <ns3:hr>135</ns3:hr>
            <ns3:cad>93</ns3:cad>
          </ns3:TrackPointExtension>
        </extensions>
      </trkpt>
      <trkpt lat="23.17313228733837604522705078125" lon="113.4290633909404277801513671875">
        <ele>22.3999996185302734375</ele>
        <time>2026-07-14T10:48:15.000Z</time>
        <extensions>
          <ns3:TrackPointExtension>
            <ns3:hr>135</ns3:hr>
            <ns3:cad>92</ns3:cad>
          </ns3:TrackPointExtension>
        </extensions>
      </trkpt>
      <trkpt lat="23.173164390027523040771484375" lon="113.42905928380787372589111328125">
        <ele>22.3999996185302734375</ele>
        <time>2026-07-14T10:48:16.000Z</time>
        <extensions>
          <ns3:TrackPointExtension>
            <ns3:hr>135</ns3:hr>
            <ns3:cad>91</ns3:cad>
          </ns3:TrackPointExtension>
        </extensions>
      </trkpt>
      <trkpt lat="23.17319615744054317474365234375" lon="113.42905878089368343353271484375">
        <ele>22.3999996185302734375</ele>
        <time>2026-07-14T10:48:17.000Z</time>
        <extensions>
          <ns3:TrackPointExtension>
            <ns3:hr>136</ns3:hr>
            <ns3:cad>92</ns3:cad>
          </ns3:TrackPointExtension>
        </extensions>
      </trkpt>
      <trkpt lat="23.17322968505322933197021484375" lon="113.4290635585784912109375">
        <ele>22.200000762939453125</ele>
        <time>2026-07-14T10:48:18.000Z</time>
        <extensions>
          <ns3:TrackPointExtension>
            <ns3:hr>136</ns3:hr>
            <ns3:cad>93</ns3:cad>
          </ns3:TrackPointExtension>
        </extensions>
      </trkpt>
      <trkpt lat="23.1732540763914585113525390625" lon="113.42906313948333263397216796875">
        <ele>22.200000762939453125</ele>
        <time>2026-07-14T10:48:19.000Z</time>
        <extensions>
          <ns3:TrackPointExtension>
            <ns3:hr>136</ns3:hr>
            <ns3:cad>93</ns3:cad>
          </ns3:TrackPointExtension>
        </extensions>
      </trkpt>
      <trkpt lat="23.17328609526157379150390625" lon="113.42906800098717212677001953125">
        <ele>22.200000762939453125</ele>
        <time>2026-07-14T10:48:20.000Z</time>
        <extensions>
          <ns3:TrackPointExtension>
            <ns3:hr>136</ns3:hr>
            <ns3:cad>93</ns3:cad>
          </ns3:TrackPointExtension>
        </extensions>
      </trkpt>
      <trkpt lat="23.173306547105312347412109375" lon="113.4290643967688083648681640625">
        <ele>22.200000762939453125</ele>
        <time>2026-07-14T10:48:21.000Z</time>
        <extensions>
          <ns3:TrackPointExtension>
            <ns3:hr>136</ns3:hr>
            <ns3:cad>93</ns3:cad>
          </ns3:TrackPointExtension>
        </extensions>
      </trkpt>
      <trkpt lat="23.17333613522350788116455078125" lon="113.42906833626329898834228515625">
        <ele>22.200000762939453125</ele>
        <time>2026-07-14T10:48:22.000Z</time>
        <extensions>
          <ns3:TrackPointExtension>
            <ns3:hr>137</ns3:hr>
            <ns3:cad>93</ns3:cad>
          </ns3:TrackPointExtension>
        </extensions>
      </trkpt>
      <trkpt lat="23.17335876636207103729248046875" lon="113.4290657378733158111572265625">
        <ele>22.200000762939453125</ele>
        <time>2026-07-14T10:48:23.000Z</time>
        <extensions>
          <ns3:TrackPointExtension>
            <ns3:hr>136</ns3:hr>
            <ns3:cad>93</ns3:cad>
          </ns3:TrackPointExtension>
        </extensions>
      </trkpt>
      <trkpt lat="23.17338709719479084014892578125" lon="113.42907168902456760406494140625">
        <ele>22</ele>
        <time>2026-07-14T10:48:24.000Z</time>
        <extensions>
          <ns3:TrackPointExtension>
            <ns3:hr>136</ns3:hr>
            <ns3:cad>93</ns3:cad>
          </ns3:TrackPointExtension>
        </extensions>
      </trkpt>
      <trkpt lat="23.17341408692300319671630859375" lon="113.42907185666263103485107421875">
        <ele>22</ele>
        <time>2026-07-14T10:48:25.000Z</time>
        <extensions>
          <ns3:TrackPointExtension>
            <ns3:hr>137</ns3:hr>
            <ns3:cad>93</ns3:cad>
          </ns3:TrackPointExtension>
        </extensions>
      </trkpt>
      <trkpt lat="23.173440992832183837890625" lon="113.42907135374844074249267578125">
        <ele>22</ele>
        <time>2026-07-14T10:48:26.000Z</time>
        <extensions>
          <ns3:TrackPointExtension>
            <ns3:hr>137</ns3:hr>
            <ns3:cad>93</ns3:cad>
          </ns3:TrackPointExtension>
        </extensions>
      </trkpt>
      <trkpt lat="23.17346923984587192535400390625" lon="113.429071605205535888671875">
        <ele>22</ele>
        <time>2026-07-14T10:48:27.000Z</time>
        <extensions>
          <ns3:TrackPointExtension>
            <ns3:hr>137</ns3:hr>
            <ns3:cad>93</ns3:cad>
          </ns3:TrackPointExtension>
        </extensions>
      </trkpt>
      <trkpt lat="23.17349690012633800506591796875" lon="113.429071940481662750244140625">
        <ele>22</ele>
        <time>2026-07-14T10:48:28.000Z</time>
        <extensions>
          <ns3:TrackPointExtension>
            <ns3:hr>136</ns3:hr>
            <ns3:cad>92</ns3:cad>
          </ns3:TrackPointExtension>
        </extensions>
      </trkpt>
      <trkpt lat="23.17353227175772190093994140625" lon="113.4290741197764873504638671875">
        <ele>22.200000762939453125</ele>
        <time>2026-07-14T10:48:29.000Z</time>
        <extensions>
          <ns3:TrackPointExtension>
            <ns3:hr>136</ns3:hr>
            <ns3:cad>92</ns3:cad>
          </ns3:TrackPointExtension>
        </extensions>
      </trkpt>
      <trkpt lat="23.1735595129430294036865234375" lon="113.42907018028199672698974609375">
        <ele>22.200000762939453125</ele>
        <time>2026-07-14T10:48:30.000Z</time>
        <extensions>
          <ns3:TrackPointExtension>
            <ns3:hr>136</ns3:hr>
            <ns3:cad>92</ns3:cad>
          </ns3:TrackPointExtension>
        </extensions>
      </trkpt>
      <trkpt lat="23.173595555126667022705078125" lon="113.42907353304326534271240234375">
        <ele>22.200000762939453125</ele>
        <time>2026-07-14T10:48:31.000Z</time>
        <extensions>
          <ns3:TrackPointExtension>
            <ns3:hr>136</ns3:hr>
            <ns3:cad>92</ns3:cad>
          </ns3:TrackPointExtension>
        </extensions>
      </trkpt>
      <trkpt lat="23.1736218743026256561279296875" lon="113.42907487414777278900146484375">
        <ele>22.200000762939453125</ele>
        <time>2026-07-14T10:48:32.000Z</time>
        <extensions>
          <ns3:TrackPointExtension>
            <ns3:hr>137</ns3:hr>
            <ns3:cad>92</ns3:cad>
          </ns3:TrackPointExtension>
        </extensions>
      </trkpt>
      <trkpt lat="23.17365397699177265167236328125" lon="113.4290814958512783050537109375">
        <ele>22.200000762939453125</ele>
        <time>2026-07-14T10:48:33.000Z</time>
        <extensions>
          <ns3:TrackPointExtension>
            <ns3:hr>136</ns3:hr>
            <ns3:cad>93</ns3:cad>
          </ns3:TrackPointExtension>
        </extensions>
      </trkpt>
      <trkpt lat="23.1736808829009532928466796875" lon="113.42908308841288089752197265625">
        <ele>22.200000762939453125</ele>
        <time>2026-07-14T10:48:34.000Z</time>
        <extensions>
          <ns3:TrackPointExtension>
            <ns3:hr>136</ns3:hr>
            <ns3:cad>93</ns3:cad>
          </ns3:TrackPointExtension>
        </extensions>
      </trkpt>
      <trkpt lat="23.173715583980083465576171875" lon="113.42909297905862331390380859375">
        <ele>22.200000762939453125</ele>
        <time>2026-07-14T10:48:35.000Z</time>
        <extensions>
          <ns3:TrackPointExtension>
            <ns3:hr>136</ns3:hr>
            <ns3:cad>93</ns3:cad>
          </ns3:TrackPointExtension>
        </extensions>
      </trkpt>
      <trkpt lat="23.173739723861217498779296875" lon="113.4290959127247333526611328125">
        <ele>22.200000762939453125</ele>
        <time>2026-07-14T10:48:36.000Z</time>
        <extensions>
          <ns3:TrackPointExtension>
            <ns3:hr>136</ns3:hr>
            <ns3:cad>93</ns3:cad>
          </ns3:TrackPointExtension>
        </extensions>
      </trkpt>
      <trkpt lat="23.173768222332000732421875" lon="113.4290996007621288299560546875">
        <ele>22.200000762939453125</ele>
        <time>2026-07-14T10:48:37.000Z</time>
        <extensions>
          <ns3:TrackPointExtension>
            <ns3:hr>136</ns3:hr>
            <ns3:cad>93</ns3:cad>
          </ns3:TrackPointExtension>
        </extensions>
      </trkpt>
      <trkpt lat="23.1737915240228176116943359375" lon="113.42909767292439937591552734375">
        <ele>22.200000762939453125</ele>
        <time>2026-07-14T10:48:38.000Z</time>
        <extensions>
          <ns3:TrackPointExtension>
            <ns3:hr>136</ns3:hr>
            <ns3:cad>93</ns3:cad>
          </ns3:TrackPointExtension>
        </extensions>
      </trkpt>
      <trkpt lat="23.17382463254034519195556640625" lon="113.429104126989841461181640625">
        <ele>22.3999996185302734375</ele>
        <time>2026-07-14T10:48:39.000Z</time>
        <extensions>
          <ns3:TrackPointExtension>
            <ns3:hr>136</ns3:hr>
            <ns3:cad>91</ns3:cad>
          </ns3:TrackPointExtension>
        </extensions>
      </trkpt>
      <trkpt lat="23.17385547794401645660400390625" lon="113.429107479751110076904296875">
        <ele>22.3999996185302734375</ele>
        <time>2026-07-14T10:48:40.000Z</time>
        <extensions>
          <ns3:TrackPointExtension>
            <ns3:hr>136</ns3:hr>
            <ns3:cad>91</ns3:cad>
          </ns3:TrackPointExtension>
        </extensions>
      </trkpt>
      <trkpt lat="23.1738877482712268829345703125" lon="113.42911041341722011566162109375">
        <ele>22.6000003814697265625</ele>
        <time>2026-07-14T10:48:41.000Z</time>
        <extensions>
          <ns3:TrackPointExtension>
            <ns3:hr>136</ns3:hr>
            <ns3:cad>92</ns3:cad>
          </ns3:TrackPointExtension>
        </extensions>
      </trkpt>
      <trkpt lat="23.1739179231226444244384765625" lon="113.42910739593207836151123046875">
        <ele>22.6000003814697265625</ele>
        <time>2026-07-14T10:48:42.000Z</time>
        <extensions>
          <ns3:TrackPointExtension>
            <ns3:hr>137</ns3:hr>
            <ns3:cad>92</ns3:cad>
          </ns3:TrackPointExtension>
        </extensions>
      </trkpt>
      <trkpt lat="23.17394918762147426605224609375" lon="113.42909348197281360626220703125">
        <ele>22.6000003814697265625</ele>
        <time>2026-07-14T10:48:43.000Z</time>
        <extensions>
          <ns3:TrackPointExtension>
            <ns3:hr>136</ns3:hr>
            <ns3:cad>91</ns3:cad>
          </ns3:TrackPointExtension>
        </extensions>
      </trkpt>
      <trkpt lat="23.17396125756204128265380859375" lon="113.42906582169234752655029296875">
        <ele>22.6000003814697265625</ele>
        <time>2026-07-14T10:48:44.000Z</time>
        <extensions>
          <ns3:TrackPointExtension>
            <ns3:hr>137</ns3:hr>
            <ns3:cad>90</ns3:cad>
          </ns3:TrackPointExtension>
        </extensions>
      </trkpt>
      <trkpt lat="23.17396796308457851409912109375" lon="113.429037071764469146728515625">
        <ele>22.799999237060546875</ele>
        <time>2026-07-14T10:48:45.000Z</time>
        <extensions>
          <ns3:TrackPointExtension>
            <ns3:hr>137</ns3:hr>
            <ns3:cad>90</ns3:cad>
          </ns3:TrackPointExtension>
        </extensions>
      </trkpt>
      <trkpt lat="23.17396913655102252960205078125" lon="113.42900832183659076690673828125">
        <ele>22.799999237060546875</ele>
        <time>2026-07-14T10:48:46.000Z</time>
        <extensions>
          <ns3:TrackPointExtension>
            <ns3:hr>136</ns3:hr>
            <ns3:cad>90</ns3:cad>
          </ns3:TrackPointExtension>
        </extensions>
      </trkpt>
      <trkpt lat="23.1739734113216400146484375" lon="113.42898384667932987213134765625">
        <ele>22.799999237060546875</ele>
        <time>2026-07-14T10:48:47.000Z</time>
        <extensions>
          <ns3:TrackPointExtension>
            <ns3:hr>136</ns3:hr>
            <ns3:cad>90</ns3:cad>
          </ns3:TrackPointExtension>
        </extensions>
      </trkpt>
      <trkpt lat="23.17398204468190670013427734375" lon="113.42895702458918094635009765625">
        <ele>23</ele>
        <time>2026-07-14T10:48:48.000Z</time>
        <extensions>
          <ns3:TrackPointExtension>
            <ns3:hr>136</ns3:hr>
            <ns3:cad>91</ns3:cad>
          </ns3:TrackPointExtension>
        </extensions>
      </trkpt>
      <trkpt lat="23.1739900074899196624755859375" lon="113.4289309568703174591064453125">
        <ele>23</ele>
        <time>2026-07-14T10:48:49.000Z</time>
        <extensions>
          <ns3:TrackPointExtension>
            <ns3:hr>136</ns3:hr>
            <ns3:cad>92</ns3:cad>
          </ns3:TrackPointExtension>
        </extensions>
      </trkpt>
      <trkpt lat="23.1740054301917552947998046875" lon="113.4288991056382656097412109375">
        <ele>23</ele>
        <time>2026-07-14T10:48:50.000Z</time>
        <extensions>
          <ns3:TrackPointExtension>
            <ns3:hr>137</ns3:hr>
            <ns3:cad>92</ns3:cad>
          </ns3:TrackPointExtension>
        </extensions>
      </trkpt>
      <trkpt lat="23.17401406355202198028564453125" lon="113.428871445357799530029296875">
        <ele>23.200000762939453125</ele>
        <time>2026-07-14T10:48:51.000Z</time>
        <extensions>
          <ns3:TrackPointExtension>
            <ns3:hr>137</ns3:hr>
            <ns3:cad>92</ns3:cad>
          </ns3:TrackPointExtension>
        </extensions>
      </trkpt>
      <trkpt lat="23.17400769330561161041259765625" lon="113.42883682809770107269287109375">
        <ele>23.200000762939453125</ele>
        <time>2026-07-14T10:48:52.000Z</time>
        <extensions>
          <ns3:TrackPointExtension>
            <ns3:hr>137</ns3:hr>
            <ns3:cad>92</ns3:cad>
          </ns3:TrackPointExtension>
        </extensions>
      </trkpt>
      <trkpt lat="23.17399092949926853179931640625" lon="113.4288109280169010162353515625">
        <ele>23.200000762939453125</ele>
        <time>2026-07-14T10:48:53.000Z</time>
        <extensions>
          <ns3:TrackPointExtension>
            <ns3:hr>137</ns3:hr>
            <ns3:cad>91</ns3:cad>
          </ns3:TrackPointExtension>
        </extensions>
      </trkpt>
      <trkpt lat="23.17397265695035457611083984375" lon="113.4287757240235805511474609375">
        <ele>23.200000762939453125</ele>
        <time>2026-07-14T10:48:54.000Z</time>
        <extensions>
          <ns3:TrackPointExtension>
            <ns3:hr>136</ns3:hr>
            <ns3:cad>90</ns3:cad>
          </ns3:TrackPointExtension>
        </extensions>
      </trkpt>
      <trkpt lat="23.17395824007689952850341796875" lon="113.428755439817905426025390625">
        <ele>23.200000762939453125</ele>
        <time>2026-07-14T10:48:55.000Z</time>
        <extensions>
          <ns3:TrackPointExtension>
            <ns3:hr>136</ns3:hr>
            <ns3:cad>90</ns3:cad>
          </ns3:TrackPointExtension>
        </extensions>
      </trkpt>
      <trkpt lat="23.17394315265119075775146484375" lon="113.42872065491974353790283203125">
        <ele>23.200000762939453125</ele>
        <time>2026-07-14T10:48:56.000Z</time>
        <extensions>
          <ns3:TrackPointExtension>
            <ns3:hr>136</ns3:hr>
            <ns3:cad>90</ns3:cad>
          </ns3:TrackPointExtension>
        </extensions>
      </trkpt>
      <trkpt lat="23.1739313341677188873291015625" lon="113.428695760667324066162109375">
        <ele>23</ele>
        <time>2026-07-14T10:48:57.000Z</time>
        <extensions>
          <ns3:TrackPointExtension>
            <ns3:hr>136</ns3:hr>
            <ns3:cad>92</ns3:cad>
          </ns3:TrackPointExtension>
        </extensions>
      </trkpt>
      <trkpt lat="23.17392320372164249420166015625" lon="113.42865879647433757781982421875">
        <ele>23</ele>
        <time>2026-07-14T10:48:58.000Z</time>
        <extensions>
          <ns3:TrackPointExtension>
            <ns3:hr>136</ns3:hr>
            <ns3:cad>92</ns3:cad>
          </ns3:TrackPointExtension>
        </extensions>
      </trkpt>
      <trkpt lat="23.17391230724751949310302734375" lon="113.42863163910806179046630859375">
        <ele>22.799999237060546875</ele>
        <time>2026-07-14T10:48:59.000Z</time>
        <extensions>
          <ns3:TrackPointExtension>
            <ns3:hr>136</ns3:hr>
            <ns3:cad>91</ns3:cad>
          </ns3:TrackPointExtension>
        </extensions>
      </trkpt>
      <trkpt lat="23.17390761338174343109130859375" lon="113.42859341762959957122802734375">
        <ele>23</ele>
        <time>2026-07-14T10:49:00.000Z</time>
        <extensions>
          <ns3:TrackPointExtension>
            <ns3:hr>136</ns3:hr>
            <ns3:cad>91</ns3:cad>
          </ns3:TrackPointExtension>
        </extensions>
      </trkpt>
      <trkpt lat="23.17390166223049163818359375" lon="113.4285685233771800994873046875">
        <ele>22.799999237060546875</ele>
        <time>2026-07-14T10:49:01.000Z</time>
        <extensions>
          <ns3:TrackPointExtension>
            <ns3:hr>136</ns3:hr>
            <ns3:cad>90</ns3:cad>
          </ns3:TrackPointExtension>
        </extensions>
      </trkpt>
      <trkpt lat="23.1739078648388385772705078125" lon="113.42852787114679813385009765625">
        <ele>22.799999237060546875</ele>
        <time>2026-07-14T10:49:02.000Z</time>
        <extensions>
          <ns3:TrackPointExtension>
            <ns3:hr>136</ns3:hr>
            <ns3:cad>90</ns3:cad>
          </ns3:TrackPointExtension>
        </extensions>
      </trkpt>
      <trkpt lat="23.1739092059433460235595703125" lon="113.42849828302860260009765625">
        <ele>22.799999237060546875</ele>
        <time>2026-07-14T10:49:03.000Z</time>
        <extensions>
          <ns3:TrackPointExtension>
            <ns3:hr>136</ns3:hr>
            <ns3:cad>90</ns3:cad>
          </ns3:TrackPointExtension>
        </extensions>
      </trkpt>
      <trkpt lat="23.17391700111329555511474609375" lon="113.42846450395882129669189453125">
        <ele>22.799999237060546875</ele>
        <time>2026-07-14T10:49:04.000Z</time>
        <extensions>
          <ns3:TrackPointExtension>
            <ns3:hr>136</ns3:hr>
            <ns3:cad>91</ns3:cad>
          </ns3:TrackPointExtension>
        </extensions>
      </trkpt>
      <trkpt lat="23.17391901277005672454833984375" lon="113.42843365855515003204345703125">
        <ele>22.6000003814697265625</ele>
        <time>2026-07-14T10:49:05.000Z</time>
        <extensions>
          <ns3:TrackPointExtension>
            <ns3:hr>136</ns3:hr>
            <ns3:cad>91</ns3:cad>
          </ns3:TrackPointExtension>
        </extensions>
      </trkpt>
      <trkpt lat="23.17392756231129169464111328125" lon="113.4283988736569881439208984375">
        <ele>22.6000003814697265625</ele>
        <time>2026-07-14T10:49:06.000Z</time>
        <extensions>
          <ns3:TrackPointExtension>
            <ns3:hr>136</ns3:hr>
            <ns3:cad>92</ns3:cad>
          </ns3:TrackPointExtension>
        </extensions>
      </trkpt>
      <trkpt lat="23.17393510602414608001708984375" lon="113.42836551368236541748046875">
        <ele>22.6000003814697265625</ele>
        <time>2026-07-14T10:49:07.000Z</time>
        <extensions>
          <ns3:TrackPointExtension>
            <ns3:hr>136</ns3:hr>
            <ns3:cad>92</ns3:cad>
          </ns3:TrackPointExtension>
        </extensions>
      </trkpt>
      <trkpt lat="23.173944912850856781005859375" lon="113.4283321537077426910400390625">
        <ele>22.6000003814697265625</ele>
        <time>2026-07-14T10:49:08.000Z</time>
        <extensions>
          <ns3:TrackPointExtension>
            <ns3:hr>136</ns3:hr>
            <ns3:cad>92</ns3:cad>
          </ns3:TrackPointExtension>
        </extensions>
      </trkpt>
      <trkpt lat="23.173948265612125396728515625" lon="113.42829368077218532562255859375">
        <ele>22.6000003814697265625</ele>
        <time>2026-07-14T10:49:09.000Z</time>
        <extensions>
          <ns3:TrackPointExtension>
            <ns3:hr>135</ns3:hr>
            <ns3:cad>93</ns3:cad>
          </ns3:TrackPointExtension>
        </extensions>
      </trkpt>
      <trkpt lat="23.17395689897239208221435546875" lon="113.42826099134981632232666015625">
        <ele>22.799999237060546875</ele>
        <time>2026-07-14T10:49:10.000Z</time>
        <extensions>
          <ns3:TrackPointExtension>
            <ns3:hr>136</ns3:hr>
            <ns3:cad>93</ns3:cad>
          </ns3:TrackPointExtension>
        </extensions>
      </trkpt>
      <trkpt lat="23.17396226339042186737060546875" lon="113.42822578735649585723876953125">
        <ele>22.799999237060546875</ele>
        <time>2026-07-14T10:49:11.000Z</time>
        <extensions>
          <ns3:TrackPointExtension>
            <ns3:hr>135</ns3:hr>
            <ns3:cad>92</ns3:cad>
          </ns3:TrackPointExtension>
        </extensions>
      </trkpt>
      <trkpt lat="23.17396469414234161376953125" lon="113.42820064164698123931884765625">
        <ele>22.799999237060546875</ele>
        <time>2026-07-14T10:49:12.000Z</time>
        <extensions>
          <ns3:TrackPointExtension>
            <ns3:hr>135</ns3:hr>
            <ns3:cad>92</ns3:cad>
          </ns3:TrackPointExtension>
        </extensions>
      </trkpt>
      <trkpt lat="23.17396494559943675994873046875" lon="113.42816091142594814300537109375">
        <ele>22.799999237060546875</ele>
        <time>2026-07-14T10:49:13.000Z</time>
        <extensions>
          <ns3:TrackPointExtension>
            <ns3:hr>135</ns3:hr>
            <ns3:cad>92</ns3:cad>
          </ns3:TrackPointExtension>
        </extensions>
      </trkpt>
      <trkpt lat="23.17396611906588077545166015625" lon="113.42813693918287754058837890625">
        <ele>22.799999237060546875</ele>
        <time>2026-07-14T10:49:14.000Z</time>
        <extensions>
          <ns3:TrackPointExtension>
            <ns3:hr>135</ns3:hr>
            <ns3:cad>92</ns3:cad>
          </ns3:TrackPointExtension>
        </extensions>
      </trkpt>
      <trkpt lat="23.17396863363683223724365234375" lon="113.4280954487621784210205078125">
        <ele>22.799999237060546875</ele>
        <time>2026-07-14T10:49:15.000Z</time>
        <extensions>
          <ns3:TrackPointExtension>
            <ns3:hr>136</ns3:hr>
            <ns3:cad>92</ns3:cad>
          </ns3:TrackPointExtension>
        </extensions>
      </trkpt>
      <trkpt lat="23.17396695725619792938232421875" lon="113.4280671179294586181640625">
        <ele>22.799999237060546875</ele>
        <time>2026-07-14T10:49:16.000Z</time>
        <extensions>
          <ns3:TrackPointExtension>
            <ns3:hr>135</ns3:hr>
            <ns3:cad>92</ns3:cad>
          </ns3:TrackPointExtension>
        </extensions>
      </trkpt>
      <trkpt lat="23.173969052731990814208984375" lon="113.4280297346413135528564453125">
        <ele>22.6000003814697265625</ele>
        <time>2026-07-14T10:49:17.000Z</time>
        <extensions>
          <ns3:TrackPointExtension>
            <ns3:hr>135</ns3:hr>
            <ns3:cad>92</ns3:cad>
          </ns3:TrackPointExtension>
        </extensions>
      </trkpt>
      <trkpt lat="23.1739729084074497222900390625" lon="113.42800165526568889617919921875">
        <ele>22.799999237060546875</ele>
        <time>2026-07-14T10:49:18.000Z</time>
        <extensions>
          <ns3:TrackPointExtension>
            <ns3:hr>135</ns3:hr>
            <ns3:cad>91</ns3:cad>
          </ns3:TrackPointExtension>
        </extensions>
      </trkpt>
      <trkpt lat="23.17398170940577983856201171875" lon="113.42797114513814449310302734375">
        <ele>22.799999237060546875</ele>
        <time>2026-07-14T10:49:19.000Z</time>
        <extensions>
          <ns3:TrackPointExtension>
            <ns3:hr>135</ns3:hr>
            <ns3:cad>91</ns3:cad>
          </ns3:TrackPointExtension>
        </extensions>
      </trkpt>
      <trkpt lat="23.17397969774901866912841796875" lon="113.42794449068605899810791015625">
        <ele>23.200000762939453125</ele>
        <time>2026-07-14T10:49:20.000Z</time>
        <extensions>
          <ns3:TrackPointExtension>
            <ns3:hr>135</ns3:hr>
            <ns3:cad>92</ns3:cad>
          </ns3:TrackPointExtension>
        </extensions>
      </trkpt>
      <trkpt lat="23.1739802844822406768798828125" lon="113.42791029252111911773681640625">
        <ele>23.200000762939453125</ele>
        <time>2026-07-14T10:49:21.000Z</time>
        <extensions>
          <ns3:TrackPointExtension>
            <ns3:hr>135</ns3:hr>
            <ns3:cad>92</ns3:cad>
          </ns3:TrackPointExtension>
        </extensions>
      </trkpt>
      <trkpt lat="23.1739739142358303070068359375" lon="113.42788414098322391510009765625">
        <ele>23.200000762939453125</ele>
        <time>2026-07-14T10:49:22.000Z</time>
        <extensions>
          <ns3:TrackPointExtension>
            <ns3:hr>135</ns3:hr>
            <ns3:cad>92</ns3:cad>
          </ns3:TrackPointExtension>
        </extensions>
      </trkpt>
      <trkpt lat="23.1739856489002704620361328125" lon="113.4278691373765468597412109375">
        <ele>23.3999996185302734375</ele>
        <time>2026-07-14T10:49:23.000Z</time>
        <extensions>
          <ns3:TrackPointExtension>
            <ns3:hr>136</ns3:hr>
            <ns3:cad>92</ns3:cad>
          </ns3:TrackPointExtension>
        </extensions>
      </trkpt>
      <trkpt lat="23.17398891784250736236572265625" lon="113.427834101021289825439453125">
        <ele>23.200000762939453125</ele>
        <time>2026-07-14T10:49:24.000Z</time>
        <extensions>
          <ns3:TrackPointExtension>
            <ns3:hr>136</ns3:hr>
            <ns3:cad>90</ns3:cad>
          </ns3:TrackPointExtension>
        </extensions>
      </trkpt>
      <trkpt lat="23.17399562336504459381103515625" lon="113.4278124757111072540283203125">
        <ele>23</ele>
        <time>2026-07-14T10:49:25.000Z</time>
        <extensions>
          <ns3:TrackPointExtension>
            <ns3:hr>136</ns3:hr>
            <ns3:cad>87</ns3:cad>
          </ns3:TrackPointExtension>
        </extensions>
      </trkpt>
      <trkpt lat="23.17399461753666400909423828125" lon="113.42778389342129230499267578125">
        <ele>23</ele>
        <time>2026-07-14T10:49:26.000Z</time>
        <extensions>
          <ns3:TrackPointExtension>
            <ns3:hr>137</ns3:hr>
            <ns3:cad>87</ns3:cad>
          </ns3:TrackPointExtension>
        </extensions>
      </trkpt>
      <trkpt lat="23.1739997304975986480712890625" lon="113.42774583958089351654052734375">
        <ele>23.200000762939453125</ele>
        <time>2026-07-14T10:49:27.000Z</time>
        <extensions>
          <ns3:TrackPointExtension>
            <ns3:hr>137</ns3:hr>
            <ns3:cad>87</ns3:cad>
          </ns3:TrackPointExtension>
        </extensions>
      </trkpt>
      <trkpt lat="23.17400551401078701019287109375" lon="113.42772052623331546783447265625">
        <ele>23.200000762939453125</ele>
        <time>2026-07-14T10:49:28.000Z</time>
        <extensions>
          <ns3:TrackPointExtension>
            <ns3:hr>138</ns3:hr>
            <ns3:cad>89</ns3:cad>
          </ns3:TrackPointExtension>
        </extensions>
      </trkpt>
      <trkpt lat="23.174017332494258880615234375" lon="113.427683897316455841064453125">
        <ele>23.3999996185302734375</ele>
        <time>2026-07-14T10:49:29.000Z</time>
        <extensions>
          <ns3:TrackPointExtension>
            <ns3:hr>138</ns3:hr>
            <ns3:cad>89</ns3:cad>
          </ns3:TrackPointExtension>
        </extensions>
      </trkpt>
      <trkpt lat="23.1740243732929229736328125" lon="113.42765917070209980010986328125">
        <ele>23.3999996185302734375</ele>
        <time>2026-07-14T10:49:30.000Z</time>
        <extensions>
          <ns3:TrackPointExtension>
            <ns3:hr>139</ns3:hr>
            <ns3:cad>90</ns3:cad>
          </ns3:TrackPointExtension>
        </extensions>
      </trkpt>
      <trkpt lat="23.174041472375392913818359375" lon="113.42761826701462268829345703125">
        <ele>23.6000003814697265625</ele>
        <time>2026-07-14T10:49:31.000Z</time>
        <extensions>
          <ns3:TrackPointExtension>
            <ns3:hr>139</ns3:hr>
            <ns3:cad>90</ns3:cad>
          </ns3:TrackPointExtension>
        </extensions>
      </trkpt>
      <trkpt lat="23.17404356785118579864501953125" lon="113.42759211547672748565673828125">
        <ele>23.6000003814697265625</ele>
        <time>2026-07-14T10:49:32.000Z</time>
        <extensions>
          <ns3:TrackPointExtension>
            <ns3:hr>139</ns3:hr>
            <ns3:cad>90</ns3:cad>
          </ns3:TrackPointExtension>
        </extensions>
      </trkpt>
      <trkpt lat="23.17405781708657741546630859375" lon="113.42755355872213840484619140625">
        <ele>23.6000003814697265625</ele>
        <time>2026-07-14T10:49:33.000Z</time>
        <extensions>
          <ns3:TrackPointExtension>
            <ns3:hr>139</ns3:hr>
            <ns3:cad>90</ns3:cad>
          </ns3:TrackPointExtension>
        </extensions>
      </trkpt>
      <trkpt lat="23.1740651093423366546630859375" lon="113.42752908356487751007080078125">
        <ele>23.799999237060546875</ele>
        <time>2026-07-14T10:49:34.000Z</time>
        <extensions>
          <ns3:TrackPointExtension>
            <ns3:hr>140</ns3:hr>
            <ns3:cad>90</ns3:cad>
          </ns3:TrackPointExtension>
        </extensions>
      </trkpt>
      <trkpt lat="23.174073994159698486328125" lon="113.4274919517338275909423828125">
        <ele>23.799999237060546875</ele>
        <time>2026-07-14T10:49:35.000Z</time>
        <extensions>
          <ns3:TrackPointExtension>
            <ns3:hr>140</ns3:hr>
            <ns3:cad>89</ns3:cad>
          </ns3:TrackPointExtension>
        </extensions>
      </trkpt>
      <trkpt lat="23.1740726530551910400390625" lon="113.42746940441429615020751953125">
        <ele>23.6000003814697265625</ele>
        <time>2026-07-14T10:49:36.000Z</time>
        <extensions>
          <ns3:TrackPointExtension>
            <ns3:hr>140</ns3:hr>
            <ns3:cad>89</ns3:cad>
          </ns3:TrackPointExtension>
        </extensions>
      </trkpt>
      <trkpt lat="23.17407139576971530914306640625" lon="113.42743185348808765411376953125">
        <ele>23.6000003814697265625</ele>
        <time>2026-07-14T10:49:37.000Z</time>
        <extensions>
          <ns3:TrackPointExtension>
            <ns3:hr>139</ns3:hr>
            <ns3:cad>89</ns3:cad>
          </ns3:TrackPointExtension>
        </extensions>
      </trkpt>
      <trkpt lat="23.17406670190393924713134765625" lon="113.427405618131160736083984375">
        <ele>23.6000003814697265625</ele>
        <time>2026-07-14T10:49:38.000Z</time>
        <extensions>
          <ns3:TrackPointExtension>
            <ns3:hr>139</ns3:hr>
            <ns3:cad>89</ns3:cad>
          </ns3:TrackPointExtension>
        </extensions>
      </trkpt>
      <trkpt lat="23.174064271152019500732421875" lon="113.42735976912081241607666015625">
        <ele>23.6000003814697265625</ele>
        <time>2026-07-14T10:49:39.000Z</time>
        <extensions>
          <ns3:TrackPointExtension>
            <ns3:hr>139</ns3:hr>
            <ns3:cad>88</ns3:cad>
          </ns3:TrackPointExtension>
        </extensions>
      </trkpt>
      <trkpt lat="23.1740567274391651153564453125" lon="113.4273340366780757904052734375">
        <ele>23.3999996185302734375</ele>
        <time>2026-07-14T10:49:40.000Z</time>
        <extensions>
          <ns3:TrackPointExtension>
            <ns3:hr>139</ns3:hr>
            <ns3:cad>88</ns3:cad>
          </ns3:TrackPointExtension>
        </extensions>
      </trkpt>
      <trkpt lat="23.17405731417238712310791015625" lon="113.4272938035428524017333984375">
        <ele>23.3999996185302734375</ele>
        <time>2026-07-14T10:49:41.000Z</time>
        <extensions>
          <ns3:TrackPointExtension>
            <ns3:hr>139</ns3:hr>
            <ns3:cad>88</ns3:cad>
          </ns3:TrackPointExtension>
        </extensions>
      </trkpt>
      <trkpt lat="23.17405580542981624603271484375" lon="113.427270166575908660888671875">
        <ele>23.3999996185302734375</ele>
        <time>2026-07-14T10:49:42.000Z</time>
        <extensions>
          <ns3:TrackPointExtension>
            <ns3:hr>139</ns3:hr>
            <ns3:cad>88</ns3:cad>
          </ns3:TrackPointExtension>
        </extensions>
      </trkpt>
      <trkpt lat="23.17406469024717807769775390625" lon="113.4272334538400173187255859375">
        <ele>23.3999996185302734375</ele>
        <time>2026-07-14T10:49:43.000Z</time>
        <extensions>
          <ns3:TrackPointExtension>
            <ns3:hr>138</ns3:hr>
            <ns3:cad>89</ns3:cad>
          </ns3:TrackPointExtension>
        </extensions>
      </trkpt>
      <trkpt lat="23.1740744970738887786865234375" lon="113.427212499082088470458984375">
        <ele>23.3999996185302734375</ele>
        <time>2026-07-14T10:49:44.000Z</time>
        <extensions>
          <ns3:TrackPointExtension>
            <ns3:hr>137</ns3:hr>
            <ns3:cad>89</ns3:cad>
          </ns3:TrackPointExtension>
        </extensions>
      </trkpt>
      <trkpt lat="23.1740936078131198883056640625" lon="113.42718609608709812164306640625">
        <ele>23.3999996185302734375</ele>
        <time>2026-07-14T10:49:45.000Z</time>
        <extensions>
          <ns3:TrackPointExtension>
            <ns3:hr>137</ns3:hr>
            <ns3:cad>89</ns3:cad>
          </ns3:TrackPointExtension>
        </extensions>
      </trkpt>
      <trkpt lat="23.17411380819976329803466796875" lon="113.42718861065804958343505859375">
        <ele>23.3999996185302734375</ele>
        <time>2026-07-14T10:49:46.000Z</time>
        <extensions>
          <ns3:TrackPointExtension>
            <ns3:hr>137</ns3:hr>
            <ns3:cad>89</ns3:cad>
          </ns3:TrackPointExtension>
        </extensions>
      </trkpt>
      <trkpt lat="23.1741348467767238616943359375" lon="113.4272052906453609466552734375">
        <ele>23.3999996185302734375</ele>
        <time>2026-07-14T10:49:47.000Z</time>
        <extensions>
          <ns3:TrackPointExtension>
            <ns3:hr>136</ns3:hr>
            <ns3:cad>89</ns3:cad>
          </ns3:TrackPointExtension>
        </extensions>
      </trkpt>
      <trkpt lat="23.17415169440209865570068359375" lon="113.4272334538400173187255859375">
        <ele>23.3999996185302734375</ele>
        <time>2026-07-14T10:49:48.000Z</time>
        <extensions>
          <ns3:TrackPointExtension>
            <ns3:hr>135</ns3:hr>
            <ns3:cad>89</ns3:cad>
          </ns3:TrackPointExtension>
        </extensions>
      </trkpt>
      <trkpt lat="23.17417248152196407318115234375" lon="113.42726647853851318359375">
        <ele>23.3999996185302734375</ele>
        <time>2026-07-14T10:49:49.000Z</time>
        <extensions>
          <ns3:TrackPointExtension>
            <ns3:hr>135</ns3:hr>
            <ns3:cad>89</ns3:cad>
          </ns3:TrackPointExtension>
        </extensions>
      </trkpt>
      <trkpt lat="23.1741807796061038970947265625" lon="113.42729665338993072509765625">
        <ele>23.3999996185302734375</ele>
        <time>2026-07-14T10:49:50.000Z</time>
        <extensions>
          <ns3:TrackPointExtension>
            <ns3:hr>134</ns3:hr>
            <ns3:cad>89</ns3:cad>
          </ns3:TrackPointExtension>
        </extensions>
      </trkpt>
      <trkpt lat="23.1741915084421634674072265625" lon="113.42733328230679035186767578125">
        <ele>23.3999996185302734375</ele>
        <time>2026-07-14T10:49:51.000Z</time>
        <extensions>
          <ns3:TrackPointExtension>
            <ns3:hr>134</ns3:hr>
            <ns3:cad>89</ns3:cad>
          </ns3:TrackPointExtension>
        </extensions>
      </trkpt>
      <trkpt lat="23.1741998903453350067138671875" lon="113.42736731283366680145263671875">
        <ele>23.3999996185302734375</ele>
        <time>2026-07-14T10:49:52.000Z</time>
        <extensions>
          <ns3:TrackPointExtension>
            <ns3:hr>134</ns3:hr>
            <ns3:cad>89</ns3:cad>
          </ns3:TrackPointExtension>
        </extensions>
      </trkpt>
      <trkpt lat="23.17420735023915767669677734375" lon="113.4274057857692241668701171875">
        <ele>23.3999996185302734375</ele>
        <time>2026-07-14T10:49:53.000Z</time>
        <extensions>
          <ns3:TrackPointExtension>
            <ns3:hr>133</ns3:hr>
            <ns3:cad>90</ns3:cad>
          </ns3:TrackPointExtension>
        </extensions>
      </trkpt>
      <trkpt lat="23.17420634441077709197998046875" lon="113.4274349547922611236572265625">
        <ele>23.3999996185302734375</ele>
        <time>2026-07-14T10:49:54.000Z</time>
        <extensions>
          <ns3:TrackPointExtension>
            <ns3:hr>133</ns3:hr>
            <ns3:cad>90</ns3:cad>
          </ns3:TrackPointExtension>
        </extensions>
      </trkpt>
      <trkpt lat="23.17421020008623600006103515625" lon="113.427465967833995819091796875">
        <ele>23.3999996185302734375</ele>
        <time>2026-07-14T10:49:55.000Z</time>
        <extensions>
          <ns3:TrackPointExtension>
            <ns3:hr>133</ns3:hr>
            <ns3:cad>89</ns3:cad>
          </ns3:TrackPointExtension>
        </extensions>
      </trkpt>
      <trkpt lat="23.17421053536236286163330078125" lon="113.427491448819637298583984375">
        <ele>23.3999996185302734375</ele>
        <time>2026-07-14T10:49:56.000Z</time>
        <extensions>
          <ns3:TrackPointExtension>
            <ns3:hr>134</ns3:hr>
            <ns3:cad>89</ns3:cad>
          </ns3:TrackPointExtension>
        </extensions>
      </trkpt>
      <trkpt lat="23.174211122095584869384765625" lon="113.427520282566547393798828125">
        <ele>23.3999996185302734375</ele>
        <time>2026-07-14T10:49:57.000Z</time>
        <extensions>
          <ns3:TrackPointExtension>
            <ns3:hr>134</ns3:hr>
            <ns3:cad>89</ns3:cad>
          </ns3:TrackPointExtension>
        </extensions>
      </trkpt>
      <trkpt lat="23.174209780991077423095703125" lon="113.4275559894740581512451171875">
        <ele>23.3999996185302734375</ele>
        <time>2026-07-14T10:49:58.000Z</time>
        <extensions>
          <ns3:TrackPointExtension>
            <ns3:hr>134</ns3:hr>
            <ns3:cad>89</ns3:cad>
          </ns3:TrackPointExtension>
        </extensions>
      </trkpt>
      <trkpt lat="23.174213469028472900390625" lon="113.42759362421929836273193359375">
        <ele>23.3999996185302734375</ele>
        <time>2026-07-14T10:49:59.000Z</time>
        <extensions>
          <ns3:TrackPointExtension>
            <ns3:hr>134</ns3:hr>
            <ns3:cad>89</ns3:cad>
          </ns3:TrackPointExtension>
        </extensions>
      </trkpt>
      <trkpt lat="23.1742094457149505615234375" lon="113.4276299178600311279296875">
        <ele>23.3999996185302734375</ele>
        <time>2026-07-14T10:50:00.000Z</time>
        <extensions>
          <ns3:TrackPointExtension>
            <ns3:hr>133</ns3:hr>
            <ns3:cad>90</ns3:cad>
          </ns3:TrackPointExtension>
        </extensions>
      </trkpt>
      <trkpt lat="23.1742126308381557464599609375" lon="113.42766336165368556976318359375">
        <ele>23.3999996185302734375</ele>
        <time>2026-07-14T10:50:01.000Z</time>
        <extensions>
          <ns3:TrackPointExtension>
            <ns3:hr>133</ns3:hr>
            <ns3:cad>89</ns3:cad>
          </ns3:TrackPointExtension>
        </extensions>
      </trkpt>
      <trkpt lat="23.17421204410493373870849609375" lon="113.42769940383732318878173828125">
        <ele>23.3999996185302734375</ele>
        <time>2026-07-14T10:50:02.000Z</time>
        <extensions>
          <ns3:TrackPointExtension>
            <ns3:hr>133</ns3:hr>
            <ns3:cad>90</ns3:cad>
          </ns3:TrackPointExtension>
        </extensions>
      </trkpt>
      <trkpt lat="23.1742173247039318084716796875" lon="113.4277346916496753692626953125">
        <ele>23.3999996185302734375</ele>
        <time>2026-07-14T10:50:03.000Z</time>
        <extensions>
          <ns3:TrackPointExtension>
            <ns3:hr>134</ns3:hr>
            <ns3:cad>89</ns3:cad>
          </ns3:TrackPointExtension>
        </extensions>
      </trkpt>
      <trkpt lat="23.174217157065868377685546875" lon="113.42776629142463207244873046875">
        <ele>23.3999996185302734375</ele>
        <time>2026-07-14T10:50:04.000Z</time>
        <extensions>
          <ns3:TrackPointExtension>
            <ns3:hr>134</ns3:hr>
            <ns3:cad>90</ns3:cad>
          </ns3:TrackPointExtension>
        </extensions>
      </trkpt>
      <trkpt lat="23.17422159947454929351806640625" lon="113.42779730446636676788330078125">
        <ele>23.3999996185302734375</ele>
        <time>2026-07-14T10:50:05.000Z</time>
        <extensions>
          <ns3:TrackPointExtension>
            <ns3:hr>134</ns3:hr>
            <ns3:cad>89</ns3:cad>
          </ns3:TrackPointExtension>
        </extensions>
      </trkpt>
      <trkpt lat="23.1742210127413272857666015625" lon="113.4278309158980846405029296875">
        <ele>23.3999996185302734375</ele>
        <time>2026-07-14T10:50:06.000Z</time>
        <extensions>
          <ns3:TrackPointExtension>
            <ns3:hr>134</ns3:hr>
            <ns3:cad>90</ns3:cad>
          </ns3:TrackPointExtension>
        </extensions>
      </trkpt>
      <trkpt lat="23.17422394640743732452392578125" lon="113.4278617613017559051513671875">
        <ele>23.3999996185302734375</ele>
        <time>2026-07-14T10:50:07.000Z</time>
        <extensions>
          <ns3:TrackPointExtension>
            <ns3:hr>134</ns3:hr>
            <ns3:cad>89</ns3:cad>
          </ns3:TrackPointExtension>
        </extensions>
      </trkpt>
      <trkpt lat="23.17422620952129364013671875" lon="113.4278905950486660003662109375">
        <ele>23.3999996185302734375</ele>
        <time>2026-07-14T10:50:08.000Z</time>
        <extensions>
          <ns3:TrackPointExtension>
            <ns3:hr>135</ns3:hr>
            <ns3:cad>90</ns3:cad>
          </ns3:TrackPointExtension>
        </extensions>
      </trkpt>
      <trkpt lat="23.17422478459775447845458984375" lon="113.42792387120425701141357421875">
        <ele>23.6000003814697265625</ele>
        <time>2026-07-14T10:50:09.000Z</time>
        <extensions>
          <ns3:TrackPointExtension>
            <ns3:hr>135</ns3:hr>
            <ns3:cad>90</ns3:cad>
          </ns3:TrackPointExtension>
        </extensions>
      </trkpt>
      <trkpt lat="23.17422755062580108642578125" lon="113.4279462508857250213623046875">
        <ele>23.6000003814697265625</ele>
        <time>2026-07-14T10:50:10.000Z</time>
        <extensions>
          <ns3:TrackPointExtension>
            <ns3:hr>135</ns3:hr>
            <ns3:cad>90</ns3:cad>
          </ns3:TrackPointExtension>
        </extensions>
      </trkpt>
      <trkpt lat="23.1742260418832302093505859375" lon="113.42798204161226749420166015625">
        <ele>23.6000003814697265625</ele>
        <time>2026-07-14T10:50:11.000Z</time>
        <extensions>
          <ns3:TrackPointExtension>
            <ns3:hr>135</ns3:hr>
            <ns3:cad>90</ns3:cad>
          </ns3:TrackPointExtension>
        </extensions>
      </trkpt>
      <trkpt lat="23.1742260418832302093505859375" lon="113.42800735495984554290771484375">
        <ele>23.6000003814697265625</ele>
        <time>2026-07-14T10:50:12.000Z</time>
        <extensions>
          <ns3:TrackPointExtension>
            <ns3:hr>134</ns3:hr>
            <ns3:cad>90</ns3:cad>
          </ns3:TrackPointExtension>
        </extensions>
      </trkpt>
      <trkpt lat="23.174219168722629547119140625" lon="113.42805027030408382415771484375">
        <ele>23.6000003814697265625</ele>
        <time>2026-07-14T10:50:13.000Z</time>
        <extensions>
          <ns3:TrackPointExtension>
            <ns3:hr>134</ns3:hr>
            <ns3:cad>92</ns3:cad>
          </ns3:TrackPointExtension>
        </extensions>
      </trkpt>
      <trkpt lat="23.17421942017972469329833984375" lon="113.4280790202319622039794921875">
        <ele>23.6000003814697265625</ele>
        <time>2026-07-14T10:50:14.000Z</time>
        <extensions>
          <ns3:TrackPointExtension>
            <ns3:hr>134</ns3:hr>
            <ns3:cad>92</ns3:cad>
          </ns3:TrackPointExtension>
        </extensions>
      </trkpt>
      <trkpt lat="23.1742143072187900543212890625" lon="113.42811799608170986175537109375">
        <ele>23.3999996185302734375</ele>
        <time>2026-07-14T10:50:15.000Z</time>
        <extensions>
          <ns3:TrackPointExtension>
            <ns3:hr>134</ns3:hr>
            <ns3:cad>92</ns3:cad>
          </ns3:TrackPointExtension>
        </extensions>
      </trkpt>
      <trkpt lat="23.1742190010845661163330078125" lon="113.42814163304865360260009765625">
        <ele>23.3999996185302734375</ele>
        <time>2026-07-14T10:50:16.000Z</time>
        <extensions>
          <ns3:TrackPointExtension>
            <ns3:hr>134</ns3:hr>
            <ns3:cad>92</ns3:cad>
          </ns3:TrackPointExtension>
        </extensions>
      </trkpt>
      <trkpt lat="23.17421237938106060028076171875" lon="113.428177423775196075439453125">
        <ele>23.3999996185302734375</ele>
        <time>2026-07-14T10:50:17.000Z</time>
        <extensions>
          <ns3:TrackPointExtension>
            <ns3:hr>134</ns3:hr>
            <ns3:cad>93</ns3:cad>
          </ns3:TrackPointExtension>
        </extensions>
      </trkpt>
      <trkpt lat="23.1742196716368198394775390625" lon="113.4282003901898860931396484375">
        <ele>23.3999996185302734375</ele>
        <time>2026-07-14T10:50:18.000Z</time>
        <extensions>
          <ns3:TrackPointExtension>
            <ns3:hr>135</ns3:hr>
            <ns3:cad>92</ns3:cad>
          </ns3:TrackPointExtension>
        </extensions>
      </trkpt>
      <trkpt lat="23.1742174923419952392578125" lon="113.42823903076350688934326171875">
        <ele>23.3999996185302734375</ele>
        <time>2026-07-14T10:50:19.000Z</time>
        <extensions>
          <ns3:TrackPointExtension>
            <ns3:hr>135</ns3:hr>
            <ns3:cad>93</ns3:cad>
          </ns3:TrackPointExtension>
        </extensions>
      </trkpt>
      <trkpt lat="23.17421950399875640869140625" lon="113.428263925015926361083984375">
        <ele>23.3999996185302734375</ele>
        <time>2026-07-14T10:50:20.000Z</time>
        <extensions>
          <ns3:TrackPointExtension>
            <ns3:hr>135</ns3:hr>
            <ns3:cad>92</ns3:cad>
          </ns3:TrackPointExtension>
        </extensions>
      </trkpt>
      <trkpt lat="23.174216486513614654541015625" lon="113.42829904519021511077880859375">
        <ele>23.3999996185302734375</ele>
        <time>2026-07-14T10:50:21.000Z</time>
        <extensions>
          <ns3:TrackPointExtension>
            <ns3:hr>135</ns3:hr>
            <ns3:cad>92</ns3:cad>
          </ns3:TrackPointExtension>
        </extensions>
      </trkpt>
      <trkpt lat="23.17421908490359783172607421875" lon="113.4283272922039031982421875">
        <ele>23.3999996185302734375</ele>
        <time>2026-07-14T10:50:22.000Z</time>
        <extensions>
          <ns3:TrackPointExtension>
            <ns3:hr>135</ns3:hr>
            <ns3:cad>92</ns3:cad>
          </ns3:TrackPointExtension>
        </extensions>
      </trkpt>
      <trkpt lat="23.17421137355268001556396484375" lon="113.4283633343875408172607421875">
        <ele>23.3999996185302734375</ele>
        <time>2026-07-14T10:50:23.000Z</time>
        <extensions>
          <ns3:TrackPointExtension>
            <ns3:hr>136</ns3:hr>
            <ns3:cad>92</ns3:cad>
          </ns3:TrackPointExtension>
        </extensions>
      </trkpt>
      <trkpt lat="23.174213469028472900390625" lon="113.428388647735118865966796875">
        <ele>23.3999996185302734375</ele>
        <time>2026-07-14T10:50:24.000Z</time>
        <extensions>
          <ns3:TrackPointExtension>
            <ns3:hr>136</ns3:hr>
            <ns3:cad>92</ns3:cad>
          </ns3:TrackPointExtension>
        </extensions>
      </trkpt>
      <trkpt lat="23.174210451543331146240234375" lon="113.42842510901391506195068359375">
        <ele>23.3999996185302734375</ele>
        <time>2026-07-14T10:50:25.000Z</time>
        <extensions>
          <ns3:TrackPointExtension>
            <ns3:hr>137</ns3:hr>
            <ns3:cad>91</ns3:cad>
          </ns3:TrackPointExtension>
        </extensions>
      </trkpt>
      <trkpt lat="23.17421439103782176971435546875" lon="113.428453691303730010986328125">
        <ele>23.3999996185302734375</ele>
        <time>2026-07-14T10:50:26.000Z</time>
        <extensions>
          <ns3:TrackPointExtension>
            <ns3:hr>137</ns3:hr>
            <ns3:cad>91</ns3:cad>
          </ns3:TrackPointExtension>
        </extensions>
      </trkpt>
      <trkpt lat="23.17421120591461658477783203125" lon="113.4284857101738452911376953125">
        <ele>23.3999996185302734375</ele>
        <time>2026-07-14T10:50:27.000Z</time>
        <extensions>
          <ns3:TrackPointExtension>
            <ns3:hr>138</ns3:hr>
            <ns3:cad>91</ns3:cad>
          </ns3:TrackPointExtension>
        </extensions>
      </trkpt>
      <trkpt lat="23.1742153130471706390380859375" lon="113.4285158850252628326416015625">
        <ele>23.3999996185302734375</ele>
        <time>2026-07-14T10:50:28.000Z</time>
        <extensions>
          <ns3:TrackPointExtension>
            <ns3:hr>139</ns3:hr>
            <ns3:cad>91</ns3:cad>
          </ns3:TrackPointExtension>
        </extensions>
      </trkpt>
      <trkpt lat="23.1742109544575214385986328125" lon="113.4285547770559787750244140625">
        <ele>23.3999996185302734375</ele>
        <time>2026-07-14T10:50:29.000Z</time>
        <extensions>
          <ns3:TrackPointExtension>
            <ns3:hr>139</ns3:hr>
            <ns3:cad>90</ns3:cad>
          </ns3:TrackPointExtension>
        </extensions>
      </trkpt>
      <trkpt lat="23.17421254701912403106689453125" lon="113.4285809285938739776611328125">
        <ele>23.6000003814697265625</ele>
        <time>2026-07-14T10:50:30.000Z</time>
        <extensions>
          <ns3:TrackPointExtension>
            <ns3:hr>139</ns3:hr>
            <ns3:cad>90</ns3:cad>
          </ns3:TrackPointExtension>
        </extensions>
      </trkpt>
      <trkpt lat="23.1742072664201259613037109375" lon="113.428618647158145904541015625">
        <ele>23.6000003814697265625</ele>
        <time>2026-07-14T10:50:31.000Z</time>
        <extensions>
          <ns3:TrackPointExtension>
            <ns3:hr>140</ns3:hr>
            <ns3:cad>90</ns3:cad>
          </ns3:TrackPointExtension>
        </extensions>
      </trkpt>
      <trkpt lat="23.1742076016962528228759765625" lon="113.42864655889570713043212890625">
        <ele>23.6000003814697265625</ele>
        <time>2026-07-14T10:50:32.000Z</time>
        <extensions>
          <ns3:TrackPointExtension>
            <ns3:hr>140</ns3:hr>
            <ns3:cad>90</ns3:cad>
          </ns3:TrackPointExtension>
        </extensions>
      </trkpt>
      <trkpt lat="23.174203075468540191650390625" lon="113.42868377454578876495361328125">
        <ele>23.6000003814697265625</ele>
        <time>2026-07-14T10:50:33.000Z</time>
        <extensions>
          <ns3:TrackPointExtension>
            <ns3:hr>140</ns3:hr>
            <ns3:cad>89</ns3:cad>
          </ns3:TrackPointExtension>
        </extensions>
      </trkpt>
      <trkpt lat="23.17420785315334796905517578125" lon="113.42870439402759075164794921875">
        <ele>23.3999996185302734375</ele>
        <time>2026-07-14T10:50:34.000Z</time>
        <extensions>
          <ns3:TrackPointExtension>
            <ns3:hr>141</ns3:hr>
            <ns3:cad>89</ns3:cad>
          </ns3:TrackPointExtension>
        </extensions>
      </trkpt>
      <trkpt lat="23.1742082722485065460205078125" lon="113.42873632907867431640625">
        <ele>23.3999996185302734375</ele>
        <time>2026-07-14T10:50:35.000Z</time>
        <extensions>
          <ns3:TrackPointExtension>
            <ns3:hr>141</ns3:hr>
            <ns3:cad>89</ns3:cad>
          </ns3:TrackPointExtension>
        </extensions>
      </trkpt>
      <trkpt lat="23.17421338520944118499755859375" lon="113.42876189388334751129150390625">
        <ele>23.3999996185302734375</ele>
        <time>2026-07-14T10:50:36.000Z</time>
        <extensions>
          <ns3:TrackPointExtension>
            <ns3:hr>141</ns3:hr>
            <ns3:cad>89</ns3:cad>
          </ns3:TrackPointExtension>
        </extensions>
      </trkpt>
      <trkpt lat="23.17420952953398227691650390625" lon="113.42879869043827056884765625">
        <ele>23.3999996185302734375</ele>
        <time>2026-07-14T10:50:37.000Z</time>
        <extensions>
          <ns3:TrackPointExtension>
            <ns3:hr>141</ns3:hr>
            <ns3:cad>89</ns3:cad>
          </ns3:TrackPointExtension>
        </extensions>
      </trkpt>
      <trkpt lat="23.17421573214232921600341796875" lon="113.42882676981389522552490234375">
        <ele>23.3999996185302734375</ele>
        <time>2026-07-14T10:50:38.000Z</time>
        <extensions>
          <ns3:TrackPointExtension>
            <ns3:hr>140</ns3:hr>
            <ns3:cad>88</ns3:cad>
          </ns3:TrackPointExtension>
        </extensions>
      </trkpt>
      <trkpt lat="23.17421137355268001556396484375" lon="113.42886867932975292205810546875">
        <ele>23.3999996185302734375</ele>
        <time>2026-07-14T10:50:39.000Z</time>
        <extensions>
          <ns3:TrackPointExtension>
            <ns3:hr>140</ns3:hr>
            <ns3:cad>88</ns3:cad>
          </ns3:TrackPointExtension>
        </extensions>
      </trkpt>
      <trkpt lat="23.17421506159007549285888671875" lon="113.428894914686679840087890625">
        <ele>23.3999996185302734375</ele>
        <time>2026-07-14T10:50:40.000Z</time>
        <extensions>
          <ns3:TrackPointExtension>
            <ns3:hr>140</ns3:hr>
            <ns3:cad>88</ns3:cad>
          </ns3:TrackPointExtension>
        </extensions>
      </trkpt>
      <trkpt lat="23.1742119602859020233154296875" lon="113.42892743647098541259765625">
        <ele>23.3999996185302734375</ele>
        <time>2026-07-14T10:50:41.000Z</time>
        <extensions>
          <ns3:TrackPointExtension>
            <ns3:hr>140</ns3:hr>
            <ns3:cad>88</ns3:cad>
          </ns3:TrackPointExtension>
        </extensions>
      </trkpt>
      <trkpt lat="23.17421170882880687713623046875" lon="113.42895132489502429962158203125">
        <ele>23.6000003814697265625</ele>
        <time>2026-07-14T10:50:42.000Z</time>
        <extensions>
          <ns3:TrackPointExtension>
            <ns3:hr>139</ns3:hr>
            <ns3:cad>89</ns3:cad>
          </ns3:TrackPointExtension>
        </extensions>
      </trkpt>
      <trkpt lat="23.1742069311439990997314453125" lon="113.42898669652640819549560546875">
        <ele>23.6000003814697265625</ele>
        <time>2026-07-14T10:50:43.000Z</time>
        <extensions>
          <ns3:TrackPointExtension>
            <ns3:hr>139</ns3:hr>
            <ns3:cad>88</ns3:cad>
          </ns3:TrackPointExtension>
        </extensions>
      </trkpt>
      <trkpt lat="23.17421145737171173095703125" lon="113.429010249674320220947265625">
        <ele>23.3999996185302734375</ele>
        <time>2026-07-14T10:50:44.000Z</time>
        <extensions>
          <ns3:TrackPointExtension>
            <ns3:hr>138</ns3:hr>
            <ns3:cad>89</ns3:cad>
          </ns3:TrackPointExtension>
        </extensions>
      </trkpt>
      <trkpt lat="23.17420877516269683837890625" lon="113.429047800600528717041015625">
        <ele>23.3999996185302734375</ele>
        <time>2026-07-14T10:50:45.000Z</time>
        <extensions>
          <ns3:TrackPointExtension>
            <ns3:hr>138</ns3:hr>
            <ns3:cad>89</ns3:cad>
          </ns3:TrackPointExtension>
        </extensions>
      </trkpt>
      <trkpt lat="23.17421221174299716949462890625" lon="113.4290727786719799041748046875">
        <ele>23.3999996185302734375</ele>
        <time>2026-07-14T10:50:46.000Z</time>
        <extensions>
          <ns3:TrackPointExtension>
            <ns3:hr>138</ns3:hr>
            <ns3:cad>89</ns3:cad>
          </ns3:TrackPointExtension>
        </extensions>
      </trkpt>
      <trkpt lat="23.17421003244817256927490234375" lon="113.4291096590459346771240234375">
        <ele>23.3999996185302734375</ele>
        <time>2026-07-14T10:50:47.000Z</time>
        <extensions>
          <ns3:TrackPointExtension>
            <ns3:hr>137</ns3:hr>
            <ns3:cad>89</ns3:cad>
          </ns3:TrackPointExtension>
        </extensions>
      </trkpt>
      <trkpt lat="23.17421556450426578521728515625" lon="113.42913706786930561065673828125">
        <ele>23.3999996185302734375</ele>
        <time>2026-07-14T10:50:48.000Z</time>
        <extensions>
          <ns3:TrackPointExtension>
            <ns3:hr>137</ns3:hr>
            <ns3:cad>89</ns3:cad>
          </ns3:TrackPointExtension>
        </extensions>
      </trkpt>
      <trkpt lat="23.17421858198940753936767578125" lon="113.42917688190937042236328125">
        <ele>23.3999996185302734375</ele>
        <time>2026-07-14T10:50:49.000Z</time>
        <extensions>
          <ns3:TrackPointExtension>
            <ns3:hr>137</ns3:hr>
            <ns3:cad>89</ns3:cad>
          </ns3:TrackPointExtension>
        </extensions>
      </trkpt>
      <trkpt lat="23.17422243766486644744873046875" lon="113.429208062589168548583984375">
        <ele>23.3999996185302734375</ele>
        <time>2026-07-14T10:50:50.000Z</time>
        <extensions>
          <ns3:TrackPointExtension>
            <ns3:hr>136</ns3:hr>
            <ns3:cad>89</ns3:cad>
          </ns3:TrackPointExtension>
        </extensions>
      </trkpt>
      <trkpt lat="23.1742201745510101318359375" lon="113.42924796044826507568359375">
        <ele>23.3999996185302734375</ele>
        <time>2026-07-14T10:50:51.000Z</time>
        <extensions>
          <ns3:TrackPointExtension>
            <ns3:hr>136</ns3:hr>
            <ns3:cad>89</ns3:cad>
          </ns3:TrackPointExtension>
        </extensions>
      </trkpt>
      <trkpt lat="23.17422310821712017059326171875" lon="113.4292752854526042938232421875">
        <ele>23.3999996185302734375</ele>
        <time>2026-07-14T10:50:52.000Z</time>
        <extensions>
          <ns3:TrackPointExtension>
            <ns3:hr>136</ns3:hr>
            <ns3:cad>89</ns3:cad>
          </ns3:TrackPointExtension>
        </extensions>
      </trkpt>
      <trkpt lat="23.174219839274883270263671875" lon="113.42931794933974742889404296875">
        <ele>23.6000003814697265625</ele>
        <time>2026-07-14T10:50:53.000Z</time>
        <extensions>
          <ns3:TrackPointExtension>
            <ns3:hr>135</ns3:hr>
            <ns3:cad>89</ns3:cad>
          </ns3:TrackPointExtension>
        </extensions>
      </trkpt>
      <trkpt lat="23.17422059364616870880126953125" lon="113.4293456934392452239990234375">
        <ele>23.6000003814697265625</ele>
        <time>2026-07-14T10:50:54.000Z</time>
        <extensions>
          <ns3:TrackPointExtension>
            <ns3:hr>135</ns3:hr>
            <ns3:cad>89</ns3:cad>
          </ns3:TrackPointExtension>
        </extensions>
      </trkpt>
      <trkpt lat="23.17421891726553440093994140625" lon="113.429381065070629119873046875">
        <ele>23.6000003814697265625</ele>
        <time>2026-07-14T10:50:55.000Z</time>
        <extensions>
          <ns3:TrackPointExtension>
            <ns3:hr>135</ns3:hr>
            <ns3:cad>89</ns3:cad>
          </ns3:TrackPointExtension>
        </extensions>
      </trkpt>
      <trkpt lat="23.174218498170375823974609375" lon="113.42940763570368289947509765625">
        <ele>23.6000003814697265625</ele>
        <time>2026-07-14T10:50:56.000Z</time>
        <extensions>
          <ns3:TrackPointExtension>
            <ns3:hr>135</ns3:hr>
            <ns3:cad>89</ns3:cad>
          </ns3:TrackPointExtension>
        </extensions>
      </trkpt>
      <trkpt lat="23.1742149777710437774658203125" lon="113.429440073668956756591796875">
        <ele>23.6000003814697265625</ele>
        <time>2026-07-14T10:50:57.000Z</time>
        <extensions>
          <ns3:TrackPointExtension>
            <ns3:hr>135</ns3:hr>
            <ns3:cad>89</ns3:cad>
          </ns3:TrackPointExtension>
        </extensions>
      </trkpt>
      <trkpt lat="23.17421355284750461578369140625" lon="113.42946664430201053619384765625">
        <ele>23.6000003814697265625</ele>
        <time>2026-07-14T10:50:58.000Z</time>
        <extensions>
          <ns3:TrackPointExtension>
            <ns3:hr>135</ns3:hr>
            <ns3:cad>89</ns3:cad>
          </ns3:TrackPointExtension>
        </extensions>
      </trkpt>
      <trkpt lat="23.17421145737171173095703125" lon="113.429491706192493438720703125">
        <ele>23.6000003814697265625</ele>
        <time>2026-07-14T10:50:59.000Z</time>
        <extensions>
          <ns3:TrackPointExtension>
            <ns3:hr>135</ns3:hr>
            <ns3:cad>89</ns3:cad>
          </ns3:TrackPointExtension>
        </extensions>
      </trkpt>
      <trkpt lat="23.1742102839052677154541015625" lon="113.4295183606445789337158203125">
        <ele>23.6000003814697265625</ele>
        <time>2026-07-14T10:51:00.000Z</time>
        <extensions>
          <ns3:TrackPointExtension>
            <ns3:hr>135</ns3:hr>
            <ns3:cad>89</ns3:cad>
          </ns3:TrackPointExtension>
        </extensions>
      </trkpt>
      <trkpt lat="23.17421254701912403106689453125" lon="113.42954426072537899017333984375">
        <ele>23.6000003814697265625</ele>
        <time>2026-07-14T10:51:01.000Z</time>
        <extensions>
          <ns3:TrackPointExtension>
            <ns3:hr>135</ns3:hr>
            <ns3:cad>89</ns3:cad>
          </ns3:TrackPointExtension>
        </extensions>
      </trkpt>
      <trkpt lat="23.174208439886569976806640625" lon="113.4295827336609363555908203125">
        <ele>23.6000003814697265625</ele>
        <time>2026-07-14T10:51:02.000Z</time>
        <extensions>
          <ns3:TrackPointExtension>
            <ns3:hr>135</ns3:hr>
            <ns3:cad>89</ns3:cad>
          </ns3:TrackPointExtension>
        </extensions>
      </trkpt>
      <trkpt lat="23.1742116250097751617431640625" lon="113.42961366288363933563232421875">
        <ele>23.6000003814697265625</ele>
        <time>2026-07-14T10:51:03.000Z</time>
        <extensions>
          <ns3:TrackPointExtension>
            <ns3:hr>134</ns3:hr>
            <ns3:cad>89</ns3:cad>
          </ns3:TrackPointExtension>
        </extensions>
      </trkpt>
      <trkpt lat="23.17420542240142822265625" lon="113.42965104617178440093994140625">
        <ele>23.6000003814697265625</ele>
        <time>2026-07-14T10:51:04.000Z</time>
        <extensions>
          <ns3:TrackPointExtension>
            <ns3:hr>135</ns3:hr>
            <ns3:cad>89</ns3:cad>
          </ns3:TrackPointExtension>
        </extensions>
      </trkpt>
      <trkpt lat="23.17420835606753826141357421875" lon="113.429684154689311981201171875">
        <ele>23.6000003814697265625</ele>
        <time>2026-07-14T10:51:05.000Z</time>
        <extensions>
          <ns3:TrackPointExtension>
            <ns3:hr>135</ns3:hr>
            <ns3:cad>89</ns3:cad>
          </ns3:TrackPointExtension>
        </extensions>
      </trkpt>
      <trkpt lat="23.174202740192413330078125" lon="113.4297201968729496002197265625">
        <ele>23.6000003814697265625</ele>
        <time>2026-07-14T10:51:06.000Z</time>
        <extensions>
          <ns3:TrackPointExtension>
            <ns3:hr>135</ns3:hr>
            <ns3:cad>89</ns3:cad>
          </ns3:TrackPointExtension>
        </extensions>
      </trkpt>
      <trkpt lat="23.17420315928757190704345703125" lon="113.42975330539047718048095703125">
        <ele>23.6000003814697265625</ele>
        <time>2026-07-14T10:51:07.000Z</time>
        <extensions>
          <ns3:TrackPointExtension>
            <ns3:hr>135</ns3:hr>
            <ns3:cad>89</ns3:cad>
          </ns3:TrackPointExtension>
        </extensions>
      </trkpt>
      <trkpt lat="23.174202404916286468505859375" lon="113.42978498898446559906005859375">
        <ele>23.6000003814697265625</ele>
        <time>2026-07-14T10:51:08.000Z</time>
        <extensions>
          <ns3:TrackPointExtension>
            <ns3:hr>135</ns3:hr>
            <ns3:cad>89</ns3:cad>
          </ns3:TrackPointExtension>
        </extensions>
      </trkpt>
      <trkpt lat="23.17420366220176219940185546875" lon="113.42982404865324497222900390625">
        <ele>23.6000003814697265625</ele>
        <time>2026-07-14T10:51:09.000Z</time>
        <extensions>
          <ns3:TrackPointExtension>
            <ns3:hr>135</ns3:hr>
            <ns3:cad>90</ns3:cad>
          </ns3:TrackPointExtension>
        </extensions>
      </trkpt>
      <trkpt lat="23.17420517094433307647705078125" lon="113.42985137365758419036865234375">
        <ele>23.6000003814697265625</ele>
        <time>2026-07-14T10:51:10.000Z</time>
        <extensions>
          <ns3:TrackPointExtension>
            <ns3:hr>135</ns3:hr>
            <ns3:cad>91</ns3:cad>
          </ns3:TrackPointExtension>
        </extensions>
      </trkpt>
      <trkpt lat="23.17420751787722110748291015625" lon="113.42988205142319202423095703125">
        <ele>23.6000003814697265625</ele>
        <time>2026-07-14T10:51:11.000Z</time>
        <extensions>
          <ns3:TrackPointExtension>
            <ns3:hr>135</ns3:hr>
            <ns3:cad>91</ns3:cad>
          </ns3:TrackPointExtension>
        </extensions>
      </trkpt>
      <trkpt lat="23.17420701496303081512451171875" lon="113.42991122044622898101806640625">
        <ele>23.6000003814697265625</ele>
        <time>2026-07-14T10:51:12.000Z</time>
        <extensions>
          <ns3:TrackPointExtension>
            <ns3:hr>134</ns3:hr>
            <ns3:cad>92</ns3:cad>
          </ns3:TrackPointExtension>
        </extensions>
      </trkpt>
      <trkpt lat="23.17420902661979198455810546875" lon="113.429944999516010284423828125">
        <ele>23.6000003814697265625</ele>
        <time>2026-07-14T10:51:13.000Z</time>
        <extensions>
          <ns3:TrackPointExtension>
            <ns3:hr>135</ns3:hr>
            <ns3:cad>92</ns3:cad>
          </ns3:TrackPointExtension>
        </extensions>
      </trkpt>
      <trkpt lat="23.17421036772429943084716796875" lon="113.42997257597744464874267578125">
        <ele>23.6000003814697265625</ele>
        <time>2026-07-14T10:51:14.000Z</time>
        <extensions>
          <ns3:TrackPointExtension>
            <ns3:hr>134</ns3:hr>
            <ns3:cad>92</ns3:cad>
          </ns3:TrackPointExtension>
        </extensions>
      </trkpt>
      <trkpt lat="23.17420634441077709197998046875" lon="113.43000627122819423675537109375">
        <ele>23.6000003814697265625</ele>
        <time>2026-07-14T10:51:15.000Z</time>
        <extensions>
          <ns3:TrackPointExtension>
            <ns3:hr>134</ns3:hr>
            <ns3:cad>91</ns3:cad>
          </ns3:TrackPointExtension>
        </extensions>
      </trkpt>
      <trkpt lat="23.17421103827655315399169921875" lon="113.43003108166158199310302734375">
        <ele>23.6000003814697265625</ele>
        <time>2026-07-14T10:51:16.000Z</time>
        <extensions>
          <ns3:TrackPointExtension>
            <ns3:hr>134</ns3:hr>
            <ns3:cad>90</ns3:cad>
          </ns3:TrackPointExtension>
        </extensions>
      </trkpt>
      <trkpt lat="23.17421003244817256927490234375" lon="113.4300668723881244659423828125">
        <ele>23.6000003814697265625</ele>
        <time>2026-07-14T10:51:17.000Z</time>
        <extensions>
          <ns3:TrackPointExtension>
            <ns3:hr>134</ns3:hr>
            <ns3:cad>90</ns3:cad>
          </ns3:TrackPointExtension>
        </extensions>
      </trkpt>
      <trkpt lat="23.17421288229525089263916015625" lon="113.43009344302117824554443359375">
        <ele>23.6000003814697265625</ele>
        <time>2026-07-14T10:51:18.000Z</time>
        <extensions>
          <ns3:TrackPointExtension>
            <ns3:hr>134</ns3:hr>
            <ns3:cad>90</ns3:cad>
          </ns3:TrackPointExtension>
        </extensions>
      </trkpt>
      <trkpt lat="23.17420885898172855377197265625" lon="113.4301312454044818878173828125">
        <ele>23.6000003814697265625</ele>
        <time>2026-07-14T10:51:19.000Z</time>
        <extensions>
          <ns3:TrackPointExtension>
            <ns3:hr>134</ns3:hr>
            <ns3:cad>90</ns3:cad>
          </ns3:TrackPointExtension>
        </extensions>
      </trkpt>
      <trkpt lat="23.174210451543331146240234375" lon="113.4301540441811084747314453125">
        <ele>23.6000003814697265625</ele>
        <time>2026-07-14T10:51:20.000Z</time>
        <extensions>
          <ns3:TrackPointExtension>
            <ns3:hr>134</ns3:hr>
            <ns3:cad>90</ns3:cad>
          </ns3:TrackPointExtension>
        </extensions>
      </trkpt>
      <trkpt lat="23.1742119602859020233154296875" lon="113.43019184656441211700439453125">
        <ele>23.799999237060546875</ele>
        <time>2026-07-14T10:51:21.000Z</time>
        <extensions>
          <ns3:TrackPointExtension>
            <ns3:hr>134</ns3:hr>
            <ns3:cad>91</ns3:cad>
          </ns3:TrackPointExtension>
        </extensions>
      </trkpt>
      <trkpt lat="23.17421623505651950836181640625" lon="113.43021431006491184234619140625">
        <ele>23.799999237060546875</ele>
        <time>2026-07-14T10:51:22.000Z</time>
        <extensions>
          <ns3:TrackPointExtension>
            <ns3:hr>134</ns3:hr>
            <ns3:cad>91</ns3:cad>
          </ns3:TrackPointExtension>
        </extensions>
      </trkpt>
      <trkpt lat="23.17421087063848972320556640625" lon="113.430256135761737823486328125">
        <ele>23.799999237060546875</ele>
        <time>2026-07-14T10:51:23.000Z</time>
        <extensions>
          <ns3:TrackPointExtension>
            <ns3:hr>134</ns3:hr>
            <ns3:cad>91</ns3:cad>
          </ns3:TrackPointExtension>
        </extensions>
      </trkpt>
      <trkpt lat="23.17421740852296352386474609375" lon="113.43028186820447444915771484375">
        <ele>23.799999237060546875</ele>
        <time>2026-07-14T10:51:24.000Z</time>
        <extensions>
          <ns3:TrackPointExtension>
            <ns3:hr>134</ns3:hr>
            <ns3:cad>90</ns3:cad>
          </ns3:TrackPointExtension>
        </extensions>
      </trkpt>
      <trkpt lat="23.17421615123748779296875" lon="113.43032109551131725311279296875">
        <ele>23.799999237060546875</ele>
        <time>2026-07-14T10:51:25.000Z</time>
        <extensions>
          <ns3:TrackPointExtension>
            <ns3:hr>135</ns3:hr>
            <ns3:cad>90</ns3:cad>
          </ns3:TrackPointExtension>
        </extensions>
      </trkpt>
      <trkpt lat="23.17421858198940753936767578125" lon="113.43034640885889530181884765625">
        <ele>23.799999237060546875</ele>
        <time>2026-07-14T10:51:26.000Z</time>
        <extensions>
          <ns3:TrackPointExtension>
            <ns3:hr>134</ns3:hr>
            <ns3:cad>90</ns3:cad>
          </ns3:TrackPointExtension>
        </extensions>
      </trkpt>
      <trkpt lat="23.17421439103782176971435546875" lon="113.4303796850144863128662109375">
        <ele>23.799999237060546875</ele>
        <time>2026-07-14T10:51:27.000Z</time>
        <extensions>
          <ns3:TrackPointExtension>
            <ns3:hr>134</ns3:hr>
            <ns3:cad>91</ns3:cad>
          </ns3:TrackPointExtension>
        </extensions>
      </trkpt>
      <trkpt lat="23.17421724088490009307861328125" lon="113.430399633944034576416015625">
        <ele>23.799999237060546875</ele>
        <time>2026-07-14T10:51:28.000Z</time>
        <extensions>
          <ns3:TrackPointExtension>
            <ns3:hr>134</ns3:hr>
            <ns3:cad>91</ns3:cad>
          </ns3:TrackPointExtension>
        </extensions>
      </trkpt>
      <trkpt lat="23.17421070300042629241943359375" lon="113.430433161556720733642578125">
        <ele>23.799999237060546875</ele>
        <time>2026-07-14T10:51:29.000Z</time>
        <extensions>
          <ns3:TrackPointExtension>
            <ns3:hr>135</ns3:hr>
            <ns3:cad>90</ns3:cad>
          </ns3:TrackPointExtension>
        </extensions>
      </trkpt>
      <trkpt lat="23.174212463200092315673828125" lon="113.43045621179044246673583984375">
        <ele>24</ele>
        <time>2026-07-14T10:51:30.000Z</time>
        <extensions>
          <ns3:TrackPointExtension>
            <ns3:hr>135</ns3:hr>
            <ns3:cad>90</ns3:cad>
          </ns3:TrackPointExtension>
        </extensions>
      </trkpt>
      <trkpt lat="23.17420768551528453826904296875" lon="113.43049393035471439361572265625">
        <ele>24</ele>
        <time>2026-07-14T10:51:31.000Z</time>
        <extensions>
          <ns3:TrackPointExtension>
            <ns3:hr>135</ns3:hr>
            <ns3:cad>90</ns3:cad>
          </ns3:TrackPointExtension>
        </extensions>
      </trkpt>
      <trkpt lat="23.1742102839052677154541015625" lon="113.43051957897841930389404296875">
        <ele>24</ele>
        <time>2026-07-14T10:51:32.000Z</time>
        <extensions>
          <ns3:TrackPointExtension>
            <ns3:hr>135</ns3:hr>
            <ns3:cad>90</ns3:cad>
          </ns3:TrackPointExtension>
        </extensions>
      </trkpt>
      <trkpt lat="23.1742065958678722381591796875" lon="113.430557548999786376953125">
        <ele>24</ele>
        <time>2026-07-14T10:51:33.000Z</time>
        <extensions>
          <ns3:TrackPointExtension>
            <ns3:hr>135</ns3:hr>
            <ns3:cad>90</ns3:cad>
          </ns3:TrackPointExtension>
        </extensions>
      </trkpt>
      <trkpt lat="23.17421070300042629241943359375" lon="113.43058194033801555633544921875">
        <ele>24</ele>
        <time>2026-07-14T10:51:34.000Z</time>
        <extensions>
          <ns3:TrackPointExtension>
            <ns3:hr>135</ns3:hr>
            <ns3:cad>90</ns3:cad>
          </ns3:TrackPointExtension>
        </extensions>
      </trkpt>
      <trkpt lat="23.17421120591461658477783203125" lon="113.43061747960746288299560546875">
        <ele>24</ele>
        <time>2026-07-14T10:51:35.000Z</time>
        <extensions>
          <ns3:TrackPointExtension>
            <ns3:hr>136</ns3:hr>
            <ns3:cad>90</ns3:cad>
          </ns3:TrackPointExtension>
        </extensions>
      </trkpt>
      <trkpt lat="23.174214474856853485107421875" lon="113.43064312823116779327392578125">
        <ele>24</ele>
        <time>2026-07-14T10:51:36.000Z</time>
        <extensions>
          <ns3:TrackPointExtension>
            <ns3:hr>136</ns3:hr>
            <ns3:cad>90</ns3:cad>
          </ns3:TrackPointExtension>
        </extensions>
      </trkpt>
      <trkpt lat="23.1742122955620288848876953125" lon="113.43068134970963001251220703125">
        <ele>24</ele>
        <time>2026-07-14T10:51:37.000Z</time>
        <extensions>
          <ns3:TrackPointExtension>
            <ns3:hr>136</ns3:hr>
            <ns3:cad>90</ns3:cad>
          </ns3:TrackPointExtension>
        </extensions>
      </trkpt>
      <trkpt lat="23.1742143072187900543212890625" lon="113.43070766888558864593505859375">
        <ele>24.200000762939453125</ele>
        <time>2026-07-14T10:51:38.000Z</time>
        <extensions>
          <ns3:TrackPointExtension>
            <ns3:hr>136</ns3:hr>
            <ns3:cad>90</ns3:cad>
          </ns3:TrackPointExtension>
        </extensions>
      </trkpt>
      <trkpt lat="23.174211122095584869384765625" lon="113.43074203468859195709228515625">
        <ele>24.200000762939453125</ele>
        <time>2026-07-14T10:51:39.000Z</time>
        <extensions>
          <ns3:TrackPointExtension>
            <ns3:hr>136</ns3:hr>
            <ns3:cad>90</ns3:cad>
          </ns3:TrackPointExtension>
        </extensions>
      </trkpt>
      <trkpt lat="23.17421036772429943084716796875" lon="113.4307719580829143524169921875">
        <ele>24.200000762939453125</ele>
        <time>2026-07-14T10:51:40.000Z</time>
        <extensions>
          <ns3:TrackPointExtension>
            <ns3:hr>136</ns3:hr>
            <ns3:cad>90</ns3:cad>
          </ns3:TrackPointExtension>
        </extensions>
      </trkpt>
      <trkpt lat="23.17420533858239650726318359375" lon="113.430810011923313140869140625">
        <ele>24.200000762939453125</ele>
        <time>2026-07-14T10:51:41.000Z</time>
        <extensions>
          <ns3:TrackPointExtension>
            <ns3:hr>136</ns3:hr>
            <ns3:cad>91</ns3:cad>
          </ns3:TrackPointExtension>
        </extensions>
      </trkpt>
      <trkpt lat="23.17420902661979198455810546875" lon="113.43083960004150867462158203125">
        <ele>24.200000762939453125</ele>
        <time>2026-07-14T10:51:42.000Z</time>
        <extensions>
          <ns3:TrackPointExtension>
            <ns3:hr>136</ns3:hr>
            <ns3:cad>91</ns3:cad>
          </ns3:TrackPointExtension>
        </extensions>
      </trkpt>
      <trkpt lat="23.17420366220176219940185546875" lon="113.43087865971028804779052734375">
        <ele>24.200000762939453125</ele>
        <time>2026-07-14T10:51:43.000Z</time>
        <extensions>
          <ns3:TrackPointExtension>
            <ns3:hr>136</ns3:hr>
            <ns3:cad>91</ns3:cad>
          </ns3:TrackPointExtension>
        </extensions>
      </trkpt>
      <trkpt lat="23.17420667968690395355224609375" lon="113.43090531416237354278564453125">
        <ele>24.200000762939453125</ele>
        <time>2026-07-14T10:51:44.000Z</time>
        <extensions>
          <ns3:TrackPointExtension>
            <ns3:hr>135</ns3:hr>
            <ns3:cad>92</ns3:cad>
          </ns3:TrackPointExtension>
        </extensions>
      </trkpt>
      <trkpt lat="23.1741987168788909912109375" lon="113.430946804583072662353515625">
        <ele>24.200000762939453125</ele>
        <time>2026-07-14T10:51:45.000Z</time>
        <extensions>
          <ns3:TrackPointExtension>
            <ns3:hr>136</ns3:hr>
            <ns3:cad>91</ns3:cad>
          </ns3:TrackPointExtension>
        </extensions>
      </trkpt>
      <trkpt lat="23.1742013990879058837890625" lon="113.43097421340644359588623046875">
        <ele>24.3999996185302734375</ele>
        <time>2026-07-14T10:51:46.000Z</time>
        <extensions>
          <ns3:TrackPointExtension>
            <ns3:hr>135</ns3:hr>
            <ns3:cad>92</ns3:cad>
          </ns3:TrackPointExtension>
        </extensions>
      </trkpt>
      <trkpt lat="23.1741972081363201141357421875" lon="113.43101042322814464569091796875">
        <ele>24.200000762939453125</ele>
        <time>2026-07-14T10:51:47.000Z</time>
        <extensions>
          <ns3:TrackPointExtension>
            <ns3:hr>135</ns3:hr>
            <ns3:cad>91</ns3:cad>
          </ns3:TrackPointExtension>
        </extensions>
      </trkpt>
      <trkpt lat="23.17419544793665409088134765625" lon="113.43103858642280101776123046875">
        <ele>24.200000762939453125</ele>
        <time>2026-07-14T10:51:48.000Z</time>
        <extensions>
          <ns3:TrackPointExtension>
            <ns3:hr>135</ns3:hr>
            <ns3:cad>91</ns3:cad>
          </ns3:TrackPointExtension>
        </extensions>
      </trkpt>
      <trkpt lat="23.1741827912628650665283203125" lon="113.43107110820710659027099609375">
        <ele>24.200000762939453125</ele>
        <time>2026-07-14T10:51:49.000Z</time>
        <extensions>
          <ns3:TrackPointExtension>
            <ns3:hr>135</ns3:hr>
            <ns3:cad>91</ns3:cad>
          </ns3:TrackPointExtension>
        </extensions>
      </trkpt>
      <trkpt lat="23.17417901940643787384033203125" lon="113.43110681511461734771728515625">
        <ele>24.200000762939453125</ele>
        <time>2026-07-14T10:51:50.000Z</time>
        <extensions>
          <ns3:TrackPointExtension>
            <ns3:hr>135</ns3:hr>
            <ns3:cad>92</ns3:cad>
          </ns3:TrackPointExtension>
        </extensions>
      </trkpt>
      <trkpt lat="23.17417499609291553497314453125" lon="113.43114034272730350494384765625">
        <ele>24.200000762939453125</ele>
        <time>2026-07-14T10:51:51.000Z</time>
        <extensions>
          <ns3:TrackPointExtension>
            <ns3:hr>135</ns3:hr>
            <ns3:cad>92</ns3:cad>
          </ns3:TrackPointExtension>
        </extensions>
      </trkpt>
      <trkpt lat="23.17418002523481845855712890625" lon="113.43117646872997283935546875">
        <ele>24.200000762939453125</ele>
        <time>2026-07-14T10:51:52.000Z</time>
        <extensions>
          <ns3:TrackPointExtension>
            <ns3:hr>135</ns3:hr>
            <ns3:cad>92</ns3:cad>
          </ns3:TrackPointExtension>
        </extensions>
      </trkpt>
      <trkpt lat="23.174175918102264404296875" lon="113.4312106668949127197265625">
        <ele>24.3999996185302734375</ele>
        <time>2026-07-14T10:51:53.000Z</time>
        <extensions>
          <ns3:TrackPointExtension>
            <ns3:hr>135</ns3:hr>
            <ns3:cad>92</ns3:cad>
          </ns3:TrackPointExtension>
        </extensions>
      </trkpt>
      <trkpt lat="23.1741804443299770355224609375" lon="113.43124193139374256134033203125">
        <ele>24.3999996185302734375</ele>
        <time>2026-07-14T10:51:54.000Z</time>
        <extensions>
          <ns3:TrackPointExtension>
            <ns3:hr>134</ns3:hr>
            <ns3:cad>91</ns3:cad>
          </ns3:TrackPointExtension>
        </extensions>
      </trkpt>
      <trkpt lat="23.17418471910059452056884765625" lon="113.43126892112195491790771484375">
        <ele>24.3999996185302734375</ele>
        <time>2026-07-14T10:51:55.000Z</time>
        <extensions>
          <ns3:TrackPointExtension>
            <ns3:hr>134</ns3:hr>
            <ns3:cad>91</ns3:cad>
          </ns3:TrackPointExtension>
        </extensions>
      </trkpt>
      <trkpt lat="23.1741901673376560211181640625" lon="113.43129674904048442840576171875">
        <ele>24.6000003814697265625</ele>
        <time>2026-07-14T10:51:56.000Z</time>
        <extensions>
          <ns3:TrackPointExtension>
            <ns3:hr>134</ns3:hr>
            <ns3:cad>91</ns3:cad>
          </ns3:TrackPointExtension>
        </extensions>
      </trkpt>
      <trkpt lat="23.1741931848227977752685546875" lon="113.43132457695901393890380859375">
        <ele>24.6000003814697265625</ele>
        <time>2026-07-14T10:51:57.000Z</time>
        <extensions>
          <ns3:TrackPointExtension>
            <ns3:hr>134</ns3:hr>
            <ns3:cad>91</ns3:cad>
          </ns3:TrackPointExtension>
        </extensions>
      </trkpt>
      <trkpt lat="23.17419930361211299896240234375" lon="113.4313546679913997650146484375">
        <ele>24.6000003814697265625</ele>
        <time>2026-07-14T10:51:58.000Z</time>
        <extensions>
          <ns3:TrackPointExtension>
            <ns3:hr>134</ns3:hr>
            <ns3:cad>91</ns3:cad>
          </ns3:TrackPointExtension>
        </extensions>
      </trkpt>
      <trkpt lat="23.1742008961737155914306640625" lon="113.43138224445283412933349609375">
        <ele>24.6000003814697265625</ele>
        <time>2026-07-14T10:51:59.000Z</time>
        <extensions>
          <ns3:TrackPointExtension>
            <ns3:hr>133</ns3:hr>
            <ns3:cad>91</ns3:cad>
          </ns3:TrackPointExtension>
        </extensions>
      </trkpt>
      <trkpt lat="23.174202740192413330078125" lon="113.43141962774097919464111328125">
        <ele>24.6000003814697265625</ele>
        <time>2026-07-14T10:52:00.000Z</time>
        <extensions>
          <ns3:TrackPointExtension>
            <ns3:hr>134</ns3:hr>
            <ns3:cad>92</ns3:cad>
          </ns3:TrackPointExtension>
        </extensions>
      </trkpt>
      <trkpt lat="23.17420567385852336883544921875" lon="113.43144779093563556671142578125">
        <ele>24.3999996185302734375</ele>
        <time>2026-07-14T10:52:01.000Z</time>
        <extensions>
          <ns3:TrackPointExtension>
            <ns3:hr>134</ns3:hr>
            <ns3:cad>91</ns3:cad>
          </ns3:TrackPointExtension>
        </extensions>
      </trkpt>
      <trkpt lat="23.17419863305985927581787109375" lon="113.431485928595066070556640625">
        <ele>24.3999996185302734375</ele>
        <time>2026-07-14T10:52:02.000Z</time>
        <extensions>
          <ns3:TrackPointExtension>
            <ns3:hr>133</ns3:hr>
            <ns3:cad>91</ns3:cad>
          </ns3:TrackPointExtension>
        </extensions>
      </trkpt>
      <trkpt lat="23.17419745959341526031494140625" lon="113.43151048757135868072509765625">
        <ele>24.3999996185302734375</ele>
        <time>2026-07-14T10:52:03.000Z</time>
        <extensions>
          <ns3:TrackPointExtension>
            <ns3:hr>133</ns3:hr>
            <ns3:cad>91</ns3:cad>
          </ns3:TrackPointExtension>
        </extensions>
      </trkpt>
      <trkpt lat="23.1741893291473388671875" lon="113.43154837377369403839111328125">
        <ele>24.6000003814697265625</ele>
        <time>2026-07-14T10:52:04.000Z</time>
        <extensions>
          <ns3:TrackPointExtension>
            <ns3:hr>133</ns3:hr>
            <ns3:cad>91</ns3:cad>
          </ns3:TrackPointExtension>
        </extensions>
      </trkpt>
      <trkpt lat="23.1741891615092754364013671875" lon="113.43157351948320865631103515625">
        <ele>24.6000003814697265625</ele>
        <time>2026-07-14T10:52:05.000Z</time>
        <extensions>
          <ns3:TrackPointExtension>
            <ns3:hr>134</ns3:hr>
            <ns3:cad>93</ns3:cad>
          </ns3:TrackPointExtension>
        </extensions>
      </trkpt>
      <trkpt lat="23.1741821207106113433837890625" lon="113.431607298552989959716796875">
        <ele>24.6000003814697265625</ele>
        <time>2026-07-14T10:52:06.000Z</time>
        <extensions>
          <ns3:TrackPointExtension>
            <ns3:hr>133</ns3:hr>
            <ns3:cad>93</ns3:cad>
          </ns3:TrackPointExtension>
        </extensions>
      </trkpt>
      <trkpt lat="23.17418538965284824371337890625" lon="113.4316326119005680084228515625">
        <ele>24.6000003814697265625</ele>
        <time>2026-07-14T10:52:07.000Z</time>
        <extensions>
          <ns3:TrackPointExtension>
            <ns3:hr>133</ns3:hr>
            <ns3:cad>92</ns3:cad>
          </ns3:TrackPointExtension>
        </extensions>
      </trkpt>
      <trkpt lat="23.174186311662197113037109375" lon="113.43166789971292018890380859375">
        <ele>24.6000003814697265625</ele>
        <time>2026-07-14T10:52:08.000Z</time>
        <extensions>
          <ns3:TrackPointExtension>
            <ns3:hr>134</ns3:hr>
            <ns3:cad>92</ns3:cad>
          </ns3:TrackPointExtension>
        </extensions>
      </trkpt>
      <trkpt lat="23.17418731749057769775390625" lon="113.431701846420764923095703125">
        <ele>24.6000003814697265625</ele>
        <time>2026-07-14T10:52:09.000Z</time>
        <extensions>
          <ns3:TrackPointExtension>
            <ns3:hr>133</ns3:hr>
            <ns3:cad>92</ns3:cad>
          </ns3:TrackPointExtension>
        </extensions>
      </trkpt>
      <trkpt lat="23.174188993871212005615234375" lon="113.431734032928943634033203125">
        <ele>24.799999237060546875</ele>
        <time>2026-07-14T10:52:10.000Z</time>
        <extensions>
          <ns3:TrackPointExtension>
            <ns3:hr>133</ns3:hr>
            <ns3:cad>92</ns3:cad>
          </ns3:TrackPointExtension>
        </extensions>
      </trkpt>
      <trkpt lat="23.17418865859508514404296875" lon="113.43176546506583690643310546875">
        <ele>24.799999237060546875</ele>
        <time>2026-07-14T10:52:11.000Z</time>
        <extensions>
          <ns3:TrackPointExtension>
            <ns3:hr>132</ns3:hr>
            <ns3:cad>92</ns3:cad>
          </ns3:TrackPointExtension>
        </extensions>
      </trkpt>
      <trkpt lat="23.1741868145763874053955078125" lon="113.43179413117468357086181640625">
        <ele>24.799999237060546875</ele>
        <time>2026-07-14T10:52:12.000Z</time>
        <extensions>
          <ns3:TrackPointExtension>
            <ns3:hr>132</ns3:hr>
            <ns3:cad>92</ns3:cad>
          </ns3:TrackPointExtension>
        </extensions>
      </trkpt>
      <trkpt lat="23.1741888262331485748291015625" lon="113.43182849697768688201904296875">
        <ele>24.799999237060546875</ele>
        <time>2026-07-14T10:52:13.000Z</time>
        <extensions>
          <ns3:TrackPointExtension>
            <ns3:hr>132</ns3:hr>
            <ns3:cad>92</ns3:cad>
          </ns3:TrackPointExtension>
        </extensions>
      </trkpt>
      <trkpt lat="23.17419343627989292144775390625" lon="113.431854732334613800048828125">
        <ele>24.6000003814697265625</ele>
        <time>2026-07-14T10:52:14.000Z</time>
        <extensions>
          <ns3:TrackPointExtension>
            <ns3:hr>133</ns3:hr>
            <ns3:cad>92</ns3:cad>
          </ns3:TrackPointExtension>
        </extensions>
      </trkpt>
      <trkpt lat="23.17418907769024372100830078125" lon="113.43189286999404430389404296875">
        <ele>24.6000003814697265625</ele>
        <time>2026-07-14T10:52:15.000Z</time>
        <extensions>
          <ns3:TrackPointExtension>
            <ns3:hr>133</ns3:hr>
            <ns3:cad>92</ns3:cad>
          </ns3:TrackPointExtension>
        </extensions>
      </trkpt>
      <trkpt lat="23.174189664423465728759765625" lon="113.43192279338836669921875">
        <ele>24.3999996185302734375</ele>
        <time>2026-07-14T10:52:16.000Z</time>
        <extensions>
          <ns3:TrackPointExtension>
            <ns3:hr>133</ns3:hr>
            <ns3:cad>93</ns3:cad>
          </ns3:TrackPointExtension>
        </extensions>
      </trkpt>
      <trkpt lat="23.174182288348674774169921875" lon="113.43195606954395771026611328125">
        <ele>24.3999996185302734375</ele>
        <time>2026-07-14T10:52:17.000Z</time>
        <extensions>
          <ns3:TrackPointExtension>
            <ns3:hr>133</ns3:hr>
            <ns3:cad>93</ns3:cad>
          </ns3:TrackPointExtension>
        </extensions>
      </trkpt>
      <trkpt lat="23.17417851649224758148193359375" lon="113.4319885075092315673828125">
        <ele>24.6000003814697265625</ele>
        <time>2026-07-14T10:52:18.000Z</time>
        <extensions>
          <ns3:TrackPointExtension>
            <ns3:hr>133</ns3:hr>
            <ns3:cad>92</ns3:cad>
          </ns3:TrackPointExtension>
        </extensions>
      </trkpt>
      <trkpt lat="23.1741646863520145416259765625" lon="113.4320258907973766326904296875">
        <ele>24.6000003814697265625</ele>
        <time>2026-07-14T10:52:19.000Z</time>
        <extensions>
          <ns3:TrackPointExtension>
            <ns3:hr>133</ns3:hr>
            <ns3:cad>92</ns3:cad>
          </ns3:TrackPointExtension>
        </extensions>
      </trkpt>
      <trkpt lat="23.17415890283882617950439453125" lon="113.43205682002007961273193359375">
        <ele>24.6000003814697265625</ele>
        <time>2026-07-14T10:52:20.000Z</time>
        <extensions>
          <ns3:TrackPointExtension>
            <ns3:hr>133</ns3:hr>
            <ns3:cad>92</ns3:cad>
          </ns3:TrackPointExtension>
        </extensions>
      </trkpt>
      <trkpt lat="23.1741381995379924774169921875" lon="113.4320822171866893768310546875">
        <ele>24.6000003814697265625</ele>
        <time>2026-07-14T10:52:21.000Z</time>
        <extensions>
          <ns3:TrackPointExtension>
            <ns3:hr>133</ns3:hr>
            <ns3:cad>92</ns3:cad>
          </ns3:TrackPointExtension>
        </extensions>
      </trkpt>
      <trkpt lat="23.1741217710077762603759765625" lon="113.4321065247058868408203125">
        <ele>24.6000003814697265625</ele>
        <time>2026-07-14T10:52:22.000Z</time>
        <extensions>
          <ns3:TrackPointExtension>
            <ns3:hr>134</ns3:hr>
            <ns3:cad>93</ns3:cad>
          </ns3:TrackPointExtension>
        </extensions>
      </trkpt>
      <trkpt lat="23.174094446003437042236328125" lon="113.4321174211800098419189453125">
        <ele>24.6000003814697265625</ele>
        <time>2026-07-14T10:52:23.000Z</time>
        <extensions>
          <ns3:TrackPointExtension>
            <ns3:hr>134</ns3:hr>
            <ns3:cad>93</ns3:cad>
          </ns3:TrackPointExtension>
        </extensions>
      </trkpt>
      <trkpt lat="23.17406234331429004669189453125" lon="113.43211666680872440338134765625">
        <ele>24.799999237060546875</ele>
        <time>2026-07-14T10:52:24.000Z</time>
        <extensions>
          <ns3:TrackPointExtension>
            <ns3:hr>134</ns3:hr>
            <ns3:cad>93</ns3:cad>
          </ns3:TrackPointExtension>
        </extensions>
      </trkpt>
      <trkpt lat="23.17403786815702915191650390625" lon="113.4320952929556369781494140625">
        <ele>24.799999237060546875</ele>
        <time>2026-07-14T10:52:25.000Z</time>
        <extensions>
          <ns3:TrackPointExtension>
            <ns3:hr>134</ns3:hr>
            <ns3:cad>92</ns3:cad>
          </ns3:TrackPointExtension>
        </extensions>
      </trkpt>
      <trkpt lat="23.174012638628482818603515625" lon="113.4320724941790103912353515625">
        <ele>24.799999237060546875</ele>
        <time>2026-07-14T10:52:26.000Z</time>
        <extensions>
          <ns3:TrackPointExtension>
            <ns3:hr>133</ns3:hr>
            <ns3:cad>91</ns3:cad>
          </ns3:TrackPointExtension>
        </extensions>
      </trkpt>
      <trkpt lat="23.17399394698441028594970703125" lon="113.43204374425113201141357421875">
        <ele>24.799999237060546875</ele>
        <time>2026-07-14T10:52:27.000Z</time>
        <extensions>
          <ns3:TrackPointExtension>
            <ns3:hr>133</ns3:hr>
            <ns3:cad>91</ns3:cad>
          </ns3:TrackPointExtension>
        </extensions>
      </trkpt>
      <trkpt lat="23.17397014237940311431884765625" lon="113.43202077783644199371337890625">
        <ele>24.799999237060546875</ele>
        <time>2026-07-14T10:52:28.000Z</time>
        <extensions>
          <ns3:TrackPointExtension>
            <ns3:hr>134</ns3:hr>
            <ns3:cad>90</ns3:cad>
          </ns3:TrackPointExtension>
        </extensions>
      </trkpt>
      <trkpt lat="23.17395287565886974334716796875" lon="113.43198825605213642120361328125">
        <ele>24.799999237060546875</ele>
        <time>2026-07-14T10:52:29.000Z</time>
        <extensions>
          <ns3:TrackPointExtension>
            <ns3:hr>134</ns3:hr>
            <ns3:cad>90</ns3:cad>
          </ns3:TrackPointExtension>
        </extensions>
      </trkpt>
      <trkpt lat="23.173936195671558380126953125" lon="113.43196344561874866485595703125">
        <ele>24.799999237060546875</ele>
        <time>2026-07-14T10:52:30.000Z</time>
        <extensions>
          <ns3:TrackPointExtension>
            <ns3:hr>134</ns3:hr>
            <ns3:cad>90</ns3:cad>
          </ns3:TrackPointExtension>
        </extensions>
      </trkpt>
      <trkpt lat="23.1739209406077861785888671875" lon="113.43192790634930133819580078125">
        <ele>24.799999237060546875</ele>
        <time>2026-07-14T10:52:31.000Z</time>
        <extensions>
          <ns3:TrackPointExtension>
            <ns3:hr>134</ns3:hr>
            <ns3:cad>90</ns3:cad>
          </ns3:TrackPointExtension>
        </extensions>
      </trkpt>
      <trkpt lat="23.17390375770628452301025390625" lon="113.43190359883010387420654296875">
        <ele>24.799999237060546875</ele>
        <time>2026-07-14T10:52:32.000Z</time>
        <extensions>
          <ns3:TrackPointExtension>
            <ns3:hr>135</ns3:hr>
            <ns3:cad>91</ns3:cad>
          </ns3:TrackPointExtension>
        </extensions>
      </trkpt>
      <trkpt lat="23.1738889217376708984375" lon="113.43187208287417888641357421875">
        <ele>24.799999237060546875</ele>
        <time>2026-07-14T10:52:33.000Z</time>
        <extensions>
          <ns3:TrackPointExtension>
            <ns3:hr>135</ns3:hr>
            <ns3:cad>90</ns3:cad>
          </ns3:TrackPointExtension>
        </extensions>
      </trkpt>
      <trkpt lat="23.1738753430545330047607421875" lon="113.43184702098369598388671875">
        <ele>24.799999237060546875</ele>
        <time>2026-07-14T10:52:34.000Z</time>
        <extensions>
          <ns3:TrackPointExtension>
            <ns3:hr>135</ns3:hr>
            <ns3:cad>90</ns3:cad>
          </ns3:TrackPointExtension>
        </extensions>
      </trkpt>
      <trkpt lat="23.17386251874268054962158203125" lon="113.43181441538035869598388671875">
        <ele>24.799999237060546875</ele>
        <time>2026-07-14T10:52:35.000Z</time>
        <extensions>
          <ns3:TrackPointExtension>
            <ns3:hr>136</ns3:hr>
            <ns3:cad>90</ns3:cad>
          </ns3:TrackPointExtension>
        </extensions>
      </trkpt>
      <trkpt lat="23.17385346628725528717041015625" lon="113.431789688766002655029296875">
        <ele>24.799999237060546875</ele>
        <time>2026-07-14T10:52:36.000Z</time>
        <extensions>
          <ns3:TrackPointExtension>
            <ns3:hr>137</ns3:hr>
            <ns3:cad>90</ns3:cad>
          </ns3:TrackPointExtension>
        </extensions>
      </trkpt>
      <trkpt lat="23.17384508438408374786376953125" lon="113.43175389803946018218994140625">
        <ele>24.799999237060546875</ele>
        <time>2026-07-14T10:52:37.000Z</time>
        <extensions>
          <ns3:TrackPointExtension>
            <ns3:hr>137</ns3:hr>
            <ns3:cad>90</ns3:cad>
          </ns3:TrackPointExtension>
        </extensions>
      </trkpt>
      <trkpt lat="23.17384173162281513214111328125" lon="113.431723974645137786865234375">
        <ele>24.799999237060546875</ele>
        <time>2026-07-14T10:52:38.000Z</time>
        <extensions>
          <ns3:TrackPointExtension>
            <ns3:hr>137</ns3:hr>
            <ns3:cad>90</ns3:cad>
          </ns3:TrackPointExtension>
        </extensions>
      </trkpt>
      <trkpt lat="23.17383728921413421630859375" lon="113.4316896088421344757080078125">
        <ele>24.799999237060546875</ele>
        <time>2026-07-14T10:52:39.000Z</time>
        <extensions>
          <ns3:TrackPointExtension>
            <ns3:hr>138</ns3:hr>
            <ns3:cad>90</ns3:cad>
          </ns3:TrackPointExtension>
        </extensions>
      </trkpt>
      <trkpt lat="23.17383737303316593170166015625" lon="113.4316621161997318267822265625">
        <ele>24.799999237060546875</ele>
        <time>2026-07-14T10:52:40.000Z</time>
        <extensions>
          <ns3:TrackPointExtension>
            <ns3:hr>137</ns3:hr>
            <ns3:cad>90</ns3:cad>
          </ns3:TrackPointExtension>
        </extensions>
      </trkpt>
      <trkpt lat="23.17383670248091220855712890625" lon="113.43163001351058483123779296875">
        <ele>24.799999237060546875</ele>
        <time>2026-07-14T10:52:41.000Z</time>
        <extensions>
          <ns3:TrackPointExtension>
            <ns3:hr>137</ns3:hr>
            <ns3:cad>90</ns3:cad>
          </ns3:TrackPointExtension>
        </extensions>
      </trkpt>
      <trkpt lat="23.173833601176738739013671875" lon="113.43160201795399188995361328125">
        <ele>24.799999237060546875</ele>
        <time>2026-07-14T10:52:42.000Z</time>
        <extensions>
          <ns3:TrackPointExtension>
            <ns3:hr>137</ns3:hr>
            <ns3:cad>90</ns3:cad>
          </ns3:TrackPointExtension>
        </extensions>
      </trkpt>
      <trkpt lat="23.17383049987256526947021484375" lon="113.43157201074063777923583984375">
        <ele>25</ele>
        <time>2026-07-14T10:52:43.000Z</time>
        <extensions>
          <ns3:TrackPointExtension>
            <ns3:hr>138</ns3:hr>
            <ns3:cad>90</ns3:cad>
          </ns3:TrackPointExtension>
        </extensions>
      </trkpt>
      <trkpt lat="23.1738327629864215850830078125" lon="113.43154066242277622222900390625">
        <ele>25</ele>
        <time>2026-07-14T10:52:44.000Z</time>
        <extensions>
          <ns3:TrackPointExtension>
            <ns3:hr>137</ns3:hr>
            <ns3:cad>90</ns3:cad>
          </ns3:TrackPointExtension>
        </extensions>
      </trkpt>
      <trkpt lat="23.173834942281246185302734375" lon="113.43150998465716838836669921875">
        <ele>25</ele>
        <time>2026-07-14T10:52:45.000Z</time>
        <extensions>
          <ns3:TrackPointExtension>
            <ns3:hr>137</ns3:hr>
            <ns3:cad>90</ns3:cad>
          </ns3:TrackPointExtension>
        </extensions>
      </trkpt>
      <trkpt lat="23.17383703775703907012939453125" lon="113.4314827434718608856201171875">
        <ele>25.200000762939453125</ele>
        <time>2026-07-14T10:52:46.000Z</time>
        <extensions>
          <ns3:TrackPointExtension>
            <ns3:hr>137</ns3:hr>
            <ns3:cad>90</ns3:cad>
          </ns3:TrackPointExtension>
        </extensions>
      </trkpt>
      <trkpt lat="23.17384173162281513214111328125" lon="113.43145282007753849029541015625">
        <ele>25.200000762939453125</ele>
        <time>2026-07-14T10:52:47.000Z</time>
        <extensions>
          <ns3:TrackPointExtension>
            <ns3:hr>137</ns3:hr>
            <ns3:cad>90</ns3:cad>
          </ns3:TrackPointExtension>
        </extensions>
      </trkpt>
      <trkpt lat="23.173839636147022247314453125" lon="113.431422226130962371826171875">
        <ele>25.200000762939453125</ele>
        <time>2026-07-14T10:52:48.000Z</time>
        <extensions>
          <ns3:TrackPointExtension>
            <ns3:hr>137</ns3:hr>
            <ns3:cad>91</ns3:cad>
          </ns3:TrackPointExtension>
        </extensions>
      </trkpt>
      <trkpt lat="23.17383904941380023956298828125" lon="113.431390710175037384033203125">
        <ele>25.200000762939453125</ele>
        <time>2026-07-14T10:52:49.000Z</time>
        <extensions>
          <ns3:TrackPointExtension>
            <ns3:hr>137</ns3:hr>
            <ns3:cad>91</ns3:cad>
          </ns3:TrackPointExtension>
        </extensions>
      </trkpt>
      <trkpt lat="23.17383619956672191619873046875" lon="113.431360535323619842529296875">
        <ele>25.200000762939453125</ele>
        <time>2026-07-14T10:52:50.000Z</time>
        <extensions>
          <ns3:TrackPointExtension>
            <ns3:hr>137</ns3:hr>
            <ns3:cad>91</ns3:cad>
          </ns3:TrackPointExtension>
        </extensions>
      </trkpt>
      <trkpt lat="23.1738317571580410003662109375" lon="113.4313328750431537628173828125">
        <ele>25.200000762939453125</ele>
        <time>2026-07-14T10:52:51.000Z</time>
        <extensions>
          <ns3:TrackPointExtension>
            <ns3:hr>136</ns3:hr>
            <ns3:cad>91</ns3:cad>
          </ns3:TrackPointExtension>
        </extensions>
      </trkpt>
      <trkpt lat="23.17382815293967723846435546875" lon="113.43129758723080158233642578125">
        <ele>25.200000762939453125</ele>
        <time>2026-07-14T10:52:52.000Z</time>
        <extensions>
          <ns3:TrackPointExtension>
            <ns3:hr>137</ns3:hr>
            <ns3:cad>92</ns3:cad>
          </ns3:TrackPointExtension>
        </extensions>
      </trkpt>
      <trkpt lat="23.1738247163593769073486328125" lon="113.4312669932842254638671875">
        <ele>25.200000762939453125</ele>
        <time>2026-07-14T10:52:53.000Z</time>
        <extensions>
          <ns3:TrackPointExtension>
            <ns3:hr>137</ns3:hr>
            <ns3:cad>91</ns3:cad>
          </ns3:TrackPointExtension>
        </extensions>
      </trkpt>
      <trkpt lat="23.17382178269326686859130859375" lon="113.43123338185250759124755859375">
        <ele>25.200000762939453125</ele>
        <time>2026-07-14T10:52:54.000Z</time>
        <extensions>
          <ns3:TrackPointExtension>
            <ns3:hr>136</ns3:hr>
            <ns3:cad>92</ns3:cad>
          </ns3:TrackPointExtension>
        </extensions>
      </trkpt>
      <trkpt lat="23.17382027395069599151611328125" lon="113.43120555393397808074951171875">
        <ele>25.3999996185302734375</ele>
        <time>2026-07-14T10:52:55.000Z</time>
        <extensions>
          <ns3:TrackPointExtension>
            <ns3:hr>136</ns3:hr>
            <ns3:cad>91</ns3:cad>
          </ns3:TrackPointExtension>
        </extensions>
      </trkpt>
      <trkpt lat="23.1738206930458545684814453125" lon="113.431169092655181884765625">
        <ele>25.3999996185302734375</ele>
        <time>2026-07-14T10:52:56.000Z</time>
        <extensions>
          <ns3:TrackPointExtension>
            <ns3:hr>136</ns3:hr>
            <ns3:cad>92</ns3:cad>
          </ns3:TrackPointExtension>
        </extensions>
      </trkpt>
      <trkpt lat="23.17381775937974452972412109375" lon="113.43114000745117664337158203125">
        <ele>25.3999996185302734375</ele>
        <time>2026-07-14T10:52:57.000Z</time>
        <extensions>
          <ns3:TrackPointExtension>
            <ns3:hr>136</ns3:hr>
            <ns3:cad>91</ns3:cad>
          </ns3:TrackPointExtension>
        </extensions>
      </trkpt>
      <trkpt lat="23.17381658591330051422119140625" lon="113.4311020374298095703125">
        <ele>25.200000762939453125</ele>
        <time>2026-07-14T10:52:58.000Z</time>
        <extensions>
          <ns3:TrackPointExtension>
            <ns3:hr>136</ns3:hr>
            <ns3:cad>91</ns3:cad>
          </ns3:TrackPointExtension>
        </extensions>
      </trkpt>
      <trkpt lat="23.1738153286278247833251953125" lon="113.4310773946344852447509765625">
        <ele>25.200000762939453125</ele>
        <time>2026-07-14T10:52:59.000Z</time>
        <extensions>
          <ns3:TrackPointExtension>
            <ns3:hr>136</ns3:hr>
            <ns3:cad>91</ns3:cad>
          </ns3:TrackPointExtension>
        </extensions>
      </trkpt>
      <trkpt lat="23.1738163344562053680419921875" lon="113.4310398437082767486572265625">
        <ele>25</ele>
        <time>2026-07-14T10:53:00.000Z</time>
        <extensions>
          <ns3:TrackPointExtension>
            <ns3:hr>135</ns3:hr>
            <ns3:cad>91</ns3:cad>
          </ns3:TrackPointExtension>
        </extensions>
      </trkpt>
      <trkpt lat="23.17381792701780796051025390625" lon="113.43100908212363719940185546875">
        <ele>25</ele>
        <time>2026-07-14T10:53:01.000Z</time>
        <extensions>
          <ns3:TrackPointExtension>
            <ns3:hr>135</ns3:hr>
            <ns3:cad>91</ns3:cad>
          </ns3:TrackPointExtension>
        </extensions>
      </trkpt>
      <trkpt lat="23.1738294102251529693603515625" lon="113.4309737943112850189208984375">
        <ele>25</ele>
        <time>2026-07-14T10:53:02.000Z</time>
        <extensions>
          <ns3:TrackPointExtension>
            <ns3:hr>135</ns3:hr>
            <ns3:cad>91</ns3:cad>
          </ns3:TrackPointExtension>
        </extensions>
      </trkpt>
      <trkpt lat="23.17383552901446819305419921875" lon="113.4309463016688823699951171875">
        <ele>25</ele>
        <time>2026-07-14T10:53:03.000Z</time>
        <extensions>
          <ns3:TrackPointExtension>
            <ns3:hr>136</ns3:hr>
            <ns3:cad>91</ns3:cad>
          </ns3:TrackPointExtension>
        </extensions>
      </trkpt>
      <trkpt lat="23.1738522090017795562744140625" lon="113.43091989867389202117919921875">
        <ele>24.799999237060546875</ele>
        <time>2026-07-14T10:53:04.000Z</time>
        <extensions>
          <ns3:TrackPointExtension>
            <ns3:hr>136</ns3:hr>
            <ns3:cad>92</ns3:cad>
          </ns3:TrackPointExtension>
        </extensions>
      </trkpt>
      <trkpt lat="23.17386738024652004241943359375" lon="113.43089274130761623382568359375">
        <ele>24.799999237060546875</ele>
        <time>2026-07-14T10:53:05.000Z</time>
        <extensions>
          <ns3:TrackPointExtension>
            <ns3:hr>136</ns3:hr>
            <ns3:cad>92</ns3:cad>
          </ns3:TrackPointExtension>
        </extensions>
      </trkpt>
      <trkpt lat="23.17389738745987415313720703125" lon="113.43088100664317607879638671875">
        <ele>24.799999237060546875</ele>
        <time>2026-07-14T10:53:06.000Z</time>
        <extensions>
          <ns3:TrackPointExtension>
            <ns3:hr>136</ns3:hr>
            <ns3:cad>92</ns3:cad>
          </ns3:TrackPointExtension>
        </extensions>
      </trkpt>
      <trkpt lat="23.173921443521976470947265625" lon="113.4308819286525249481201171875">
        <ele>24.6000003814697265625</ele>
        <time>2026-07-14T10:53:07.000Z</time>
        <extensions>
          <ns3:TrackPointExtension>
            <ns3:hr>136</ns3:hr>
            <ns3:cad>92</ns3:cad>
          </ns3:TrackPointExtension>
        </extensions>
      </trkpt>
      <trkpt lat="23.17394885234534740447998046875" lon="113.43090749345719814300537109375">
        <ele>24.6000003814697265625</ele>
        <time>2026-07-14T10:53:08.000Z</time>
        <extensions>
          <ns3:TrackPointExtension>
            <ns3:hr>136</ns3:hr>
            <ns3:cad>92</ns3:cad>
          </ns3:TrackPointExtension>
        </extensions>
      </trkpt>
      <trkpt lat="23.1739734113216400146484375" lon="113.4309268556535243988037109375">
        <ele>24.6000003814697265625</ele>
        <time>2026-07-14T10:53:09.000Z</time>
        <extensions>
          <ns3:TrackPointExtension>
            <ns3:hr>136</ns3:hr>
            <ns3:cad>90</ns3:cad>
          </ns3:TrackPointExtension>
        </extensions>
      </trkpt>
      <trkpt lat="23.17399763502180576324462890625" lon="113.4309493191540241241455078125">
        <ele>24.3999996185302734375</ele>
        <time>2026-07-14T10:53:10.000Z</time>
        <extensions>
          <ns3:TrackPointExtension>
            <ns3:hr>136</ns3:hr>
            <ns3:cad>90</ns3:cad>
          </ns3:TrackPointExtension>
        </extensions>
      </trkpt>
      <trkpt lat="23.17401909269392490386962890625" lon="113.4309694357216358184814453125">
        <ele>24.3999996185302734375</ele>
        <time>2026-07-14T10:53:11.000Z</time>
        <extensions>
          <ns3:TrackPointExtension>
            <ns3:hr>136</ns3:hr>
            <ns3:cad>90</ns3:cad>
          </ns3:TrackPointExtension>
        </extensions>
      </trkpt>
      <trkpt lat="23.17403979599475860595703125" lon="113.43099432997405529022216796875">
        <ele>24.3999996185302734375</ele>
        <time>2026-07-14T10:53:12.000Z</time>
        <extensions>
          <ns3:TrackPointExtension>
            <ns3:hr>136</ns3:hr>
            <ns3:cad>90</ns3:cad>
          </ns3:TrackPointExtension>
        </extensions>
      </trkpt>
      <trkpt lat="23.17406536079943180084228515625" lon="113.43100874684751033782958984375">
        <ele>24.3999996185302734375</ele>
        <time>2026-07-14T10:53:13.000Z</time>
        <extensions>
          <ns3:TrackPointExtension>
            <ns3:hr>135</ns3:hr>
            <ns3:cad>91</ns3:cad>
          </ns3:TrackPointExtension>
        </extensions>
      </trkpt>
      <trkpt lat="23.1740926019847393035888671875" lon="113.4310255944728851318359375">
        <ele>24.3999996185302734375</ele>
        <time>2026-07-14T10:53:14.000Z</time>
        <extensions>
          <ns3:TrackPointExtension>
            <ns3:hr>135</ns3:hr>
            <ns3:cad>91</ns3:cad>
          </ns3:TrackPointExtension>
        </extensions>
      </trkpt>
      <trkpt lat="23.17412369884550571441650390625" lon="113.431034646928310394287109375">
        <ele>24.3999996185302734375</ele>
        <time>2026-07-14T10:53:15.000Z</time>
        <extensions>
          <ns3:TrackPointExtension>
            <ns3:hr>135</ns3:hr>
            <ns3:cad>92</ns3:cad>
          </ns3:TrackPointExtension>
        </extensions>
      </trkpt>
      <trkpt lat="23.17415303550660610198974609375" lon="113.431031294167041778564453125">
        <ele>24.3999996185302734375</ele>
        <time>2026-07-14T10:53:16.000Z</time>
        <extensions>
          <ns3:TrackPointExtension>
            <ns3:hr>135</ns3:hr>
            <ns3:cad>92</ns3:cad>
          </ns3:TrackPointExtension>
        </extensions>
      </trkpt>
      <trkpt lat="23.17417834885418415069580078125" lon="113.4310143627226352691650390625">
        <ele>24.3999996185302734375</ele>
        <time>2026-07-14T10:53:17.000Z</time>
        <extensions>
          <ns3:TrackPointExtension>
            <ns3:hr>135</ns3:hr>
            <ns3:cad>92</ns3:cad>
          </ns3:TrackPointExtension>
        </extensions>
      </trkpt>
      <trkpt lat="23.17418639548122882843017578125" lon="113.43099064193665981292724609375">
        <ele>24.3999996185302734375</ele>
        <time>2026-07-14T10:53:18.000Z</time>
        <extensions>
          <ns3:TrackPointExtension>
            <ns3:hr>135</ns3:hr>
            <ns3:cad>92</ns3:cad>
          </ns3:TrackPointExtension>
        </extensions>
      </trkpt>
      <trkpt lat="23.17419125698506832122802734375" lon="113.43095493502914905548095703125">
        <ele>24.3999996185302734375</ele>
        <time>2026-07-14T10:53:19.000Z</time>
        <extensions>
          <ns3:TrackPointExtension>
            <ns3:hr>135</ns3:hr>
            <ns3:cad>91</ns3:cad>
          </ns3:TrackPointExtension>
        </extensions>
      </trkpt>
      <trkpt lat="23.17418807186186313629150390625" lon="113.43092878349125385284423828125">
        <ele>24.3999996185302734375</ele>
        <time>2026-07-14T10:53:20.000Z</time>
        <extensions>
          <ns3:TrackPointExtension>
            <ns3:hr>135</ns3:hr>
            <ns3:cad>91</ns3:cad>
          </ns3:TrackPointExtension>
        </extensions>
      </trkpt>
      <trkpt lat="23.17418471910059452056884765625" lon="113.43088804744184017181396484375">
        <ele>24.200000762939453125</ele>
        <time>2026-07-14T10:53:21.000Z</time>
        <extensions>
          <ns3:TrackPointExtension>
            <ns3:hr>135</ns3:hr>
            <ns3:cad>91</ns3:cad>
          </ns3:TrackPointExtension>
        </extensions>
      </trkpt>
      <trkpt lat="23.174181617796421051025390625" lon="113.43085887841880321502685546875">
        <ele>24.200000762939453125</ele>
        <time>2026-07-14T10:53:22.000Z</time>
        <extensions>
          <ns3:TrackPointExtension>
            <ns3:hr>135</ns3:hr>
            <ns3:cad>91</ns3:cad>
          </ns3:TrackPointExtension>
        </extensions>
      </trkpt>
      <trkpt lat="23.174183629453182220458984375" lon="113.43082099221646785736083984375">
        <ele>24.200000762939453125</ele>
        <time>2026-07-14T10:53:23.000Z</time>
        <extensions>
          <ns3:TrackPointExtension>
            <ns3:hr>135</ns3:hr>
            <ns3:cad>91</ns3:cad>
          </ns3:TrackPointExtension>
        </extensions>
      </trkpt>
      <trkpt lat="23.174178600311279296875" lon="113.43079567886888980865478515625">
        <ele>24.200000762939453125</ele>
        <time>2026-07-14T10:53:24.000Z</time>
        <extensions>
          <ns3:TrackPointExtension>
            <ns3:hr>135</ns3:hr>
            <ns3:cad>92</ns3:cad>
          </ns3:TrackPointExtension>
        </extensions>
      </trkpt>
      <trkpt lat="23.1741799414157867431640625" lon="113.43075779266655445098876953125">
        <ele>24.200000762939453125</ele>
        <time>2026-07-14T10:53:25.000Z</time>
        <extensions>
          <ns3:TrackPointExtension>
            <ns3:hr>135</ns3:hr>
            <ns3:cad>91</ns3:cad>
          </ns3:TrackPointExtension>
        </extensions>
      </trkpt>
      <trkpt lat="23.174176253378391265869140625" lon="113.43073113821446895599365234375">
        <ele>24.3999996185302734375</ele>
        <time>2026-07-14T10:53:26.000Z</time>
        <extensions>
          <ns3:TrackPointExtension>
            <ns3:hr>134</ns3:hr>
            <ns3:cad>92</ns3:cad>
          </ns3:TrackPointExtension>
        </extensions>
      </trkpt>
      <trkpt lat="23.17417792975902557373046875" lon="113.4306951798498630523681640625">
        <ele>24.3999996185302734375</ele>
        <time>2026-07-14T10:53:27.000Z</time>
        <extensions>
          <ns3:TrackPointExtension>
            <ns3:hr>134</ns3:hr>
            <ns3:cad>91</ns3:cad>
          </ns3:TrackPointExtension>
        </extensions>
      </trkpt>
      <trkpt lat="23.17417063750326633453369140625" lon="113.4306693635880947113037109375">
        <ele>24.200000762939453125</ele>
        <time>2026-07-14T10:53:28.000Z</time>
        <extensions>
          <ns3:TrackPointExtension>
            <ns3:hr>134</ns3:hr>
            <ns3:cad>91</ns3:cad>
          </ns3:TrackPointExtension>
        </extensions>
      </trkpt>
      <trkpt lat="23.17417348735034465789794921875" lon="113.4306365065276622772216796875">
        <ele>24.3999996185302734375</ele>
        <time>2026-07-14T10:53:29.000Z</time>
        <extensions>
          <ns3:TrackPointExtension>
            <ns3:hr>134</ns3:hr>
            <ns3:cad>91</ns3:cad>
          </ns3:TrackPointExtension>
        </extensions>
      </trkpt>
      <trkpt lat="23.174168877303600311279296875" lon="113.43061043880879878997802734375">
        <ele>24.3999996185302734375</ele>
        <time>2026-07-14T10:53:30.000Z</time>
        <extensions>
          <ns3:TrackPointExtension>
            <ns3:hr>133</ns3:hr>
            <ns3:cad>91</ns3:cad>
          </ns3:TrackPointExtension>
        </extensions>
      </trkpt>
      <trkpt lat="23.174170218408107757568359375" lon="113.43057431280612945556640625">
        <ele>24.200000762939453125</ele>
        <time>2026-07-14T10:53:31.000Z</time>
        <extensions>
          <ns3:TrackPointExtension>
            <ns3:hr>133</ns3:hr>
            <ns3:cad>92</ns3:cad>
          </ns3:TrackPointExtension>
        </extensions>
      </trkpt>
      <trkpt lat="23.17416376434266567230224609375" lon="113.4305446408689022064208984375">
        <ele>24.200000762939453125</ele>
        <time>2026-07-14T10:53:32.000Z</time>
        <extensions>
          <ns3:TrackPointExtension>
            <ns3:hr>133</ns3:hr>
            <ns3:cad>92</ns3:cad>
          </ns3:TrackPointExtension>
        </extensions>
      </trkpt>
      <trkpt lat="23.174169547855854034423828125" lon="113.43050767667591571807861328125">
        <ele>24.200000762939453125</ele>
        <time>2026-07-14T10:53:33.000Z</time>
        <extensions>
          <ns3:TrackPointExtension>
            <ns3:hr>134</ns3:hr>
            <ns3:cad>92</ns3:cad>
          </ns3:TrackPointExtension>
        </extensions>
      </trkpt>
      <trkpt lat="23.1741693802177906036376953125" lon="113.4304779209196567535400390625">
        <ele>24.3999996185302734375</ele>
        <time>2026-07-14T10:53:34.000Z</time>
        <extensions>
          <ns3:TrackPointExtension>
            <ns3:hr>133</ns3:hr>
            <ns3:cad>91</ns3:cad>
          </ns3:TrackPointExtension>
        </extensions>
      </trkpt>
      <trkpt lat="23.17417348735034465789794921875" lon="113.43044145964086055755615234375">
        <ele>24.3999996185302734375</ele>
        <time>2026-07-14T10:53:35.000Z</time>
        <extensions>
          <ns3:TrackPointExtension>
            <ns3:hr>133</ns3:hr>
            <ns3:cad>92</ns3:cad>
          </ns3:TrackPointExtension>
        </extensions>
      </trkpt>
      <trkpt lat="23.17417097277939319610595703125" lon="113.4304125420749187469482421875">
        <ele>24.3999996185302734375</ele>
        <time>2026-07-14T10:53:36.000Z</time>
        <extensions>
          <ns3:TrackPointExtension>
            <ns3:hr>134</ns3:hr>
            <ns3:cad>91</ns3:cad>
          </ns3:TrackPointExtension>
        </extensions>
      </trkpt>
      <trkpt lat="23.17416988313198089599609375" lon="113.43038043938577175140380859375">
        <ele>24.3999996185302734375</ele>
        <time>2026-07-14T10:53:37.000Z</time>
        <extensions>
          <ns3:TrackPointExtension>
            <ns3:hr>133</ns3:hr>
            <ns3:cad>92</ns3:cad>
          </ns3:TrackPointExtension>
        </extensions>
      </trkpt>
      <trkpt lat="23.17416611127555370330810546875" lon="113.43035395257174968719482421875">
        <ele>24.3999996185302734375</ele>
        <time>2026-07-14T10:53:38.000Z</time>
        <extensions>
          <ns3:TrackPointExtension>
            <ns3:hr>133</ns3:hr>
            <ns3:cad>91</ns3:cad>
          </ns3:TrackPointExtension>
        </extensions>
      </trkpt>
      <trkpt lat="23.17416778765618801116943359375" lon="113.43032377772033214569091796875">
        <ele>24.3999996185302734375</ele>
        <time>2026-07-14T10:53:39.000Z</time>
        <extensions>
          <ns3:TrackPointExtension>
            <ns3:hr>133</ns3:hr>
            <ns3:cad>91</ns3:cad>
          </ns3:TrackPointExtension>
        </extensions>
      </trkpt>
      <trkpt lat="23.17416510544717311859130859375" lon="113.43029125593602657318115234375">
        <ele>24.6000003814697265625</ele>
        <time>2026-07-14T10:53:40.000Z</time>
        <extensions>
          <ns3:TrackPointExtension>
            <ns3:hr>132</ns3:hr>
            <ns3:cad>91</ns3:cad>
          </ns3:TrackPointExtension>
        </extensions>
      </trkpt>
      <trkpt lat="23.17416912876069545745849609375" lon="113.43025957234203815460205078125">
        <ele>24.6000003814697265625</ele>
        <time>2026-07-14T10:53:41.000Z</time>
        <extensions>
          <ns3:TrackPointExtension>
            <ns3:hr>132</ns3:hr>
            <ns3:cad>91</ns3:cad>
          </ns3:TrackPointExtension>
        </extensions>
      </trkpt>
      <trkpt lat="23.17416678182780742645263671875" lon="113.430235683917999267578125">
        <ele>24.6000003814697265625</ele>
        <time>2026-07-14T10:53:42.000Z</time>
        <extensions>
          <ns3:TrackPointExtension>
            <ns3:hr>132</ns3:hr>
            <ns3:cad>91</ns3:cad>
          </ns3:TrackPointExtension>
        </extensions>
      </trkpt>
      <trkpt lat="23.1741700507700443267822265625" lon="113.43020006082952022552490234375">
        <ele>24.3999996185302734375</ele>
        <time>2026-07-14T10:53:43.000Z</time>
        <extensions>
          <ns3:TrackPointExtension>
            <ns3:hr>132</ns3:hr>
            <ns3:cad>90</ns3:cad>
          </ns3:TrackPointExtension>
        </extensions>
      </trkpt>
      <trkpt lat="23.17416778765618801116943359375" lon="113.43017290346324443817138671875">
        <ele>24.3999996185302734375</ele>
        <time>2026-07-14T10:53:44.000Z</time>
        <extensions>
          <ns3:TrackPointExtension>
            <ns3:hr>132</ns3:hr>
            <ns3:cad>90</ns3:cad>
          </ns3:TrackPointExtension>
        </extensions>
      </trkpt>
      <trkpt lat="23.17417063750326633453369140625" lon="113.43014490790665149688720703125">
        <ele>24.3999996185302734375</ele>
        <time>2026-07-14T10:53:45.000Z</time>
        <extensions>
          <ns3:TrackPointExtension>
            <ns3:hr>132</ns3:hr>
            <ns3:cad>90</ns3:cad>
          </ns3:TrackPointExtension>
        </extensions>
      </trkpt>
      <trkpt lat="23.17416678182780742645263671875" lon="113.4301154874265193939208984375">
        <ele>24.3999996185302734375</ele>
        <time>2026-07-14T10:53:46.000Z</time>
        <extensions>
          <ns3:TrackPointExtension>
            <ns3:hr>131</ns3:hr>
            <ns3:cad>90</ns3:cad>
          </ns3:TrackPointExtension>
        </extensions>
      </trkpt>
      <trkpt lat="23.17416711710393428802490234375" lon="113.43008757568895816802978515625">
        <ele>24.3999996185302734375</ele>
        <time>2026-07-14T10:53:47.000Z</time>
        <extensions>
          <ns3:TrackPointExtension>
            <ns3:hr>131</ns3:hr>
            <ns3:cad>90</ns3:cad>
          </ns3:TrackPointExtension>
        </extensions>
      </trkpt>
      <trkpt lat="23.17416460253298282623291015625" lon="113.4300504438579082489013671875">
        <ele>24.3999996185302734375</ele>
        <time>2026-07-14T10:53:48.000Z</time>
        <extensions>
          <ns3:TrackPointExtension>
            <ns3:hr>131</ns3:hr>
            <ns3:cad>90</ns3:cad>
          </ns3:TrackPointExtension>
        </extensions>
      </trkpt>
      <trkpt lat="23.17416393198072910308837890625" lon="113.43002445995807647705078125">
        <ele>24.3999996185302734375</ele>
        <time>2026-07-14T10:53:49.000Z</time>
        <extensions>
          <ns3:TrackPointExtension>
            <ns3:hr>131</ns3:hr>
            <ns3:cad>91</ns3:cad>
          </ns3:TrackPointExtension>
        </extensions>
      </trkpt>
      <trkpt lat="23.1741623394191265106201171875" lon="113.42998984269797801971435546875">
        <ele>24.3999996185302734375</ele>
        <time>2026-07-14T10:53:50.000Z</time>
        <extensions>
          <ns3:TrackPointExtension>
            <ns3:hr>130</ns3:hr>
            <ns3:cad>91</ns3:cad>
          </ns3:TrackPointExtension>
        </extensions>
      </trkpt>
      <trkpt lat="23.1741653569042682647705078125" lon="113.42996000312268733978271484375">
        <ele>24.3999996185302734375</ele>
        <time>2026-07-14T10:53:51.000Z</time>
        <extensions>
          <ns3:TrackPointExtension>
            <ns3:hr>130</ns3:hr>
            <ns3:cad>91</ns3:cad>
          </ns3:TrackPointExtension>
        </extensions>
      </trkpt>
      <trkpt lat="23.17417013458907604217529296875" lon="113.42992513440549373626708984375">
        <ele>24.3999996185302734375</ele>
        <time>2026-07-14T10:53:52.000Z</time>
        <extensions>
          <ns3:TrackPointExtension>
            <ns3:hr>130</ns3:hr>
            <ns3:cad>90</ns3:cad>
          </ns3:TrackPointExtension>
        </extensions>
      </trkpt>
      <trkpt lat="23.1741747446358203887939453125" lon="113.42989646829664707183837890625">
        <ele>24.3999996185302734375</ele>
        <time>2026-07-14T10:53:53.000Z</time>
        <extensions>
          <ns3:TrackPointExtension>
            <ns3:hr>131</ns3:hr>
            <ns3:cad>90</ns3:cad>
          </ns3:TrackPointExtension>
        </extensions>
      </trkpt>
      <trkpt lat="23.174175918102264404296875" lon="113.42986478470265865325927734375">
        <ele>24.3999996185302734375</ele>
        <time>2026-07-14T10:53:54.000Z</time>
        <extensions>
          <ns3:TrackPointExtension>
            <ns3:hr>130</ns3:hr>
            <ns3:cad>90</ns3:cad>
          </ns3:TrackPointExtension>
        </extensions>
      </trkpt>
      <trkpt lat="23.17417348735034465789794921875" lon="113.42983963899314403533935546875">
        <ele>24.3999996185302734375</ele>
        <time>2026-07-14T10:53:55.000Z</time>
        <extensions>
          <ns3:TrackPointExtension>
            <ns3:hr>130</ns3:hr>
            <ns3:cad>91</ns3:cad>
          </ns3:TrackPointExtension>
        </extensions>
      </trkpt>
      <trkpt lat="23.174174241721630096435546875" lon="113.42980711720883846282958984375">
        <ele>24.3999996185302734375</ele>
        <time>2026-07-14T10:53:56.000Z</time>
        <extensions>
          <ns3:TrackPointExtension>
            <ns3:hr>131</ns3:hr>
            <ns3:cad>90</ns3:cad>
          </ns3:TrackPointExtension>
        </extensions>
      </trkpt>
      <trkpt lat="23.17417248152196407318115234375" lon="113.42978532426059246063232421875">
        <ele>24.3999996185302734375</ele>
        <time>2026-07-14T10:53:57.000Z</time>
        <extensions>
          <ns3:TrackPointExtension>
            <ns3:hr>130</ns3:hr>
            <ns3:cad>91</ns3:cad>
          </ns3:TrackPointExtension>
        </extensions>
      </trkpt>
      <trkpt lat="23.1741744093596935272216796875" lon="113.4297466836869716644287109375">
        <ele>24.3999996185302734375</ele>
        <time>2026-07-14T10:53:58.000Z</time>
        <extensions>
          <ns3:TrackPointExtension>
            <ns3:hr>130</ns3:hr>
            <ns3:cad>92</ns3:cad>
          </ns3:TrackPointExtension>
        </extensions>
      </trkpt>
      <trkpt lat="23.17416720092296600341796875" lon="113.42972145415842533111572265625">
        <ele>24.3999996185302734375</ele>
        <time>2026-07-14T10:53:59.000Z</time>
        <extensions>
          <ns3:TrackPointExtension>
            <ns3:hr>131</ns3:hr>
            <ns3:cad>92</ns3:cad>
          </ns3:TrackPointExtension>
        </extensions>
      </trkpt>
      <trkpt lat="23.174169547855854034423828125" lon="113.429681472480297088623046875">
        <ele>24.3999996185302734375</ele>
        <time>2026-07-14T10:54:00.000Z</time>
        <extensions>
          <ns3:TrackPointExtension>
            <ns3:hr>130</ns3:hr>
            <ns3:cad>92</ns3:cad>
          </ns3:TrackPointExtension>
        </extensions>
      </trkpt>
      <trkpt lat="23.174166195094585418701171875" lon="113.42965657822787761688232421875">
        <ele>24.3999996185302734375</ele>
        <time>2026-07-14T10:54:01.000Z</time>
        <extensions>
          <ns3:TrackPointExtension>
            <ns3:hr>131</ns3:hr>
            <ns3:cad>91</ns3:cad>
          </ns3:TrackPointExtension>
        </extensions>
      </trkpt>
      <trkpt lat="23.1741703860461711883544921875" lon="113.42961584217846393585205078125">
        <ele>24.3999996185302734375</ele>
        <time>2026-07-14T10:54:02.000Z</time>
        <extensions>
          <ns3:TrackPointExtension>
            <ns3:hr>131</ns3:hr>
            <ns3:cad>91</ns3:cad>
          </ns3:TrackPointExtension>
        </extensions>
      </trkpt>
      <trkpt lat="23.17417399026453495025634765625" lon="113.42958600260317325592041015625">
        <ele>24.3999996185302734375</ele>
        <time>2026-07-14T10:54:03.000Z</time>
        <extensions>
          <ns3:TrackPointExtension>
            <ns3:hr>132</ns3:hr>
            <ns3:cad>93</ns3:cad>
          </ns3:TrackPointExtension>
        </extensions>
      </trkpt>
      <trkpt lat="23.174178935587406158447265625" lon="113.4295503795146942138671875">
        <ele>24.3999996185302734375</ele>
        <time>2026-07-14T10:54:04.000Z</time>
        <extensions>
          <ns3:TrackPointExtension>
            <ns3:hr>132</ns3:hr>
            <ns3:cad>93</ns3:cad>
          </ns3:TrackPointExtension>
        </extensions>
      </trkpt>
      <trkpt lat="23.17417281679809093475341796875" lon="113.42953235842287540435791015625">
        <ele>24.3999996185302734375</ele>
        <time>2026-07-14T10:54:05.000Z</time>
        <extensions>
          <ns3:TrackPointExtension>
            <ns3:hr>132</ns3:hr>
            <ns3:cad>92</ns3:cad>
          </ns3:TrackPointExtension>
        </extensions>
      </trkpt>
      <trkpt lat="23.17415177822113037109375" lon="113.4295220486819744110107421875">
        <ele>24.200000762939453125</ele>
        <time>2026-07-14T10:54:06.000Z</time>
        <extensions>
          <ns3:TrackPointExtension>
            <ns3:hr>133</ns3:hr>
            <ns3:cad>92</ns3:cad>
          </ns3:TrackPointExtension>
        </extensions>
      </trkpt>
      <trkpt lat="23.174132667481899261474609375" lon="113.4295257367193698883056640625">
        <ele>24.3999996185302734375</ele>
        <time>2026-07-14T10:54:07.000Z</time>
        <extensions>
          <ns3:TrackPointExtension>
            <ns3:hr>133</ns3:hr>
            <ns3:cad>92</ns3:cad>
          </ns3:TrackPointExtension>
        </extensions>
      </trkpt>
      <trkpt lat="23.17410743795335292816162109375" lon="113.42952665872871875762939453125">
        <ele>24.3999996185302734375</ele>
        <time>2026-07-14T10:54:08.000Z</time>
        <extensions>
          <ns3:TrackPointExtension>
            <ns3:hr>133</ns3:hr>
            <ns3:cad>90</ns3:cad>
          </ns3:TrackPointExtension>
        </extensions>
      </trkpt>
      <trkpt lat="23.17408279515802860260009765625" lon="113.4295314364135265350341796875">
        <ele>24.3999996185302734375</ele>
        <time>2026-07-14T10:54:09.000Z</time>
        <extensions>
          <ns3:TrackPointExtension>
            <ns3:hr>133</ns3:hr>
            <ns3:cad>90</ns3:cad>
          </ns3:TrackPointExtension>
        </extensions>
      </trkpt>
      <trkpt lat="23.17405052483081817626953125" lon="113.4295324422419071197509765625">
        <ele>24.3999996185302734375</ele>
        <time>2026-07-14T10:54:10.000Z</time>
        <extensions>
          <ns3:TrackPointExtension>
            <ns3:hr>133</ns3:hr>
            <ns3:cad>89</ns3:cad>
          </ns3:TrackPointExtension>
        </extensions>
      </trkpt>
      <trkpt lat="23.17402529530227184295654296875" lon="113.429537974298000335693359375">
        <ele>24.3999996185302734375</ele>
        <time>2026-07-14T10:54:11.000Z</time>
        <extensions>
          <ns3:TrackPointExtension>
            <ns3:hr>133</ns3:hr>
            <ns3:cad>89</ns3:cad>
          </ns3:TrackPointExtension>
        </extensions>
      </trkpt>
      <trkpt lat="23.1739896722137928009033203125" lon="113.42954074032604694366455078125">
        <ele>24.3999996185302734375</ele>
        <time>2026-07-14T10:54:12.000Z</time>
        <extensions>
          <ns3:TrackPointExtension>
            <ns3:hr>134</ns3:hr>
            <ns3:cad>89</ns3:cad>
          </ns3:TrackPointExtension>
        </extensions>
      </trkpt>
      <trkpt lat="23.17396477796137332916259765625" lon="113.4295441769063472747802734375">
        <ele>24.6000003814697265625</ele>
        <time>2026-07-14T10:54:13.000Z</time>
        <extensions>
          <ns3:TrackPointExtension>
            <ns3:hr>133</ns3:hr>
            <ns3:cad>90</ns3:cad>
          </ns3:TrackPointExtension>
        </extensions>
      </trkpt>
      <trkpt lat="23.1739263050258159637451171875" lon="113.42954191379249095916748046875">
        <ele>24.6000003814697265625</ele>
        <time>2026-07-14T10:54:14.000Z</time>
        <extensions>
          <ns3:TrackPointExtension>
            <ns3:hr>133</ns3:hr>
            <ns3:cad>90</ns3:cad>
          </ns3:TrackPointExtension>
        </extensions>
      </trkpt>
      <trkpt lat="23.1738988123834133148193359375" lon="113.42953973449766635894775390625">
        <ele>24.6000003814697265625</ele>
        <time>2026-07-14T10:54:15.000Z</time>
        <extensions>
          <ns3:TrackPointExtension>
            <ns3:hr>134</ns3:hr>
            <ns3:cad>90</ns3:cad>
          </ns3:TrackPointExtension>
        </extensions>
      </trkpt>
      <trkpt lat="23.1738622672855854034423828125" lon="113.429534621536731719970703125">
        <ele>24.6000003814697265625</ele>
        <time>2026-07-14T10:54:16.000Z</time>
        <extensions>
          <ns3:TrackPointExtension>
            <ns3:hr>133</ns3:hr>
            <ns3:cad>90</ns3:cad>
          </ns3:TrackPointExtension>
        </extensions>
      </trkpt>
      <trkpt lat="23.1738364510238170623779296875" lon="113.4295351244509220123291015625">
        <ele>24.6000003814697265625</ele>
        <time>2026-07-14T10:54:17.000Z</time>
        <extensions>
          <ns3:TrackPointExtension>
            <ns3:hr>133</ns3:hr>
            <ns3:cad>90</ns3:cad>
          </ns3:TrackPointExtension>
        </extensions>
      </trkpt>
      <trkpt lat="23.17380183376371860504150390625" lon="113.42953286133706569671630859375">
        <ele>24.6000003814697265625</ele>
        <time>2026-07-14T10:54:18.000Z</time>
        <extensions>
          <ns3:TrackPointExtension>
            <ns3:hr>134</ns3:hr>
            <ns3:cad>90</ns3:cad>
          </ns3:TrackPointExtension>
        </extensions>
      </trkpt>
      <trkpt lat="23.173778615891933441162109375" lon="113.42953235842287540435791015625">
        <ele>24.6000003814697265625</ele>
        <time>2026-07-14T10:54:19.000Z</time>
        <extensions>
          <ns3:TrackPointExtension>
            <ns3:hr>133</ns3:hr>
            <ns3:cad>90</ns3:cad>
          </ns3:TrackPointExtension>
        </extensions>
      </trkpt>
      <trkpt lat="23.17374877631664276123046875" lon="113.4295304305851459503173828125">
        <ele>24.3999996185302734375</ele>
        <time>2026-07-14T10:54:20.000Z</time>
        <extensions>
          <ns3:TrackPointExtension>
            <ns3:hr>133</ns3:hr>
            <ns3:cad>90</ns3:cad>
          </ns3:TrackPointExtension>
        </extensions>
      </trkpt>
      <trkpt lat="23.173726312816143035888671875" lon="113.42953068204224109649658203125">
        <ele>24.3999996185302734375</ele>
        <time>2026-07-14T10:54:21.000Z</time>
        <extensions>
          <ns3:TrackPointExtension>
            <ns3:hr>134</ns3:hr>
            <ns3:cad>91</ns3:cad>
          </ns3:TrackPointExtension>
        </extensions>
      </trkpt>
      <trkpt lat="23.17369504831731319427490234375" lon="113.429529927670955657958984375">
        <ele>24.3999996185302734375</ele>
        <time>2026-07-14T10:54:22.000Z</time>
        <extensions>
          <ns3:TrackPointExtension>
            <ns3:hr>134</ns3:hr>
            <ns3:cad>92</ns3:cad>
          </ns3:TrackPointExtension>
        </extensions>
      </trkpt>
      <trkpt lat="23.173671662807464599609375" lon="113.42952799983322620391845703125">
        <ele>24.3999996185302734375</ele>
        <time>2026-07-14T10:54:23.000Z</time>
        <extensions>
          <ns3:TrackPointExtension>
            <ns3:hr>134</ns3:hr>
            <ns3:cad>92</ns3:cad>
          </ns3:TrackPointExtension>
        </extensions>
      </trkpt>
      <trkpt lat="23.173641152679920196533203125" lon="113.4295264072716236114501953125">
        <ele>24.3999996185302734375</ele>
        <time>2026-07-14T10:54:24.000Z</time>
        <extensions>
          <ns3:TrackPointExtension>
            <ns3:hr>134</ns3:hr>
            <ns3:cad>92</ns3:cad>
          </ns3:TrackPointExtension>
        </extensions>
      </trkpt>
      <trkpt lat="23.173612989485263824462890625" lon="113.42952967621386051177978515625">
        <ele>24.3999996185302734375</ele>
        <time>2026-07-14T10:54:25.000Z</time>
        <extensions>
          <ns3:TrackPointExtension>
            <ns3:hr>134</ns3:hr>
            <ns3:cad>92</ns3:cad>
          </ns3:TrackPointExtension>
        </extensions>
      </trkpt>
      <trkpt lat="23.17358457483351230621337890625" lon="113.42953252606093883514404296875">
        <ele>24.3999996185302734375</ele>
        <time>2026-07-14T10:54:26.000Z</time>
        <extensions>
          <ns3:TrackPointExtension>
            <ns3:hr>134</ns3:hr>
            <ns3:cad>92</ns3:cad>
          </ns3:TrackPointExtension>
        </extensions>
      </trkpt>
      <trkpt lat="23.17355565726757049560546875" lon="113.42954442836344242095947265625">
        <ele>24.3999996185302734375</ele>
        <time>2026-07-14T10:54:27.000Z</time>
        <extensions>
          <ns3:TrackPointExtension>
            <ns3:hr>134</ns3:hr>
            <ns3:cad>92</ns3:cad>
          </ns3:TrackPointExtension>
        </extensions>
      </trkpt>
      <trkpt lat="23.17352539859712123870849609375" lon="113.42954945750534534454345703125">
        <ele>24.3999996185302734375</ele>
        <time>2026-07-14T10:54:28.000Z</time>
        <extensions>
          <ns3:TrackPointExtension>
            <ns3:hr>135</ns3:hr>
            <ns3:cad>91</ns3:cad>
          </ns3:TrackPointExtension>
        </extensions>
      </trkpt>
      <trkpt lat="23.173491619527339935302734375" lon="113.42955750413239002227783203125">
        <ele>24.3999996185302734375</ele>
        <time>2026-07-14T10:54:29.000Z</time>
        <extensions>
          <ns3:TrackPointExtension>
            <ns3:hr>135</ns3:hr>
            <ns3:cad>90</ns3:cad>
          </ns3:TrackPointExtension>
        </extensions>
      </trkpt>
      <trkpt lat="23.17346672527492046356201171875" lon="113.4295612759888172149658203125">
        <ele>24.200000762939453125</ele>
        <time>2026-07-14T10:54:30.000Z</time>
        <extensions>
          <ns3:TrackPointExtension>
            <ns3:hr>135</ns3:hr>
            <ns3:cad>90</ns3:cad>
          </ns3:TrackPointExtension>
        </extensions>
      </trkpt>
      <trkpt lat="23.173435628414154052734375" lon="113.4295656345784664154052734375">
        <ele>24.200000762939453125</ele>
        <time>2026-07-14T10:54:31.000Z</time>
        <extensions>
          <ns3:TrackPointExtension>
            <ns3:hr>135</ns3:hr>
            <ns3:cad>90</ns3:cad>
          </ns3:TrackPointExtension>
        </extensions>
      </trkpt>
      <trkpt lat="23.17340838722884654998779296875" lon="113.42957091517746448516845703125">
        <ele>24.3999996185302734375</ele>
        <time>2026-07-14T10:54:32.000Z</time>
        <extensions>
          <ns3:TrackPointExtension>
            <ns3:hr>134</ns3:hr>
            <ns3:cad>90</ns3:cad>
          </ns3:TrackPointExtension>
        </extensions>
      </trkpt>
      <trkpt lat="23.1733833253383636474609375" lon="113.4295718371868133544921875">
        <ele>24.3999996185302734375</ele>
        <time>2026-07-14T10:54:33.000Z</time>
        <extensions>
          <ns3:TrackPointExtension>
            <ns3:hr>134</ns3:hr>
            <ns3:cad>91</ns3:cad>
          </ns3:TrackPointExtension>
        </extensions>
      </trkpt>
      <trkpt lat="23.1733573414385318756103515625" lon="113.4295733459293842315673828125">
        <ele>24.3999996185302734375</ele>
        <time>2026-07-14T10:54:34.000Z</time>
        <extensions>
          <ns3:TrackPointExtension>
            <ns3:hr>134</ns3:hr>
            <ns3:cad>91</ns3:cad>
          </ns3:TrackPointExtension>
        </extensions>
      </trkpt>
      <trkpt lat="23.17332632839679718017578125" lon="113.42957259155809879302978515625">
        <ele>24.200000762939453125</ele>
        <time>2026-07-14T10:54:35.000Z</time>
        <extensions>
          <ns3:TrackPointExtension>
            <ns3:hr>134</ns3:hr>
            <ns3:cad>92</ns3:cad>
          </ns3:TrackPointExtension>
        </extensions>
      </trkpt>
      <trkpt lat="23.173296488821506500244140625" lon="113.42957359738647937774658203125">
        <ele>24.3999996185302734375</ele>
        <time>2026-07-14T10:54:36.000Z</time>
        <extensions>
          <ns3:TrackPointExtension>
            <ns3:hr>134</ns3:hr>
            <ns3:cad>92</ns3:cad>
          </ns3:TrackPointExtension>
        </extensions>
      </trkpt>
      <trkpt lat="23.1732661463320255279541015625" lon="113.4295709989964962005615234375">
        <ele>24.200000762939453125</ele>
        <time>2026-07-14T10:54:37.000Z</time>
        <extensions>
          <ns3:TrackPointExtension>
            <ns3:hr>134</ns3:hr>
            <ns3:cad>92</ns3:cad>
          </ns3:TrackPointExtension>
        </extensions>
      </trkpt>
      <trkpt lat="23.173244856297969818115234375" lon="113.429577536880970001220703125">
        <ele>24.200000762939453125</ele>
        <time>2026-07-14T10:54:38.000Z</time>
        <extensions>
          <ns3:TrackPointExtension>
            <ns3:hr>133</ns3:hr>
            <ns3:cad>92</ns3:cad>
          </ns3:TrackPointExtension>
        </extensions>
      </trkpt>
      <trkpt lat="23.17320956848561763763427734375" lon="113.42957560904324054718017578125">
        <ele>24.200000762939453125</ele>
        <time>2026-07-14T10:54:39.000Z</time>
        <extensions>
          <ns3:TrackPointExtension>
            <ns3:hr>133</ns3:hr>
            <ns3:cad>92</ns3:cad>
          </ns3:TrackPointExtension>
        </extensions>
      </trkpt>
      <trkpt lat="23.17318308167159557342529296875" lon="113.429574854671955108642578125">
        <ele>24.200000762939453125</ele>
        <time>2026-07-14T10:54:40.000Z</time>
        <extensions>
          <ns3:TrackPointExtension>
            <ns3:hr>133</ns3:hr>
            <ns3:cad>92</ns3:cad>
          </ns3:TrackPointExtension>
        </extensions>
      </trkpt>
      <trkpt lat="23.1731568463146686553955078125" lon="113.42957384884357452392578125">
        <ele>24.200000762939453125</ele>
        <time>2026-07-14T10:54:41.000Z</time>
        <extensions>
          <ns3:TrackPointExtension>
            <ns3:hr>133</ns3:hr>
            <ns3:cad>92</ns3:cad>
          </ns3:TrackPointExtension>
        </extensions>
      </trkpt>
      <trkpt lat="23.173134215176105499267578125" lon="113.4295736812055110931396484375">
        <ele>24.200000762939453125</ele>
        <time>2026-07-14T10:54:42.000Z</time>
        <extensions>
          <ns3:TrackPointExtension>
            <ns3:hr>133</ns3:hr>
            <ns3:cad>92</ns3:cad>
          </ns3:TrackPointExtension>
        </extensions>
      </trkpt>
      <trkpt lat="23.1731035374104976654052734375" lon="113.4295676462352275848388671875">
        <ele>24.200000762939453125</ele>
        <time>2026-07-14T10:54:43.000Z</time>
        <extensions>
          <ns3:TrackPointExtension>
            <ns3:hr>132</ns3:hr>
            <ns3:cad>92</ns3:cad>
          </ns3:TrackPointExtension>
        </extensions>
      </trkpt>
      <trkpt lat="23.17307864315807819366455078125" lon="113.42956756241619586944580078125">
        <ele>24.200000762939453125</ele>
        <time>2026-07-14T10:54:44.000Z</time>
        <extensions>
          <ns3:TrackPointExtension>
            <ns3:hr>132</ns3:hr>
            <ns3:cad>92</ns3:cad>
          </ns3:TrackPointExtension>
        </extensions>
      </trkpt>
      <trkpt lat="23.1730475462973117828369140625" lon="113.42956203036010265350341796875">
        <ele>24.3999996185302734375</ele>
        <time>2026-07-14T10:54:45.000Z</time>
        <extensions>
          <ns3:TrackPointExtension>
            <ns3:hr>132</ns3:hr>
            <ns3:cad>92</ns3:cad>
          </ns3:TrackPointExtension>
        </extensions>
      </trkpt>
      <trkpt lat="23.17301326431334018707275390625" lon="113.429559767246246337890625">
        <ele>24.3999996185302734375</ele>
        <time>2026-07-14T10:54:46.000Z</time>
        <extensions>
          <ns3:TrackPointExtension>
            <ns3:hr>132</ns3:hr>
            <ns3:cad>92</ns3:cad>
          </ns3:TrackPointExtension>
        </extensions>
      </trkpt>
      <trkpt lat="23.1729858554899692535400390625" lon="113.42955800704658031463623046875">
        <ele>24.200000762939453125</ele>
        <time>2026-07-14T10:54:47.000Z</time>
        <extensions>
          <ns3:TrackPointExtension>
            <ns3:hr>131</ns3:hr>
            <ns3:cad>93</ns3:cad>
          </ns3:TrackPointExtension>
        </extensions>
      </trkpt>
      <trkpt lat="23.17295190878212451934814453125" lon="113.4295606054365634918212890625">
        <ele>24.200000762939453125</ele>
        <time>2026-07-14T10:54:48.000Z</time>
        <extensions>
          <ns3:TrackPointExtension>
            <ns3:hr>131</ns3:hr>
            <ns3:cad>93</ns3:cad>
          </ns3:TrackPointExtension>
        </extensions>
      </trkpt>
      <trkpt lat="23.17292424850165843963623046875" lon="113.4295629523694515228271484375">
        <ele>24.200000762939453125</ele>
        <time>2026-07-14T10:54:49.000Z</time>
        <extensions>
          <ns3:TrackPointExtension>
            <ns3:hr>131</ns3:hr>
            <ns3:cad>92</ns3:cad>
          </ns3:TrackPointExtension>
        </extensions>
      </trkpt>
      <trkpt lat="23.17289005033671855926513671875" lon="113.42956446111202239990234375">
        <ele>24</ele>
        <time>2026-07-14T10:54:50.000Z</time>
        <extensions>
          <ns3:TrackPointExtension>
            <ns3:hr>131</ns3:hr>
            <ns3:cad>91</ns3:cad>
          </ns3:TrackPointExtension>
        </extensions>
      </trkpt>
      <trkpt lat="23.17286440171301364898681640625" lon="113.429566808044910430908203125">
        <ele>23.799999237060546875</ele>
        <time>2026-07-14T10:54:51.000Z</time>
        <extensions>
          <ns3:TrackPointExtension>
            <ns3:hr>130</ns3:hr>
            <ns3:cad>92</ns3:cad>
          </ns3:TrackPointExtension>
        </extensions>
      </trkpt>
      <trkpt lat="23.17283305339515209197998046875" lon="113.4295663051307201385498046875">
        <ele>23.799999237060546875</ele>
        <time>2026-07-14T10:54:52.000Z</time>
        <extensions>
          <ns3:TrackPointExtension>
            <ns3:hr>130</ns3:hr>
            <ns3:cad>92</ns3:cad>
          </ns3:TrackPointExtension>
        </extensions>
      </trkpt>
      <trkpt lat="23.1728105060756206512451171875" lon="113.42956722714006900787353515625">
        <ele>23.799999237060546875</ele>
        <time>2026-07-14T10:54:53.000Z</time>
        <extensions>
          <ns3:TrackPointExtension>
            <ns3:hr>130</ns3:hr>
            <ns3:cad>92</ns3:cad>
          </ns3:TrackPointExtension>
        </extensions>
      </trkpt>
      <trkpt lat="23.1727803312242031097412109375" lon="113.429563455283641815185546875">
        <ele>23.799999237060546875</ele>
        <time>2026-07-14T10:54:54.000Z</time>
        <extensions>
          <ns3:TrackPointExtension>
            <ns3:hr>130</ns3:hr>
            <ns3:cad>92</ns3:cad>
          </ns3:TrackPointExtension>
        </extensions>
      </trkpt>
      <trkpt lat="23.17275635898113250732421875" lon="113.4295646287500858306884765625">
        <ele>23.799999237060546875</ele>
        <time>2026-07-14T10:54:55.000Z</time>
        <extensions>
          <ns3:TrackPointExtension>
            <ns3:hr>130</ns3:hr>
            <ns3:cad>92</ns3:cad>
          </ns3:TrackPointExtension>
        </extensions>
      </trkpt>
      <trkpt lat="23.1727213226258754730224609375" lon="113.42956387437880039215087890625">
        <ele>23.799999237060546875</ele>
        <time>2026-07-14T10:54:56.000Z</time>
        <extensions>
          <ns3:TrackPointExtension>
            <ns3:hr>129</ns3:hr>
            <ns3:cad>92</ns3:cad>
          </ns3:TrackPointExtension>
        </extensions>
      </trkpt>
      <trkpt lat="23.172692991793155670166015625" lon="113.4295659698545932769775390625">
        <ele>23.799999237060546875</ele>
        <time>2026-07-14T10:54:57.000Z</time>
        <extensions>
          <ns3:TrackPointExtension>
            <ns3:hr>129</ns3:hr>
            <ns3:cad>92</ns3:cad>
          </ns3:TrackPointExtension>
        </extensions>
      </trkpt>
      <trkpt lat="23.1726606376469135284423828125" lon="113.4295652993023395538330078125">
        <ele>23.799999237060546875</ele>
        <time>2026-07-14T10:54:58.000Z</time>
        <extensions>
          <ns3:TrackPointExtension>
            <ns3:hr>129</ns3:hr>
            <ns3:cad>90</ns3:cad>
          </ns3:TrackPointExtension>
        </extensions>
      </trkpt>
      <trkpt lat="23.17263138480484485626220703125" lon="113.429567813873291015625">
        <ele>23.799999237060546875</ele>
        <time>2026-07-14T10:54:59.000Z</time>
        <extensions>
          <ns3:TrackPointExtension>
            <ns3:hr>129</ns3:hr>
            <ns3:cad>90</ns3:cad>
          </ns3:TrackPointExtension>
        </extensions>
      </trkpt>
      <trkpt lat="23.172601796686649322509765625" lon="113.42956873588263988494873046875">
        <ele>23.6000003814697265625</ele>
        <time>2026-07-14T10:55:00.000Z</time>
        <extensions>
          <ns3:TrackPointExtension>
            <ns3:hr>129</ns3:hr>
            <ns3:cad>92</ns3:cad>
          </ns3:TrackPointExtension>
        </extensions>
      </trkpt>
      <trkpt lat="23.17257304675877094268798828125" lon="113.42956320382654666900634765625">
        <ele>23.6000003814697265625</ele>
        <time>2026-07-14T10:55:01.000Z</time>
        <extensions>
          <ns3:TrackPointExtension>
            <ns3:hr>129</ns3:hr>
            <ns3:cad>93</ns3:cad>
          </ns3:TrackPointExtension>
        </extensions>
      </trkpt>
      <trkpt lat="23.17254320718348026275634765625" lon="113.42956236563622951507568359375">
        <ele>23.6000003814697265625</ele>
        <time>2026-07-14T10:55:02.000Z</time>
        <extensions>
          <ns3:TrackPointExtension>
            <ns3:hr>129</ns3:hr>
            <ns3:cad>93</ns3:cad>
          </ns3:TrackPointExtension>
        </extensions>
      </trkpt>
      <trkpt lat="23.17251068539917469024658203125" lon="113.4295622818171977996826171875">
        <ele>23.6000003814697265625</ele>
        <time>2026-07-14T10:55:03.000Z</time>
        <extensions>
          <ns3:TrackPointExtension>
            <ns3:hr>129</ns3:hr>
            <ns3:cad>93</ns3:cad>
          </ns3:TrackPointExtension>
        </extensions>
      </trkpt>
      <trkpt lat="23.17248403094708919525146484375" lon="113.4295611083507537841796875">
        <ele>23.6000003814697265625</ele>
        <time>2026-07-14T10:55:04.000Z</time>
        <extensions>
          <ns3:TrackPointExtension>
            <ns3:hr>129</ns3:hr>
            <ns3:cad>91</ns3:cad>
          </ns3:TrackPointExtension>
        </extensions>
      </trkpt>
      <trkpt lat="23.17245201207697391510009765625" lon="113.42955566011369228363037109375">
        <ele>23.6000003814697265625</ele>
        <time>2026-07-14T10:55:05.000Z</time>
        <extensions>
          <ns3:TrackPointExtension>
            <ns3:hr>129</ns3:hr>
            <ns3:cad>91</ns3:cad>
          </ns3:TrackPointExtension>
        </extensions>
      </trkpt>
      <trkpt lat="23.1724272854626178741455078125" lon="113.42955465428531169891357421875">
        <ele>23.6000003814697265625</ele>
        <time>2026-07-14T10:55:06.000Z</time>
        <extensions>
          <ns3:TrackPointExtension>
            <ns3:hr>129</ns3:hr>
            <ns3:cad>91</ns3:cad>
          </ns3:TrackPointExtension>
        </extensions>
      </trkpt>
      <trkpt lat="23.172391243278980255126953125" lon="113.42955029569566249847412109375">
        <ele>23.6000003814697265625</ele>
        <time>2026-07-14T10:55:07.000Z</time>
        <extensions>
          <ns3:TrackPointExtension>
            <ns3:hr>129</ns3:hr>
            <ns3:cad>94</ns3:cad>
          </ns3:TrackPointExtension>
        </extensions>
      </trkpt>
      <trkpt lat="23.1723694503307342529296875" lon="113.429548703134059906005859375">
        <ele>23.6000003814697265625</ele>
        <time>2026-07-14T10:55:08.000Z</time>
        <extensions>
          <ns3:TrackPointExtension>
            <ns3:hr>129</ns3:hr>
            <ns3:cad>94</ns3:cad>
          </ns3:TrackPointExtension>
        </extensions>
      </trkpt>
      <trkpt lat="23.1723399460315704345703125" lon="113.42954291962087154388427734375">
        <ele>23.6000003814697265625</ele>
        <time>2026-07-14T10:55:09.000Z</time>
        <extensions>
          <ns3:TrackPointExtension>
            <ns3:hr>129</ns3:hr>
            <ns3:cad>92</ns3:cad>
          </ns3:TrackPointExtension>
        </extensions>
      </trkpt>
      <trkpt lat="23.17231035791337490081787109375" lon="113.4295396506786346435546875">
        <ele>23.6000003814697265625</ele>
        <time>2026-07-14T10:55:10.000Z</time>
        <extensions>
          <ns3:TrackPointExtension>
            <ns3:hr>129</ns3:hr>
            <ns3:cad>92</ns3:cad>
          </ns3:TrackPointExtension>
        </extensions>
      </trkpt>
      <trkpt lat="23.1722800992429256439208984375" lon="113.42953286133706569671630859375">
        <ele>23.6000003814697265625</ele>
        <time>2026-07-14T10:55:11.000Z</time>
        <extensions>
          <ns3:TrackPointExtension>
            <ns3:hr>129</ns3:hr>
            <ns3:cad>92</ns3:cad>
          </ns3:TrackPointExtension>
        </extensions>
      </trkpt>
      <trkpt lat="23.17225017584860324859619140625" lon="113.42953001148998737335205078125">
        <ele>23.6000003814697265625</ele>
        <time>2026-07-14T10:55:12.000Z</time>
        <extensions>
          <ns3:TrackPointExtension>
            <ns3:hr>129</ns3:hr>
            <ns3:cad>93</ns3:cad>
          </ns3:TrackPointExtension>
        </extensions>
      </trkpt>
      <trkpt lat="23.17222670651972293853759765625" lon="113.42952129431068897247314453125">
        <ele>23.6000003814697265625</ele>
        <time>2026-07-14T10:55:13.000Z</time>
        <extensions>
          <ns3:TrackPointExtension>
            <ns3:hr>129</ns3:hr>
            <ns3:cad>93</ns3:cad>
          </ns3:TrackPointExtension>
        </extensions>
      </trkpt>
      <trkpt lat="23.17219418473541736602783203125" lon="113.42951291240751743316650390625">
        <ele>23.6000003814697265625</ele>
        <time>2026-07-14T10:55:14.000Z</time>
        <extensions>
          <ns3:TrackPointExtension>
            <ns3:hr>129</ns3:hr>
            <ns3:cad>93</ns3:cad>
          </ns3:TrackPointExtension>
        </extensions>
      </trkpt>
      <trkpt lat="23.17216803319752216339111328125" lon="113.429505787789821624755859375">
        <ele>23.6000003814697265625</ele>
        <time>2026-07-14T10:55:15.000Z</time>
        <extensions>
          <ns3:TrackPointExtension>
            <ns3:hr>129</ns3:hr>
            <ns3:cad>93</ns3:cad>
          </ns3:TrackPointExtension>
        </extensions>
      </trkpt>
      <trkpt lat="23.17213433794677257537841796875" lon="113.42949346639215946197509765625">
        <ele>23.6000003814697265625</ele>
        <time>2026-07-14T10:55:16.000Z</time>
        <extensions>
          <ns3:TrackPointExtension>
            <ns3:hr>129</ns3:hr>
            <ns3:cad>91</ns3:cad>
          </ns3:TrackPointExtension>
        </extensions>
      </trkpt>
      <trkpt lat="23.17211522720754146575927734375" lon="113.42948290519416332244873046875">
        <ele>23.6000003814697265625</ele>
        <time>2026-07-14T10:55:17.000Z</time>
        <extensions>
          <ns3:TrackPointExtension>
            <ns3:hr>130</ns3:hr>
            <ns3:cad>92</ns3:cad>
          </ns3:TrackPointExtension>
        </extensions>
      </trkpt>
      <trkpt lat="23.17208572290837764739990234375" lon="113.42946664430201053619384765625">
        <ele>23.799999237060546875</ele>
        <time>2026-07-14T10:55:18.000Z</time>
        <extensions>
          <ns3:TrackPointExtension>
            <ns3:hr>130</ns3:hr>
            <ns3:cad>92</ns3:cad>
          </ns3:TrackPointExtension>
        </extensions>
      </trkpt>
      <trkpt lat="23.17206426523625850677490234375" lon="113.42945759184658527374267578125">
        <ele>23.799999237060546875</ele>
        <time>2026-07-14T10:55:19.000Z</time>
        <extensions>
          <ns3:TrackPointExtension>
            <ns3:hr>130</ns3:hr>
            <ns3:cad>93</ns3:cad>
          </ns3:TrackPointExtension>
        </extensions>
      </trkpt>
      <trkpt lat="23.17203358747065067291259765625" lon="113.42944317497313022613525390625">
        <ele>23.799999237060546875</ele>
        <time>2026-07-14T10:55:20.000Z</time>
        <extensions>
          <ns3:TrackPointExtension>
            <ns3:hr>130</ns3:hr>
            <ns3:cad>93</ns3:cad>
          </ns3:TrackPointExtension>
        </extensions>
      </trkpt>
      <trkpt lat="23.17200877703726291656494140625" lon="113.4294315241277217864990234375">
        <ele>24</ele>
        <time>2026-07-14T10:55:21.000Z</time>
        <extensions>
          <ns3:TrackPointExtension>
            <ns3:hr>131</ns3:hr>
            <ns3:cad>93</ns3:cad>
          </ns3:TrackPointExtension>
        </extensions>
      </trkpt>
      <trkpt lat="23.17198455333709716796875" lon="113.4294144250452518463134765625">
        <ele>24</ele>
        <time>2026-07-14T10:55:22.000Z</time>
        <extensions>
          <ns3:TrackPointExtension>
            <ns3:hr>131</ns3:hr>
            <ns3:cad>93</ns3:cad>
          </ns3:TrackPointExtension>
        </extensions>
      </trkpt>
      <trkpt lat="23.1719592399895191192626953125" lon="113.42940327711403369903564453125">
        <ele>24</ele>
        <time>2026-07-14T10:55:23.000Z</time>
        <extensions>
          <ns3:TrackPointExtension>
            <ns3:hr>131</ns3:hr>
            <ns3:cad>93</ns3:cad>
          </ns3:TrackPointExtension>
        </extensions>
      </trkpt>
      <trkpt lat="23.17193535156548023223876953125" lon="113.42938802205026149749755859375">
        <ele>23.799999237060546875</ele>
        <time>2026-07-14T10:55:24.000Z</time>
        <extensions>
          <ns3:TrackPointExtension>
            <ns3:hr>131</ns3:hr>
            <ns3:cad>93</ns3:cad>
          </ns3:TrackPointExtension>
        </extensions>
      </trkpt>
      <trkpt lat="23.1719119660556316375732421875" lon="113.4293751977384090423583984375">
        <ele>24</ele>
        <time>2026-07-14T10:55:25.000Z</time>
        <extensions>
          <ns3:TrackPointExtension>
            <ns3:hr>130</ns3:hr>
            <ns3:cad>93</ns3:cad>
          </ns3:TrackPointExtension>
        </extensions>
      </trkpt>
      <trkpt lat="23.17188673652708530426025390625" lon="113.42936153523623943328857421875">
        <ele>23.799999237060546875</ele>
        <time>2026-07-14T10:55:26.000Z</time>
        <extensions>
          <ns3:TrackPointExtension>
            <ns3:hr>131</ns3:hr>
            <ns3:cad>92</ns3:cad>
          </ns3:TrackPointExtension>
        </extensions>
      </trkpt>
      <trkpt lat="23.17186159081757068634033203125" lon="113.42934275977313518524169921875">
        <ele>23.799999237060546875</ele>
        <time>2026-07-14T10:55:27.000Z</time>
        <extensions>
          <ns3:TrackPointExtension>
            <ns3:hr>132</ns3:hr>
            <ns3:cad>91</ns3:cad>
          </ns3:TrackPointExtension>
        </extensions>
      </trkpt>
      <trkpt lat="23.1718402169644832611083984375" lon="113.42932641506195068359375">
        <ele>23.799999237060546875</ele>
        <time>2026-07-14T10:55:28.000Z</time>
        <extensions>
          <ns3:TrackPointExtension>
            <ns3:hr>132</ns3:hr>
            <ns3:cad>91</ns3:cad>
          </ns3:TrackPointExtension>
        </extensions>
      </trkpt>
      <trkpt lat="23.17181716673076152801513671875" lon="113.42929892241954803466796875">
        <ele>23.799999237060546875</ele>
        <time>2026-07-14T10:55:29.000Z</time>
        <extensions>
          <ns3:TrackPointExtension>
            <ns3:hr>132</ns3:hr>
            <ns3:cad>92</ns3:cad>
          </ns3:TrackPointExtension>
        </extensions>
      </trkpt>
      <trkpt lat="23.17179805599153041839599609375" lon="113.42928090132772922515869140625">
        <ele>23.799999237060546875</ele>
        <time>2026-07-14T10:55:30.000Z</time>
        <extensions>
          <ns3:TrackPointExtension>
            <ns3:hr>132</ns3:hr>
            <ns3:cad>93</ns3:cad>
          </ns3:TrackPointExtension>
        </extensions>
      </trkpt>
      <trkpt lat="23.17177643068134784698486328125" lon="113.42925307340919971466064453125">
        <ele>23.799999237060546875</ele>
        <time>2026-07-14T10:55:31.000Z</time>
        <extensions>
          <ns3:TrackPointExtension>
            <ns3:hr>132</ns3:hr>
            <ns3:cad>93</ns3:cad>
          </ns3:TrackPointExtension>
        </extensions>
      </trkpt>
      <trkpt lat="23.17175530828535556793212890625" lon="113.42923195101320743560791015625">
        <ele>23.799999237060546875</ele>
        <time>2026-07-14T10:55:32.000Z</time>
        <extensions>
          <ns3:TrackPointExtension>
            <ns3:hr>132</ns3:hr>
            <ns3:cad>93</ns3:cad>
          </ns3:TrackPointExtension>
        </extensions>
      </trkpt>
      <trkpt lat="23.17173133604228496551513671875" lon="113.42920227907598018646240234375">
        <ele>23.799999237060546875</ele>
        <time>2026-07-14T10:55:33.000Z</time>
        <extensions>
          <ns3:TrackPointExtension>
            <ns3:hr>132</ns3:hr>
            <ns3:cad>93</ns3:cad>
          </ns3:TrackPointExtension>
        </extensions>
      </trkpt>
      <trkpt lat="23.1717094592750072479248046875" lon="113.4291829168796539306640625">
        <ele>23.6000003814697265625</ele>
        <time>2026-07-14T10:55:34.000Z</time>
        <extensions>
          <ns3:TrackPointExtension>
            <ns3:hr>132</ns3:hr>
            <ns3:cad>93</ns3:cad>
          </ns3:TrackPointExtension>
        </extensions>
      </trkpt>
      <trkpt lat="23.17169177345931529998779296875" lon="113.42916154302656650543212890625">
        <ele>23.6000003814697265625</ele>
        <time>2026-07-14T10:55:35.000Z</time>
        <extensions>
          <ns3:TrackPointExtension>
            <ns3:hr>132</ns3:hr>
            <ns3:cad>93</ns3:cad>
          </ns3:TrackPointExtension>
        </extensions>
      </trkpt>
      <trkpt lat="23.17167400382459163665771484375" lon="113.42914335429668426513671875">
        <ele>23.6000003814697265625</ele>
        <time>2026-07-14T10:55:36.000Z</time>
        <extensions>
          <ns3:TrackPointExtension>
            <ns3:hr>132</ns3:hr>
            <ns3:cad>93</ns3:cad>
          </ns3:TrackPointExtension>
        </extensions>
      </trkpt>
      <trkpt lat="23.17165019921958446502685546875" lon="113.429122902452945709228515625">
        <ele>23.6000003814697265625</ele>
        <time>2026-07-14T10:55:37.000Z</time>
        <extensions>
          <ns3:TrackPointExtension>
            <ns3:hr>132</ns3:hr>
            <ns3:cad>92</ns3:cad>
          </ns3:TrackPointExtension>
        </extensions>
      </trkpt>
      <trkpt lat="23.1716283224523067474365234375" lon="113.42909784056246280670166015625">
        <ele>23.6000003814697265625</ele>
        <time>2026-07-14T10:55:38.000Z</time>
        <extensions>
          <ns3:TrackPointExtension>
            <ns3:hr>132</ns3:hr>
            <ns3:cad>92</ns3:cad>
          </ns3:TrackPointExtension>
        </extensions>
      </trkpt>
      <trkpt lat="23.17160761915147304534912109375" lon="113.429073952138423919677734375">
        <ele>23.3999996185302734375</ele>
        <time>2026-07-14T10:55:39.000Z</time>
        <extensions>
          <ns3:TrackPointExtension>
            <ns3:hr>132</ns3:hr>
            <ns3:cad>92</ns3:cad>
          </ns3:TrackPointExtension>
        </extensions>
      </trkpt>
      <trkpt lat="23.1715880893170833587646484375" lon="113.42904545366764068603515625">
        <ele>23.3999996185302734375</ele>
        <time>2026-07-14T10:55:40.000Z</time>
        <extensions>
          <ns3:TrackPointExtension>
            <ns3:hr>132</ns3:hr>
            <ns3:cad>92</ns3:cad>
          </ns3:TrackPointExtension>
        </extensions>
      </trkpt>
      <trkpt lat="23.171569146215915679931640625" lon="113.42901955358684062957763671875">
        <ele>23.3999996185302734375</ele>
        <time>2026-07-14T10:55:41.000Z</time>
        <extensions>
          <ns3:TrackPointExtension>
            <ns3:hr>131</ns3:hr>
            <ns3:cad>92</ns3:cad>
          </ns3:TrackPointExtension>
        </extensions>
      </trkpt>
      <trkpt lat="23.17155464552342891693115234375" lon="113.4289832599461078643798828125">
        <ele>23.3999996185302734375</ele>
        <time>2026-07-14T10:55:42.000Z</time>
        <extensions>
          <ns3:TrackPointExtension>
            <ns3:hr>131</ns3:hr>
            <ns3:cad>92</ns3:cad>
          </ns3:TrackPointExtension>
        </extensions>
      </trkpt>
      <trkpt lat="23.17153771407902240753173828125" lon="113.42895551584661006927490234375">
        <ele>23.3999996185302734375</ele>
        <time>2026-07-14T10:55:43.000Z</time>
        <extensions>
          <ns3:TrackPointExtension>
            <ns3:hr>131</ns3:hr>
            <ns3:cad>92</ns3:cad>
          </ns3:TrackPointExtension>
        </extensions>
      </trkpt>
      <trkpt lat="23.17152597941458225250244140625" lon="113.42891779728233814239501953125">
        <ele>23.3999996185302734375</ele>
        <time>2026-07-14T10:55:44.000Z</time>
        <extensions>
          <ns3:TrackPointExtension>
            <ns3:hr>131</ns3:hr>
            <ns3:cad>92</ns3:cad>
          </ns3:TrackPointExtension>
        </extensions>
      </trkpt>
      <trkpt lat="23.1715166755020618438720703125" lon="113.428894244134426116943359375">
        <ele>23.200000762939453125</ele>
        <time>2026-07-14T10:55:45.000Z</time>
        <extensions>
          <ns3:TrackPointExtension>
            <ns3:hr>132</ns3:hr>
            <ns3:cad>92</ns3:cad>
          </ns3:TrackPointExtension>
        </extensions>
      </trkpt>
      <trkpt lat="23.17150510847568511962890625" lon="113.4288578666746616363525390625">
        <ele>23.3999996185302734375</ele>
        <time>2026-07-14T10:55:46.000Z</time>
        <extensions>
          <ns3:TrackPointExtension>
            <ns3:hr>132</ns3:hr>
            <ns3:cad>94</ns3:cad>
          </ns3:TrackPointExtension>
        </extensions>
      </trkpt>
      <trkpt lat="23.171491362154483795166015625" lon="113.428835906088352203369140625">
        <ele>23.200000762939453125</ele>
        <time>2026-07-14T10:55:47.000Z</time>
        <extensions>
          <ns3:TrackPointExtension>
            <ns3:hr>132</ns3:hr>
            <ns3:cad>94</ns3:cad>
          </ns3:TrackPointExtension>
        </extensions>
      </trkpt>
      <trkpt lat="23.17147828638553619384765625" lon="113.42880447395145893096923828125">
        <ele>23.200000762939453125</ele>
        <time>2026-07-14T10:55:48.000Z</time>
        <extensions>
          <ns3:TrackPointExtension>
            <ns3:hr>132</ns3:hr>
            <ns3:cad>93</ns3:cad>
          </ns3:TrackPointExtension>
        </extensions>
      </trkpt>
      <trkpt lat="23.1714640371501445770263671875" lon="113.42878435738384723663330078125">
        <ele>23.200000762939453125</ele>
        <time>2026-07-14T10:55:49.000Z</time>
        <extensions>
          <ns3:TrackPointExtension>
            <ns3:hr>132</ns3:hr>
            <ns3:cad>92</ns3:cad>
          </ns3:TrackPointExtension>
        </extensions>
      </trkpt>
      <trkpt lat="23.17144853062927722930908203125" lon="113.4287569485604763031005859375">
        <ele>23.200000762939453125</ele>
        <time>2026-07-14T10:55:50.000Z</time>
        <extensions>
          <ns3:TrackPointExtension>
            <ns3:hr>133</ns3:hr>
            <ns3:cad>92</ns3:cad>
          </ns3:TrackPointExtension>
        </extensions>
      </trkpt>
      <trkpt lat="23.17143025808036327362060546875" lon="113.42873926274478435516357421875">
        <ele>23.200000762939453125</ele>
        <time>2026-07-14T10:55:51.000Z</time>
        <extensions>
          <ns3:TrackPointExtension>
            <ns3:hr>134</ns3:hr>
            <ns3:cad>93</ns3:cad>
          </ns3:TrackPointExtension>
        </extensions>
      </trkpt>
      <trkpt lat="23.171414248645305633544921875" lon="113.42871646396815776824951171875">
        <ele>23.3999996185302734375</ele>
        <time>2026-07-14T10:55:52.000Z</time>
        <extensions>
          <ns3:TrackPointExtension>
            <ns3:hr>134</ns3:hr>
            <ns3:cad>93</ns3:cad>
          </ns3:TrackPointExtension>
        </extensions>
      </trkpt>
      <trkpt lat="23.17139488644897937774658203125" lon="113.4286955930292606353759765625">
        <ele>23.3999996185302734375</ele>
        <time>2026-07-14T10:55:53.000Z</time>
        <extensions>
          <ns3:TrackPointExtension>
            <ns3:hr>134</ns3:hr>
            <ns3:cad>93</ns3:cad>
          </ns3:TrackPointExtension>
        </extensions>
      </trkpt>
      <trkpt lat="23.1713778711855411529541015625" lon="113.42867673374712467193603515625">
        <ele>23.3999996185302734375</ele>
        <time>2026-07-14T10:55:54.000Z</time>
        <extensions>
          <ns3:TrackPointExtension>
            <ns3:hr>135</ns3:hr>
            <ns3:cad>93</ns3:cad>
          </ns3:TrackPointExtension>
        </extensions>
      </trkpt>
      <trkpt lat="23.171357922255992889404296875" lon="113.4286590479314327239990234375">
        <ele>23.3999996185302734375</ele>
        <time>2026-07-14T10:55:55.000Z</time>
        <extensions>
          <ns3:TrackPointExtension>
            <ns3:hr>135</ns3:hr>
            <ns3:cad>93</ns3:cad>
          </ns3:TrackPointExtension>
        </extensions>
      </trkpt>
      <trkpt lat="23.17134149372577667236328125" lon="113.4286382608115673065185546875">
        <ele>23.3999996185302734375</ele>
        <time>2026-07-14T10:55:56.000Z</time>
        <extensions>
          <ns3:TrackPointExtension>
            <ns3:hr>135</ns3:hr>
            <ns3:cad>93</ns3:cad>
          </ns3:TrackPointExtension>
        </extensions>
      </trkpt>
      <trkpt lat="23.17132481373846530914306640625" lon="113.4286117739975452423095703125">
        <ele>23.3999996185302734375</ele>
        <time>2026-07-14T10:55:57.000Z</time>
        <extensions>
          <ns3:TrackPointExtension>
            <ns3:hr>135</ns3:hr>
            <ns3:cad>93</ns3:cad>
          </ns3:TrackPointExtension>
        </extensions>
      </trkpt>
      <trkpt lat="23.17131039686501026153564453125" lon="113.42858855612576007843017578125">
        <ele>23.6000003814697265625</ele>
        <time>2026-07-14T10:55:58.000Z</time>
        <extensions>
          <ns3:TrackPointExtension>
            <ns3:hr>135</ns3:hr>
            <ns3:cad>93</ns3:cad>
          </ns3:TrackPointExtension>
        </extensions>
      </trkpt>
      <trkpt lat="23.17129111848771572113037109375" lon="113.42856223694980144500732421875">
        <ele>23.6000003814697265625</ele>
        <time>2026-07-14T10:55:59.000Z</time>
        <extensions>
          <ns3:TrackPointExtension>
            <ns3:hr>135</ns3:hr>
            <ns3:cad>93</ns3:cad>
          </ns3:TrackPointExtension>
        </extensions>
      </trkpt>
      <trkpt lat="23.1712752766907215118408203125" lon="113.4285396896302700042724609375">
        <ele>23.6000003814697265625</ele>
        <time>2026-07-14T10:56:00.000Z</time>
        <extensions>
          <ns3:TrackPointExtension>
            <ns3:hr>136</ns3:hr>
            <ns3:cad>93</ns3:cad>
          </ns3:TrackPointExtension>
        </extensions>
      </trkpt>
      <trkpt lat="23.17125725559890270233154296875" lon="113.4285021387040615081787109375">
        <ele>23.799999237060546875</ele>
        <time>2026-07-14T10:56:01.000Z</time>
        <extensions>
          <ns3:TrackPointExtension>
            <ns3:hr>135</ns3:hr>
            <ns3:cad>92</ns3:cad>
          </ns3:TrackPointExtension>
        </extensions>
      </trkpt>
      <trkpt lat="23.1712414138019084930419921875" lon="113.4284733049571514129638671875">
        <ele>23.6000003814697265625</ele>
        <time>2026-07-14T10:56:02.000Z</time>
        <extensions>
          <ns3:TrackPointExtension>
            <ns3:hr>135</ns3:hr>
            <ns3:cad>91</ns3:cad>
          </ns3:TrackPointExtension>
        </extensions>
      </trkpt>
      <trkpt lat="23.17122356034815311431884765625" lon="113.42843986116349697113037109375">
        <ele>23.799999237060546875</ele>
        <time>2026-07-14T10:56:03.000Z</time>
        <extensions>
          <ns3:TrackPointExtension>
            <ns3:hr>135</ns3:hr>
            <ns3:cad>91</ns3:cad>
          </ns3:TrackPointExtension>
        </extensions>
      </trkpt>
      <trkpt lat="23.17121132276952266693115234375" lon="113.42841119505465030670166015625">
        <ele>23.799999237060546875</ele>
        <time>2026-07-14T10:56:04.000Z</time>
        <extensions>
          <ns3:TrackPointExtension>
            <ns3:hr>135</ns3:hr>
            <ns3:cad>92</ns3:cad>
          </ns3:TrackPointExtension>
        </extensions>
      </trkpt>
      <trkpt lat="23.171197660267353057861328125" lon="113.42838068492710590362548828125">
        <ele>23.6000003814697265625</ele>
        <time>2026-07-14T10:56:05.000Z</time>
        <extensions>
          <ns3:TrackPointExtension>
            <ns3:hr>135</ns3:hr>
            <ns3:cad>93</ns3:cad>
          </ns3:TrackPointExtension>
        </extensions>
      </trkpt>
      <trkpt lat="23.171187937259674072265625" lon="113.42835352756083011627197265625">
        <ele>23.6000003814697265625</ele>
        <time>2026-07-14T10:56:06.000Z</time>
        <extensions>
          <ns3:TrackPointExtension>
            <ns3:hr>135</ns3:hr>
            <ns3:cad>93</ns3:cad>
          </ns3:TrackPointExtension>
        </extensions>
      </trkpt>
      <trkpt lat="23.1711740233004093170166015625" lon="113.428322933614253997802734375">
        <ele>23.6000003814697265625</ele>
        <time>2026-07-14T10:56:07.000Z</time>
        <extensions>
          <ns3:TrackPointExtension>
            <ns3:hr>135</ns3:hr>
            <ns3:cad>93</ns3:cad>
          </ns3:TrackPointExtension>
        </extensions>
      </trkpt>
      <trkpt lat="23.17116119898855686187744140625" lon="113.428291417658329010009765625">
        <ele>23.6000003814697265625</ele>
        <time>2026-07-14T10:56:08.000Z</time>
        <extensions>
          <ns3:TrackPointExtension>
            <ns3:hr>135</ns3:hr>
            <ns3:cad>93</ns3:cad>
          </ns3:TrackPointExtension>
        </extensions>
      </trkpt>
      <trkpt lat="23.17115114070475101470947265625" lon="113.4282617457211017608642578125">
        <ele>23.6000003814697265625</ele>
        <time>2026-07-14T10:56:09.000Z</time>
        <extensions>
          <ns3:TrackPointExtension>
            <ns3:hr>135</ns3:hr>
            <ns3:cad>93</ns3:cad>
          </ns3:TrackPointExtension>
        </extensions>
      </trkpt>
      <trkpt lat="23.171133287250995635986328125" lon="113.4282292239367961883544921875">
        <ele>23.6000003814697265625</ele>
        <time>2026-07-14T10:56:10.000Z</time>
        <extensions>
          <ns3:TrackPointExtension>
            <ns3:hr>135</ns3:hr>
            <ns3:cad>91</ns3:cad>
          </ns3:TrackPointExtension>
        </extensions>
      </trkpt>
      <trkpt lat="23.1711203791201114654541015625" lon="113.428204916417598724365234375">
        <ele>23.6000003814697265625</ele>
        <time>2026-07-14T10:56:11.000Z</time>
        <extensions>
          <ns3:TrackPointExtension>
            <ns3:hr>134</ns3:hr>
            <ns3:cad>91</ns3:cad>
          </ns3:TrackPointExtension>
        </extensions>
      </trkpt>
      <trkpt lat="23.1711079739034175872802734375" lon="113.4281799383461475372314453125">
        <ele>23.6000003814697265625</ele>
        <time>2026-07-14T10:56:12.000Z</time>
        <extensions>
          <ns3:TrackPointExtension>
            <ns3:hr>134</ns3:hr>
            <ns3:cad>92</ns3:cad>
          </ns3:TrackPointExtension>
        </extensions>
      </trkpt>
      <trkpt lat="23.171099089086055755615234375" lon="113.42815839685499668121337890625">
        <ele>23.6000003814697265625</ele>
        <time>2026-07-14T10:56:13.000Z</time>
        <extensions>
          <ns3:TrackPointExtension>
            <ns3:hr>134</ns3:hr>
            <ns3:cad>92</ns3:cad>
          </ns3:TrackPointExtension>
        </extensions>
      </trkpt>
      <trkpt lat="23.1710878573358058929443359375" lon="113.42813107185065746307373046875">
        <ele>23.6000003814697265625</ele>
        <time>2026-07-14T10:56:14.000Z</time>
        <extensions>
          <ns3:TrackPointExtension>
            <ns3:hr>133</ns3:hr>
            <ns3:cad>92</ns3:cad>
          </ns3:TrackPointExtension>
        </extensions>
      </trkpt>
      <trkpt lat="23.17107721231877803802490234375" lon="113.4281100332736968994140625">
        <ele>23.6000003814697265625</ele>
        <time>2026-07-14T10:56:15.000Z</time>
        <extensions>
          <ns3:TrackPointExtension>
            <ns3:hr>133</ns3:hr>
            <ns3:cad>92</ns3:cad>
          </ns3:TrackPointExtension>
        </extensions>
      </trkpt>
      <trkpt lat="23.17106656730175018310546875" lon="113.428083546459674835205078125">
        <ele>23.6000003814697265625</ele>
        <time>2026-07-14T10:56:16.000Z</time>
        <extensions>
          <ns3:TrackPointExtension>
            <ns3:hr>133</ns3:hr>
            <ns3:cad>93</ns3:cad>
          </ns3:TrackPointExtension>
        </extensions>
      </trkpt>
      <trkpt lat="23.17105357535183429718017578125" lon="113.4280592389404773712158203125">
        <ele>23.6000003814697265625</ele>
        <time>2026-07-14T10:56:17.000Z</time>
        <extensions>
          <ns3:TrackPointExtension>
            <ns3:hr>132</ns3:hr>
            <ns3:cad>93</ns3:cad>
          </ns3:TrackPointExtension>
        </extensions>
      </trkpt>
      <trkpt lat="23.1710337102413177490234375" lon="113.428032584488391876220703125">
        <ele>23.6000003814697265625</ele>
        <time>2026-07-14T10:56:18.000Z</time>
        <extensions>
          <ns3:TrackPointExtension>
            <ns3:hr>132</ns3:hr>
            <ns3:cad>92</ns3:cad>
          </ns3:TrackPointExtension>
        </extensions>
      </trkpt>
      <trkpt lat="23.171014599502086639404296875" lon="113.4280066005885601043701171875">
        <ele>23.3999996185302734375</ele>
        <time>2026-07-14T10:56:19.000Z</time>
        <extensions>
          <ns3:TrackPointExtension>
            <ns3:hr>132</ns3:hr>
            <ns3:cad>92</ns3:cad>
          </ns3:TrackPointExtension>
        </extensions>
      </trkpt>
      <trkpt lat="23.170999176800251007080078125" lon="113.42798036523163318634033203125">
        <ele>23.3999996185302734375</ele>
        <time>2026-07-14T10:56:20.000Z</time>
        <extensions>
          <ns3:TrackPointExtension>
            <ns3:hr>132</ns3:hr>
            <ns3:cad>94</ns3:cad>
          </ns3:TrackPointExtension>
        </extensions>
      </trkpt>
      <trkpt lat="23.1709798984229564666748046875" lon="113.42794901691377162933349609375">
        <ele>23.3999996185302734375</ele>
        <time>2026-07-14T10:56:21.000Z</time>
        <extensions>
          <ns3:TrackPointExtension>
            <ns3:hr>132</ns3:hr>
            <ns3:cad>94</ns3:cad>
          </ns3:TrackPointExtension>
        </extensions>
      </trkpt>
      <trkpt lat="23.17096355371177196502685546875" lon="113.42792269773781299591064453125">
        <ele>23.200000762939453125</ele>
        <time>2026-07-14T10:56:22.000Z</time>
        <extensions>
          <ns3:TrackPointExtension>
            <ns3:hr>132</ns3:hr>
            <ns3:cad>92</ns3:cad>
          </ns3:TrackPointExtension>
        </extensions>
      </trkpt>
      <trkpt lat="23.17094142548739910125732421875" lon="113.42789118178188800811767578125">
        <ele>23.200000762939453125</ele>
        <time>2026-07-14T10:56:23.000Z</time>
        <extensions>
          <ns3:TrackPointExtension>
            <ns3:hr>132</ns3:hr>
            <ns3:cad>92</ns3:cad>
          </ns3:TrackPointExtension>
        </extensions>
      </trkpt>
      <trkpt lat="23.17092265002429485321044921875" lon="113.427869975566864013671875">
        <ele>23.200000762939453125</ele>
        <time>2026-07-14T10:56:24.000Z</time>
        <extensions>
          <ns3:TrackPointExtension>
            <ns3:hr>132</ns3:hr>
            <ns3:cad>93</ns3:cad>
          </ns3:TrackPointExtension>
        </extensions>
      </trkpt>
      <trkpt lat="23.170905970036983489990234375" lon="113.427835442125797271728515625">
        <ele>23</ele>
        <time>2026-07-14T10:56:25.000Z</time>
        <extensions>
          <ns3:TrackPointExtension>
            <ns3:hr>132</ns3:hr>
            <ns3:cad>93</ns3:cad>
          </ns3:TrackPointExtension>
        </extensions>
      </trkpt>
      <trkpt lat="23.17089021205902099609375" lon="113.427812643349170684814453125">
        <ele>23</ele>
        <time>2026-07-14T10:56:26.000Z</time>
        <extensions>
          <ns3:TrackPointExtension>
            <ns3:hr>132</ns3:hr>
            <ns3:cad>92</ns3:cad>
          </ns3:TrackPointExtension>
        </extensions>
      </trkpt>
      <trkpt lat="23.17087017931044101715087890625" lon="113.42778791673481464385986328125">
        <ele>23</ele>
        <time>2026-07-14T10:56:27.000Z</time>
        <extensions>
          <ns3:TrackPointExtension>
            <ns3:hr>132</ns3:hr>
            <ns3:cad>92</ns3:cad>
          </ns3:TrackPointExtension>
        </extensions>
      </trkpt>
      <trkpt lat="23.17085140384733676910400390625" lon="113.4277658723294734954833984375">
        <ele>23</ele>
        <time>2026-07-14T10:56:28.000Z</time>
        <extensions>
          <ns3:TrackPointExtension>
            <ns3:hr>132</ns3:hr>
            <ns3:cad>92</ns3:cad>
          </ns3:TrackPointExtension>
        </extensions>
      </trkpt>
      <trkpt lat="23.17083179019391536712646484375" lon="113.42774600721895694732666015625">
        <ele>23</ele>
        <time>2026-07-14T10:56:29.000Z</time>
        <extensions>
          <ns3:TrackPointExtension>
            <ns3:hr>132</ns3:hr>
            <ns3:cad>92</ns3:cad>
          </ns3:TrackPointExtension>
        </extensions>
      </trkpt>
      <trkpt lat="23.1708129309117794036865234375" lon="113.427728824317455291748046875">
        <ele>23.200000762939453125</ele>
        <time>2026-07-14T10:56:30.000Z</time>
        <extensions>
          <ns3:TrackPointExtension>
            <ns3:hr>132</ns3:hr>
            <ns3:cad>92</ns3:cad>
          </ns3:TrackPointExtension>
        </extensions>
      </trkpt>
      <trkpt lat="23.1707934848964214324951171875" lon="113.42771415598690509796142578125">
        <ele>23.200000762939453125</ele>
        <time>2026-07-14T10:56:31.000Z</time>
        <extensions>
          <ns3:TrackPointExtension>
            <ns3:hr>132</ns3:hr>
            <ns3:cad>94</ns3:cad>
          </ns3:TrackPointExtension>
        </extensions>
      </trkpt>
      <trkpt lat="23.17076624371111392974853515625" lon="113.427701331675052642822265625">
        <ele>23.3999996185302734375</ele>
        <time>2026-07-14T10:56:32.000Z</time>
        <extensions>
          <ns3:TrackPointExtension>
            <ns3:hr>132</ns3:hr>
            <ns3:cad>94</ns3:cad>
          </ns3:TrackPointExtension>
        </extensions>
      </trkpt>
      <trkpt lat="23.1707413494586944580078125" lon="113.42769420705735683441162109375">
        <ele>23.3999996185302734375</ele>
        <time>2026-07-14T10:56:33.000Z</time>
        <extensions>
          <ns3:TrackPointExtension>
            <ns3:hr>131</ns3:hr>
            <ns3:cad>93</ns3:cad>
          </ns3:TrackPointExtension>
        </extensions>
      </trkpt>
      <trkpt lat="23.17070941440761089324951171875" lon="113.42768490314483642578125">
        <ele>23.3999996185302734375</ele>
        <time>2026-07-14T10:56:34.000Z</time>
        <extensions>
          <ns3:TrackPointExtension>
            <ns3:hr>131</ns3:hr>
            <ns3:cad>93</ns3:cad>
          </ns3:TrackPointExtension>
        </extensions>
      </trkpt>
      <trkpt lat="23.17068158648908138275146484375" lon="113.427679203450679779052734375">
        <ele>23.3999996185302734375</ele>
        <time>2026-07-14T10:56:35.000Z</time>
        <extensions>
          <ns3:TrackPointExtension>
            <ns3:hr>131</ns3:hr>
            <ns3:cad>93</ns3:cad>
          </ns3:TrackPointExtension>
        </extensions>
      </trkpt>
      <trkpt lat="23.17064822651445865631103515625" lon="113.427671156823635101318359375">
        <ele>23.3999996185302734375</ele>
        <time>2026-07-14T10:56:36.000Z</time>
        <extensions>
          <ns3:TrackPointExtension>
            <ns3:hr>131</ns3:hr>
            <ns3:cad>93</ns3:cad>
          </ns3:TrackPointExtension>
        </extensions>
      </trkpt>
      <trkpt lat="23.17061997950077056884765625" lon="113.4276693128049373626708984375">
        <ele>23.3999996185302734375</ele>
        <time>2026-07-14T10:56:37.000Z</time>
        <extensions>
          <ns3:TrackPointExtension>
            <ns3:hr>131</ns3:hr>
            <ns3:cad>92</ns3:cad>
          </ns3:TrackPointExtension>
        </extensions>
      </trkpt>
      <trkpt lat="23.1705856136977672576904296875" lon="113.4276605956256389617919921875">
        <ele>23.3999996185302734375</ele>
        <time>2026-07-14T10:56:38.000Z</time>
        <extensions>
          <ns3:TrackPointExtension>
            <ns3:hr>131</ns3:hr>
            <ns3:cad>92</ns3:cad>
          </ns3:TrackPointExtension>
        </extensions>
      </trkpt>
      <trkpt lat="23.17056373693048954010009765625" lon="113.42765833251178264617919921875">
        <ele>23.3999996185302734375</ele>
        <time>2026-07-14T10:56:39.000Z</time>
        <extensions>
          <ns3:TrackPointExtension>
            <ns3:hr>131</ns3:hr>
            <ns3:cad>93</ns3:cad>
          </ns3:TrackPointExtension>
        </extensions>
      </trkpt>
      <trkpt lat="23.170533813536167144775390625" lon="113.4276451729238033294677734375">
        <ele>23.3999996185302734375</ele>
        <time>2026-07-14T10:56:40.000Z</time>
        <extensions>
          <ns3:TrackPointExtension>
            <ns3:hr>131</ns3:hr>
            <ns3:cad>93</ns3:cad>
          </ns3:TrackPointExtension>
        </extensions>
      </trkpt>
      <trkpt lat="23.1705078296363353729248046875" lon="113.42764156870543956756591796875">
        <ele>23.3999996185302734375</ele>
        <time>2026-07-14T10:56:41.000Z</time>
        <extensions>
          <ns3:TrackPointExtension>
            <ns3:hr>132</ns3:hr>
            <ns3:cad>92</ns3:cad>
          </ns3:TrackPointExtension>
        </extensions>
      </trkpt>
      <trkpt lat="23.1704771518707275390625" lon="113.42763620428740978240966796875">
        <ele>23.3999996185302734375</ele>
        <time>2026-07-14T10:56:42.000Z</time>
        <extensions>
          <ns3:TrackPointExtension>
            <ns3:hr>132</ns3:hr>
            <ns3:cad>92</ns3:cad>
          </ns3:TrackPointExtension>
        </extensions>
      </trkpt>
      <trkpt lat="23.17044940777122974395751953125" lon="113.4276344440877437591552734375">
        <ele>23.3999996185302734375</ele>
        <time>2026-07-14T10:56:43.000Z</time>
        <extensions>
          <ns3:TrackPointExtension>
            <ns3:hr>132</ns3:hr>
            <ns3:cad>92</ns3:cad>
          </ns3:TrackPointExtension>
        </extensions>
      </trkpt>
      <trkpt lat="23.17042417824268341064453125" lon="113.42763067223131656646728515625">
        <ele>23.3999996185302734375</ele>
        <time>2026-07-14T10:56:44.000Z</time>
        <extensions>
          <ns3:TrackPointExtension>
            <ns3:hr>132</ns3:hr>
            <ns3:cad>93</ns3:cad>
          </ns3:TrackPointExtension>
        </extensions>
      </trkpt>
      <trkpt lat="23.17039609886705875396728515625" lon="113.42763134278357028961181640625">
        <ele>23.6000003814697265625</ele>
        <time>2026-07-14T10:56:45.000Z</time>
        <extensions>
          <ns3:TrackPointExtension>
            <ns3:hr>132</ns3:hr>
            <ns3:cad>93</ns3:cad>
          </ns3:TrackPointExtension>
        </extensions>
      </trkpt>
      <trkpt lat="23.1703686900436878204345703125" lon="113.427626900374889373779296875">
        <ele>23.6000003814697265625</ele>
        <time>2026-07-14T10:56:46.000Z</time>
        <extensions>
          <ns3:TrackPointExtension>
            <ns3:hr>132</ns3:hr>
            <ns3:cad>93</ns3:cad>
          </ns3:TrackPointExtension>
        </extensions>
      </trkpt>
      <trkpt lat="23.17033876664936542510986328125" lon="113.42761927284300327301025390625">
        <ele>23.6000003814697265625</ele>
        <time>2026-07-14T10:56:47.000Z</time>
        <extensions>
          <ns3:TrackPointExtension>
            <ns3:hr>132</ns3:hr>
            <ns3:cad>92</ns3:cad>
          </ns3:TrackPointExtension>
        </extensions>
      </trkpt>
      <trkpt lat="23.170309849083423614501953125" lon="113.427613489329814910888671875">
        <ele>23.6000003814697265625</ele>
        <time>2026-07-14T10:56:48.000Z</time>
        <extensions>
          <ns3:TrackPointExtension>
            <ns3:hr>132</ns3:hr>
            <ns3:cad>92</ns3:cad>
          </ns3:TrackPointExtension>
        </extensions>
      </trkpt>
      <trkpt lat="23.17027933895587921142578125" lon="113.42761206440627574920654296875">
        <ele>23.3999996185302734375</ele>
        <time>2026-07-14T10:56:49.000Z</time>
        <extensions>
          <ns3:TrackPointExtension>
            <ns3:hr>132</ns3:hr>
            <ns3:cad>92</ns3:cad>
          </ns3:TrackPointExtension>
        </extensions>
      </trkpt>
      <trkpt lat="23.17025251686573028564453125" lon="113.4276136569678783416748046875">
        <ele>23.3999996185302734375</ele>
        <time>2026-07-14T10:56:50.000Z</time>
        <extensions>
          <ns3:TrackPointExtension>
            <ns3:hr>132</ns3:hr>
            <ns3:cad>92</ns3:cad>
          </ns3:TrackPointExtension>
        </extensions>
      </trkpt>
      <trkpt lat="23.17021924071013927459716796875" lon="113.42761239968240261077880859375">
        <ele>23.3999996185302734375</ele>
        <time>2026-07-14T10:56:51.000Z</time>
        <extensions>
          <ns3:TrackPointExtension>
            <ns3:hr>132</ns3:hr>
            <ns3:cad>92</ns3:cad>
          </ns3:TrackPointExtension>
        </extensions>
      </trkpt>
      <trkpt lat="23.1701930053532123565673828125" lon="113.427610807120800018310546875">
        <ele>23.200000762939453125</ele>
        <time>2026-07-14T10:56:52.000Z</time>
        <extensions>
          <ns3:TrackPointExtension>
            <ns3:hr>132</ns3:hr>
            <ns3:cad>92</ns3:cad>
          </ns3:TrackPointExtension>
        </extensions>
      </trkpt>
      <trkpt lat="23.17015805281698703765869140625" lon="113.427604772150516510009765625">
        <ele>23.200000762939453125</ele>
        <time>2026-07-14T10:56:53.000Z</time>
        <extensions>
          <ns3:TrackPointExtension>
            <ns3:hr>132</ns3:hr>
            <ns3:cad>92</ns3:cad>
          </ns3:TrackPointExtension>
        </extensions>
      </trkpt>
      <trkpt lat="23.17013458348810672760009765625" lon="113.4276049397885799407958984375">
        <ele>23.200000762939453125</ele>
        <time>2026-07-14T10:56:54.000Z</time>
        <extensions>
          <ns3:TrackPointExtension>
            <ns3:hr>132</ns3:hr>
            <ns3:cad>93</ns3:cad>
          </ns3:TrackPointExtension>
        </extensions>
      </trkpt>
      <trkpt lat="23.17010323517024517059326171875" lon="113.42760016210377216339111328125">
        <ele>23.200000762939453125</ele>
        <time>2026-07-14T10:56:55.000Z</time>
        <extensions>
          <ns3:TrackPointExtension>
            <ns3:hr>132</ns3:hr>
            <ns3:cad>92</ns3:cad>
          </ns3:TrackPointExtension>
        </extensions>
      </trkpt>
      <trkpt lat="23.1700803525745868682861328125" lon="113.42760217376053333282470703125">
        <ele>23.200000762939453125</ele>
        <time>2026-07-14T10:56:56.000Z</time>
        <extensions>
          <ns3:TrackPointExtension>
            <ns3:hr>132</ns3:hr>
            <ns3:cad>92</ns3:cad>
          </ns3:TrackPointExtension>
        </extensions>
      </trkpt>
      <trkpt lat="23.17004355601966381072998046875" lon="113.42759764753282070159912109375">
        <ele>23</ele>
        <time>2026-07-14T10:56:57.000Z</time>
        <extensions>
          <ns3:TrackPointExtension>
            <ns3:hr>133</ns3:hr>
            <ns3:cad>91</ns3:cad>
          </ns3:TrackPointExtension>
        </extensions>
      </trkpt>
      <trkpt lat="23.17002293653786182403564453125" lon="113.42759865336120128631591796875">
        <ele>23</ele>
        <time>2026-07-14T10:56:58.000Z</time>
        <extensions>
          <ns3:TrackPointExtension>
            <ns3:hr>133</ns3:hr>
            <ns3:cad>91</ns3:cad>
          </ns3:TrackPointExtension>
        </extensions>
      </trkpt>
      <trkpt lat="23.16999125294387340545654296875" lon="113.42759437859058380126953125">
        <ele>23</ele>
        <time>2026-07-14T10:56:59.000Z</time>
        <extensions>
          <ns3:TrackPointExtension>
            <ns3:hr>133</ns3:hr>
            <ns3:cad>93</ns3:cad>
          </ns3:TrackPointExtension>
        </extensions>
      </trkpt>
      <trkpt lat="23.16996409557759761810302734375" lon="113.4275935404002666473388671875">
        <ele>23</ele>
        <time>2026-07-14T10:57:00.000Z</time>
        <extensions>
          <ns3:TrackPointExtension>
            <ns3:hr>134</ns3:hr>
            <ns3:cad>93</ns3:cad>
          </ns3:TrackPointExtension>
        </extensions>
      </trkpt>
      <trkpt lat="23.1699314899742603302001953125" lon="113.42758809216320514678955078125">
        <ele>23</ele>
        <time>2026-07-14T10:57:01.000Z</time>
        <extensions>
          <ns3:TrackPointExtension>
            <ns3:hr>134</ns3:hr>
            <ns3:cad>92</ns3:cad>
          </ns3:TrackPointExtension>
        </extensions>
      </trkpt>
      <trkpt lat="23.16989771090447902679443359375" lon="113.42758574523031711578369140625">
        <ele>23</ele>
        <time>2026-07-14T10:57:02.000Z</time>
        <extensions>
          <ns3:TrackPointExtension>
            <ns3:hr>134</ns3:hr>
            <ns3:cad>92</ns3:cad>
          </ns3:TrackPointExtension>
        </extensions>
      </trkpt>
      <trkpt lat="23.169873654842376708984375" lon="113.42758239246904850006103515625">
        <ele>23</ele>
        <time>2026-07-14T10:57:03.000Z</time>
        <extensions>
          <ns3:TrackPointExtension>
            <ns3:hr>133</ns3:hr>
            <ns3:cad>92</ns3:cad>
          </ns3:TrackPointExtension>
        </extensions>
      </trkpt>
      <trkpt lat="23.16984473727643489837646484375" lon="113.4275791235268115997314453125">
        <ele>23</ele>
        <time>2026-07-14T10:57:04.000Z</time>
        <extensions>
          <ns3:TrackPointExtension>
            <ns3:hr>134</ns3:hr>
            <ns3:cad>91</ns3:cad>
          </ns3:TrackPointExtension>
        </extensions>
      </trkpt>
      <trkpt lat="23.16981757991015911102294921875" lon="113.4275797940790653228759765625">
        <ele>22.799999237060546875</ele>
        <time>2026-07-14T10:57:05.000Z</time>
        <extensions>
          <ns3:TrackPointExtension>
            <ns3:hr>134</ns3:hr>
            <ns3:cad>92</ns3:cad>
          </ns3:TrackPointExtension>
        </extensions>
      </trkpt>
      <trkpt lat="23.16978237591683864593505859375" lon="113.42758373357355594635009765625">
        <ele>22.799999237060546875</ele>
        <time>2026-07-14T10:57:06.000Z</time>
        <extensions>
          <ns3:TrackPointExtension>
            <ns3:hr>134</ns3:hr>
            <ns3:cad>91</ns3:cad>
          </ns3:TrackPointExtension>
        </extensions>
      </trkpt>
      <trkpt lat="23.1697574816644191741943359375" lon="113.4275861643254756927490234375">
        <ele>22.799999237060546875</ele>
        <time>2026-07-14T10:57:07.000Z</time>
        <extensions>
          <ns3:TrackPointExtension>
            <ns3:hr>134</ns3:hr>
            <ns3:cad>92</ns3:cad>
          </ns3:TrackPointExtension>
        </extensions>
      </trkpt>
      <trkpt lat="23.16972621716558933258056640625" lon="113.42758758924901485443115234375">
        <ele>22.799999237060546875</ele>
        <time>2026-07-14T10:57:08.000Z</time>
        <extensions>
          <ns3:TrackPointExtension>
            <ns3:hr>133</ns3:hr>
            <ns3:cad>94</ns3:cad>
          </ns3:TrackPointExtension>
        </extensions>
      </trkpt>
      <trkpt lat="23.16970040090382099151611328125" lon="113.42759144492447376251220703125">
        <ele>22.799999237060546875</ele>
        <time>2026-07-14T10:57:09.000Z</time>
        <extensions>
          <ns3:TrackPointExtension>
            <ns3:hr>134</ns3:hr>
            <ns3:cad>94</ns3:cad>
          </ns3:TrackPointExtension>
        </extensions>
      </trkpt>
      <trkpt lat="23.16966838203370571136474609375" lon="113.42759228311479091644287109375">
        <ele>22.799999237060546875</ele>
        <time>2026-07-14T10:57:10.000Z</time>
        <extensions>
          <ns3:TrackPointExtension>
            <ns3:hr>134</ns3:hr>
            <ns3:cad>93</ns3:cad>
          </ns3:TrackPointExtension>
        </extensions>
      </trkpt>
      <trkpt lat="23.1696458347141742706298828125" lon="113.42759831808507442474365234375">
        <ele>22.799999237060546875</ele>
        <time>2026-07-14T10:57:11.000Z</time>
        <extensions>
          <ns3:TrackPointExtension>
            <ns3:hr>134</ns3:hr>
            <ns3:cad>93</ns3:cad>
          </ns3:TrackPointExtension>
        </extensions>
      </trkpt>
      <trkpt lat="23.16961607895791530609130859375" lon="113.42760586179792881011962890625">
        <ele>23</ele>
        <time>2026-07-14T10:57:12.000Z</time>
        <extensions>
          <ns3:TrackPointExtension>
            <ns3:hr>134</ns3:hr>
            <ns3:cad>93</ns3:cad>
          </ns3:TrackPointExtension>
        </extensions>
      </trkpt>
      <trkpt lat="23.16959294490516185760498046875" lon="113.42761139385402202606201171875">
        <ele>23</ele>
        <time>2026-07-14T10:57:13.000Z</time>
        <extensions>
          <ns3:TrackPointExtension>
            <ns3:hr>133</ns3:hr>
            <ns3:cad>93</ns3:cad>
          </ns3:TrackPointExtension>
        </extensions>
      </trkpt>
      <trkpt lat="23.169566877186298370361328125" lon="113.427614159882068634033203125">
        <ele>23</ele>
        <time>2026-07-14T10:57:14.000Z</time>
        <extensions>
          <ns3:TrackPointExtension>
            <ns3:hr>134</ns3:hr>
            <ns3:cad>92</ns3:cad>
          </ns3:TrackPointExtension>
        </extensions>
      </trkpt>
      <trkpt lat="23.16954282112419605255126953125" lon="113.427617512643337249755859375">
        <ele>23</ele>
        <time>2026-07-14T10:57:15.000Z</time>
        <extensions>
          <ns3:TrackPointExtension>
            <ns3:hr>134</ns3:hr>
            <ns3:cad>92</ns3:cad>
          </ns3:TrackPointExtension>
        </extensions>
      </trkpt>
      <trkpt lat="23.16951348446309566497802734375" lon="113.427619524300098419189453125">
        <ele>23</ele>
        <time>2026-07-14T10:57:16.000Z</time>
        <extensions>
          <ns3:TrackPointExtension>
            <ns3:hr>134</ns3:hr>
            <ns3:cad>93</ns3:cad>
          </ns3:TrackPointExtension>
        </extensions>
      </trkpt>
      <trkpt lat="23.1694795377552509307861328125" lon="113.42762161977589130401611328125">
        <ele>23</ele>
        <time>2026-07-14T10:57:17.000Z</time>
        <extensions>
          <ns3:TrackPointExtension>
            <ns3:hr>134</ns3:hr>
            <ns3:cad>93</ns3:cad>
          </ns3:TrackPointExtension>
        </extensions>
      </trkpt>
      <trkpt lat="23.16944994963705539703369140625" lon="113.4276206977665424346923828125">
        <ele>23</ele>
        <time>2026-07-14T10:57:18.000Z</time>
        <extensions>
          <ns3:TrackPointExtension>
            <ns3:hr>134</ns3:hr>
            <ns3:cad>93</ns3:cad>
          </ns3:TrackPointExtension>
        </extensions>
      </trkpt>
      <trkpt lat="23.1694171763956546783447265625" lon="113.42760980129241943359375">
        <ele>23</ele>
        <time>2026-07-14T10:57:19.000Z</time>
        <extensions>
          <ns3:TrackPointExtension>
            <ns3:hr>135</ns3:hr>
            <ns3:cad>93</ns3:cad>
          </ns3:TrackPointExtension>
        </extensions>
      </trkpt>
      <trkpt lat="23.16939563490450382232666015625" lon="113.42760913074016571044921875">
        <ele>23</ele>
        <time>2026-07-14T10:57:20.000Z</time>
        <extensions>
          <ns3:TrackPointExtension>
            <ns3:hr>135</ns3:hr>
            <ns3:cad>93</ns3:cad>
          </ns3:TrackPointExtension>
        </extensions>
      </trkpt>
      <trkpt lat="23.1693638674914836883544921875" lon="113.4276042692363262176513671875">
        <ele>23</ele>
        <time>2026-07-14T10:57:21.000Z</time>
        <extensions>
          <ns3:TrackPointExtension>
            <ns3:hr>135</ns3:hr>
            <ns3:cad>93</ns3:cad>
          </ns3:TrackPointExtension>
        </extensions>
      </trkpt>
      <trkpt lat="23.1693373806774616241455078125" lon="113.42760334722697734832763671875">
        <ele>23</ele>
        <time>2026-07-14T10:57:22.000Z</time>
        <extensions>
          <ns3:TrackPointExtension>
            <ns3:hr>135</ns3:hr>
            <ns3:cad>91</ns3:cad>
          </ns3:TrackPointExtension>
        </extensions>
      </trkpt>
      <trkpt lat="23.1693065352737903594970703125" lon="113.42759647406637668609619140625">
        <ele>23</ele>
        <time>2026-07-14T10:57:23.000Z</time>
        <extensions>
          <ns3:TrackPointExtension>
            <ns3:hr>135</ns3:hr>
            <ns3:cad>91</ns3:cad>
          </ns3:TrackPointExtension>
        </extensions>
      </trkpt>
      <trkpt lat="23.1692840717732906341552734375" lon="113.427596725523471832275390625">
        <ele>22.799999237060546875</ele>
        <time>2026-07-14T10:57:24.000Z</time>
        <extensions>
          <ns3:TrackPointExtension>
            <ns3:hr>135</ns3:hr>
            <ns3:cad>93</ns3:cad>
          </ns3:TrackPointExtension>
        </extensions>
      </trkpt>
      <trkpt lat="23.16924928687512874603271484375" lon="113.427589349448680877685546875">
        <ele>22.799999237060546875</ele>
        <time>2026-07-14T10:57:25.000Z</time>
        <extensions>
          <ns3:TrackPointExtension>
            <ns3:hr>136</ns3:hr>
            <ns3:cad>93</ns3:cad>
          </ns3:TrackPointExtension>
        </extensions>
      </trkpt>
      <trkpt lat="23.1692233867943286895751953125" lon="113.4275925345718860626220703125">
        <ele>22.799999237060546875</ele>
        <time>2026-07-14T10:57:26.000Z</time>
        <extensions>
          <ns3:TrackPointExtension>
            <ns3:hr>136</ns3:hr>
            <ns3:cad>93</ns3:cad>
          </ns3:TrackPointExtension>
        </extensions>
      </trkpt>
      <trkpt lat="23.16918876953423023223876953125" lon="113.42759060673415660858154296875">
        <ele>22.799999237060546875</ele>
        <time>2026-07-14T10:57:27.000Z</time>
        <extensions>
          <ns3:TrackPointExtension>
            <ns3:hr>136</ns3:hr>
            <ns3:cad>93</ns3:cad>
          </ns3:TrackPointExtension>
        </extensions>
      </trkpt>
      <trkpt lat="23.16916219890117645263671875" lon="113.4275905229151248931884765625">
        <ele>22.799999237060546875</ele>
        <time>2026-07-14T10:57:28.000Z</time>
        <extensions>
          <ns3:TrackPointExtension>
            <ns3:hr>136</ns3:hr>
            <ns3:cad>93</ns3:cad>
          </ns3:TrackPointExtension>
        </extensions>
      </trkpt>
      <trkpt lat="23.16913143731653690338134765625" lon="113.42759169638156890869140625">
        <ele>22.799999237060546875</ele>
        <time>2026-07-14T10:57:29.000Z</time>
        <extensions>
          <ns3:TrackPointExtension>
            <ns3:hr>136</ns3:hr>
            <ns3:cad>92</ns3:cad>
          </ns3:TrackPointExtension>
        </extensions>
      </trkpt>
      <trkpt lat="23.1691078841686248779296875" lon="113.4275955520570278167724609375">
        <ele>22.799999237060546875</ele>
        <time>2026-07-14T10:57:30.000Z</time>
        <extensions>
          <ns3:TrackPointExtension>
            <ns3:hr>137</ns3:hr>
            <ns3:cad>92</ns3:cad>
          </ns3:TrackPointExtension>
        </extensions>
      </trkpt>
      <trkpt lat="23.16907879896461963653564453125" lon="113.42759446240961551666259765625">
        <ele>22.799999237060546875</ele>
        <time>2026-07-14T10:57:31.000Z</time>
        <extensions>
          <ns3:TrackPointExtension>
            <ns3:hr>136</ns3:hr>
            <ns3:cad>92</ns3:cad>
          </ns3:TrackPointExtension>
        </extensions>
      </trkpt>
      <trkpt lat="23.169046528637409210205078125" lon="113.42759496532380580902099609375">
        <ele>22.799999237060546875</ele>
        <time>2026-07-14T10:57:32.000Z</time>
        <extensions>
          <ns3:TrackPointExtension>
            <ns3:hr>136</ns3:hr>
            <ns3:cad>91</ns3:cad>
          </ns3:TrackPointExtension>
        </extensions>
      </trkpt>
      <trkpt lat="23.16901174373924732208251953125" lon="113.42758457176387310028076171875">
        <ele>22.799999237060546875</ele>
        <time>2026-07-14T10:57:33.000Z</time>
        <extensions>
          <ns3:TrackPointExtension>
            <ns3:hr>137</ns3:hr>
            <ns3:cad>91</ns3:cad>
          </ns3:TrackPointExtension>
        </extensions>
      </trkpt>
      <trkpt lat="23.1689829938113689422607421875" lon="113.42758230865001678466796875">
        <ele>22.799999237060546875</ele>
        <time>2026-07-14T10:57:34.000Z</time>
        <extensions>
          <ns3:TrackPointExtension>
            <ns3:hr>136</ns3:hr>
            <ns3:cad>90</ns3:cad>
          </ns3:TrackPointExtension>
        </extensions>
      </trkpt>
      <trkpt lat="23.16895793192088603973388671875" lon="113.4275762736797332763671875">
        <ele>22.799999237060546875</ele>
        <time>2026-07-14T10:57:35.000Z</time>
        <extensions>
          <ns3:TrackPointExtension>
            <ns3:hr>136</ns3:hr>
            <ns3:cad>90</ns3:cad>
          </ns3:TrackPointExtension>
        </extensions>
      </trkpt>
      <trkpt lat="23.16892792470753192901611328125" lon="113.42757401056587696075439453125">
        <ele>22.799999237060546875</ele>
        <time>2026-07-14T10:57:36.000Z</time>
        <extensions>
          <ns3:TrackPointExtension>
            <ns3:hr>137</ns3:hr>
            <ns3:cad>90</ns3:cad>
          </ns3:TrackPointExtension>
        </extensions>
      </trkpt>
      <trkpt lat="23.1689005158841609954833984375" lon="113.42757501639425754547119140625">
        <ele>22.6000003814697265625</ele>
        <time>2026-07-14T10:57:37.000Z</time>
        <extensions>
          <ns3:TrackPointExtension>
            <ns3:hr>136</ns3:hr>
            <ns3:cad>92</ns3:cad>
          </ns3:TrackPointExtension>
        </extensions>
      </trkpt>
      <trkpt lat="23.1688723526895046234130859375" lon="113.4275707416236400604248046875">
        <ele>22.6000003814697265625</ele>
        <time>2026-07-14T10:57:38.000Z</time>
        <extensions>
          <ns3:TrackPointExtension>
            <ns3:hr>136</ns3:hr>
            <ns3:cad>92</ns3:cad>
          </ns3:TrackPointExtension>
        </extensions>
      </trkpt>
      <trkpt lat="23.1688450276851654052734375" lon="113.427575938403606414794921875">
        <ele>22.6000003814697265625</ele>
        <time>2026-07-14T10:57:39.000Z</time>
        <extensions>
          <ns3:TrackPointExtension>
            <ns3:hr>136</ns3:hr>
            <ns3:cad>93</ns3:cad>
          </ns3:TrackPointExtension>
        </extensions>
      </trkpt>
      <trkpt lat="23.16881309263408184051513671875" lon="113.4275789558887481689453125">
        <ele>22.3999996185302734375</ele>
        <time>2026-07-14T10:57:40.000Z</time>
        <extensions>
          <ns3:TrackPointExtension>
            <ns3:hr>135</ns3:hr>
            <ns3:cad>94</ns3:cad>
          </ns3:TrackPointExtension>
        </extensions>
      </trkpt>
      <trkpt lat="23.16878174431622028350830078125" lon="113.4275858290493488311767578125">
        <ele>22.3999996185302734375</ele>
        <time>2026-07-14T10:57:41.000Z</time>
        <extensions>
          <ns3:TrackPointExtension>
            <ns3:hr>135</ns3:hr>
            <ns3:cad>94</ns3:cad>
          </ns3:TrackPointExtension>
        </extensions>
      </trkpt>
      <trkpt lat="23.168746791779994964599609375" lon="113.4275975637137889862060546875">
        <ele>22.200000762939453125</ele>
        <time>2026-07-14T10:57:42.000Z</time>
        <extensions>
          <ns3:TrackPointExtension>
            <ns3:hr>135</ns3:hr>
            <ns3:cad>93</ns3:cad>
          </ns3:TrackPointExtension>
        </extensions>
      </trkpt>
      <trkpt lat="23.1687216460704803466796875" lon="113.42760913074016571044921875">
        <ele>22.200000762939453125</ele>
        <time>2026-07-14T10:57:43.000Z</time>
        <extensions>
          <ns3:TrackPointExtension>
            <ns3:hr>134</ns3:hr>
            <ns3:cad>93</ns3:cad>
          </ns3:TrackPointExtension>
        </extensions>
      </trkpt>
      <trkpt lat="23.16869088448584079742431640625" lon="113.42761642299592494964599609375">
        <ele>22</ele>
        <time>2026-07-14T10:57:44.000Z</time>
        <extensions>
          <ns3:TrackPointExtension>
            <ns3:hr>134</ns3:hr>
            <ns3:cad>93</ns3:cad>
          </ns3:TrackPointExtension>
        </extensions>
      </trkpt>
      <trkpt lat="23.16865886561572551727294921875" lon="113.4276324324309825897216796875">
        <ele>22</ele>
        <time>2026-07-14T10:57:45.000Z</time>
        <extensions>
          <ns3:TrackPointExtension>
            <ns3:hr>134</ns3:hr>
            <ns3:cad>92</ns3:cad>
          </ns3:TrackPointExtension>
        </extensions>
      </trkpt>
      <trkpt lat="23.16862441599369049072265625" lon="113.427642323076725006103515625">
        <ele>22.200000762939453125</ele>
        <time>2026-07-14T10:57:46.000Z</time>
        <extensions>
          <ns3:TrackPointExtension>
            <ns3:hr>133</ns3:hr>
            <ns3:cad>91</ns3:cad>
          </ns3:TrackPointExtension>
        </extensions>
      </trkpt>
      <trkpt lat="23.16859851591289043426513671875" lon="113.42765447683632373809814453125">
        <ele>22.200000762939453125</ele>
        <time>2026-07-14T10:57:47.000Z</time>
        <extensions>
          <ns3:TrackPointExtension>
            <ns3:hr>133</ns3:hr>
            <ns3:cad>91</ns3:cad>
          </ns3:TrackPointExtension>
        </extensions>
      </trkpt>
      <trkpt lat="23.168581165373325347900390625" lon="113.427666127681732177734375">
        <ele>22.200000762939453125</ele>
        <time>2026-07-14T10:57:48.000Z</time>
        <extensions>
          <ns3:TrackPointExtension>
            <ns3:hr>133</ns3:hr>
            <ns3:cad>93</ns3:cad>
          </ns3:TrackPointExtension>
        </extensions>
      </trkpt>
      <trkpt lat="23.16855727694928646087646484375" lon="113.427686579525470733642578125">
        <ele>22.200000762939453125</ele>
        <time>2026-07-14T10:57:49.000Z</time>
        <extensions>
          <ns3:TrackPointExtension>
            <ns3:hr>133</ns3:hr>
            <ns3:cad>93</ns3:cad>
          </ns3:TrackPointExtension>
        </extensions>
      </trkpt>
      <trkpt lat="23.16854001022875308990478515625" lon="113.4276988171041011810302734375">
        <ele>22.200000762939453125</ele>
        <time>2026-07-14T10:57:50.000Z</time>
        <extensions>
          <ns3:TrackPointExtension>
            <ns3:hr>133</ns3:hr>
            <ns3:cad>93</ns3:cad>
          </ns3:TrackPointExtension>
        </extensions>
      </trkpt>
      <trkpt lat="23.16850866191089153289794921875" lon="113.42771566472947597503662109375">
        <ele>22.200000762939453125</ele>
        <time>2026-07-14T10:57:51.000Z</time>
        <extensions>
          <ns3:TrackPointExtension>
            <ns3:hr>132</ns3:hr>
            <ns3:cad>93</ns3:cad>
          </ns3:TrackPointExtension>
        </extensions>
      </trkpt>
      <trkpt lat="23.16848804242908954620361328125" lon="113.42773460783064365386962890625">
        <ele>22.200000762939453125</ele>
        <time>2026-07-14T10:57:52.000Z</time>
        <extensions>
          <ns3:TrackPointExtension>
            <ns3:hr>132</ns3:hr>
            <ns3:cad>93</ns3:cad>
          </ns3:TrackPointExtension>
        </extensions>
      </trkpt>
      <trkpt lat="23.16845451481640338897705078125" lon="113.427752964198589324951171875">
        <ele>22.3999996185302734375</ele>
        <time>2026-07-14T10:57:53.000Z</time>
        <extensions>
          <ns3:TrackPointExtension>
            <ns3:hr>132</ns3:hr>
            <ns3:cad>93</ns3:cad>
          </ns3:TrackPointExtension>
        </extensions>
      </trkpt>
      <trkpt lat="23.16843129694461822509765625" lon="113.42777266167104244232177734375">
        <ele>22.3999996185302734375</ele>
        <time>2026-07-14T10:57:54.000Z</time>
        <extensions>
          <ns3:TrackPointExtension>
            <ns3:hr>132</ns3:hr>
            <ns3:cad>93</ns3:cad>
          </ns3:TrackPointExtension>
        </extensions>
      </trkpt>
      <trkpt lat="23.16840103827416896820068359375" lon="113.4277988970279693603515625">
        <ele>22.3999996185302734375</ele>
        <time>2026-07-14T10:57:55.000Z</time>
        <extensions>
          <ns3:TrackPointExtension>
            <ns3:hr>133</ns3:hr>
            <ns3:cad>92</ns3:cad>
          </ns3:TrackPointExtension>
        </extensions>
      </trkpt>
      <trkpt lat="23.1683808378875255584716796875" lon="113.42782261781394481658935546875">
        <ele>22.6000003814697265625</ele>
        <time>2026-07-14T10:57:56.000Z</time>
        <extensions>
          <ns3:TrackPointExtension>
            <ns3:hr>133</ns3:hr>
            <ns3:cad>91</ns3:cad>
          </ns3:TrackPointExtension>
        </extensions>
      </trkpt>
      <trkpt lat="23.16834789700806140899658203125" lon="113.42784608714282512664794921875">
        <ele>22.6000003814697265625</ele>
        <time>2026-07-14T10:57:57.000Z</time>
        <extensions>
          <ns3:TrackPointExtension>
            <ns3:hr>133</ns3:hr>
            <ns3:cad>91</ns3:cad>
          </ns3:TrackPointExtension>
        </extensions>
      </trkpt>
      <trkpt lat="23.16832995973527431488037109375" lon="113.42786754481494426727294921875">
        <ele>22.6000003814697265625</ele>
        <time>2026-07-14T10:57:58.000Z</time>
        <extensions>
          <ns3:TrackPointExtension>
            <ns3:hr>134</ns3:hr>
            <ns3:cad>92</ns3:cad>
          </ns3:TrackPointExtension>
        </extensions>
      </trkpt>
      <trkpt lat="23.1683017127215862274169921875" lon="113.42789151705801486968994140625">
        <ele>22.799999237060546875</ele>
        <time>2026-07-14T10:57:59.000Z</time>
        <extensions>
          <ns3:TrackPointExtension>
            <ns3:hr>134</ns3:hr>
            <ns3:cad>92</ns3:cad>
          </ns3:TrackPointExtension>
        </extensions>
      </trkpt>
      <trkpt lat="23.16828805021941661834716796875" lon="113.4279130585491657257080078125">
        <ele>22.799999237060546875</ele>
        <time>2026-07-14T10:58:00.000Z</time>
        <extensions>
          <ns3:TrackPointExtension>
            <ns3:hr>134</ns3:hr>
            <ns3:cad>92</ns3:cad>
          </ns3:TrackPointExtension>
        </extensions>
      </trkpt>
      <trkpt lat="23.1682683527469635009765625" lon="113.42793510295450687408447265625">
        <ele>22.799999237060546875</ele>
        <time>2026-07-14T10:58:01.000Z</time>
        <extensions>
          <ns3:TrackPointExtension>
            <ns3:hr>135</ns3:hr>
            <ns3:cad>92</ns3:cad>
          </ns3:TrackPointExtension>
        </extensions>
      </trkpt>
      <trkpt lat="23.16825821064412593841552734375" lon="113.42795538716018199920654296875">
        <ele>23</ele>
        <time>2026-07-14T10:58:02.000Z</time>
        <extensions>
          <ns3:TrackPointExtension>
            <ns3:hr>135</ns3:hr>
            <ns3:cad>92</ns3:cad>
          </ns3:TrackPointExtension>
        </extensions>
      </trkpt>
      <trkpt lat="23.1682370044291019439697265625" lon="113.42798187397420406341552734375">
        <ele>23</ele>
        <time>2026-07-14T10:58:03.000Z</time>
        <extensions>
          <ns3:TrackPointExtension>
            <ns3:hr>135</ns3:hr>
            <ns3:cad>92</ns3:cad>
          </ns3:TrackPointExtension>
        </extensions>
      </trkpt>
      <trkpt lat="23.1682266108691692352294921875" lon="113.42799947597086429595947265625">
        <ele>23</ele>
        <time>2026-07-14T10:58:04.000Z</time>
        <extensions>
          <ns3:TrackPointExtension>
            <ns3:hr>136</ns3:hr>
            <ns3:cad>92</ns3:cad>
          </ns3:TrackPointExtension>
        </extensions>
      </trkpt>
      <trkpt lat="23.1682105176150798797607421875" lon="113.4280236996710300445556640625">
        <ele>23</ele>
        <time>2026-07-14T10:58:05.000Z</time>
        <extensions>
          <ns3:TrackPointExtension>
            <ns3:hr>137</ns3:hr>
            <ns3:cad>92</ns3:cad>
          </ns3:TrackPointExtension>
        </extensions>
      </trkpt>
      <trkpt lat="23.16819735802710056304931640625" lon="113.428045995533466339111328125">
        <ele>23</ele>
        <time>2026-07-14T10:58:06.000Z</time>
        <extensions>
          <ns3:TrackPointExtension>
            <ns3:hr>137</ns3:hr>
            <ns3:cad>92</ns3:cad>
          </ns3:TrackPointExtension>
        </extensions>
      </trkpt>
      <trkpt lat="23.16817556507885456085205078125" lon="113.4280713088810443878173828125">
        <ele>23</ele>
        <time>2026-07-14T10:58:07.000Z</time>
        <extensions>
          <ns3:TrackPointExtension>
            <ns3:hr>137</ns3:hr>
            <ns3:cad>91</ns3:cad>
          </ns3:TrackPointExtension>
        </extensions>
      </trkpt>
      <trkpt lat="23.16815494559705257415771484375" lon="113.4280880726873874664306640625">
        <ele>23</ele>
        <time>2026-07-14T10:58:08.000Z</time>
        <extensions>
          <ns3:TrackPointExtension>
            <ns3:hr>138</ns3:hr>
            <ns3:cad>91</ns3:cad>
          </ns3:TrackPointExtension>
        </extensions>
      </trkpt>
      <trkpt lat="23.1681280396878719329833984375" lon="113.42809737659990787506103515625">
        <ele>23</ele>
        <time>2026-07-14T10:58:09.000Z</time>
        <extensions>
          <ns3:TrackPointExtension>
            <ns3:hr>138</ns3:hr>
            <ns3:cad>90</ns3:cad>
          </ns3:TrackPointExtension>
        </extensions>
      </trkpt>
      <trkpt lat="23.16810398362576961517333984375" lon="113.42810575850307941436767578125">
        <ele>23.200000762939453125</ele>
        <time>2026-07-14T10:58:10.000Z</time>
        <extensions>
          <ns3:TrackPointExtension>
            <ns3:hr>138</ns3:hr>
            <ns3:cad>90</ns3:cad>
          </ns3:TrackPointExtension>
        </extensions>
      </trkpt>
      <trkpt lat="23.16807766444981098175048828125" lon="113.42810265719890594482421875">
        <ele>23.200000762939453125</ele>
        <time>2026-07-14T10:58:11.000Z</time>
        <extensions>
          <ns3:TrackPointExtension>
            <ns3:hr>138</ns3:hr>
            <ns3:cad>90</ns3:cad>
          </ns3:TrackPointExtension>
        </extensions>
      </trkpt>
      <trkpt lat="23.1680549494922161102294921875" lon="113.42808388173580169677734375">
        <ele>23.200000762939453125</ele>
        <time>2026-07-14T10:58:12.000Z</time>
        <extensions>
          <ns3:TrackPointExtension>
            <ns3:hr>139</ns3:hr>
            <ns3:cad>90</ns3:cad>
          </ns3:TrackPointExtension>
        </extensions>
      </trkpt>
      <trkpt lat="23.16804832778871059417724609375" lon="113.4280521981418132781982421875">
        <ele>23.200000762939453125</ele>
        <time>2026-07-14T10:58:13.000Z</time>
        <extensions>
          <ns3:TrackPointExtension>
            <ns3:hr>139</ns3:hr>
            <ns3:cad>89</ns3:cad>
          </ns3:TrackPointExtension>
        </extensions>
      </trkpt>
      <trkpt lat="23.16804480738937854766845703125" lon="113.42802110128104686737060546875">
        <ele>23.3999996185302734375</ele>
        <time>2026-07-14T10:58:14.000Z</time>
        <extensions>
          <ns3:TrackPointExtension>
            <ns3:hr>139</ns3:hr>
            <ns3:cad>88</ns3:cad>
          </ns3:TrackPointExtension>
        </extensions>
      </trkpt>
      <trkpt lat="23.1680452264845371246337890625" lon="113.4279812872409820556640625">
        <ele>23.3999996185302734375</ele>
        <time>2026-07-14T10:58:15.000Z</time>
        <extensions>
          <ns3:TrackPointExtension>
            <ns3:hr>139</ns3:hr>
            <ns3:cad>88</ns3:cad>
          </ns3:TrackPointExtension>
        </extensions>
      </trkpt>
      <trkpt lat="23.16804262809455394744873046875" lon="113.4279492683708667755126953125">
        <ele>23.3999996185302734375</ele>
        <time>2026-07-14T10:58:16.000Z</time>
        <extensions>
          <ns3:TrackPointExtension>
            <ns3:hr>139</ns3:hr>
            <ns3:cad>88</ns3:cad>
          </ns3:TrackPointExtension>
        </extensions>
      </trkpt>
      <trkpt lat="23.1680445559322834014892578125" lon="113.42791314236819744110107421875">
        <ele>23.3999996185302734375</ele>
        <time>2026-07-14T10:58:17.000Z</time>
        <extensions>
          <ns3:TrackPointExtension>
            <ns3:hr>139</ns3:hr>
            <ns3:cad>87</ns3:cad>
          </ns3:TrackPointExtension>
        </extensions>
      </trkpt>
      <trkpt lat="23.1680408678948879241943359375" lon="113.42788045294582843780517578125">
        <ele>23.3999996185302734375</ele>
        <time>2026-07-14T10:58:18.000Z</time>
        <extensions>
          <ns3:TrackPointExtension>
            <ns3:hr>139</ns3:hr>
            <ns3:cad>87</ns3:cad>
          </ns3:TrackPointExtension>
        </extensions>
      </trkpt>
      <trkpt lat="23.16804497502744197845458984375" lon="113.42784038744866847991943359375">
        <ele>23.200000762939453125</ele>
        <time>2026-07-14T10:58:19.000Z</time>
        <extensions>
          <ns3:TrackPointExtension>
            <ns3:hr>140</ns3:hr>
            <ns3:cad>88</ns3:cad>
          </ns3:TrackPointExtension>
        </extensions>
      </trkpt>
      <trkpt lat="23.1680408678948879241943359375" lon="113.4278094582259654998779296875">
        <ele>23</ele>
        <time>2026-07-14T10:58:20.000Z</time>
        <extensions>
          <ns3:TrackPointExtension>
            <ns3:hr>140</ns3:hr>
            <ns3:cad>88</ns3:cad>
          </ns3:TrackPointExtension>
        </extensions>
      </trkpt>
      <trkpt lat="23.1680398620665073394775390625" lon="113.427767045795917510986328125">
        <ele>23.200000762939453125</ele>
        <time>2026-07-14T10:58:21.000Z</time>
        <extensions>
          <ns3:TrackPointExtension>
            <ns3:hr>140</ns3:hr>
            <ns3:cad>89</ns3:cad>
          </ns3:TrackPointExtension>
        </extensions>
      </trkpt>
      <trkpt lat="23.1680355034768581390380859375" lon="113.4277356974780559539794921875">
        <ele>23</ele>
        <time>2026-07-14T10:58:22.000Z</time>
        <extensions>
          <ns3:TrackPointExtension>
            <ns3:hr>140</ns3:hr>
            <ns3:cad>89</ns3:cad>
          </ns3:TrackPointExtension>
        </extensions>
      </trkpt>
      <trkpt lat="23.1680365093052387237548828125" lon="113.4276981465518474578857421875">
        <ele>23</ele>
        <time>2026-07-14T10:58:23.000Z</time>
        <extensions>
          <ns3:TrackPointExtension>
            <ns3:hr>140</ns3:hr>
            <ns3:cad>89</ns3:cad>
          </ns3:TrackPointExtension>
        </extensions>
      </trkpt>
      <trkpt lat="23.1680324859917163848876953125" lon="113.42767291702330112457275390625">
        <ele>23</ele>
        <time>2026-07-14T10:58:24.000Z</time>
        <extensions>
          <ns3:TrackPointExtension>
            <ns3:hr>140</ns3:hr>
            <ns3:cad>89</ns3:cad>
          </ns3:TrackPointExtension>
        </extensions>
      </trkpt>
      <trkpt lat="23.16803273744881153106689453125" lon="113.42763754539191722869873046875">
        <ele>23.200000762939453125</ele>
        <time>2026-07-14T10:58:25.000Z</time>
        <extensions>
          <ns3:TrackPointExtension>
            <ns3:hr>139</ns3:hr>
            <ns3:cad>89</ns3:cad>
          </ns3:TrackPointExtension>
        </extensions>
      </trkpt>
      <trkpt lat="23.1680264510214328765869140625" lon="113.42760837636888027191162109375">
        <ele>23</ele>
        <time>2026-07-14T10:58:26.000Z</time>
        <extensions>
          <ns3:TrackPointExtension>
            <ns3:hr>140</ns3:hr>
            <ns3:cad>89</ns3:cad>
          </ns3:TrackPointExtension>
        </extensions>
      </trkpt>
      <trkpt lat="23.16802368499338626861572265625" lon="113.42757065780460834503173828125">
        <ele>23.200000762939453125</ele>
        <time>2026-07-14T10:58:27.000Z</time>
        <extensions>
          <ns3:TrackPointExtension>
            <ns3:hr>139</ns3:hr>
            <ns3:cad>89</ns3:cad>
          </ns3:TrackPointExtension>
        </extensions>
      </trkpt>
      <trkpt lat="23.16802226006984710693359375" lon="113.42754182405769824981689453125">
        <ele>23</ele>
        <time>2026-07-14T10:58:28.000Z</time>
        <extensions>
          <ns3:TrackPointExtension>
            <ns3:hr>139</ns3:hr>
            <ns3:cad>89</ns3:cad>
          </ns3:TrackPointExtension>
        </extensions>
      </trkpt>
      <trkpt lat="23.1680180691182613372802734375" lon="113.42750594951212406158447265625">
        <ele>23</ele>
        <time>2026-07-14T10:58:29.000Z</time>
        <extensions>
          <ns3:TrackPointExtension>
            <ns3:hr>138</ns3:hr>
            <ns3:cad>89</ns3:cad>
          </ns3:TrackPointExtension>
        </extensions>
      </trkpt>
      <trkpt lat="23.1680147163569927215576171875" lon="113.4274768643081188201904296875">
        <ele>22.799999237060546875</ele>
        <time>2026-07-14T10:58:30.000Z</time>
        <extensions>
          <ns3:TrackPointExtension>
            <ns3:hr>138</ns3:hr>
            <ns3:cad>89</ns3:cad>
          </ns3:TrackPointExtension>
        </extensions>
      </trkpt>
      <trkpt lat="23.16801396198570728302001953125" lon="113.42744057066738605499267578125">
        <ele>22.799999237060546875</ele>
        <time>2026-07-14T10:58:31.000Z</time>
        <extensions>
          <ns3:TrackPointExtension>
            <ns3:hr>138</ns3:hr>
            <ns3:cad>89</ns3:cad>
          </ns3:TrackPointExtension>
        </extensions>
      </trkpt>
      <trkpt lat="23.168029971420764923095703125" lon="113.42742330394685268402099609375">
        <ele>22.6000003814697265625</ele>
        <time>2026-07-14T10:58:32.000Z</time>
        <extensions>
          <ns3:TrackPointExtension>
            <ns3:hr>137</ns3:hr>
            <ns3:cad>89</ns3:cad>
          </ns3:TrackPointExtension>
        </extensions>
      </trkpt>
      <trkpt lat="23.16805846989154815673828125" lon="113.42741374857723712921142578125">
        <ele>22.6000003814697265625</ele>
        <time>2026-07-14T10:58:33.000Z</time>
        <extensions>
          <ns3:TrackPointExtension>
            <ns3:hr>137</ns3:hr>
            <ns3:cad>89</ns3:cad>
          </ns3:TrackPointExtension>
        </extensions>
      </trkpt>
      <trkpt lat="23.168095014989376068115234375" lon="113.42741525731980800628662109375">
        <ele>22.3999996185302734375</ele>
        <time>2026-07-14T10:58:34.000Z</time>
        <extensions>
          <ns3:TrackPointExtension>
            <ns3:hr>137</ns3:hr>
            <ns3:cad>88</ns3:cad>
          </ns3:TrackPointExtension>
        </extensions>
      </trkpt>
      <trkpt lat="23.168126530945301055908203125" lon="113.427406959235668182373046875">
        <ele>22.200000762939453125</ele>
        <time>2026-07-14T10:58:35.000Z</time>
        <extensions>
          <ns3:TrackPointExtension>
            <ns3:hr>136</ns3:hr>
            <ns3:cad>88</ns3:cad>
          </ns3:TrackPointExtension>
        </extensions>
      </trkpt>
      <trkpt lat="23.168157376348972320556640625" lon="113.42739522457122802734375">
        <ele>22.200000762939453125</ele>
        <time>2026-07-14T10:58:36.000Z</time>
        <extensions>
          <ns3:TrackPointExtension>
            <ns3:hr>136</ns3:hr>
            <ns3:cad>88</ns3:cad>
          </ns3:TrackPointExtension>
        </extensions>
      </trkpt>
      <trkpt lat="23.16818260587751865386962890625" lon="113.42738273553550243377685546875">
        <ele>22.200000762939453125</ele>
        <time>2026-07-14T10:58:37.000Z</time>
        <extensions>
          <ns3:TrackPointExtension>
            <ns3:hr>135</ns3:hr>
            <ns3:cad>87</ns3:cad>
          </ns3:TrackPointExtension>
        </extensions>
      </trkpt>
      <trkpt lat="23.16821646876633167266845703125" lon="113.4273685701191425323486328125">
        <ele>22.200000762939453125</ele>
        <time>2026-07-14T10:58:38.000Z</time>
        <extensions>
          <ns3:TrackPointExtension>
            <ns3:hr>134</ns3:hr>
            <ns3:cad>87</ns3:cad>
          </ns3:TrackPointExtension>
        </extensions>
      </trkpt>
      <trkpt lat="23.16824018955230712890625" lon="113.42735826037824153900146484375">
        <ele>22.200000762939453125</ele>
        <time>2026-07-14T10:58:39.000Z</time>
        <extensions>
          <ns3:TrackPointExtension>
            <ns3:hr>134</ns3:hr>
            <ns3:cad>88</ns3:cad>
          </ns3:TrackPointExtension>
        </extensions>
      </trkpt>
      <trkpt lat="23.16827095113694667816162109375" lon="113.42734015546739101409912109375">
        <ele>22.200000762939453125</ele>
        <time>2026-07-14T10:58:40.000Z</time>
        <extensions>
          <ns3:TrackPointExtension>
            <ns3:hr>134</ns3:hr>
            <ns3:cad>88</ns3:cad>
          </ns3:TrackPointExtension>
        </extensions>
      </trkpt>
      <trkpt lat="23.16829123534262180328369140625" lon="113.4273239783942699432373046875">
        <ele>22.200000762939453125</ele>
        <time>2026-07-14T10:58:41.000Z</time>
        <extensions>
          <ns3:TrackPointExtension>
            <ns3:hr>133</ns3:hr>
            <ns3:cad>88</ns3:cad>
          </ns3:TrackPointExtension>
        </extensions>
      </trkpt>
      <trkpt lat="23.168323673307895660400390625" lon="113.42730612494051456451416015625">
        <ele>22.200000762939453125</ele>
        <time>2026-07-14T10:58:42.000Z</time>
        <extensions>
          <ns3:TrackPointExtension>
            <ns3:hr>133</ns3:hr>
            <ns3:cad>88</ns3:cad>
          </ns3:TrackPointExtension>
        </extensions>
      </trkpt>
      <trkpt lat="23.16835057921707630157470703125" lon="113.4272946417331695556640625">
        <ele>22.200000762939453125</ele>
        <time>2026-07-14T10:58:43.000Z</time>
        <extensions>
          <ns3:TrackPointExtension>
            <ns3:hr>133</ns3:hr>
            <ns3:cad>88</ns3:cad>
          </ns3:TrackPointExtension>
        </extensions>
      </trkpt>
      <trkpt lat="23.16837371326982975006103515625" lon="113.42728198505938053131103515625">
        <ele>22.3999996185302734375</ele>
        <time>2026-07-14T10:58:44.000Z</time>
        <extensions>
          <ns3:TrackPointExtension>
            <ns3:hr>133</ns3:hr>
            <ns3:cad>88</ns3:cad>
          </ns3:TrackPointExtension>
        </extensions>
      </trkpt>
      <trkpt lat="23.16840070299804210662841796875" lon="113.42726505361497402191162109375">
        <ele>22.3999996185302734375</ele>
        <time>2026-07-14T10:58:45.000Z</time>
        <extensions>
          <ns3:TrackPointExtension>
            <ns3:hr>132</ns3:hr>
            <ns3:cad>88</ns3:cad>
          </ns3:TrackPointExtension>
        </extensions>
      </trkpt>
      <trkpt lat="23.16842517815530300140380859375" lon="113.42724711634218692779541015625">
        <ele>22.3999996185302734375</ele>
        <time>2026-07-14T10:58:46.000Z</time>
        <extensions>
          <ns3:TrackPointExtension>
            <ns3:hr>132</ns3:hr>
            <ns3:cad>88</ns3:cad>
          </ns3:TrackPointExtension>
        </extensions>
      </trkpt>
      <trkpt lat="23.16845283843576908111572265625" lon="113.42723496258258819580078125">
        <ele>22.6000003814697265625</ele>
        <time>2026-07-14T10:58:47.000Z</time>
        <extensions>
          <ns3:TrackPointExtension>
            <ns3:hr>132</ns3:hr>
            <ns3:cad>88</ns3:cad>
          </ns3:TrackPointExtension>
        </extensions>
      </trkpt>
      <trkpt lat="23.16847647540271282196044921875" lon="113.4272222220897674560546875">
        <ele>22.799999237060546875</ele>
        <time>2026-07-14T10:58:48.000Z</time>
        <extensions>
          <ns3:TrackPointExtension>
            <ns3:hr>132</ns3:hr>
            <ns3:cad>88</ns3:cad>
          </ns3:TrackPointExtension>
        </extensions>
      </trkpt>
      <trkpt lat="23.1685005314648151397705078125" lon="113.427211828529834747314453125">
        <ele>22.799999237060546875</ele>
        <time>2026-07-14T10:58:49.000Z</time>
        <extensions>
          <ns3:TrackPointExtension>
            <ns3:hr>132</ns3:hr>
            <ns3:cad>88</ns3:cad>
          </ns3:TrackPointExtension>
        </extensions>
      </trkpt>
      <trkpt lat="23.1685246713459491729736328125" lon="113.4271962381899356842041015625">
        <ele>22.799999237060546875</ele>
        <time>2026-07-14T10:58:50.000Z</time>
        <extensions>
          <ns3:TrackPointExtension>
            <ns3:hr>132</ns3:hr>
            <ns3:cad>88</ns3:cad>
          </ns3:TrackPointExtension>
        </extensions>
      </trkpt>
      <trkpt lat="23.1685558520257472991943359375" lon="113.42719280160963535308837890625">
        <ele>22.799999237060546875</ele>
        <time>2026-07-14T10:58:51.000Z</time>
        <extensions>
          <ns3:TrackPointExtension>
            <ns3:hr>132</ns3:hr>
            <ns3:cad>88</ns3:cad>
          </ns3:TrackPointExtension>
        </extensions>
      </trkpt>
      <trkpt lat="23.16857303492724895477294921875" lon="113.42718140222132205963134765625">
        <ele>22.799999237060546875</ele>
        <time>2026-07-14T10:58:52.000Z</time>
        <extensions>
          <ns3:TrackPointExtension>
            <ns3:hr>132</ns3:hr>
            <ns3:cad>89</ns3:cad>
          </ns3:TrackPointExtension>
        </extensions>
      </trkpt>
      <trkpt lat="23.16859935410320758819580078125" lon="113.42717503197491168975830078125">
        <ele>22.6000003814697265625</ele>
        <time>2026-07-14T10:58:53.000Z</time>
        <extensions>
          <ns3:TrackPointExtension>
            <ns3:hr>132</ns3:hr>
            <ns3:cad>89</ns3:cad>
          </ns3:TrackPointExtension>
        </extensions>
      </trkpt>
      <trkpt lat="23.16861829720437526702880859375" lon="113.42716413550078868865966796875">
        <ele>22.6000003814697265625</ele>
        <time>2026-07-14T10:58:54.000Z</time>
        <extensions>
          <ns3:TrackPointExtension>
            <ns3:hr>132</ns3:hr>
            <ns3:cad>88</ns3:cad>
          </ns3:TrackPointExtension>
        </extensions>
      </trkpt>
      <trkpt lat="23.16865366883575916290283203125" lon="113.42715843580663204193115234375">
        <ele>22.6000003814697265625</ele>
        <time>2026-07-14T10:58:55.000Z</time>
        <extensions>
          <ns3:TrackPointExtension>
            <ns3:hr>132</ns3:hr>
            <ns3:cad>88</ns3:cad>
          </ns3:TrackPointExtension>
        </extensions>
      </trkpt>
      <trkpt lat="23.16867806017398834228515625" lon="113.42714779078960418701171875">
        <ele>22.6000003814697265625</ele>
        <time>2026-07-14T10:58:56.000Z</time>
        <extensions>
          <ns3:TrackPointExtension>
            <ns3:hr>132</ns3:hr>
            <ns3:cad>88</ns3:cad>
          </ns3:TrackPointExtension>
        </extensions>
      </trkpt>
      <trkpt lat="23.16870764829218387603759765625" lon="113.4271362237632274627685546875">
        <ele>22.6000003814697265625</ele>
        <time>2026-07-14T10:58:57.000Z</time>
        <extensions>
          <ns3:TrackPointExtension>
            <ns3:hr>132</ns3:hr>
            <ns3:cad>88</ns3:cad>
          </ns3:TrackPointExtension>
        </extensions>
      </trkpt>
      <trkpt lat="23.1687322072684764862060546875" lon="113.4271271713078022003173828125">
        <ele>22.6000003814697265625</ele>
        <time>2026-07-14T10:58:58.000Z</time>
        <extensions>
          <ns3:TrackPointExtension>
            <ns3:hr>132</ns3:hr>
            <ns3:cad>87</ns3:cad>
          </ns3:TrackPointExtension>
        </extensions>
      </trkpt>
      <trkpt lat="23.168764896690845489501953125" lon="113.427117951214313507080078125">
        <ele>22.6000003814697265625</ele>
        <time>2026-07-14T10:58:59.000Z</time>
        <extensions>
          <ns3:TrackPointExtension>
            <ns3:hr>132</ns3:hr>
            <ns3:cad>87</ns3:cad>
          </ns3:TrackPointExtension>
        </extensions>
      </trkpt>
      <trkpt lat="23.16879163496196269989013671875" lon="113.42710965313017368316650390625">
        <ele>22.6000003814697265625</ele>
        <time>2026-07-14T10:59:00.000Z</time>
        <extensions>
          <ns3:TrackPointExtension>
            <ns3:hr>131</ns3:hr>
            <ns3:cad>89</ns3:cad>
          </ns3:TrackPointExtension>
        </extensions>
      </trkpt>
      <trkpt lat="23.1688280962407588958740234375" lon="113.4270980022847652435302734375">
        <ele>22.799999237060546875</ele>
        <time>2026-07-14T10:59:01.000Z</time>
        <extensions>
          <ns3:TrackPointExtension>
            <ns3:hr>132</ns3:hr>
            <ns3:cad>89</ns3:cad>
          </ns3:TrackPointExtension>
        </extensions>
      </trkpt>
      <trkpt lat="23.16885567270219326019287109375" lon="113.42709339223802089691162109375">
        <ele>22.799999237060546875</ele>
        <time>2026-07-14T10:59:02.000Z</time>
        <extensions>
          <ns3:TrackPointExtension>
            <ns3:hr>132</ns3:hr>
            <ns3:cad>89</ns3:cad>
          </ns3:TrackPointExtension>
        </extensions>
      </trkpt>
      <trkpt lat="23.16889205016195774078369140625" lon="113.42708819545805454254150390625">
        <ele>23</ele>
        <time>2026-07-14T10:59:03.000Z</time>
        <extensions>
          <ns3:TrackPointExtension>
            <ns3:hr>132</ns3:hr>
            <ns3:cad>89</ns3:cad>
          </ns3:TrackPointExtension>
        </extensions>
      </trkpt>
      <trkpt lat="23.16891937516629695892333984375" lon="113.42708534561097621917724609375">
        <ele>23</ele>
        <time>2026-07-14T10:59:04.000Z</time>
        <extensions>
          <ns3:TrackPointExtension>
            <ns3:hr>132</ns3:hr>
            <ns3:cad>89</ns3:cad>
          </ns3:TrackPointExtension>
        </extensions>
      </trkpt>
      <trkpt lat="23.16895022056996822357177734375" lon="113.42708601616322994232177734375">
        <ele>23.200000762939453125</ele>
        <time>2026-07-14T10:59:05.000Z</time>
        <extensions>
          <ns3:TrackPointExtension>
            <ns3:hr>132</ns3:hr>
            <ns3:cad>89</ns3:cad>
          </ns3:TrackPointExtension>
        </extensions>
      </trkpt>
      <trkpt lat="23.16897980868816375732421875" lon="113.4270872734487056732177734375">
        <ele>23.200000762939453125</ele>
        <time>2026-07-14T10:59:06.000Z</time>
        <extensions>
          <ns3:TrackPointExtension>
            <ns3:hr>132</ns3:hr>
            <ns3:cad>89</ns3:cad>
          </ns3:TrackPointExtension>
        </extensions>
      </trkpt>
      <trkpt lat="23.16900973208248615264892578125" lon="113.4270827472209930419921875">
        <ele>23</ele>
        <time>2026-07-14T10:59:07.000Z</time>
        <extensions>
          <ns3:TrackPointExtension>
            <ns3:hr>132</ns3:hr>
            <ns3:cad>89</ns3:cad>
          </ns3:TrackPointExtension>
        </extensions>
      </trkpt>
      <trkpt lat="23.16903403960168361663818359375" lon="113.42708802781999111175537109375">
        <ele>23</ele>
        <time>2026-07-14T10:59:08.000Z</time>
        <extensions>
          <ns3:TrackPointExtension>
            <ns3:hr>132</ns3:hr>
            <ns3:cad>89</ns3:cad>
          </ns3:TrackPointExtension>
        </extensions>
      </trkpt>
      <trkpt lat="23.1690569221973419189453125" lon="113.42708618380129337310791015625">
        <ele>23</ele>
        <time>2026-07-14T10:59:09.000Z</time>
        <extensions>
          <ns3:TrackPointExtension>
            <ns3:hr>132</ns3:hr>
            <ns3:cad>89</ns3:cad>
          </ns3:TrackPointExtension>
        </extensions>
      </trkpt>
      <trkpt lat="23.16908516921103000640869140625" lon="113.4270855970680713653564453125">
        <ele>22.799999237060546875</ele>
        <time>2026-07-14T10:59:10.000Z</time>
        <extensions>
          <ns3:TrackPointExtension>
            <ns3:hr>132</ns3:hr>
            <ns3:cad>88</ns3:cad>
          </ns3:TrackPointExtension>
        </extensions>
      </trkpt>
      <trkpt lat="23.16911266185343265533447265625" lon="113.42708920128643512725830078125">
        <ele>22.799999237060546875</ele>
        <time>2026-07-14T10:59:11.000Z</time>
        <extensions>
          <ns3:TrackPointExtension>
            <ns3:hr>132</ns3:hr>
            <ns3:cad>88</ns3:cad>
          </ns3:TrackPointExtension>
        </extensions>
      </trkpt>
      <trkpt lat="23.16914065741002559661865234375" lon="113.42709255404770374298095703125">
        <ele>22.799999237060546875</ele>
        <time>2026-07-14T10:59:12.000Z</time>
        <extensions>
          <ns3:TrackPointExtension>
            <ns3:hr>132</ns3:hr>
            <ns3:cad>89</ns3:cad>
          </ns3:TrackPointExtension>
        </extensions>
      </trkpt>
      <trkpt lat="23.16917426884174346923828125" lon="113.42708836309611797332763671875">
        <ele>22.6000003814697265625</ele>
        <time>2026-07-14T10:59:13.000Z</time>
        <extensions>
          <ns3:TrackPointExtension>
            <ns3:hr>132</ns3:hr>
            <ns3:cad>89</ns3:cad>
          </ns3:TrackPointExtension>
        </extensions>
      </trkpt>
      <trkpt lat="23.16920511424541473388671875" lon="113.427088446915149688720703125">
        <ele>22.6000003814697265625</ele>
        <time>2026-07-14T10:59:14.000Z</time>
        <extensions>
          <ns3:TrackPointExtension>
            <ns3:hr>132</ns3:hr>
            <ns3:cad>89</ns3:cad>
          </ns3:TrackPointExtension>
        </extensions>
      </trkpt>
      <trkpt lat="23.1692393124103546142578125" lon="113.4270889498293399810791015625">
        <ele>22.6000003814697265625</ele>
        <time>2026-07-14T10:59:15.000Z</time>
        <extensions>
          <ns3:TrackPointExtension>
            <ns3:hr>131</ns3:hr>
            <ns3:cad>89</ns3:cad>
          </ns3:TrackPointExtension>
        </extensions>
      </trkpt>
      <trkpt lat="23.1692686490714550018310546875" lon="113.427091799676418304443359375">
        <ele>22.6000003814697265625</ele>
        <time>2026-07-14T10:59:16.000Z</time>
        <extensions>
          <ns3:TrackPointExtension>
            <ns3:hr>132</ns3:hr>
            <ns3:cad>90</ns3:cad>
          </ns3:TrackPointExtension>
        </extensions>
      </trkpt>
      <trkpt lat="23.16930435597896575927734375" lon="113.4270926378667354583740234375">
        <ele>22.6000003814697265625</ele>
        <time>2026-07-14T10:59:17.000Z</time>
        <extensions>
          <ns3:TrackPointExtension>
            <ns3:hr>132</ns3:hr>
            <ns3:cad>90</ns3:cad>
          </ns3:TrackPointExtension>
        </extensions>
      </trkpt>
      <trkpt lat="23.16933109425008296966552734375" lon="113.4270894527435302734375">
        <ele>22.6000003814697265625</ele>
        <time>2026-07-14T10:59:18.000Z</time>
        <extensions>
          <ns3:TrackPointExtension>
            <ns3:hr>132</ns3:hr>
            <ns3:cad>91</ns3:cad>
          </ns3:TrackPointExtension>
        </extensions>
      </trkpt>
      <trkpt lat="23.16936277784407138824462890625" lon="113.42708936892449855804443359375">
        <ele>22.3999996185302734375</ele>
        <time>2026-07-14T10:59:19.000Z</time>
        <extensions>
          <ns3:TrackPointExtension>
            <ns3:hr>132</ns3:hr>
            <ns3:cad>91</ns3:cad>
          </ns3:TrackPointExtension>
        </extensions>
      </trkpt>
      <trkpt lat="23.16938616335391998291015625" lon="113.4270896203815937042236328125">
        <ele>22.3999996185302734375</ele>
        <time>2026-07-14T10:59:20.000Z</time>
        <extensions>
          <ns3:TrackPointExtension>
            <ns3:hr>132</ns3:hr>
            <ns3:cad>91</ns3:cad>
          </ns3:TrackPointExtension>
        </extensions>
      </trkpt>
      <trkpt lat="23.1694211997091770172119140625" lon="113.4270899556577205657958984375">
        <ele>22.3999996185302734375</ele>
        <time>2026-07-14T10:59:21.000Z</time>
        <extensions>
          <ns3:TrackPointExtension>
            <ns3:hr>132</ns3:hr>
            <ns3:cad>91</ns3:cad>
          </ns3:TrackPointExtension>
        </extensions>
      </trkpt>
      <trkpt lat="23.16944894380867481231689453125" lon="113.4270881116390228271484375">
        <ele>22.3999996185302734375</ele>
        <time>2026-07-14T10:59:22.000Z</time>
        <extensions>
          <ns3:TrackPointExtension>
            <ns3:hr>132</ns3:hr>
            <ns3:cad>91</ns3:cad>
          </ns3:TrackPointExtension>
        </extensions>
      </trkpt>
      <trkpt lat="23.1694833934307098388671875" lon="113.427094481885433197021484375">
        <ele>22.3999996185302734375</ele>
        <time>2026-07-14T10:59:23.000Z</time>
        <extensions>
          <ns3:TrackPointExtension>
            <ns3:hr>132</ns3:hr>
            <ns3:cad>91</ns3:cad>
          </ns3:TrackPointExtension>
        </extensions>
      </trkpt>
      <trkpt lat="23.16951096989214420318603515625" lon="113.42709942720830440521240234375">
        <ele>22.3999996185302734375</ele>
        <time>2026-07-14T10:59:24.000Z</time>
        <extensions>
          <ns3:TrackPointExtension>
            <ns3:hr>132</ns3:hr>
            <ns3:cad>92</ns3:cad>
          </ns3:TrackPointExtension>
        </extensions>
      </trkpt>
      <trkpt lat="23.16954231821000576019287109375" lon="113.427113592624664306640625">
        <ele>22.200000762939453125</ele>
        <time>2026-07-14T10:59:25.000Z</time>
        <extensions>
          <ns3:TrackPointExtension>
            <ns3:hr>132</ns3:hr>
            <ns3:cad>92</ns3:cad>
          </ns3:TrackPointExtension>
        </extensions>
      </trkpt>
      <trkpt lat="23.16956494934856891632080078125" lon="113.4271177835762500762939453125">
        <ele>22.200000762939453125</ele>
        <time>2026-07-14T10:59:26.000Z</time>
        <extensions>
          <ns3:TrackPointExtension>
            <ns3:hr>132</ns3:hr>
            <ns3:cad>91</ns3:cad>
          </ns3:TrackPointExtension>
        </extensions>
      </trkpt>
      <trkpt lat="23.16959998570382595062255859375" lon="113.42712071724236011505126953125">
        <ele>22.200000762939453125</ele>
        <time>2026-07-14T10:59:27.000Z</time>
        <extensions>
          <ns3:TrackPointExtension>
            <ns3:hr>132</ns3:hr>
            <ns3:cad>91</ns3:cad>
          </ns3:TrackPointExtension>
        </extensions>
      </trkpt>
      <trkpt lat="23.1696216948330402374267578125" lon="113.42711686156690120697021484375">
        <ele>22.200000762939453125</ele>
        <time>2026-07-14T10:59:28.000Z</time>
        <extensions>
          <ns3:TrackPointExtension>
            <ns3:hr>132</ns3:hr>
            <ns3:cad>90</ns3:cad>
          </ns3:TrackPointExtension>
        </extensions>
      </trkpt>
      <trkpt lat="23.1696552224457263946533203125" lon="113.4271151013672351837158203125">
        <ele>22.200000762939453125</ele>
        <time>2026-07-14T10:59:29.000Z</time>
        <extensions>
          <ns3:TrackPointExtension>
            <ns3:hr>132</ns3:hr>
            <ns3:cad>90</ns3:cad>
          </ns3:TrackPointExtension>
        </extensions>
      </trkpt>
      <trkpt lat="23.169679529964923858642578125" lon="113.427114598453044891357421875">
        <ele>22.200000762939453125</ele>
        <time>2026-07-14T10:59:30.000Z</time>
        <extensions>
          <ns3:TrackPointExtension>
            <ns3:hr>132</ns3:hr>
            <ns3:cad>90</ns3:cad>
          </ns3:TrackPointExtension>
        </extensions>
      </trkpt>
      <trkpt lat="23.16971129737794399261474609375" lon="113.42711518518626689910888671875">
        <ele>22.200000762939453125</ele>
        <time>2026-07-14T10:59:31.000Z</time>
        <extensions>
          <ns3:TrackPointExtension>
            <ns3:hr>133</ns3:hr>
            <ns3:cad>90</ns3:cad>
          </ns3:TrackPointExtension>
        </extensions>
      </trkpt>
      <trkpt lat="23.1697356887161731719970703125" lon="113.42711317352950572967529296875">
        <ele>22</ele>
        <time>2026-07-14T10:59:32.000Z</time>
        <extensions>
          <ns3:TrackPointExtension>
            <ns3:hr>133</ns3:hr>
            <ns3:cad>90</ns3:cad>
          </ns3:TrackPointExtension>
        </extensions>
      </trkpt>
      <trkpt lat="23.169764019548892974853515625" lon="113.4271164424717426300048828125">
        <ele>22</ele>
        <time>2026-07-14T10:59:33.000Z</time>
        <extensions>
          <ns3:TrackPointExtension>
            <ns3:hr>133</ns3:hr>
            <ns3:cad>90</ns3:cad>
          </ns3:TrackPointExtension>
        </extensions>
      </trkpt>
      <trkpt lat="23.16978941671550273895263671875" lon="113.4271107427775859832763671875">
        <ele>22</ele>
        <time>2026-07-14T10:59:34.000Z</time>
        <extensions>
          <ns3:TrackPointExtension>
            <ns3:hr>134</ns3:hr>
            <ns3:cad>90</ns3:cad>
          </ns3:TrackPointExtension>
        </extensions>
      </trkpt>
      <trkpt lat="23.1698178313672542572021484375" lon="113.42710889875888824462890625">
        <ele>22</ele>
        <time>2026-07-14T10:59:35.000Z</time>
        <extensions>
          <ns3:TrackPointExtension>
            <ns3:hr>134</ns3:hr>
            <ns3:cad>91</ns3:cad>
          </ns3:TrackPointExtension>
        </extensions>
      </trkpt>
      <trkpt lat="23.16984088160097599029541015625" lon="113.42710462398827075958251953125">
        <ele>21.799999237060546875</ele>
        <time>2026-07-14T10:59:36.000Z</time>
        <extensions>
          <ns3:TrackPointExtension>
            <ns3:hr>135</ns3:hr>
            <ns3:cad>91</ns3:cad>
          </ns3:TrackPointExtension>
        </extensions>
      </trkpt>
      <trkpt lat="23.16987239755690097808837890625" lon="113.4271090663969516754150390625">
        <ele>21.799999237060546875</ele>
        <time>2026-07-14T10:59:37.000Z</time>
        <extensions>
          <ns3:TrackPointExtension>
            <ns3:hr>136</ns3:hr>
            <ns3:cad>91</ns3:cad>
          </ns3:TrackPointExtension>
        </extensions>
      </trkpt>
      <trkpt lat="23.16989620216190814971923828125" lon="113.42710931785404682159423828125">
        <ele>21.799999237060546875</ele>
        <time>2026-07-14T10:59:38.000Z</time>
        <extensions>
          <ns3:TrackPointExtension>
            <ns3:hr>136</ns3:hr>
            <ns3:cad>91</ns3:cad>
          </ns3:TrackPointExtension>
        </extensions>
      </trkpt>
      <trkpt lat="23.1699227727949619293212890625" lon="113.42711233533918857574462890625">
        <ele>21.799999237060546875</ele>
        <time>2026-07-14T10:59:39.000Z</time>
        <extensions>
          <ns3:TrackPointExtension>
            <ns3:hr>137</ns3:hr>
            <ns3:cad>91</ns3:cad>
          </ns3:TrackPointExtension>
        </extensions>
      </trkpt>
      <trkpt lat="23.1699469126760959625244140625" lon="113.42710596509277820587158203125">
        <ele>21.799999237060546875</ele>
        <time>2026-07-14T10:59:40.000Z</time>
        <extensions>
          <ns3:TrackPointExtension>
            <ns3:hr>138</ns3:hr>
            <ns3:cad>90</ns3:cad>
          </ns3:TrackPointExtension>
        </extensions>
      </trkpt>
      <trkpt lat="23.16997951827943325042724609375" lon="113.4271127544343471527099609375">
        <ele>21.799999237060546875</ele>
        <time>2026-07-14T10:59:41.000Z</time>
        <extensions>
          <ns3:TrackPointExtension>
            <ns3:hr>139</ns3:hr>
            <ns3:cad>90</ns3:cad>
          </ns3:TrackPointExtension>
        </extensions>
      </trkpt>
      <trkpt lat="23.17000533454120159149169921875" lon="113.42711158096790313720703125">
        <ele>21.799999237060546875</ele>
        <time>2026-07-14T10:59:42.000Z</time>
        <extensions>
          <ns3:TrackPointExtension>
            <ns3:hr>140</ns3:hr>
            <ns3:cad>89</ns3:cad>
          </ns3:TrackPointExtension>
        </extensions>
      </trkpt>
      <trkpt lat="23.17004271782934665679931640625" lon="113.42711183242499828338623046875">
        <ele>21.799999237060546875</ele>
        <time>2026-07-14T10:59:43.000Z</time>
        <extensions>
          <ns3:TrackPointExtension>
            <ns3:hr>140</ns3:hr>
            <ns3:cad>89</ns3:cad>
          </ns3:TrackPointExtension>
        </extensions>
      </trkpt>
      <trkpt lat="23.17006702534854412078857421875" lon="113.42710814438760280609130859375">
        <ele>21.799999237060546875</ele>
        <time>2026-07-14T10:59:44.000Z</time>
        <extensions>
          <ns3:TrackPointExtension>
            <ns3:hr>140</ns3:hr>
            <ns3:cad>89</ns3:cad>
          </ns3:TrackPointExtension>
        </extensions>
      </trkpt>
      <trkpt lat="23.170102648437023162841796875" lon="113.4271114133298397064208984375">
        <ele>21.799999237060546875</ele>
        <time>2026-07-14T10:59:45.000Z</time>
        <extensions>
          <ns3:TrackPointExtension>
            <ns3:hr>140</ns3:hr>
            <ns3:cad>90</ns3:cad>
          </ns3:TrackPointExtension>
        </extensions>
      </trkpt>
      <trkpt lat="23.170128129422664642333984375" lon="113.4271083958446979522705078125">
        <ele>21.799999237060546875</ele>
        <time>2026-07-14T10:59:46.000Z</time>
        <extensions>
          <ns3:TrackPointExtension>
            <ns3:hr>141</ns3:hr>
            <ns3:cad>90</ns3:cad>
          </ns3:TrackPointExtension>
        </extensions>
      </trkpt>
      <trkpt lat="23.1701537780463695526123046875" lon="113.427108563482761383056640625">
        <ele>21.799999237060546875</ele>
        <time>2026-07-14T10:59:47.000Z</time>
        <extensions>
          <ns3:TrackPointExtension>
            <ns3:hr>141</ns3:hr>
            <ns3:cad>90</ns3:cad>
          </ns3:TrackPointExtension>
        </extensions>
      </trkpt>
      <trkpt lat="23.170179761946201324462890625" lon="113.42710495926439762115478515625">
        <ele>21.799999237060546875</ele>
        <time>2026-07-14T10:59:48.000Z</time>
        <extensions>
          <ns3:TrackPointExtension>
            <ns3:hr>141</ns3:hr>
            <ns3:cad>90</ns3:cad>
          </ns3:TrackPointExtension>
        </extensions>
      </trkpt>
      <trkpt lat="23.17020834423601627349853515625" lon="113.42711032368242740631103515625">
        <ele>22</ele>
        <time>2026-07-14T10:59:49.000Z</time>
        <extensions>
          <ns3:TrackPointExtension>
            <ns3:hr>141</ns3:hr>
            <ns3:cad>91</ns3:cad>
          </ns3:TrackPointExtension>
        </extensions>
      </trkpt>
      <trkpt lat="23.17023566924035549163818359375" lon="113.4271073900163173675537109375">
        <ele>22</ele>
        <time>2026-07-14T10:59:50.000Z</time>
        <extensions>
          <ns3:TrackPointExtension>
            <ns3:hr>141</ns3:hr>
            <ns3:cad>91</ns3:cad>
          </ns3:TrackPointExtension>
        </extensions>
      </trkpt>
      <trkpt lat="23.17026601172983646392822265625" lon="113.42711032368242740631103515625">
        <ele>22</ele>
        <time>2026-07-14T10:59:51.000Z</time>
        <extensions>
          <ns3:TrackPointExtension>
            <ns3:hr>141</ns3:hr>
            <ns3:cad>91</ns3:cad>
          </ns3:TrackPointExtension>
        </extensions>
      </trkpt>
      <trkpt lat="23.17029618658125400543212890625" lon="113.42711200006306171417236328125">
        <ele>22</ele>
        <time>2026-07-14T10:59:52.000Z</time>
        <extensions>
          <ns3:TrackPointExtension>
            <ns3:hr>141</ns3:hr>
            <ns3:cad>91</ns3:cad>
          </ns3:TrackPointExtension>
        </extensions>
      </trkpt>
      <trkpt lat="23.170326612889766693115234375" lon="113.4271171130239963531494140625">
        <ele>22</ele>
        <time>2026-07-14T10:59:53.000Z</time>
        <extensions>
          <ns3:TrackPointExtension>
            <ns3:hr>141</ns3:hr>
            <ns3:cad>91</ns3:cad>
          </ns3:TrackPointExtension>
        </extensions>
      </trkpt>
      <trkpt lat="23.17035838030278682708740234375" lon="113.42711518518626689910888671875">
        <ele>22</ele>
        <time>2026-07-14T10:59:54.000Z</time>
        <extensions>
          <ns3:TrackPointExtension>
            <ns3:hr>141</ns3:hr>
            <ns3:cad>91</ns3:cad>
          </ns3:TrackPointExtension>
        </extensions>
      </trkpt>
      <trkpt lat="23.170387633144855499267578125" lon="113.42711367644369602203369140625">
        <ele>22</ele>
        <time>2026-07-14T10:59:55.000Z</time>
        <extensions>
          <ns3:TrackPointExtension>
            <ns3:hr>141</ns3:hr>
            <ns3:cad>91</ns3:cad>
          </ns3:TrackPointExtension>
        </extensions>
      </trkpt>
      <trkpt lat="23.17042015492916107177734375" lon="113.42711300589144229888916015625">
        <ele>22</ele>
        <time>2026-07-14T10:59:56.000Z</time>
        <extensions>
          <ns3:TrackPointExtension>
            <ns3:hr>141</ns3:hr>
            <ns3:cad>91</ns3:cad>
          </ns3:TrackPointExtension>
        </extensions>
      </trkpt>
      <trkpt lat="23.17044806666672229766845703125" lon="113.42711686156690120697021484375">
        <ele>22</ele>
        <time>2026-07-14T10:59:57.000Z</time>
        <extensions>
          <ns3:TrackPointExtension>
            <ns3:hr>142</ns3:hr>
            <ns3:cad>92</ns3:cad>
          </ns3:TrackPointExtension>
        </extensions>
      </trkpt>
      <trkpt lat="23.17047857679426670074462890625" lon="113.42711702920496463775634765625">
        <ele>21.799999237060546875</ele>
        <time>2026-07-14T10:59:58.000Z</time>
        <extensions>
          <ns3:TrackPointExtension>
            <ns3:hr>141</ns3:hr>
            <ns3:cad>91</ns3:cad>
          </ns3:TrackPointExtension>
        </extensions>
      </trkpt>
      <trkpt lat="23.170505650341510772705078125" lon="113.42711853794753551483154296875">
        <ele>21.799999237060546875</ele>
        <time>2026-07-14T10:59:59.000Z</time>
        <extensions>
          <ns3:TrackPointExtension>
            <ns3:hr>141</ns3:hr>
            <ns3:cad>91</ns3:cad>
          </ns3:TrackPointExtension>
        </extensions>
      </trkpt>
      <trkpt lat="23.170537836849689483642578125" lon="113.42711954377591609954833984375">
        <ele>21.799999237060546875</ele>
        <time>2026-07-14T11:00:00.000Z</time>
        <extensions>
          <ns3:TrackPointExtension>
            <ns3:hr>141</ns3:hr>
            <ns3:cad>91</ns3:cad>
          </ns3:TrackPointExtension>
        </extensions>
      </trkpt>
      <trkpt lat="23.17056633532047271728515625" lon="113.42712222598493099212646484375">
        <ele>21.799999237060546875</ele>
        <time>2026-07-14T11:00:01.000Z</time>
        <extensions>
          <ns3:TrackPointExtension>
            <ns3:hr>141</ns3:hr>
            <ns3:cad>91</ns3:cad>
          </ns3:TrackPointExtension>
        </extensions>
      </trkpt>
      <trkpt lat="23.1705993600189685821533203125" lon="113.42712842859327793121337890625">
        <ele>21.799999237060546875</ele>
        <time>2026-07-14T11:00:02.000Z</time>
        <extensions>
          <ns3:TrackPointExtension>
            <ns3:hr>141</ns3:hr>
            <ns3:cad>92</ns3:cad>
          </ns3:TrackPointExtension>
        </extensions>
      </trkpt>
      <trkpt lat="23.1706234999001026153564453125" lon="113.42712943442165851593017578125">
        <ele>22</ele>
        <time>2026-07-14T11:00:03.000Z</time>
        <extensions>
          <ns3:TrackPointExtension>
            <ns3:hr>141</ns3:hr>
            <ns3:cad>92</ns3:cad>
          </ns3:TrackPointExtension>
        </extensions>
      </trkpt>
      <trkpt lat="23.1706533394753932952880859375" lon="113.42714183963835239410400390625">
        <ele>22</ele>
        <time>2026-07-14T11:00:04.000Z</time>
        <extensions>
          <ns3:TrackPointExtension>
            <ns3:hr>141</ns3:hr>
            <ns3:cad>92</ns3:cad>
          </ns3:TrackPointExtension>
        </extensions>
      </trkpt>
      <trkpt lat="23.1706784851849079132080078125" lon="113.42714753933250904083251953125">
        <ele>22</ele>
        <time>2026-07-14T11:00:05.000Z</time>
        <extensions>
          <ns3:TrackPointExtension>
            <ns3:hr>141</ns3:hr>
            <ns3:cad>92</ns3:cad>
          </ns3:TrackPointExtension>
        </extensions>
      </trkpt>
      <trkpt lat="23.170708157122135162353515625" lon="113.427158854901790618896484375">
        <ele>22</ele>
        <time>2026-07-14T11:00:06.000Z</time>
        <extensions>
          <ns3:TrackPointExtension>
            <ns3:hr>140</ns3:hr>
            <ns3:cad>92</ns3:cad>
          </ns3:TrackPointExtension>
        </extensions>
      </trkpt>
      <trkpt lat="23.17073154263198375701904296875" lon="113.42716279439628124237060546875">
        <ele>22</ele>
        <time>2026-07-14T11:00:07.000Z</time>
        <extensions>
          <ns3:TrackPointExtension>
            <ns3:hr>140</ns3:hr>
            <ns3:cad>92</ns3:cad>
          </ns3:TrackPointExtension>
        </extensions>
      </trkpt>
      <trkpt lat="23.17076188512146472930908203125" lon="113.4271764568984508514404296875">
        <ele>21.799999237060546875</ele>
        <time>2026-07-14T11:00:08.000Z</time>
        <extensions>
          <ns3:TrackPointExtension>
            <ns3:hr>140</ns3:hr>
            <ns3:cad>92</ns3:cad>
          </ns3:TrackPointExtension>
        </extensions>
      </trkpt>
      <trkpt lat="23.17078753374516963958740234375" lon="113.4271814860403537750244140625">
        <ele>21.799999237060546875</ele>
        <time>2026-07-14T11:00:09.000Z</time>
        <extensions>
          <ns3:TrackPointExtension>
            <ns3:hr>139</ns3:hr>
            <ns3:cad>90</ns3:cad>
          </ns3:TrackPointExtension>
        </extensions>
      </trkpt>
      <trkpt lat="23.17081787623465061187744140625" lon="113.42719330452382564544677734375">
        <ele>21.799999237060546875</ele>
        <time>2026-07-14T11:00:10.000Z</time>
        <extensions>
          <ns3:TrackPointExtension>
            <ns3:hr>139</ns3:hr>
            <ns3:cad>90</ns3:cad>
          </ns3:TrackPointExtension>
        </extensions>
      </trkpt>
      <trkpt lat="23.17083916626870632171630859375" lon="113.427199088037014007568359375">
        <ele>22</ele>
        <time>2026-07-14T11:00:11.000Z</time>
        <extensions>
          <ns3:TrackPointExtension>
            <ns3:hr>139</ns3:hr>
            <ns3:cad>90</ns3:cad>
          </ns3:TrackPointExtension>
        </extensions>
      </trkpt>
      <trkpt lat="23.170866407454013824462890625" lon="113.4272133372724056243896484375">
        <ele>21.799999237060546875</ele>
        <time>2026-07-14T11:00:12.000Z</time>
        <extensions>
          <ns3:TrackPointExtension>
            <ns3:hr>139</ns3:hr>
            <ns3:cad>90</ns3:cad>
          </ns3:TrackPointExtension>
        </extensions>
      </trkpt>
      <trkpt lat="23.17088954150676727294921875" lon="113.427222557365894317626953125">
        <ele>21.799999237060546875</ele>
        <time>2026-07-14T11:00:13.000Z</time>
        <extensions>
          <ns3:TrackPointExtension>
            <ns3:hr>139</ns3:hr>
            <ns3:cad>90</ns3:cad>
          </ns3:TrackPointExtension>
        </extensions>
      </trkpt>
      <trkpt lat="23.17091477103531360626220703125" lon="113.42724024318158626556396484375">
        <ele>21.799999237060546875</ele>
        <time>2026-07-14T11:00:14.000Z</time>
        <extensions>
          <ns3:TrackPointExtension>
            <ns3:hr>138</ns3:hr>
            <ns3:cad>91</ns3:cad>
          </ns3:TrackPointExtension>
        </extensions>
      </trkpt>
      <trkpt lat="23.1709369830787181854248046875" lon="113.42725683934986591339111328125">
        <ele>21.799999237060546875</ele>
        <time>2026-07-14T11:00:15.000Z</time>
        <extensions>
          <ns3:TrackPointExtension>
            <ns3:hr>138</ns3:hr>
            <ns3:cad>90</ns3:cad>
          </ns3:TrackPointExtension>
        </extensions>
      </trkpt>
      <trkpt lat="23.170962296426296234130859375" lon="113.42727427370846271514892578125">
        <ele>21.799999237060546875</ele>
        <time>2026-07-14T11:00:16.000Z</time>
        <extensions>
          <ns3:TrackPointExtension>
            <ns3:hr>138</ns3:hr>
            <ns3:cad>91</ns3:cad>
          </ns3:TrackPointExtension>
        </extensions>
      </trkpt>
      <trkpt lat="23.1709859333932399749755859375" lon="113.42728651128709316253662109375">
        <ele>21.799999237060546875</ele>
        <time>2026-07-14T11:00:17.000Z</time>
        <extensions>
          <ns3:TrackPointExtension>
            <ns3:hr>138</ns3:hr>
            <ns3:cad>91</ns3:cad>
          </ns3:TrackPointExtension>
        </extensions>
      </trkpt>
      <trkpt lat="23.17101267166435718536376953125" lon="113.42730377800762653350830078125">
        <ele>21.799999237060546875</ele>
        <time>2026-07-14T11:00:18.000Z</time>
        <extensions>
          <ns3:TrackPointExtension>
            <ns3:hr>138</ns3:hr>
            <ns3:cad>91</ns3:cad>
          </ns3:TrackPointExtension>
        </extensions>
      </trkpt>
      <trkpt lat="23.1710350513458251953125" lon="113.42732020653784275054931640625">
        <ele>21.799999237060546875</ele>
        <time>2026-07-14T11:00:19.000Z</time>
        <extensions>
          <ns3:TrackPointExtension>
            <ns3:hr>138</ns3:hr>
            <ns3:cad>91</ns3:cad>
          </ns3:TrackPointExtension>
        </extensions>
      </trkpt>
      <trkpt lat="23.17105986177921295166015625" lon="113.42734090983867645263671875">
        <ele>21.799999237060546875</ele>
        <time>2026-07-14T11:00:20.000Z</time>
        <extensions>
          <ns3:TrackPointExtension>
            <ns3:hr>138</ns3:hr>
            <ns3:cad>90</ns3:cad>
          </ns3:TrackPointExtension>
        </extensions>
      </trkpt>
      <trkpt lat="23.17108123563230037689208984375" lon="113.42735809274017810821533203125">
        <ele>21.799999237060546875</ele>
        <time>2026-07-14T11:00:21.000Z</time>
        <extensions>
          <ns3:TrackPointExtension>
            <ns3:hr>138</ns3:hr>
            <ns3:cad>90</ns3:cad>
          </ns3:TrackPointExtension>
        </extensions>
      </trkpt>
      <trkpt lat="23.17110436968505382537841796875" lon="113.42738273553550243377685546875">
        <ele>21.799999237060546875</ele>
        <time>2026-07-14T11:00:22.000Z</time>
        <extensions>
          <ns3:TrackPointExtension>
            <ns3:hr>138</ns3:hr>
            <ns3:cad>90</ns3:cad>
          </ns3:TrackPointExtension>
        </extensions>
      </trkpt>
      <trkpt lat="23.1711257435381412506103515625" lon="113.42740117572247982025146484375">
        <ele>21.799999237060546875</ele>
        <time>2026-07-14T11:00:23.000Z</time>
        <extensions>
          <ns3:TrackPointExtension>
            <ns3:hr>138</ns3:hr>
            <ns3:cad>90</ns3:cad>
          </ns3:TrackPointExtension>
        </extensions>
      </trkpt>
      <trkpt lat="23.1711512245237827301025390625" lon="113.427423723042011260986328125">
        <ele>21.799999237060546875</ele>
        <time>2026-07-14T11:00:24.000Z</time>
        <extensions>
          <ns3:TrackPointExtension>
            <ns3:hr>138</ns3:hr>
            <ns3:cad>90</ns3:cad>
          </ns3:TrackPointExtension>
        </extensions>
      </trkpt>
      <trkpt lat="23.171172849833965301513671875" lon="113.427443839609622955322265625">
        <ele>21.799999237060546875</ele>
        <time>2026-07-14T11:00:25.000Z</time>
        <extensions>
          <ns3:TrackPointExtension>
            <ns3:hr>138</ns3:hr>
            <ns3:cad>90</ns3:cad>
          </ns3:TrackPointExtension>
        </extensions>
      </trkpt>
      <trkpt lat="23.17119321785867214202880859375" lon="113.42746839858591556549072265625">
        <ele>21.799999237060546875</ele>
        <time>2026-07-14T11:00:26.000Z</time>
        <extensions>
          <ns3:TrackPointExtension>
            <ns3:hr>138</ns3:hr>
            <ns3:cad>90</ns3:cad>
          </ns3:TrackPointExtension>
        </extensions>
      </trkpt>
      <trkpt lat="23.1712129153311252593994140625" lon="113.42748784460127353668212890625">
        <ele>21.799999237060546875</ele>
        <time>2026-07-14T11:00:27.000Z</time>
        <extensions>
          <ns3:TrackPointExtension>
            <ns3:hr>138</ns3:hr>
            <ns3:cad>91</ns3:cad>
          </ns3:TrackPointExtension>
        </extensions>
      </trkpt>
      <trkpt lat="23.17123345099389553070068359375" lon="113.42751584015786647796630859375">
        <ele>21.799999237060546875</ele>
        <time>2026-07-14T11:00:28.000Z</time>
        <extensions>
          <ns3:TrackPointExtension>
            <ns3:hr>138</ns3:hr>
            <ns3:cad>90</ns3:cad>
          </ns3:TrackPointExtension>
        </extensions>
      </trkpt>
      <trkpt lat="23.1712514720857143402099609375" lon="113.427537716925144195556640625">
        <ele>21.799999237060546875</ele>
        <time>2026-07-14T11:00:29.000Z</time>
        <extensions>
          <ns3:TrackPointExtension>
            <ns3:hr>138</ns3:hr>
            <ns3:cad>90</ns3:cad>
          </ns3:TrackPointExtension>
        </extensions>
      </trkpt>
      <trkpt lat="23.17127318121492862701416015625" lon="113.427567221224308013916015625">
        <ele>21.799999237060546875</ele>
        <time>2026-07-14T11:00:30.000Z</time>
        <extensions>
          <ns3:TrackPointExtension>
            <ns3:hr>138</ns3:hr>
            <ns3:cad>90</ns3:cad>
          </ns3:TrackPointExtension>
        </extensions>
      </trkpt>
      <trkpt lat="23.1712923757731914520263671875" lon="113.42759043909609317779541015625">
        <ele>21.799999237060546875</ele>
        <time>2026-07-14T11:00:31.000Z</time>
        <extensions>
          <ns3:TrackPointExtension>
            <ns3:hr>138</ns3:hr>
            <ns3:cad>90</ns3:cad>
          </ns3:TrackPointExtension>
        </extensions>
      </trkpt>
      <trkpt lat="23.17131198942661285400390625" lon="113.42761592008173465728759765625">
        <ele>21.799999237060546875</ele>
        <time>2026-07-14T11:00:32.000Z</time>
        <extensions>
          <ns3:TrackPointExtension>
            <ns3:hr>138</ns3:hr>
            <ns3:cad>90</ns3:cad>
          </ns3:TrackPointExtension>
        </extensions>
      </trkpt>
      <trkpt lat="23.17132866941392421722412109375" lon="113.4276371262967586517333984375">
        <ele>21.799999237060546875</ele>
        <time>2026-07-14T11:00:33.000Z</time>
        <extensions>
          <ns3:TrackPointExtension>
            <ns3:hr>138</ns3:hr>
            <ns3:cad>90</ns3:cad>
          </ns3:TrackPointExtension>
        </extensions>
      </trkpt>
      <trkpt lat="23.1713413260877132415771484375" lon="113.4276619367301464080810546875">
        <ele>21.799999237060546875</ele>
        <time>2026-07-14T11:00:34.000Z</time>
        <extensions>
          <ns3:TrackPointExtension>
            <ns3:hr>138</ns3:hr>
            <ns3:cad>90</ns3:cad>
          </ns3:TrackPointExtension>
        </extensions>
      </trkpt>
      <trkpt lat="23.17135632969439029693603515625" lon="113.42768465168774127960205078125">
        <ele>21.799999237060546875</ele>
        <time>2026-07-14T11:00:35.000Z</time>
        <extensions>
          <ns3:TrackPointExtension>
            <ns3:hr>138</ns3:hr>
            <ns3:cad>90</ns3:cad>
          </ns3:TrackPointExtension>
        </extensions>
      </trkpt>
      <trkpt lat="23.1713701598346233367919921875" lon="113.42771097086369991302490234375">
        <ele>22</ele>
        <time>2026-07-14T11:00:36.000Z</time>
        <extensions>
          <ns3:TrackPointExtension>
            <ns3:hr>138</ns3:hr>
            <ns3:cad>90</ns3:cad>
          </ns3:TrackPointExtension>
        </extensions>
      </trkpt>
      <trkpt lat="23.171387426555156707763671875" lon="113.42773444019258022308349609375">
        <ele>22</ele>
        <time>2026-07-14T11:00:37.000Z</time>
        <extensions>
          <ns3:TrackPointExtension>
            <ns3:hr>138</ns3:hr>
            <ns3:cad>90</ns3:cad>
          </ns3:TrackPointExtension>
        </extensions>
      </trkpt>
      <trkpt lat="23.17139924503862857818603515625" lon="113.42776042409241199493408203125">
        <ele>22</ele>
        <time>2026-07-14T11:00:38.000Z</time>
        <extensions>
          <ns3:TrackPointExtension>
            <ns3:hr>138</ns3:hr>
            <ns3:cad>90</ns3:cad>
          </ns3:TrackPointExtension>
        </extensions>
      </trkpt>
      <trkpt lat="23.17141391336917877197265625" lon="113.42778347432613372802734375">
        <ele>22</ele>
        <time>2026-07-14T11:00:39.000Z</time>
        <extensions>
          <ns3:TrackPointExtension>
            <ns3:hr>137</ns3:hr>
            <ns3:cad>90</ns3:cad>
          </ns3:TrackPointExtension>
        </extensions>
      </trkpt>
      <trkpt lat="23.17143310792744159698486328125" lon="113.4278141520917415618896484375">
        <ele>22</ele>
        <time>2026-07-14T11:00:40.000Z</time>
        <extensions>
          <ns3:TrackPointExtension>
            <ns3:hr>137</ns3:hr>
            <ns3:cad>89</ns3:cad>
          </ns3:TrackPointExtension>
        </extensions>
      </trkpt>
      <trkpt lat="23.17144836299121379852294921875" lon="113.42783485539257526397705078125">
        <ele>22</ele>
        <time>2026-07-14T11:00:41.000Z</time>
        <extensions>
          <ns3:TrackPointExtension>
            <ns3:hr>137</ns3:hr>
            <ns3:cad>89</ns3:cad>
          </ns3:TrackPointExtension>
        </extensions>
      </trkpt>
      <trkpt lat="23.1714642047882080078125" lon="113.42786452732980251312255859375">
        <ele>21.799999237060546875</ele>
        <time>2026-07-14T11:00:42.000Z</time>
        <extensions>
          <ns3:TrackPointExtension>
            <ns3:hr>137</ns3:hr>
            <ns3:cad>89</ns3:cad>
          </ns3:TrackPointExtension>
        </extensions>
      </trkpt>
      <trkpt lat="23.17148004658520221710205078125" lon="113.427891768515110015869140625">
        <ele>22</ele>
        <time>2026-07-14T11:00:43.000Z</time>
        <extensions>
          <ns3:TrackPointExtension>
            <ns3:hr>136</ns3:hr>
            <ns3:cad>89</ns3:cad>
          </ns3:TrackPointExtension>
        </extensions>
      </trkpt>
      <trkpt lat="23.171493373811244964599609375" lon="113.42791934497654438018798828125">
        <ele>21.799999237060546875</ele>
        <time>2026-07-14T11:00:44.000Z</time>
        <extensions>
          <ns3:TrackPointExtension>
            <ns3:hr>136</ns3:hr>
            <ns3:cad>90</ns3:cad>
          </ns3:TrackPointExtension>
        </extensions>
      </trkpt>
      <trkpt lat="23.17150988616049289703369140625" lon="113.42794365249574184417724609375">
        <ele>21.799999237060546875</ele>
        <time>2026-07-14T11:00:45.000Z</time>
        <extensions>
          <ns3:TrackPointExtension>
            <ns3:hr>136</ns3:hr>
            <ns3:cad>90</ns3:cad>
          </ns3:TrackPointExtension>
        </extensions>
      </trkpt>
      <trkpt lat="23.17152212373912334442138671875" lon="113.427968882024288177490234375">
        <ele>21.799999237060546875</ele>
        <time>2026-07-14T11:00:46.000Z</time>
        <extensions>
          <ns3:TrackPointExtension>
            <ns3:hr>137</ns3:hr>
            <ns3:cad>90</ns3:cad>
          </ns3:TrackPointExtension>
        </extensions>
      </trkpt>
      <trkpt lat="23.17153788171708583831787109375" lon="113.42799847014248371124267578125">
        <ele>22</ele>
        <time>2026-07-14T11:00:47.000Z</time>
        <extensions>
          <ns3:TrackPointExtension>
            <ns3:hr>136</ns3:hr>
            <ns3:cad>91</ns3:cad>
          </ns3:TrackPointExtension>
        </extensions>
      </trkpt>
      <trkpt lat="23.17155196331441402435302734375" lon="113.42802395112812519073486328125">
        <ele>22</ele>
        <time>2026-07-14T11:00:48.000Z</time>
        <extensions>
          <ns3:TrackPointExtension>
            <ns3:hr>135</ns3:hr>
            <ns3:cad>91</ns3:cad>
          </ns3:TrackPointExtension>
        </extensions>
      </trkpt>
      <trkpt lat="23.171568810939788818359375" lon="113.42805043794214725494384765625">
        <ele>22</ele>
        <time>2026-07-14T11:00:49.000Z</time>
        <extensions>
          <ns3:TrackPointExtension>
            <ns3:hr>135</ns3:hr>
            <ns3:cad>91</ns3:cad>
          </ns3:TrackPointExtension>
        </extensions>
      </trkpt>
      <trkpt lat="23.171583898365497589111328125" lon="113.428071476519107818603515625">
        <ele>22</ele>
        <time>2026-07-14T11:00:50.000Z</time>
        <extensions>
          <ns3:TrackPointExtension>
            <ns3:hr>135</ns3:hr>
            <ns3:cad>91</ns3:cad>
          </ns3:TrackPointExtension>
        </extensions>
      </trkpt>
      <trkpt lat="23.17159974016249179840087890625" lon="113.42809922061860561370849609375">
        <ele>22</ele>
        <time>2026-07-14T11:00:51.000Z</time>
        <extensions>
          <ns3:TrackPointExtension>
            <ns3:hr>135</ns3:hr>
            <ns3:cad>91</ns3:cad>
          </ns3:TrackPointExtension>
        </extensions>
      </trkpt>
      <trkpt lat="23.17161097191274166107177734375" lon="113.42812403105199337005615234375">
        <ele>22</ele>
        <time>2026-07-14T11:00:52.000Z</time>
        <extensions>
          <ns3:TrackPointExtension>
            <ns3:hr>135</ns3:hr>
            <ns3:cad>92</ns3:cad>
          </ns3:TrackPointExtension>
        </extensions>
      </trkpt>
      <trkpt lat="23.17162253893911838531494140625" lon="113.42816158197820186614990234375">
        <ele>21.799999237060546875</ele>
        <time>2026-07-14T11:00:53.000Z</time>
        <extensions>
          <ns3:TrackPointExtension>
            <ns3:hr>135</ns3:hr>
            <ns3:cad>92</ns3:cad>
          </ns3:TrackPointExtension>
        </extensions>
      </trkpt>
      <trkpt lat="23.17163645289838314056396484375" lon="113.42818924225866794586181640625">
        <ele>21.799999237060546875</ele>
        <time>2026-07-14T11:00:54.000Z</time>
        <extensions>
          <ns3:TrackPointExtension>
            <ns3:hr>135</ns3:hr>
            <ns3:cad>93</ns3:cad>
          </ns3:TrackPointExtension>
        </extensions>
      </trkpt>
      <trkpt lat="23.17165128886699676513671875" lon="113.42822461389005184173583984375">
        <ele>21.799999237060546875</ele>
        <time>2026-07-14T11:00:55.000Z</time>
        <extensions>
          <ns3:TrackPointExtension>
            <ns3:hr>135</ns3:hr>
            <ns3:cad>93</ns3:cad>
          </ns3:TrackPointExtension>
        </extensions>
      </trkpt>
      <trkpt lat="23.1716695614159107208251953125" lon="113.428245820105075836181640625">
        <ele>21.799999237060546875</ele>
        <time>2026-07-14T11:00:56.000Z</time>
        <extensions>
          <ns3:TrackPointExtension>
            <ns3:hr>135</ns3:hr>
            <ns3:cad>92</ns3:cad>
          </ns3:TrackPointExtension>
        </extensions>
      </trkpt>
      <trkpt lat="23.17168506793677806854248046875" lon="113.4282764978706836700439453125">
        <ele>21.799999237060546875</ele>
        <time>2026-07-14T11:00:57.000Z</time>
        <extensions>
          <ns3:TrackPointExtension>
            <ns3:hr>135</ns3:hr>
            <ns3:cad>92</ns3:cad>
          </ns3:TrackPointExtension>
        </extensions>
      </trkpt>
      <trkpt lat="23.17170250229537487030029296875" lon="113.4283004701137542724609375">
        <ele>21.799999237060546875</ele>
        <time>2026-07-14T11:00:58.000Z</time>
        <extensions>
          <ns3:TrackPointExtension>
            <ns3:hr>135</ns3:hr>
            <ns3:cad>91</ns3:cad>
          </ns3:TrackPointExtension>
        </extensions>
      </trkpt>
      <trkpt lat="23.17171842791140079498291015625" lon="113.4283298067748546600341796875">
        <ele>21.799999237060546875</ele>
        <time>2026-07-14T11:00:59.000Z</time>
        <extensions>
          <ns3:TrackPointExtension>
            <ns3:hr>135</ns3:hr>
            <ns3:cad>91</ns3:cad>
          </ns3:TrackPointExtension>
        </extensions>
      </trkpt>
      <trkpt lat="23.1717319227755069732666015625" lon="113.42835034243762493133544921875">
        <ele>21.799999237060546875</ele>
        <time>2026-07-14T11:01:00.000Z</time>
        <extensions>
          <ns3:TrackPointExtension>
            <ns3:hr>135</ns3:hr>
            <ns3:cad>92</ns3:cad>
          </ns3:TrackPointExtension>
        </extensions>
      </trkpt>
      <trkpt lat="23.17174525000154972076416015625" lon="113.42837682925164699554443359375">
        <ele>21.799999237060546875</ele>
        <time>2026-07-14T11:01:01.000Z</time>
        <extensions>
          <ns3:TrackPointExtension>
            <ns3:hr>135</ns3:hr>
            <ns3:cad>92</ns3:cad>
          </ns3:TrackPointExtension>
        </extensions>
      </trkpt>
      <trkpt lat="23.17175581119954586029052734375" lon="113.42840147204697132110595703125">
        <ele>22</ele>
        <time>2026-07-14T11:01:02.000Z</time>
        <extensions>
          <ns3:TrackPointExtension>
            <ns3:hr>135</ns3:hr>
            <ns3:cad>92</ns3:cad>
          </ns3:TrackPointExtension>
        </extensions>
      </trkpt>
      <trkpt lat="23.17176687531173229217529296875" lon="113.4284277074038982391357421875">
        <ele>22</ele>
        <time>2026-07-14T11:01:03.000Z</time>
        <extensions>
          <ns3:TrackPointExtension>
            <ns3:hr>135</ns3:hr>
            <ns3:cad>92</ns3:cad>
          </ns3:TrackPointExtension>
        </extensions>
      </trkpt>
      <trkpt lat="23.17178598605096340179443359375" lon="113.4284501709043979644775390625">
        <ele>22</ele>
        <time>2026-07-14T11:01:04.000Z</time>
        <extensions>
          <ns3:TrackPointExtension>
            <ns3:hr>134</ns3:hr>
            <ns3:cad>92</ns3:cad>
          </ns3:TrackPointExtension>
        </extensions>
      </trkpt>
      <trkpt lat="23.17180023528635501861572265625" lon="113.4284774959087371826171875">
        <ele>21.799999237060546875</ele>
        <time>2026-07-14T11:01:05.000Z</time>
        <extensions>
          <ns3:TrackPointExtension>
            <ns3:hr>134</ns3:hr>
            <ns3:cad>92</ns3:cad>
          </ns3:TrackPointExtension>
        </extensions>
      </trkpt>
      <trkpt lat="23.1718169152736663818359375" lon="113.42850741930305957794189453125">
        <ele>21.799999237060546875</ele>
        <time>2026-07-14T11:01:06.000Z</time>
        <extensions>
          <ns3:TrackPointExtension>
            <ns3:hr>134</ns3:hr>
            <ns3:cad>92</ns3:cad>
          </ns3:TrackPointExtension>
        </extensions>
      </trkpt>
      <trkpt lat="23.17183208651840686798095703125" lon="113.42852912843227386474609375">
        <ele>21.799999237060546875</ele>
        <time>2026-07-14T11:01:07.000Z</time>
        <extensions>
          <ns3:TrackPointExtension>
            <ns3:hr>134</ns3:hr>
            <ns3:cad>92</ns3:cad>
          </ns3:TrackPointExtension>
        </extensions>
      </trkpt>
      <trkpt lat="23.17184918560087680816650390625" lon="113.4285564534366130828857421875">
        <ele>21.799999237060546875</ele>
        <time>2026-07-14T11:01:08.000Z</time>
        <extensions>
          <ns3:TrackPointExtension>
            <ns3:hr>133</ns3:hr>
            <ns3:cad>92</ns3:cad>
          </ns3:TrackPointExtension>
        </extensions>
      </trkpt>
      <trkpt lat="23.17186720669269561767578125" lon="113.42857765965163707733154296875">
        <ele>21.799999237060546875</ele>
        <time>2026-07-14T11:01:09.000Z</time>
        <extensions>
          <ns3:TrackPointExtension>
            <ns3:hr>133</ns3:hr>
            <ns3:cad>91</ns3:cad>
          </ns3:TrackPointExtension>
        </extensions>
      </trkpt>
      <trkpt lat="23.17188153974711894989013671875" lon="113.428607918322086334228515625">
        <ele>21.799999237060546875</ele>
        <time>2026-07-14T11:01:10.000Z</time>
        <extensions>
          <ns3:TrackPointExtension>
            <ns3:hr>133</ns3:hr>
            <ns3:cad>91</ns3:cad>
          </ns3:TrackPointExtension>
        </extensions>
      </trkpt>
      <trkpt lat="23.17189360968768596649169921875" lon="113.42863063327968120574951171875">
        <ele>22</ele>
        <time>2026-07-14T11:01:11.000Z</time>
        <extensions>
          <ns3:TrackPointExtension>
            <ns3:hr>133</ns3:hr>
            <ns3:cad>91</ns3:cad>
          </ns3:TrackPointExtension>
        </extensions>
      </trkpt>
      <trkpt lat="23.17190903238952159881591796875" lon="113.428661562502384185791015625">
        <ele>22</ele>
        <time>2026-07-14T11:01:12.000Z</time>
        <extensions>
          <ns3:TrackPointExtension>
            <ns3:hr>134</ns3:hr>
            <ns3:cad>91</ns3:cad>
          </ns3:TrackPointExtension>
        </extensions>
      </trkpt>
      <trkpt lat="23.1719237007200717926025390625" lon="113.4286805056035518646240234375">
        <ele>22</ele>
        <time>2026-07-14T11:01:13.000Z</time>
        <extensions>
          <ns3:TrackPointExtension>
            <ns3:hr>133</ns3:hr>
            <ns3:cad>91</ns3:cad>
          </ns3:TrackPointExtension>
        </extensions>
      </trkpt>
      <trkpt lat="23.171938955783843994140625" lon="113.42870757915079593658447265625">
        <ele>22</ele>
        <time>2026-07-14T11:01:14.000Z</time>
        <extensions>
          <ns3:TrackPointExtension>
            <ns3:hr>133</ns3:hr>
            <ns3:cad>91</ns3:cad>
          </ns3:TrackPointExtension>
        </extensions>
      </trkpt>
      <trkpt lat="23.171952702105045318603515625" lon="113.428732641041278839111328125">
        <ele>22</ele>
        <time>2026-07-14T11:01:15.000Z</time>
        <extensions>
          <ns3:TrackPointExtension>
            <ns3:hr>134</ns3:hr>
            <ns3:cad>91</ns3:cad>
          </ns3:TrackPointExtension>
        </extensions>
      </trkpt>
      <trkpt lat="23.17197139374911785125732421875" lon="113.4287603013217449188232421875">
        <ele>22.200000762939453125</ele>
        <time>2026-07-14T11:01:16.000Z</time>
        <extensions>
          <ns3:TrackPointExtension>
            <ns3:hr>133</ns3:hr>
            <ns3:cad>92</ns3:cad>
          </ns3:TrackPointExtension>
        </extensions>
      </trkpt>
      <trkpt lat="23.17198790609836578369140625" lon="113.42878100462257862091064453125">
        <ele>22</ele>
        <time>2026-07-14T11:01:17.000Z</time>
        <extensions>
          <ns3:TrackPointExtension>
            <ns3:hr>133</ns3:hr>
            <ns3:cad>92</ns3:cad>
          </ns3:TrackPointExtension>
        </extensions>
      </trkpt>
      <trkpt lat="23.172007016837596893310546875" lon="113.42880950309336185455322265625">
        <ele>22</ele>
        <time>2026-07-14T11:01:18.000Z</time>
        <extensions>
          <ns3:TrackPointExtension>
            <ns3:hr>134</ns3:hr>
            <ns3:cad>93</ns3:cad>
          </ns3:TrackPointExtension>
        </extensions>
      </trkpt>
      <trkpt lat="23.17201933823525905609130859375" lon="113.42882878147065639495849609375">
        <ele>22</ele>
        <time>2026-07-14T11:01:19.000Z</time>
        <extensions>
          <ns3:TrackPointExtension>
            <ns3:hr>134</ns3:hr>
            <ns3:cad>93</ns3:cad>
          </ns3:TrackPointExtension>
        </extensions>
      </trkpt>
      <trkpt lat="23.17204263992607593536376953125" lon="113.4288521669805049896240234375">
        <ele>22</ele>
        <time>2026-07-14T11:01:20.000Z</time>
        <extensions>
          <ns3:TrackPointExtension>
            <ns3:hr>134</ns3:hr>
            <ns3:cad>92</ns3:cad>
          </ns3:TrackPointExtension>
        </extensions>
      </trkpt>
      <trkpt lat="23.1720614992082118988037109375" lon="113.42886499129235744476318359375">
        <ele>22</ele>
        <time>2026-07-14T11:01:21.000Z</time>
        <extensions>
          <ns3:TrackPointExtension>
            <ns3:hr>135</ns3:hr>
            <ns3:cad>90</ns3:cad>
          </ns3:TrackPointExtension>
        </extensions>
      </trkpt>
      <trkpt lat="23.1720849685370922088623046875" lon="113.4288877062499523162841796875">
        <ele>22</ele>
        <time>2026-07-14T11:01:22.000Z</time>
        <extensions>
          <ns3:TrackPointExtension>
            <ns3:hr>136</ns3:hr>
            <ns3:cad>90</ns3:cad>
          </ns3:TrackPointExtension>
        </extensions>
      </trkpt>
      <trkpt lat="23.1721040792763233184814453125" lon="113.42890153639018535614013671875">
        <ele>22</ele>
        <time>2026-07-14T11:01:23.000Z</time>
        <extensions>
          <ns3:TrackPointExtension>
            <ns3:hr>136</ns3:hr>
            <ns3:cad>90</ns3:cad>
          </ns3:TrackPointExtension>
        </extensions>
      </trkpt>
      <trkpt lat="23.17213014699518680572509765625" lon="113.42892475426197052001953125">
        <ele>22.200000762939453125</ele>
        <time>2026-07-14T11:01:24.000Z</time>
        <extensions>
          <ns3:TrackPointExtension>
            <ns3:hr>137</ns3:hr>
            <ns3:cad>90</ns3:cad>
          </ns3:TrackPointExtension>
        </extensions>
      </trkpt>
      <trkpt lat="23.17215177230536937713623046875" lon="113.4289356507360935211181640625">
        <ele>22.3999996185302734375</ele>
        <time>2026-07-14T11:01:25.000Z</time>
        <extensions>
          <ns3:TrackPointExtension>
            <ns3:hr>137</ns3:hr>
            <ns3:cad>90</ns3:cad>
          </ns3:TrackPointExtension>
        </extensions>
      </trkpt>
      <trkpt lat="23.17217968404293060302734375" lon="113.42895534820854663848876953125">
        <ele>22.3999996185302734375</ele>
        <time>2026-07-14T11:01:26.000Z</time>
        <extensions>
          <ns3:TrackPointExtension>
            <ns3:hr>138</ns3:hr>
            <ns3:cad>90</ns3:cad>
          </ns3:TrackPointExtension>
        </extensions>
      </trkpt>
      <trkpt lat="23.1722036562860012054443359375" lon="113.42896909452974796295166015625">
        <ele>22.3999996185302734375</ele>
        <time>2026-07-14T11:01:27.000Z</time>
        <extensions>
          <ns3:TrackPointExtension>
            <ns3:hr>138</ns3:hr>
            <ns3:cad>90</ns3:cad>
          </ns3:TrackPointExtension>
        </extensions>
      </trkpt>
      <trkpt lat="23.17223072983324527740478515625" lon="113.4289859421551227569580078125">
        <ele>22.3999996185302734375</ele>
        <time>2026-07-14T11:01:28.000Z</time>
        <extensions>
          <ns3:TrackPointExtension>
            <ns3:hr>138</ns3:hr>
            <ns3:cad>90</ns3:cad>
          </ns3:TrackPointExtension>
        </extensions>
      </trkpt>
      <trkpt lat="23.17225503735244274139404296875" lon="113.42899608425796031951904296875">
        <ele>22.3999996185302734375</ele>
        <time>2026-07-14T11:01:29.000Z</time>
        <extensions>
          <ns3:TrackPointExtension>
            <ns3:hr>138</ns3:hr>
            <ns3:cad>91</ns3:cad>
          </ns3:TrackPointExtension>
        </extensions>
      </trkpt>
      <trkpt lat="23.17227733321487903594970703125" lon="113.4290087409317493438720703125">
        <ele>22.3999996185302734375</ele>
        <time>2026-07-14T11:01:30.000Z</time>
        <extensions>
          <ns3:TrackPointExtension>
            <ns3:hr>138</ns3:hr>
            <ns3:cad>91</ns3:cad>
          </ns3:TrackPointExtension>
        </extensions>
      </trkpt>
      <trkpt lat="23.17230666987597942352294921875" lon="113.4290219843387603759765625">
        <ele>22.200000762939453125</ele>
        <time>2026-07-14T11:01:31.000Z</time>
        <extensions>
          <ns3:TrackPointExtension>
            <ns3:hr>138</ns3:hr>
            <ns3:cad>91</ns3:cad>
          </ns3:TrackPointExtension>
        </extensions>
      </trkpt>
      <trkpt lat="23.1723327375948429107666015625" lon="113.42903296463191509246826171875">
        <ele>22.200000762939453125</ele>
        <time>2026-07-14T11:01:32.000Z</time>
        <extensions>
          <ns3:TrackPointExtension>
            <ns3:hr>137</ns3:hr>
            <ns3:cad>92</ns3:cad>
          </ns3:TrackPointExtension>
        </extensions>
      </trkpt>
      <trkpt lat="23.1723632477223873138427734375" lon="113.42903983779251575469970703125">
        <ele>22.200000762939453125</ele>
        <time>2026-07-14T11:01:33.000Z</time>
        <extensions>
          <ns3:TrackPointExtension>
            <ns3:hr>137</ns3:hr>
            <ns3:cad>92</ns3:cad>
          </ns3:TrackPointExtension>
        </extensions>
      </trkpt>
      <trkpt lat="23.1723904050886631011962890625" lon="113.4290456213057041168212890625">
        <ele>22.200000762939453125</ele>
        <time>2026-07-14T11:01:34.000Z</time>
        <extensions>
          <ns3:TrackPointExtension>
            <ns3:hr>137</ns3:hr>
            <ns3:cad>92</ns3:cad>
          </ns3:TrackPointExtension>
        </extensions>
      </trkpt>
      <trkpt lat="23.17242166958749294281005859375" lon="113.42904721386730670928955078125">
        <ele>22.200000762939453125</ele>
        <time>2026-07-14T11:01:35.000Z</time>
        <extensions>
          <ns3:TrackPointExtension>
            <ns3:hr>137</ns3:hr>
            <ns3:cad>92</ns3:cad>
          </ns3:TrackPointExtension>
        </extensions>
      </trkpt>
      <trkpt lat="23.1724474020302295684814453125" lon="113.4290493093430995941162109375">
        <ele>22.200000762939453125</ele>
        <time>2026-07-14T11:01:36.000Z</time>
        <extensions>
          <ns3:TrackPointExtension>
            <ns3:hr>136</ns3:hr>
            <ns3:cad>92</ns3:cad>
          </ns3:TrackPointExtension>
        </extensions>
      </trkpt>
      <trkpt lat="23.17247665487229824066162109375" lon="113.429053165018558502197265625">
        <ele>22.200000762939453125</ele>
        <time>2026-07-14T11:01:37.000Z</time>
        <extensions>
          <ns3:TrackPointExtension>
            <ns3:hr>136</ns3:hr>
            <ns3:cad>91</ns3:cad>
          </ns3:TrackPointExtension>
        </extensions>
      </trkpt>
      <trkpt lat="23.1725050695240497589111328125" lon="113.429052494466304779052734375">
        <ele>22.200000762939453125</ele>
        <time>2026-07-14T11:01:38.000Z</time>
        <extensions>
          <ns3:TrackPointExtension>
            <ns3:hr>136</ns3:hr>
            <ns3:cad>91</ns3:cad>
          </ns3:TrackPointExtension>
        </extensions>
      </trkpt>
      <trkpt lat="23.1725318916141986846923828125" lon="113.429056517779827117919921875">
        <ele>22.3999996185302734375</ele>
        <time>2026-07-14T11:01:39.000Z</time>
        <extensions>
          <ns3:TrackPointExtension>
            <ns3:hr>136</ns3:hr>
            <ns3:cad>92</ns3:cad>
          </ns3:TrackPointExtension>
        </extensions>
      </trkpt>
      <trkpt lat="23.17255862988531589508056640625" lon="113.4290553443133831024169921875">
        <ele>22.3999996185302734375</ele>
        <time>2026-07-14T11:01:40.000Z</time>
        <extensions>
          <ns3:TrackPointExtension>
            <ns3:hr>137</ns3:hr>
            <ns3:cad>92</ns3:cad>
          </ns3:TrackPointExtension>
        </extensions>
      </trkpt>
      <trkpt lat="23.17259131930768489837646484375" lon="113.42906062491238117218017578125">
        <ele>22.6000003814697265625</ele>
        <time>2026-07-14T11:01:41.000Z</time>
        <extensions>
          <ns3:TrackPointExtension>
            <ns3:hr>136</ns3:hr>
            <ns3:cad>92</ns3:cad>
          </ns3:TrackPointExtension>
        </extensions>
      </trkpt>
      <trkpt lat="23.17261847667396068572998046875" lon="113.42906313948333263397216796875">
        <ele>22.799999237060546875</ele>
        <time>2026-07-14T11:01:42.000Z</time>
        <extensions>
          <ns3:TrackPointExtension>
            <ns3:hr>136</ns3:hr>
            <ns3:cad>92</ns3:cad>
          </ns3:TrackPointExtension>
        </extensions>
      </trkpt>
      <trkpt lat="23.17264974117279052734375" lon="113.429069928824901580810546875">
        <ele>22.799999237060546875</ele>
        <time>2026-07-14T11:01:43.000Z</time>
        <extensions>
          <ns3:TrackPointExtension>
            <ns3:hr>137</ns3:hr>
            <ns3:cad>92</ns3:cad>
          </ns3:TrackPointExtension>
        </extensions>
      </trkpt>
      <trkpt lat="23.172672875225543975830078125" lon="113.4290721081197261810302734375">
        <ele>22.6000003814697265625</ele>
        <time>2026-07-14T11:01:44.000Z</time>
        <extensions>
          <ns3:TrackPointExtension>
            <ns3:hr>137</ns3:hr>
            <ns3:cad>92</ns3:cad>
          </ns3:TrackPointExtension>
        </extensions>
      </trkpt>
      <trkpt lat="23.1727069057524204254150390625" lon="113.4290771372616291046142578125">
        <ele>22.3999996185302734375</ele>
        <time>2026-07-14T11:01:45.000Z</time>
        <extensions>
          <ns3:TrackPointExtension>
            <ns3:hr>137</ns3:hr>
            <ns3:cad>92</ns3:cad>
          </ns3:TrackPointExtension>
        </extensions>
      </trkpt>
      <trkpt lat="23.1727300398051738739013671875" lon="113.42907353304326534271240234375">
        <ele>22.3999996185302734375</ele>
        <time>2026-07-14T11:01:46.000Z</time>
        <extensions>
          <ns3:TrackPointExtension>
            <ns3:hr>138</ns3:hr>
            <ns3:cad>91</ns3:cad>
          </ns3:TrackPointExtension>
        </extensions>
      </trkpt>
      <trkpt lat="23.17276029847562313079833984375" lon="113.42907227575778961181640625">
        <ele>22.3999996185302734375</ele>
        <time>2026-07-14T11:01:47.000Z</time>
        <extensions>
          <ns3:TrackPointExtension>
            <ns3:hr>138</ns3:hr>
            <ns3:cad>92</ns3:cad>
          </ns3:TrackPointExtension>
        </extensions>
      </trkpt>
      <trkpt lat="23.172786533832550048828125" lon="113.42906481586396694183349609375">
        <ele>22.3999996185302734375</ele>
        <time>2026-07-14T11:01:48.000Z</time>
        <extensions>
          <ns3:TrackPointExtension>
            <ns3:hr>138</ns3:hr>
            <ns3:cad>91</ns3:cad>
          </ns3:TrackPointExtension>
        </extensions>
      </trkpt>
      <trkpt lat="23.17281645722687244415283203125" lon="113.42906800098717212677001953125">
        <ele>22.3999996185302734375</ele>
        <time>2026-07-14T11:01:49.000Z</time>
        <extensions>
          <ns3:TrackPointExtension>
            <ns3:hr>139</ns3:hr>
            <ns3:cad>92</ns3:cad>
          </ns3:TrackPointExtension>
        </extensions>
      </trkpt>
      <trkpt lat="23.172840513288974761962890625" lon="113.42906531877815723419189453125">
        <ele>22.3999996185302734375</ele>
        <time>2026-07-14T11:01:50.000Z</time>
        <extensions>
          <ns3:TrackPointExtension>
            <ns3:hr>139</ns3:hr>
            <ns3:cad>92</ns3:cad>
          </ns3:TrackPointExtension>
        </extensions>
      </trkpt>
      <trkpt lat="23.17287429235875606536865234375" lon="113.42906800098717212677001953125">
        <ele>22.3999996185302734375</ele>
        <time>2026-07-14T11:01:51.000Z</time>
        <extensions>
          <ns3:TrackPointExtension>
            <ns3:hr>139</ns3:hr>
            <ns3:cad>92</ns3:cad>
          </ns3:TrackPointExtension>
        </extensions>
      </trkpt>
      <trkpt lat="23.17290128208696842193603515625" lon="113.4290643967688083648681640625">
        <ele>22.3999996185302734375</ele>
        <time>2026-07-14T11:01:52.000Z</time>
        <extensions>
          <ns3:TrackPointExtension>
            <ns3:hr>139</ns3:hr>
            <ns3:cad>92</ns3:cad>
          </ns3:TrackPointExtension>
        </extensions>
      </trkpt>
      <trkpt lat="23.1729275174438953399658203125" lon="113.4290657378733158111572265625">
        <ele>22.3999996185302734375</ele>
        <time>2026-07-14T11:01:53.000Z</time>
        <extensions>
          <ns3:TrackPointExtension>
            <ns3:hr>139</ns3:hr>
            <ns3:cad>92</ns3:cad>
          </ns3:TrackPointExtension>
        </extensions>
      </trkpt>
      <trkpt lat="23.1729556806385517120361328125" lon="113.42906330712139606475830078125">
        <ele>22.3999996185302734375</ele>
        <time>2026-07-14T11:01:54.000Z</time>
        <extensions>
          <ns3:TrackPointExtension>
            <ns3:hr>139</ns3:hr>
            <ns3:cad>92</ns3:cad>
          </ns3:TrackPointExtension>
        </extensions>
      </trkpt>
      <trkpt lat="23.1729804910719394683837890625" lon="113.4290595352649688720703125">
        <ele>22.3999996185302734375</ele>
        <time>2026-07-14T11:01:55.000Z</time>
        <extensions>
          <ns3:TrackPointExtension>
            <ns3:hr>139</ns3:hr>
            <ns3:cad>92</ns3:cad>
          </ns3:TrackPointExtension>
        </extensions>
      </trkpt>
      <trkpt lat="23.17300806753337383270263671875" lon="113.42905593104660511016845703125">
        <ele>22.6000003814697265625</ele>
        <time>2026-07-14T11:01:56.000Z</time>
        <extensions>
          <ns3:TrackPointExtension>
            <ns3:hr>140</ns3:hr>
            <ns3:cad>92</ns3:cad>
          </ns3:TrackPointExtension>
        </extensions>
      </trkpt>
      <trkpt lat="23.17303522489964962005615234375" lon="113.42905945144593715667724609375">
        <ele>22.6000003814697265625</ele>
        <time>2026-07-14T11:01:57.000Z</time>
        <extensions>
          <ns3:TrackPointExtension>
            <ns3:hr>139</ns3:hr>
            <ns3:cad>91</ns3:cad>
          </ns3:TrackPointExtension>
        </extensions>
      </trkpt>
      <trkpt lat="23.17306204698979854583740234375" lon="113.4290597029030323028564453125">
        <ele>22.6000003814697265625</ele>
        <time>2026-07-14T11:01:58.000Z</time>
        <extensions>
          <ns3:TrackPointExtension>
            <ns3:hr>139</ns3:hr>
            <ns3:cad>91</ns3:cad>
          </ns3:TrackPointExtension>
        </extensions>
      </trkpt>
      <trkpt lat="23.173086605966091156005859375" lon="113.429057188332080841064453125">
        <ele>22.6000003814697265625</ele>
        <time>2026-07-14T11:01:59.000Z</time>
        <extensions>
          <ns3:TrackPointExtension>
            <ns3:hr>140</ns3:hr>
            <ns3:cad>92</ns3:cad>
          </ns3:TrackPointExtension>
        </extensions>
      </trkpt>
      <trkpt lat="23.173117451369762420654296875" lon="113.42905911616981029510498046875">
        <ele>22.3999996185302734375</ele>
        <time>2026-07-14T11:02:00.000Z</time>
        <extensions>
          <ns3:TrackPointExtension>
            <ns3:hr>139</ns3:hr>
            <ns3:cad>92</ns3:cad>
          </ns3:TrackPointExtension>
        </extensions>
      </trkpt>
      <trkpt lat="23.17314452491700649261474609375" lon="113.42905475758016109466552734375">
        <ele>22.3999996185302734375</ele>
        <time>2026-07-14T11:02:01.000Z</time>
        <extensions>
          <ns3:TrackPointExtension>
            <ns3:hr>139</ns3:hr>
            <ns3:cad>92</ns3:cad>
          </ns3:TrackPointExtension>
        </extensions>
      </trkpt>
      <trkpt lat="23.1731732748448848724365234375" lon="113.42905542813241481781005859375">
        <ele>22.3999996185302734375</ele>
        <time>2026-07-14T11:02:02.000Z</time>
        <extensions>
          <ns3:TrackPointExtension>
            <ns3:hr>140</ns3:hr>
            <ns3:cad>92</ns3:cad>
          </ns3:TrackPointExtension>
        </extensions>
      </trkpt>
      <trkpt lat="23.1731980852782726287841796875" lon="113.4290533326566219329833984375">
        <ele>22.3999996185302734375</ele>
        <time>2026-07-14T11:02:03.000Z</time>
        <extensions>
          <ns3:TrackPointExtension>
            <ns3:hr>139</ns3:hr>
            <ns3:cad>92</ns3:cad>
          </ns3:TrackPointExtension>
        </extensions>
      </trkpt>
      <trkpt lat="23.173226080834865570068359375" lon="113.42905727215111255645751953125">
        <ele>22.3999996185302734375</ele>
        <time>2026-07-14T11:02:04.000Z</time>
        <extensions>
          <ns3:TrackPointExtension>
            <ns3:hr>139</ns3:hr>
            <ns3:cad>92</ns3:cad>
          </ns3:TrackPointExtension>
        </extensions>
      </trkpt>
      <trkpt lat="23.17324946634471416473388671875" lon="113.42905509285628795623779296875">
        <ele>22.3999996185302734375</ele>
        <time>2026-07-14T11:02:05.000Z</time>
        <extensions>
          <ns3:TrackPointExtension>
            <ns3:hr>140</ns3:hr>
            <ns3:cad>92</ns3:cad>
          </ns3:TrackPointExtension>
        </extensions>
      </trkpt>
      <trkpt lat="23.17327897064387798309326171875" lon="113.42905894853174686431884765625">
        <ele>22.3999996185302734375</ele>
        <time>2026-07-14T11:02:06.000Z</time>
        <extensions>
          <ns3:TrackPointExtension>
            <ns3:hr>139</ns3:hr>
            <ns3:cad>91</ns3:cad>
          </ns3:TrackPointExtension>
        </extensions>
      </trkpt>
      <trkpt lat="23.1733055412769317626953125" lon="113.42905484139919281005859375">
        <ele>22.3999996185302734375</ele>
        <time>2026-07-14T11:02:07.000Z</time>
        <extensions>
          <ns3:TrackPointExtension>
            <ns3:hr>139</ns3:hr>
            <ns3:cad>91</ns3:cad>
          </ns3:TrackPointExtension>
        </extensions>
      </trkpt>
      <trkpt lat="23.173334039747714996337890625" lon="113.42905484139919281005859375">
        <ele>22.3999996185302734375</ele>
        <time>2026-07-14T11:02:08.000Z</time>
        <extensions>
          <ns3:TrackPointExtension>
            <ns3:hr>140</ns3:hr>
            <ns3:cad>92</ns3:cad>
          </ns3:TrackPointExtension>
        </extensions>
      </trkpt>
      <trkpt lat="23.17336278967559337615966796875" lon="113.4290536679327487945556640625">
        <ele>22.3999996185302734375</ele>
        <time>2026-07-14T11:02:09.000Z</time>
        <extensions>
          <ns3:TrackPointExtension>
            <ns3:hr>139</ns3:hr>
            <ns3:cad>92</ns3:cad>
          </ns3:TrackPointExtension>
        </extensions>
      </trkpt>
      <trkpt lat="23.17339480854570865631103515625" lon="113.42905794270336627960205078125">
        <ele>22.3999996185302734375</ele>
        <time>2026-07-14T11:02:10.000Z</time>
        <extensions>
          <ns3:TrackPointExtension>
            <ns3:hr>139</ns3:hr>
            <ns3:cad>93</ns3:cad>
          </ns3:TrackPointExtension>
        </extensions>
      </trkpt>
      <trkpt lat="23.1734247319400310516357421875" lon="113.4290519915521144866943359375">
        <ele>22.6000003814697265625</ele>
        <time>2026-07-14T11:02:11.000Z</time>
        <extensions>
          <ns3:TrackPointExtension>
            <ns3:hr>140</ns3:hr>
            <ns3:cad>93</ns3:cad>
          </ns3:TrackPointExtension>
        </extensions>
      </trkpt>
      <trkpt lat="23.17345918156206607818603515625" lon="113.42905995436012744903564453125">
        <ele>22.799999237060546875</ele>
        <time>2026-07-14T11:02:12.000Z</time>
        <extensions>
          <ns3:TrackPointExtension>
            <ns3:hr>139</ns3:hr>
            <ns3:cad>92</ns3:cad>
          </ns3:TrackPointExtension>
        </extensions>
      </trkpt>
      <trkpt lat="23.17349002696573734283447265625" lon="113.42905886471271514892578125">
        <ele>22.799999237060546875</ele>
        <time>2026-07-14T11:02:13.000Z</time>
        <extensions>
          <ns3:TrackPointExtension>
            <ns3:hr>139</ns3:hr>
            <ns3:cad>92</ns3:cad>
          </ns3:TrackPointExtension>
        </extensions>
      </trkpt>
      <trkpt lat="23.17352456040680408477783203125" lon="113.429067917168140411376953125">
        <ele>23</ele>
        <time>2026-07-14T11:02:14.000Z</time>
        <extensions>
          <ns3:TrackPointExtension>
            <ns3:hr>140</ns3:hr>
            <ns3:cad>91</ns3:cad>
          </ns3:TrackPointExtension>
        </extensions>
      </trkpt>
      <trkpt lat="23.173557333648204803466796875" lon="113.42906749807298183441162109375">
        <ele>23</ele>
        <time>2026-07-14T11:02:15.000Z</time>
        <extensions>
          <ns3:TrackPointExtension>
            <ns3:hr>139</ns3:hr>
            <ns3:cad>90</ns3:cad>
          </ns3:TrackPointExtension>
        </extensions>
      </trkpt>
      <trkpt lat="23.17358859814703464508056640625" lon="113.42907018028199672698974609375">
        <ele>23</ele>
        <time>2026-07-14T11:02:16.000Z</time>
        <extensions>
          <ns3:TrackPointExtension>
            <ns3:hr>139</ns3:hr>
            <ns3:cad>90</ns3:cad>
          </ns3:TrackPointExtension>
        </extensions>
      </trkpt>
      <trkpt lat="23.17361894063651561737060546875" lon="113.42906867153942584991455078125">
        <ele>23</ele>
        <time>2026-07-14T11:02:17.000Z</time>
        <extensions>
          <ns3:TrackPointExtension>
            <ns3:hr>140</ns3:hr>
            <ns3:cad>90</ns3:cad>
          </ns3:TrackPointExtension>
        </extensions>
      </trkpt>
      <trkpt lat="23.17364961840212345123291015625" lon="113.4290741197764873504638671875">
        <ele>23</ele>
        <time>2026-07-14T11:02:18.000Z</time>
        <extensions>
          <ns3:TrackPointExtension>
            <ns3:hr>140</ns3:hr>
            <ns3:cad>90</ns3:cad>
          </ns3:TrackPointExtension>
        </extensions>
      </trkpt>
      <trkpt lat="23.17367794923484325408935546875" lon="113.42908107675611972808837890625">
        <ele>23.200000762939453125</ele>
        <time>2026-07-14T11:02:19.000Z</time>
        <extensions>
          <ns3:TrackPointExtension>
            <ns3:hr>140</ns3:hr>
            <ns3:cad>90</ns3:cad>
          </ns3:TrackPointExtension>
        </extensions>
      </trkpt>
      <trkpt lat="23.17370309494435787200927734375" lon="113.42909214086830615997314453125">
        <ele>23.200000762939453125</ele>
        <time>2026-07-14T11:02:20.000Z</time>
        <extensions>
          <ns3:TrackPointExtension>
            <ns3:hr>140</ns3:hr>
            <ns3:cad>90</ns3:cad>
          </ns3:TrackPointExtension>
        </extensions>
      </trkpt>
      <trkpt lat="23.17373226396739482879638671875" lon="113.4290942363440990447998046875">
        <ele>23.200000762939453125</ele>
        <time>2026-07-14T11:02:21.000Z</time>
        <extensions>
          <ns3:TrackPointExtension>
            <ns3:hr>139</ns3:hr>
            <ns3:cad>90</ns3:cad>
          </ns3:TrackPointExtension>
        </extensions>
      </trkpt>
      <trkpt lat="23.1737600080668926239013671875" lon="113.42909750528633594512939453125">
        <ele>23.200000762939453125</ele>
        <time>2026-07-14T11:02:22.000Z</time>
        <extensions>
          <ns3:TrackPointExtension>
            <ns3:hr>140</ns3:hr>
            <ns3:cad>90</ns3:cad>
          </ns3:TrackPointExtension>
        </extensions>
      </trkpt>
      <trkpt lat="23.17379361949861049652099609375" lon="113.42910001985728740692138671875">
        <ele>23.200000762939453125</ele>
        <time>2026-07-14T11:02:23.000Z</time>
        <extensions>
          <ns3:TrackPointExtension>
            <ns3:hr>140</ns3:hr>
            <ns3:cad>90</ns3:cad>
          </ns3:TrackPointExtension>
        </extensions>
      </trkpt>
      <trkpt lat="23.173818178474903106689453125" lon="113.429103456437587738037109375">
        <ele>23.200000762939453125</ele>
        <time>2026-07-14T11:02:24.000Z</time>
        <extensions>
          <ns3:TrackPointExtension>
            <ns3:hr>139</ns3:hr>
            <ns3:cad>90</ns3:cad>
          </ns3:TrackPointExtension>
        </extensions>
      </trkpt>
      <trkpt lat="23.17385430447757244110107421875" lon="113.42910639010369777679443359375">
        <ele>23.200000762939453125</ele>
        <time>2026-07-14T11:02:25.000Z</time>
        <extensions>
          <ns3:TrackPointExtension>
            <ns3:hr>140</ns3:hr>
            <ns3:cad>91</ns3:cad>
          </ns3:TrackPointExtension>
        </extensions>
      </trkpt>
      <trkpt lat="23.173881880939006805419921875" lon="113.4291064739227294921875">
        <ele>23.200000762939453125</ele>
        <time>2026-07-14T11:02:26.000Z</time>
        <extensions>
          <ns3:TrackPointExtension>
            <ns3:hr>140</ns3:hr>
            <ns3:cad>91</ns3:cad>
          </ns3:TrackPointExtension>
        </extensions>
      </trkpt>
      <trkpt lat="23.173918426036834716796875" lon="113.42910873703658580780029296875">
        <ele>23.3999996185302734375</ele>
        <time>2026-07-14T11:02:27.000Z</time>
        <extensions>
          <ns3:TrackPointExtension>
            <ns3:hr>139</ns3:hr>
            <ns3:cad>93</ns3:cad>
          </ns3:TrackPointExtension>
        </extensions>
      </trkpt>
      <trkpt lat="23.17394256591796875" lon="113.42910404317080974578857421875">
        <ele>23.3999996185302734375</ele>
        <time>2026-07-14T11:02:28.000Z</time>
        <extensions>
          <ns3:TrackPointExtension>
            <ns3:hr>140</ns3:hr>
            <ns3:cad>93</ns3:cad>
          </ns3:TrackPointExtension>
        </extensions>
      </trkpt>
      <trkpt lat="23.173963017761707305908203125" lon="113.42908727936446666717529296875">
        <ele>23.3999996185302734375</ele>
        <time>2026-07-14T11:02:29.000Z</time>
        <extensions>
          <ns3:TrackPointExtension>
            <ns3:hr>140</ns3:hr>
            <ns3:cad>92</ns3:cad>
          </ns3:TrackPointExtension>
        </extensions>
      </trkpt>
      <trkpt lat="23.17396528087556362152099609375" lon="113.42906397767364978790283203125">
        <ele>23.3999996185302734375</ele>
        <time>2026-07-14T11:02:30.000Z</time>
        <extensions>
          <ns3:TrackPointExtension>
            <ns3:hr>139</ns3:hr>
            <ns3:cad>92</ns3:cad>
          </ns3:TrackPointExtension>
        </extensions>
      </trkpt>
      <trkpt lat="23.17397005856037139892578125" lon="113.4290300309658050537109375">
        <ele>23.6000003814697265625</ele>
        <time>2026-07-14T11:02:31.000Z</time>
        <extensions>
          <ns3:TrackPointExtension>
            <ns3:hr>139</ns3:hr>
            <ns3:cad>90</ns3:cad>
          </ns3:TrackPointExtension>
        </extensions>
      </trkpt>
      <trkpt lat="23.1739712320268154144287109375" lon="113.4290060587227344512939453125">
        <ele>23.6000003814697265625</ele>
        <time>2026-07-14T11:02:32.000Z</time>
        <extensions>
          <ns3:TrackPointExtension>
            <ns3:hr>139</ns3:hr>
            <ns3:cad>90</ns3:cad>
          </ns3:TrackPointExtension>
        </extensions>
      </trkpt>
      <trkpt lat="23.17398036830127239227294921875" lon="113.42897881753742694854736328125">
        <ele>23.799999237060546875</ele>
        <time>2026-07-14T11:02:33.000Z</time>
        <extensions>
          <ns3:TrackPointExtension>
            <ns3:hr>139</ns3:hr>
            <ns3:cad>90</ns3:cad>
          </ns3:TrackPointExtension>
        </extensions>
      </trkpt>
      <trkpt lat="23.173988163471221923828125" lon="113.4289524145424365997314453125">
        <ele>23.799999237060546875</ele>
        <time>2026-07-14T11:02:34.000Z</time>
        <extensions>
          <ns3:TrackPointExtension>
            <ns3:hr>138</ns3:hr>
            <ns3:cad>90</ns3:cad>
          </ns3:TrackPointExtension>
        </extensions>
      </trkpt>
      <trkpt lat="23.17400149069726467132568359375" lon="113.4289195574820041656494140625">
        <ele>24</ele>
        <time>2026-07-14T11:02:35.000Z</time>
        <extensions>
          <ns3:TrackPointExtension>
            <ns3:hr>138</ns3:hr>
            <ns3:cad>90</ns3:cad>
          </ns3:TrackPointExtension>
        </extensions>
      </trkpt>
      <trkpt lat="23.1740061007440090179443359375" lon="113.42889390885829925537109375">
        <ele>24</ele>
        <time>2026-07-14T11:02:36.000Z</time>
        <extensions>
          <ns3:TrackPointExtension>
            <ns3:hr>138</ns3:hr>
            <ns3:cad>90</ns3:cad>
          </ns3:TrackPointExtension>
        </extensions>
      </trkpt>
      <trkpt lat="23.1740097887814044952392578125" lon="113.4288582019507884979248046875">
        <ele>24</ele>
        <time>2026-07-14T11:02:37.000Z</time>
        <extensions>
          <ns3:TrackPointExtension>
            <ns3:hr>138</ns3:hr>
            <ns3:cad>90</ns3:cad>
          </ns3:TrackPointExtension>
        </extensions>
      </trkpt>
      <trkpt lat="23.173997886478900909423828125" lon="113.42883850447833538055419921875">
        <ele>24</ele>
        <time>2026-07-14T11:02:38.000Z</time>
        <extensions>
          <ns3:TrackPointExtension>
            <ns3:hr>138</ns3:hr>
            <ns3:cad>90</ns3:cad>
          </ns3:TrackPointExtension>
        </extensions>
      </trkpt>
      <trkpt lat="23.17398271523416042327880859375" lon="113.4288015402853488922119140625">
        <ele>24</ele>
        <time>2026-07-14T11:02:39.000Z</time>
        <extensions>
          <ns3:TrackPointExtension>
            <ns3:hr>138</ns3:hr>
            <ns3:cad>90</ns3:cad>
          </ns3:TrackPointExtension>
        </extensions>
      </trkpt>
      <trkpt lat="23.17396678961813449859619140625" lon="113.42877530492842197418212890625">
        <ele>24</ele>
        <time>2026-07-14T11:02:40.000Z</time>
        <extensions>
          <ns3:TrackPointExtension>
            <ns3:hr>139</ns3:hr>
            <ns3:cad>90</ns3:cad>
          </ns3:TrackPointExtension>
        </extensions>
      </trkpt>
      <trkpt lat="23.173950947821140289306640625" lon="113.428744375705718994140625">
        <ele>24.200000762939453125</ele>
        <time>2026-07-14T11:02:41.000Z</time>
        <extensions>
          <ns3:TrackPointExtension>
            <ns3:hr>138</ns3:hr>
            <ns3:cad>91</ns3:cad>
          </ns3:TrackPointExtension>
        </extensions>
      </trkpt>
      <trkpt lat="23.17393812350928783416748046875" lon="113.4287207387387752532958984375">
        <ele>24.200000762939453125</ele>
        <time>2026-07-14T11:02:42.000Z</time>
        <extensions>
          <ns3:TrackPointExtension>
            <ns3:hr>139</ns3:hr>
            <ns3:cad>90</ns3:cad>
          </ns3:TrackPointExtension>
        </extensions>
      </trkpt>
      <trkpt lat="23.1739236228168010711669921875" lon="113.42868528328835964202880859375">
        <ele>24.200000762939453125</ele>
        <time>2026-07-14T11:02:43.000Z</time>
        <extensions>
          <ns3:TrackPointExtension>
            <ns3:hr>139</ns3:hr>
            <ns3:cad>91</ns3:cad>
          </ns3:TrackPointExtension>
        </extensions>
      </trkpt>
      <trkpt lat="23.17390928976237773895263671875" lon="113.4286560304462909698486328125">
        <ele>24.200000762939453125</ele>
        <time>2026-07-14T11:02:44.000Z</time>
        <extensions>
          <ns3:TrackPointExtension>
            <ns3:hr>140</ns3:hr>
            <ns3:cad>90</ns3:cad>
          </ns3:TrackPointExtension>
        </extensions>
      </trkpt>
      <trkpt lat="23.17390409298241138458251953125" lon="113.42862376011908054351806640625">
        <ele>24.200000762939453125</ele>
        <time>2026-07-14T11:02:45.000Z</time>
        <extensions>
          <ns3:TrackPointExtension>
            <ns3:hr>140</ns3:hr>
            <ns3:cad>91</ns3:cad>
          </ns3:TrackPointExtension>
        </extensions>
      </trkpt>
      <trkpt lat="23.17389973439276218414306640625" lon="113.42859241180121898651123046875">
        <ele>24.200000762939453125</ele>
        <time>2026-07-14T11:02:46.000Z</time>
        <extensions>
          <ns3:TrackPointExtension>
            <ns3:hr>140</ns3:hr>
            <ns3:cad>91</ns3:cad>
          </ns3:TrackPointExtension>
        </extensions>
      </trkpt>
      <trkpt lat="23.17390878684818744659423828125" lon="113.4285588003695011138916015625">
        <ele>24</ele>
        <time>2026-07-14T11:02:47.000Z</time>
        <extensions>
          <ns3:TrackPointExtension>
            <ns3:hr>140</ns3:hr>
            <ns3:cad>92</ns3:cad>
          </ns3:TrackPointExtension>
        </extensions>
      </trkpt>
      <trkpt lat="23.173908703029155731201171875" lon="113.4285282902419567108154296875">
        <ele>24</ele>
        <time>2026-07-14T11:02:48.000Z</time>
        <extensions>
          <ns3:TrackPointExtension>
            <ns3:hr>139</ns3:hr>
            <ns3:cad>92</ns3:cad>
          </ns3:TrackPointExtension>
        </extensions>
      </trkpt>
      <trkpt lat="23.173914737999439239501953125" lon="113.42849937267601490020751953125">
        <ele>24.200000762939453125</ele>
        <time>2026-07-14T11:02:49.000Z</time>
        <extensions>
          <ns3:TrackPointExtension>
            <ns3:hr>140</ns3:hr>
            <ns3:cad>92</ns3:cad>
          </ns3:TrackPointExtension>
        </extensions>
      </trkpt>
      <trkpt lat="23.1739242933690547943115234375" lon="113.4284625761210918426513671875">
        <ele>24.200000762939453125</ele>
        <time>2026-07-14T11:02:50.000Z</time>
        <extensions>
          <ns3:TrackPointExtension>
            <ns3:hr>140</ns3:hr>
            <ns3:cad>92</ns3:cad>
          </ns3:TrackPointExtension>
        </extensions>
      </trkpt>
      <trkpt lat="23.1739279814064502716064453125" lon="113.42843852005898952484130859375">
        <ele>24</ele>
        <time>2026-07-14T11:02:51.000Z</time>
        <extensions>
          <ns3:TrackPointExtension>
            <ns3:hr>140</ns3:hr>
            <ns3:cad>93</ns3:cad>
          </ns3:TrackPointExtension>
        </extensions>
      </trkpt>
      <trkpt lat="23.17393879406154155731201171875" lon="113.42840264551341533660888671875">
        <ele>24</ele>
        <time>2026-07-14T11:02:52.000Z</time>
        <extensions>
          <ns3:TrackPointExtension>
            <ns3:hr>139</ns3:hr>
            <ns3:cad>93</ns3:cad>
          </ns3:TrackPointExtension>
        </extensions>
      </trkpt>
      <trkpt lat="23.1739437393844127655029296875" lon="113.428374230861663818359375">
        <ele>24</ele>
        <time>2026-07-14T11:02:53.000Z</time>
        <extensions>
          <ns3:TrackPointExtension>
            <ns3:hr>140</ns3:hr>
            <ns3:cad>93</ns3:cad>
          </ns3:TrackPointExtension>
        </extensions>
      </trkpt>
      <trkpt lat="23.17395220510661602020263671875" lon="113.42833357863128185272216796875">
        <ele>24</ele>
        <time>2026-07-14T11:02:54.000Z</time>
        <extensions>
          <ns3:TrackPointExtension>
            <ns3:hr>140</ns3:hr>
            <ns3:cad>93</ns3:cad>
          </ns3:TrackPointExtension>
        </extensions>
      </trkpt>
      <trkpt lat="23.17395471967756748199462890625" lon="113.4283026494085788726806640625">
        <ele>24</ele>
        <time>2026-07-14T11:02:55.000Z</time>
        <extensions>
          <ns3:TrackPointExtension>
            <ns3:hr>139</ns3:hr>
            <ns3:cad>92</ns3:cad>
          </ns3:TrackPointExtension>
        </extensions>
      </trkpt>
      <trkpt lat="23.17396335303783416748046875" lon="113.4282602369785308837890625">
        <ele>23.799999237060546875</ele>
        <time>2026-07-14T11:02:56.000Z</time>
        <extensions>
          <ns3:TrackPointExtension>
            <ns3:hr>140</ns3:hr>
            <ns3:cad>92</ns3:cad>
          </ns3:TrackPointExtension>
        </extensions>
      </trkpt>
      <trkpt lat="23.17396762780845165252685546875" lon="113.42823140323162078857421875">
        <ele>23.799999237060546875</ele>
        <time>2026-07-14T11:02:57.000Z</time>
        <extensions>
          <ns3:TrackPointExtension>
            <ns3:hr>139</ns3:hr>
            <ns3:cad>92</ns3:cad>
          </ns3:TrackPointExtension>
        </extensions>
      </trkpt>
      <trkpt lat="23.1739806197583675384521484375" lon="113.4281923435628414154052734375">
        <ele>23.799999237060546875</ele>
        <time>2026-07-14T11:02:58.000Z</time>
        <extensions>
          <ns3:TrackPointExtension>
            <ns3:hr>139</ns3:hr>
            <ns3:cad>93</ns3:cad>
          </ns3:TrackPointExtension>
        </extensions>
      </trkpt>
      <trkpt lat="23.17398807965219020843505859375" lon="113.4281678684055805206298828125">
        <ele>23.799999237060546875</ele>
        <time>2026-07-14T11:02:59.000Z</time>
        <extensions>
          <ns3:TrackPointExtension>
            <ns3:hr>139</ns3:hr>
            <ns3:cad>93</ns3:cad>
          </ns3:TrackPointExtension>
        </extensions>
      </trkpt>
      <trkpt lat="23.173987157642841339111328125" lon="113.42813123948872089385986328125">
        <ele>24</ele>
        <time>2026-07-14T11:03:00.000Z</time>
        <extensions>
          <ns3:TrackPointExtension>
            <ns3:hr>139</ns3:hr>
            <ns3:cad>92</ns3:cad>
          </ns3:TrackPointExtension>
        </extensions>
      </trkpt>
      <trkpt lat="23.173979781568050384521484375" lon="113.42810575850307941436767578125">
        <ele>24</ele>
        <time>2026-07-14T11:03:01.000Z</time>
        <extensions>
          <ns3:TrackPointExtension>
            <ns3:hr>139</ns3:hr>
            <ns3:cad>92</ns3:cad>
          </ns3:TrackPointExtension>
        </extensions>
      </trkpt>
      <trkpt lat="23.17397466860711574554443359375" lon="113.42807072214782238006591796875">
        <ele>24</ele>
        <time>2026-07-14T11:03:02.000Z</time>
        <extensions>
          <ns3:TrackPointExtension>
            <ns3:hr>140</ns3:hr>
            <ns3:cad>92</ns3:cad>
          </ns3:TrackPointExtension>
        </extensions>
      </trkpt>
      <trkpt lat="23.1739680469036102294921875" lon="113.42804742045700550079345703125">
        <ele>24</ele>
        <time>2026-07-14T11:03:03.000Z</time>
        <extensions>
          <ns3:TrackPointExtension>
            <ns3:hr>139</ns3:hr>
            <ns3:cad>93</ns3:cad>
          </ns3:TrackPointExtension>
        </extensions>
      </trkpt>
      <trkpt lat="23.17396963946521282196044921875" lon="113.4280109591782093048095703125">
        <ele>24</ele>
        <time>2026-07-14T11:03:04.000Z</time>
        <extensions>
          <ns3:TrackPointExtension>
            <ns3:hr>139</ns3:hr>
            <ns3:cad>93</ns3:cad>
          </ns3:TrackPointExtension>
        </extensions>
      </trkpt>
      <trkpt lat="23.173973076045513153076171875" lon="113.4279727376997470855712890625">
        <ele>24</ele>
        <time>2026-07-14T11:03:05.000Z</time>
        <extensions>
          <ns3:TrackPointExtension>
            <ns3:hr>140</ns3:hr>
            <ns3:cad>91</ns3:cad>
          </ns3:TrackPointExtension>
        </extensions>
      </trkpt>
      <trkpt lat="23.17398355342447757720947265625" lon="113.42795186676084995269775390625">
        <ele>24</ele>
        <time>2026-07-14T11:03:06.000Z</time>
        <extensions>
          <ns3:TrackPointExtension>
            <ns3:hr>139</ns3:hr>
            <ns3:cad>91</ns3:cad>
          </ns3:TrackPointExtension>
        </extensions>
      </trkpt>
      <trkpt lat="23.17399553954601287841796875" lon="113.4279314987361431121826171875">
        <ele>24</ele>
        <time>2026-07-14T11:03:07.000Z</time>
        <extensions>
          <ns3:TrackPointExtension>
            <ns3:hr>139</ns3:hr>
            <ns3:cad>93</ns3:cad>
          </ns3:TrackPointExtension>
        </extensions>
      </trkpt>
      <trkpt lat="23.1740074418485164642333984375" lon="113.42789688147604465484619140625">
        <ele>24</ele>
        <time>2026-07-14T11:03:08.000Z</time>
        <extensions>
          <ns3:TrackPointExtension>
            <ns3:hr>140</ns3:hr>
            <ns3:cad>93</ns3:cad>
          </ns3:TrackPointExtension>
        </extensions>
      </trkpt>
      <trkpt lat="23.17400895059108734130859375" lon="113.42787575908005237579345703125">
        <ele>24</ele>
        <time>2026-07-14T11:03:09.000Z</time>
        <extensions>
          <ns3:TrackPointExtension>
            <ns3:hr>139</ns3:hr>
            <ns3:cad>91</ns3:cad>
          </ns3:TrackPointExtension>
        </extensions>
      </trkpt>
      <trkpt lat="23.17401641048491001129150390625" lon="113.4278406389057636260986328125">
        <ele>24</ele>
        <time>2026-07-14T11:03:10.000Z</time>
        <extensions>
          <ns3:TrackPointExtension>
            <ns3:hr>139</ns3:hr>
            <ns3:cad>91</ns3:cad>
          </ns3:TrackPointExtension>
        </extensions>
      </trkpt>
      <trkpt lat="23.17402009852230548858642578125" lon="113.427803926169872283935546875">
        <ele>24</ele>
        <time>2026-07-14T11:03:11.000Z</time>
        <extensions>
          <ns3:TrackPointExtension>
            <ns3:hr>140</ns3:hr>
            <ns3:cad>92</ns3:cad>
          </ns3:TrackPointExtension>
        </extensions>
      </trkpt>
      <trkpt lat="23.1740188412368297576904296875" lon="113.42777702026069164276123046875">
        <ele>24</ele>
        <time>2026-07-14T11:03:12.000Z</time>
        <extensions>
          <ns3:TrackPointExtension>
            <ns3:hr>139</ns3:hr>
            <ns3:cad>92</ns3:cad>
          </ns3:TrackPointExtension>
        </extensions>
      </trkpt>
      <trkpt lat="23.1740201823413372039794921875" lon="113.4277299977838993072509765625">
        <ele>24</ele>
        <time>2026-07-14T11:03:13.000Z</time>
        <extensions>
          <ns3:TrackPointExtension>
            <ns3:hr>139</ns3:hr>
            <ns3:cad>92</ns3:cad>
          </ns3:TrackPointExtension>
        </extensions>
      </trkpt>
      <trkpt lat="23.17401523701846599578857421875" lon="113.42769906856119632720947265625">
        <ele>24.200000762939453125</ele>
        <time>2026-07-14T11:03:14.000Z</time>
        <extensions>
          <ns3:TrackPointExtension>
            <ns3:hr>140</ns3:hr>
            <ns3:cad>92</ns3:cad>
          </ns3:TrackPointExtension>
        </extensions>
      </trkpt>
      <trkpt lat="23.17402428947389125823974609375" lon="113.42766051180660724639892578125">
        <ele>24.200000762939453125</ele>
        <time>2026-07-14T11:03:15.000Z</time>
        <extensions>
          <ns3:TrackPointExtension>
            <ns3:hr>139</ns3:hr>
            <ns3:cad>92</ns3:cad>
          </ns3:TrackPointExtension>
        </extensions>
      </trkpt>
      <trkpt lat="23.17402445711195468902587890625" lon="113.42763955704867839813232421875">
        <ele>24.200000762939453125</ele>
        <time>2026-07-14T11:03:16.000Z</time>
        <extensions>
          <ns3:TrackPointExtension>
            <ns3:hr>140</ns3:hr>
            <ns3:cad>92</ns3:cad>
          </ns3:TrackPointExtension>
        </extensions>
      </trkpt>
      <trkpt lat="23.17403350956737995147705078125" lon="113.427607119083404541015625">
        <ele>24.3999996185302734375</ele>
        <time>2026-07-14T11:03:17.000Z</time>
        <extensions>
          <ns3:TrackPointExtension>
            <ns3:hr>140</ns3:hr>
            <ns3:cad>91</ns3:cad>
          </ns3:TrackPointExtension>
        </extensions>
      </trkpt>
      <trkpt lat="23.17403485067188739776611328125" lon="113.42758205719292163848876953125">
        <ele>24.3999996185302734375</ele>
        <time>2026-07-14T11:03:18.000Z</time>
        <extensions>
          <ns3:TrackPointExtension>
            <ns3:hr>140</ns3:hr>
            <ns3:cad>91</ns3:cad>
          </ns3:TrackPointExtension>
        </extensions>
      </trkpt>
      <trkpt lat="23.1740433163940906524658203125" lon="113.42755154706537723541259765625">
        <ele>24.3999996185302734375</ele>
        <time>2026-07-14T11:03:19.000Z</time>
        <extensions>
          <ns3:TrackPointExtension>
            <ns3:hr>139</ns3:hr>
            <ns3:cad>91</ns3:cad>
          </ns3:TrackPointExtension>
        </extensions>
      </trkpt>
      <trkpt lat="23.17404574714601039886474609375" lon="113.42752187512814998626708984375">
        <ele>24.200000762939453125</ele>
        <time>2026-07-14T11:03:20.000Z</time>
        <extensions>
          <ns3:TrackPointExtension>
            <ns3:hr>139</ns3:hr>
            <ns3:cad>91</ns3:cad>
          </ns3:TrackPointExtension>
        </extensions>
      </trkpt>
      <trkpt lat="23.17405044101178646087646484375" lon="113.427484743297100067138671875">
        <ele>24.200000762939453125</ele>
        <time>2026-07-14T11:03:21.000Z</time>
        <extensions>
          <ns3:TrackPointExtension>
            <ns3:hr>139</ns3:hr>
            <ns3:cad>91</ns3:cad>
          </ns3:TrackPointExtension>
        </extensions>
      </trkpt>
      <trkpt lat="23.17404893226921558380126953125" lon="113.42745448462665081024169921875">
        <ele>24.3999996185302734375</ele>
        <time>2026-07-14T11:03:22.000Z</time>
        <extensions>
          <ns3:TrackPointExtension>
            <ns3:hr>139</ns3:hr>
            <ns3:cad>91</ns3:cad>
          </ns3:TrackPointExtension>
        </extensions>
      </trkpt>
      <trkpt lat="23.17405228503048419952392578125" lon="113.4274134971201419830322265625">
        <ele>24.3999996185302734375</ele>
        <time>2026-07-14T11:03:23.000Z</time>
        <extensions>
          <ns3:TrackPointExtension>
            <ns3:hr>140</ns3:hr>
            <ns3:cad>91</ns3:cad>
          </ns3:TrackPointExtension>
        </extensions>
      </trkpt>
      <trkpt lat="23.17404675297439098358154296875" lon="113.4273885190486907958984375">
        <ele>24.200000762939453125</ele>
        <time>2026-07-14T11:03:24.000Z</time>
        <extensions>
          <ns3:TrackPointExtension>
            <ns3:hr>139</ns3:hr>
            <ns3:cad>91</ns3:cad>
          </ns3:TrackPointExtension>
        </extensions>
      </trkpt>
      <trkpt lat="23.1740456633269786834716796875" lon="113.42735239304602146148681640625">
        <ele>24.3999996185302734375</ele>
        <time>2026-07-14T11:03:25.000Z</time>
        <extensions>
          <ns3:TrackPointExtension>
            <ns3:hr>139</ns3:hr>
            <ns3:cad>91</ns3:cad>
          </ns3:TrackPointExtension>
        </extensions>
      </trkpt>
      <trkpt lat="23.17403736524283885955810546875" lon="113.4273223020136356353759765625">
        <ele>24.3999996185302734375</ele>
        <time>2026-07-14T11:03:26.000Z</time>
        <extensions>
          <ns3:TrackPointExtension>
            <ns3:hr>140</ns3:hr>
            <ns3:cad>91</ns3:cad>
          </ns3:TrackPointExtension>
        </extensions>
      </trkpt>
      <trkpt lat="23.17403937689960002899169921875" lon="113.4272901155054569244384765625">
        <ele>24.3999996185302734375</ele>
        <time>2026-07-14T11:03:27.000Z</time>
        <extensions>
          <ns3:TrackPointExtension>
            <ns3:hr>140</ns3:hr>
            <ns3:cad>91</ns3:cad>
          </ns3:TrackPointExtension>
        </extensions>
      </trkpt>
      <trkpt lat="23.17403702996671199798583984375" lon="113.4272639639675617218017578125">
        <ele>24.200000762939453125</ele>
        <time>2026-07-14T11:03:28.000Z</time>
        <extensions>
          <ns3:TrackPointExtension>
            <ns3:hr>140</ns3:hr>
            <ns3:cad>91</ns3:cad>
          </ns3:TrackPointExtension>
        </extensions>
      </trkpt>
      <trkpt lat="23.17404490895569324493408203125" lon="113.4272364713251590728759765625">
        <ele>24.200000762939453125</ele>
        <time>2026-07-14T11:03:29.000Z</time>
        <extensions>
          <ns3:TrackPointExtension>
            <ns3:hr>140</ns3:hr>
            <ns3:cad>91</ns3:cad>
          </ns3:TrackPointExtension>
        </extensions>
      </trkpt>
      <trkpt lat="23.1740565598011016845703125" lon="113.4272086434066295623779296875">
        <ele>24.200000762939453125</ele>
        <time>2026-07-14T11:03:30.000Z</time>
        <extensions>
          <ns3:TrackPointExtension>
            <ns3:hr>140</ns3:hr>
            <ns3:cad>91</ns3:cad>
          </ns3:TrackPointExtension>
        </extensions>
      </trkpt>
      <trkpt lat="23.17408430390059947967529296875" lon="113.42719414271414279937744140625">
        <ele>24.200000762939453125</ele>
        <time>2026-07-14T11:03:31.000Z</time>
        <extensions>
          <ns3:TrackPointExtension>
            <ns3:hr>139</ns3:hr>
            <ns3:cad>91</ns3:cad>
          </ns3:TrackPointExtension>
        </extensions>
      </trkpt>
      <trkpt lat="23.17411598749458789825439453125" lon="113.42719833366572856903076171875">
        <ele>24.200000762939453125</ele>
        <time>2026-07-14T11:03:32.000Z</time>
        <extensions>
          <ns3:TrackPointExtension>
            <ns3:hr>139</ns3:hr>
            <ns3:cad>91</ns3:cad>
          </ns3:TrackPointExtension>
        </extensions>
      </trkpt>
      <trkpt lat="23.1741371937096118927001953125" lon="113.42722264118492603302001953125">
        <ele>24.200000762939453125</ele>
        <time>2026-07-14T11:03:33.000Z</time>
        <extensions>
          <ns3:TrackPointExtension>
            <ns3:hr>139</ns3:hr>
            <ns3:cad>91</ns3:cad>
          </ns3:TrackPointExtension>
        </extensions>
      </trkpt>
      <trkpt lat="23.17415873520076274871826171875" lon="113.4272549115121364593505859375">
        <ele>24.200000762939453125</ele>
        <time>2026-07-14T11:03:34.000Z</time>
        <extensions>
          <ns3:TrackPointExtension>
            <ns3:hr>139</ns3:hr>
            <ns3:cad>91</ns3:cad>
          </ns3:TrackPointExtension>
        </extensions>
      </trkpt>
      <trkpt lat="23.1741720624268054962158203125" lon="113.427282907068729400634765625">
        <ele>24.200000762939453125</ele>
        <time>2026-07-14T11:03:35.000Z</time>
        <extensions>
          <ns3:TrackPointExtension>
            <ns3:hr>139</ns3:hr>
            <ns3:cad>90</ns3:cad>
          </ns3:TrackPointExtension>
        </extensions>
      </trkpt>
      <trkpt lat="23.1741864793002605438232421875" lon="113.4273206256330013275146484375">
        <ele>24.200000762939453125</ele>
        <time>2026-07-14T11:03:36.000Z</time>
        <extensions>
          <ns3:TrackPointExtension>
            <ns3:hr>139</ns3:hr>
            <ns3:cad>90</ns3:cad>
          </ns3:TrackPointExtension>
        </extensions>
      </trkpt>
      <trkpt lat="23.17419444210827350616455078125" lon="113.4273531474173069000244140625">
        <ele>24.200000762939453125</ele>
        <time>2026-07-14T11:03:37.000Z</time>
        <extensions>
          <ns3:TrackPointExtension>
            <ns3:hr>138</ns3:hr>
            <ns3:cad>90</ns3:cad>
          </ns3:TrackPointExtension>
        </extensions>
      </trkpt>
      <trkpt lat="23.17420475184917449951171875" lon="113.4273912012577056884765625">
        <ele>24.200000762939453125</ele>
        <time>2026-07-14T11:03:38.000Z</time>
        <extensions>
          <ns3:TrackPointExtension>
            <ns3:hr>138</ns3:hr>
            <ns3:cad>91</ns3:cad>
          </ns3:TrackPointExtension>
        </extensions>
      </trkpt>
      <trkpt lat="23.1742094457149505615234375" lon="113.42741726897656917572021484375">
        <ele>24.200000762939453125</ele>
        <time>2026-07-14T11:03:39.000Z</time>
        <extensions>
          <ns3:TrackPointExtension>
            <ns3:hr>137</ns3:hr>
            <ns3:cad>91</ns3:cad>
          </ns3:TrackPointExtension>
        </extensions>
      </trkpt>
      <trkpt lat="23.17420986481010913848876953125" lon="113.4274517185986042022705078125">
        <ele>24.200000762939453125</ele>
        <time>2026-07-14T11:03:40.000Z</time>
        <extensions>
          <ns3:TrackPointExtension>
            <ns3:hr>137</ns3:hr>
            <ns3:cad>91</ns3:cad>
          </ns3:TrackPointExtension>
        </extensions>
      </trkpt>
      <trkpt lat="23.1742149777710437774658203125" lon="113.42747745104134082794189453125">
        <ele>24</ele>
        <time>2026-07-14T11:03:41.000Z</time>
        <extensions>
          <ns3:TrackPointExtension>
            <ns3:hr>137</ns3:hr>
            <ns3:cad>91</ns3:cad>
          </ns3:TrackPointExtension>
        </extensions>
      </trkpt>
      <trkpt lat="23.1742136366665363311767578125" lon="113.42751282267272472381591796875">
        <ele>24</ele>
        <time>2026-07-14T11:03:42.000Z</time>
        <extensions>
          <ns3:TrackPointExtension>
            <ns3:hr>137</ns3:hr>
            <ns3:cad>91</ns3:cad>
          </ns3:TrackPointExtension>
        </extensions>
      </trkpt>
      <trkpt lat="23.17421874962747097015380859375" lon="113.4275375492870807647705078125">
        <ele>23.799999237060546875</ele>
        <time>2026-07-14T11:03:43.000Z</time>
        <extensions>
          <ns3:TrackPointExtension>
            <ns3:hr>137</ns3:hr>
            <ns3:cad>91</ns3:cad>
          </ns3:TrackPointExtension>
        </extensions>
      </trkpt>
      <trkpt lat="23.17421657033264636993408203125" lon="113.42757954262197017669677734375">
        <ele>23.799999237060546875</ele>
        <time>2026-07-14T11:03:44.000Z</time>
        <extensions>
          <ns3:TrackPointExtension>
            <ns3:hr>136</ns3:hr>
            <ns3:cad>92</ns3:cad>
          </ns3:TrackPointExtension>
        </extensions>
      </trkpt>
      <trkpt lat="23.17421816289424896240234375" lon="113.4276143275201320648193359375">
        <ele>23.799999237060546875</ele>
        <time>2026-07-14T11:03:45.000Z</time>
        <extensions>
          <ns3:TrackPointExtension>
            <ns3:hr>136</ns3:hr>
            <ns3:cad>92</ns3:cad>
          </ns3:TrackPointExtension>
        </extensions>
      </trkpt>
      <trkpt lat="23.17421237938106060028076171875" lon="113.42765204608440399169921875">
        <ele>23.799999237060546875</ele>
        <time>2026-07-14T11:03:46.000Z</time>
        <extensions>
          <ns3:TrackPointExtension>
            <ns3:hr>136</ns3:hr>
            <ns3:cad>92</ns3:cad>
          </ns3:TrackPointExtension>
        </extensions>
      </trkpt>
      <trkpt lat="23.17421087063848972320556640625" lon="113.427683226764202117919921875">
        <ele>24</ele>
        <time>2026-07-14T11:03:47.000Z</time>
        <extensions>
          <ns3:TrackPointExtension>
            <ns3:hr>136</ns3:hr>
            <ns3:cad>92</ns3:cad>
          </ns3:TrackPointExtension>
        </extensions>
      </trkpt>
      <trkpt lat="23.17420684732496738433837890625" lon="113.4277155809104442596435546875">
        <ele>23.799999237060546875</ele>
        <time>2026-07-14T11:03:48.000Z</time>
        <extensions>
          <ns3:TrackPointExtension>
            <ns3:hr>136</ns3:hr>
            <ns3:cad>92</ns3:cad>
          </ns3:TrackPointExtension>
        </extensions>
      </trkpt>
      <trkpt lat="23.174207769334316253662109375" lon="113.42774567194283008575439453125">
        <ele>23.799999237060546875</ele>
        <time>2026-07-14T11:03:49.000Z</time>
        <extensions>
          <ns3:TrackPointExtension>
            <ns3:hr>135</ns3:hr>
            <ns3:cad>92</ns3:cad>
          </ns3:TrackPointExtension>
        </extensions>
      </trkpt>
      <trkpt lat="23.17420735023915767669677734375" lon="113.42776997946202754974365234375">
        <ele>23.799999237060546875</ele>
        <time>2026-07-14T11:03:50.000Z</time>
        <extensions>
          <ns3:TrackPointExtension>
            <ns3:hr>135</ns3:hr>
            <ns3:cad>92</ns3:cad>
          </ns3:TrackPointExtension>
        </extensions>
      </trkpt>
      <trkpt lat="23.1742059253156185150146484375" lon="113.4278096258640289306640625">
        <ele>23.799999237060546875</ele>
        <time>2026-07-14T11:03:51.000Z</time>
        <extensions>
          <ns3:TrackPointExtension>
            <ns3:hr>135</ns3:hr>
            <ns3:cad>93</ns3:cad>
          </ns3:TrackPointExtension>
        </extensions>
      </trkpt>
      <trkpt lat="23.17420684732496738433837890625" lon="113.42783167026937007904052734375">
        <ele>23.799999237060546875</ele>
        <time>2026-07-14T11:03:52.000Z</time>
        <extensions>
          <ns3:TrackPointExtension>
            <ns3:hr>136</ns3:hr>
            <ns3:cad>93</ns3:cad>
          </ns3:TrackPointExtension>
        </extensions>
      </trkpt>
      <trkpt lat="23.174204416573047637939453125" lon="113.4278641082346439361572265625">
        <ele>23.799999237060546875</ele>
        <time>2026-07-14T11:03:53.000Z</time>
        <extensions>
          <ns3:TrackPointExtension>
            <ns3:hr>135</ns3:hr>
            <ns3:cad>91</ns3:cad>
          </ns3:TrackPointExtension>
        </extensions>
      </trkpt>
      <trkpt lat="23.174209110438823699951171875" lon="113.427889756858348846435546875">
        <ele>23.799999237060546875</ele>
        <time>2026-07-14T11:03:54.000Z</time>
        <extensions>
          <ns3:TrackPointExtension>
            <ns3:hr>135</ns3:hr>
            <ns3:cad>91</ns3:cad>
          </ns3:TrackPointExtension>
        </extensions>
      </trkpt>
      <trkpt lat="23.17420818842947483062744140625" lon="113.42792772687971591949462890625">
        <ele>23.799999237060546875</ele>
        <time>2026-07-14T11:03:55.000Z</time>
        <extensions>
          <ns3:TrackPointExtension>
            <ns3:hr>135</ns3:hr>
            <ns3:cad>94</ns3:cad>
          </ns3:TrackPointExtension>
        </extensions>
      </trkpt>
      <trkpt lat="23.1742143072187900543212890625" lon="113.4279519505798816680908203125">
        <ele>23.799999237060546875</ele>
        <time>2026-07-14T11:03:56.000Z</time>
        <extensions>
          <ns3:TrackPointExtension>
            <ns3:hr>135</ns3:hr>
            <ns3:cad>94</ns3:cad>
          </ns3:TrackPointExtension>
        </extensions>
      </trkpt>
      <trkpt lat="23.1742133013904094696044921875" lon="113.42799025587737560272216796875">
        <ele>23.799999237060546875</ele>
        <time>2026-07-14T11:03:57.000Z</time>
        <extensions>
          <ns3:TrackPointExtension>
            <ns3:hr>135</ns3:hr>
            <ns3:cad>92</ns3:cad>
          </ns3:TrackPointExtension>
        </extensions>
      </trkpt>
      <trkpt lat="23.17422084510326385498046875" lon="113.4280188381671905517578125">
        <ele>23.6000003814697265625</ele>
        <time>2026-07-14T11:03:58.000Z</time>
        <extensions>
          <ns3:TrackPointExtension>
            <ns3:hr>135</ns3:hr>
            <ns3:cad>92</ns3:cad>
          </ns3:TrackPointExtension>
        </extensions>
      </trkpt>
      <trkpt lat="23.1742136366665363311767578125" lon="113.42805647291243076324462890625">
        <ele>23.799999237060546875</ele>
        <time>2026-07-14T11:03:59.000Z</time>
        <extensions>
          <ns3:TrackPointExtension>
            <ns3:hr>135</ns3:hr>
            <ns3:cad>93</ns3:cad>
          </ns3:TrackPointExtension>
        </extensions>
      </trkpt>
      <trkpt lat="23.1742156483232975006103515625" lon="113.42808798886835575103759765625">
        <ele>23.799999237060546875</ele>
        <time>2026-07-14T11:04:00.000Z</time>
        <extensions>
          <ns3:TrackPointExtension>
            <ns3:hr>135</ns3:hr>
            <ns3:cad>93</ns3:cad>
          </ns3:TrackPointExtension>
        </extensions>
      </trkpt>
      <trkpt lat="23.1742107868194580078125" lon="113.42812419869005680084228515625">
        <ele>23.799999237060546875</ele>
        <time>2026-07-14T11:04:01.000Z</time>
        <extensions>
          <ns3:TrackPointExtension>
            <ns3:hr>135</ns3:hr>
            <ns3:cad>92</ns3:cad>
          </ns3:TrackPointExtension>
        </extensions>
      </trkpt>
      <trkpt lat="23.1742107868194580078125" lon="113.4281547926366329193115234375">
        <ele>23.6000003814697265625</ele>
        <time>2026-07-14T11:04:02.000Z</time>
        <extensions>
          <ns3:TrackPointExtension>
            <ns3:hr>135</ns3:hr>
            <ns3:cad>92</ns3:cad>
          </ns3:TrackPointExtension>
        </extensions>
      </trkpt>
      <trkpt lat="23.17420651204884052276611328125" lon="113.428180105984210968017578125">
        <ele>23.6000003814697265625</ele>
        <time>2026-07-14T11:04:03.000Z</time>
        <extensions>
          <ns3:TrackPointExtension>
            <ns3:hr>136</ns3:hr>
            <ns3:cad>93</ns3:cad>
          </ns3:TrackPointExtension>
        </extensions>
      </trkpt>
      <trkpt lat="23.17420332692563533782958984375" lon="113.42821069993078708648681640625">
        <ele>23.6000003814697265625</ele>
        <time>2026-07-14T11:04:04.000Z</time>
        <extensions>
          <ns3:TrackPointExtension>
            <ns3:hr>135</ns3:hr>
            <ns3:cad>93</ns3:cad>
          </ns3:TrackPointExtension>
        </extensions>
      </trkpt>
      <trkpt lat="23.17420315928757190704345703125" lon="113.42823467217385768890380859375">
        <ele>23.6000003814697265625</ele>
        <time>2026-07-14T11:04:05.000Z</time>
        <extensions>
          <ns3:TrackPointExtension>
            <ns3:hr>135</ns3:hr>
            <ns3:cad>92</ns3:cad>
          </ns3:TrackPointExtension>
        </extensions>
      </trkpt>
      <trkpt lat="23.1741987168788909912109375" lon="113.42827029526233673095703125">
        <ele>23.6000003814697265625</ele>
        <time>2026-07-14T11:04:06.000Z</time>
        <extensions>
          <ns3:TrackPointExtension>
            <ns3:hr>134</ns3:hr>
            <ns3:cad>92</ns3:cad>
          </ns3:TrackPointExtension>
        </extensions>
      </trkpt>
      <trkpt lat="23.17419762723147869110107421875" lon="113.4282942675054073333740234375">
        <ele>23.6000003814697265625</ele>
        <time>2026-07-14T11:04:07.000Z</time>
        <extensions>
          <ns3:TrackPointExtension>
            <ns3:hr>134</ns3:hr>
            <ns3:cad>93</ns3:cad>
          </ns3:TrackPointExtension>
        </extensions>
      </trkpt>
      <trkpt lat="23.17419393919408321380615234375" lon="113.42833072878420352935791015625">
        <ele>23.799999237060546875</ele>
        <time>2026-07-14T11:04:08.000Z</time>
        <extensions>
          <ns3:TrackPointExtension>
            <ns3:hr>134</ns3:hr>
            <ns3:cad>93</ns3:cad>
          </ns3:TrackPointExtension>
        </extensions>
      </trkpt>
      <trkpt lat="23.17419393919408321380615234375" lon="113.42835604213178157806396484375">
        <ele>23.799999237060546875</ele>
        <time>2026-07-14T11:04:09.000Z</time>
        <extensions>
          <ns3:TrackPointExtension>
            <ns3:hr>133</ns3:hr>
            <ns3:cad>92</ns3:cad>
          </ns3:TrackPointExtension>
        </extensions>
      </trkpt>
      <trkpt lat="23.1741921789944171905517578125" lon="113.4283943474292755126953125">
        <ele>23.799999237060546875</ele>
        <time>2026-07-14T11:04:10.000Z</time>
        <extensions>
          <ns3:TrackPointExtension>
            <ns3:hr>133</ns3:hr>
            <ns3:cad>92</ns3:cad>
          </ns3:TrackPointExtension>
        </extensions>
      </trkpt>
      <trkpt lat="23.17419310100376605987548828125" lon="113.42841538600623607635498046875">
        <ele>23.799999237060546875</ele>
        <time>2026-07-14T11:04:11.000Z</time>
        <extensions>
          <ns3:TrackPointExtension>
            <ns3:hr>133</ns3:hr>
            <ns3:cad>92</ns3:cad>
          </ns3:TrackPointExtension>
        </extensions>
      </trkpt>
      <trkpt lat="23.17419293336570262908935546875" lon="113.42845000326633453369140625">
        <ele>23.799999237060546875</ele>
        <time>2026-07-14T11:04:12.000Z</time>
        <extensions>
          <ns3:TrackPointExtension>
            <ns3:hr>133</ns3:hr>
            <ns3:cad>92</ns3:cad>
          </ns3:TrackPointExtension>
        </extensions>
      </trkpt>
      <trkpt lat="23.17419678904116153717041015625" lon="113.42847825028002262115478515625">
        <ele>23.799999237060546875</ele>
        <time>2026-07-14T11:04:13.000Z</time>
        <extensions>
          <ns3:TrackPointExtension>
            <ns3:hr>132</ns3:hr>
            <ns3:cad>90</ns3:cad>
          </ns3:TrackPointExtension>
        </extensions>
      </trkpt>
      <trkpt lat="23.17419268190860748291015625" lon="113.428515382111072540283203125">
        <ele>23.799999237060546875</ele>
        <time>2026-07-14T11:04:14.000Z</time>
        <extensions>
          <ns3:TrackPointExtension>
            <ns3:hr>132</ns3:hr>
            <ns3:cad>90</ns3:cad>
          </ns3:TrackPointExtension>
        </extensions>
      </trkpt>
      <trkpt lat="23.17419561557471752166748046875" lon="113.428543545305728912353515625">
        <ele>23.799999237060546875</ele>
        <time>2026-07-14T11:04:15.000Z</time>
        <extensions>
          <ns3:TrackPointExtension>
            <ns3:hr>132</ns3:hr>
            <ns3:cad>92</ns3:cad>
          </ns3:TrackPointExtension>
        </extensions>
      </trkpt>
      <trkpt lat="23.1741941906511783599853515625" lon="113.4285765700042247772216796875">
        <ele>23.799999237060546875</ele>
        <time>2026-07-14T11:04:16.000Z</time>
        <extensions>
          <ns3:TrackPointExtension>
            <ns3:hr>132</ns3:hr>
            <ns3:cad>92</ns3:cad>
          </ns3:TrackPointExtension>
        </extensions>
      </trkpt>
      <trkpt lat="23.1741987168788909912109375" lon="113.4286070801317691802978515625">
        <ele>23.799999237060546875</ele>
        <time>2026-07-14T11:04:17.000Z</time>
        <extensions>
          <ns3:TrackPointExtension>
            <ns3:hr>133</ns3:hr>
            <ns3:cad>92</ns3:cad>
          </ns3:TrackPointExtension>
        </extensions>
      </trkpt>
      <trkpt lat="23.1741972081363201141357421875" lon="113.42863566242158412933349609375">
        <ele>23.799999237060546875</ele>
        <time>2026-07-14T11:04:18.000Z</time>
        <extensions>
          <ns3:TrackPointExtension>
            <ns3:hr>133</ns3:hr>
            <ns3:cad>91</ns3:cad>
          </ns3:TrackPointExtension>
        </extensions>
      </trkpt>
      <trkpt lat="23.17419980652630329132080078125" lon="113.42866499908268451690673828125">
        <ele>23.799999237060546875</ele>
        <time>2026-07-14T11:04:19.000Z</time>
        <extensions>
          <ns3:TrackPointExtension>
            <ns3:hr>133</ns3:hr>
            <ns3:cad>91</ns3:cad>
          </ns3:TrackPointExtension>
        </extensions>
      </trkpt>
      <trkpt lat="23.17419779486954212188720703125" lon="113.42869785614311695098876953125">
        <ele>23.799999237060546875</ele>
        <time>2026-07-14T11:04:20.000Z</time>
        <extensions>
          <ns3:TrackPointExtension>
            <ns3:hr>133</ns3:hr>
            <ns3:cad>92</ns3:cad>
          </ns3:TrackPointExtension>
        </extensions>
      </trkpt>
      <trkpt lat="23.1741965375840663909912109375" lon="113.42872300185263156890869140625">
        <ele>24</ele>
        <time>2026-07-14T11:04:21.000Z</time>
        <extensions>
          <ns3:TrackPointExtension>
            <ns3:hr>133</ns3:hr>
            <ns3:cad>92</ns3:cad>
          </ns3:TrackPointExtension>
        </extensions>
      </trkpt>
      <trkpt lat="23.17419393919408321380615234375" lon="113.4287519194185733795166015625">
        <ele>24.200000762939453125</ele>
        <time>2026-07-14T11:04:22.000Z</time>
        <extensions>
          <ns3:TrackPointExtension>
            <ns3:hr>133</ns3:hr>
            <ns3:cad>93</ns3:cad>
          </ns3:TrackPointExtension>
        </extensions>
      </trkpt>
      <trkpt lat="23.1741935200989246368408203125" lon="113.4287774004042148590087890625">
        <ele>24.200000762939453125</ele>
        <time>2026-07-14T11:04:23.000Z</time>
        <extensions>
          <ns3:TrackPointExtension>
            <ns3:hr>133</ns3:hr>
            <ns3:cad>93</ns3:cad>
          </ns3:TrackPointExtension>
        </extensions>
      </trkpt>
      <trkpt lat="23.17419528029859066009521484375" lon="113.42880665324628353118896484375">
        <ele>24.200000762939453125</ele>
        <time>2026-07-14T11:04:24.000Z</time>
        <extensions>
          <ns3:TrackPointExtension>
            <ns3:hr>133</ns3:hr>
            <ns3:cad>91</ns3:cad>
          </ns3:TrackPointExtension>
        </extensions>
      </trkpt>
      <trkpt lat="23.17419528029859066009521484375" lon="113.428842611610889434814453125">
        <ele>24.200000762939453125</ele>
        <time>2026-07-14T11:04:25.000Z</time>
        <extensions>
          <ns3:TrackPointExtension>
            <ns3:hr>133</ns3:hr>
            <ns3:cad>91</ns3:cad>
          </ns3:TrackPointExtension>
        </extensions>
      </trkpt>
      <trkpt lat="23.17419477738440036773681640625" lon="113.4288709424436092376708984375">
        <ele>24.200000762939453125</ele>
        <time>2026-07-14T11:04:26.000Z</time>
        <extensions>
          <ns3:TrackPointExtension>
            <ns3:hr>134</ns3:hr>
            <ns3:cad>91</ns3:cad>
          </ns3:TrackPointExtension>
        </extensions>
      </trkpt>
      <trkpt lat="23.17419243045151233673095703125" lon="113.4289078228175640106201171875">
        <ele>24</ele>
        <time>2026-07-14T11:04:27.000Z</time>
        <extensions>
          <ns3:TrackPointExtension>
            <ns3:hr>134</ns3:hr>
            <ns3:cad>91</ns3:cad>
          </ns3:TrackPointExtension>
        </extensions>
      </trkpt>
      <trkpt lat="23.17419494502246379852294921875" lon="113.42893950641155242919921875">
        <ele>24</ele>
        <time>2026-07-14T11:04:28.000Z</time>
        <extensions>
          <ns3:TrackPointExtension>
            <ns3:hr>134</ns3:hr>
            <ns3:cad>92</ns3:cad>
          </ns3:TrackPointExtension>
        </extensions>
      </trkpt>
      <trkpt lat="23.17419209517538547515869140625" lon="113.4289683401584625244140625">
        <ele>24.200000762939453125</ele>
        <time>2026-07-14T11:04:29.000Z</time>
        <extensions>
          <ns3:TrackPointExtension>
            <ns3:hr>136</ns3:hr>
            <ns3:cad>92</ns3:cad>
          </ns3:TrackPointExtension>
        </extensions>
      </trkpt>
      <trkpt lat="23.17419662140309810638427734375" lon="113.4289909712970256805419921875">
        <ele>24.200000762939453125</ele>
        <time>2026-07-14T11:04:30.000Z</time>
        <extensions>
          <ns3:TrackPointExtension>
            <ns3:hr>137</ns3:hr>
            <ns3:cad>92</ns3:cad>
          </ns3:TrackPointExtension>
        </extensions>
      </trkpt>
      <trkpt lat="23.17419528029859066009521484375" lon="113.4290248341858386993408203125">
        <ele>24.200000762939453125</ele>
        <time>2026-07-14T11:04:31.000Z</time>
        <extensions>
          <ns3:TrackPointExtension>
            <ns3:hr>138</ns3:hr>
            <ns3:cad>93</ns3:cad>
          </ns3:TrackPointExtension>
        </extensions>
      </trkpt>
      <trkpt lat="23.17419896833598613739013671875" lon="113.42904687859117984771728515625">
        <ele>24.200000762939453125</ele>
        <time>2026-07-14T11:04:32.000Z</time>
        <extensions>
          <ns3:TrackPointExtension>
            <ns3:hr>138</ns3:hr>
            <ns3:cad>93</ns3:cad>
          </ns3:TrackPointExtension>
        </extensions>
      </trkpt>
      <trkpt lat="23.17419343627989292144775390625" lon="113.429082334041595458984375">
        <ele>24</ele>
        <time>2026-07-14T11:04:33.000Z</time>
        <extensions>
          <ns3:TrackPointExtension>
            <ns3:hr>138</ns3:hr>
            <ns3:cad>91</ns3:cad>
          </ns3:TrackPointExtension>
        </extensions>
      </trkpt>
      <trkpt lat="23.17419813014566898345947265625" lon="113.42911426909267902374267578125">
        <ele>24</ele>
        <time>2026-07-14T11:04:34.000Z</time>
        <extensions>
          <ns3:TrackPointExtension>
            <ns3:hr>139</ns3:hr>
            <ns3:cad>91</ns3:cad>
          </ns3:TrackPointExtension>
        </extensions>
      </trkpt>
      <trkpt lat="23.174195699393749237060546875" lon="113.42915332876145839691162109375">
        <ele>24.200000762939453125</ele>
        <time>2026-07-14T11:04:35.000Z</time>
        <extensions>
          <ns3:TrackPointExtension>
            <ns3:hr>139</ns3:hr>
            <ns3:cad>92</ns3:cad>
          </ns3:TrackPointExtension>
        </extensions>
      </trkpt>
      <trkpt lat="23.17420131526887416839599609375" lon="113.42918601818382740020751953125">
        <ele>24.200000762939453125</ele>
        <time>2026-07-14T11:04:36.000Z</time>
        <extensions>
          <ns3:TrackPointExtension>
            <ns3:hr>139</ns3:hr>
            <ns3:cad>92</ns3:cad>
          </ns3:TrackPointExtension>
        </extensions>
      </trkpt>
      <trkpt lat="23.17420265637338161468505859375" lon="113.42922407202422618865966796875">
        <ele>24.200000762939453125</ele>
        <time>2026-07-14T11:04:37.000Z</time>
        <extensions>
          <ns3:TrackPointExtension>
            <ns3:hr>139</ns3:hr>
            <ns3:cad>92</ns3:cad>
          </ns3:TrackPointExtension>
        </extensions>
      </trkpt>
      <trkpt lat="23.17420600913465023040771484375" lon="113.42925374396145343780517578125">
        <ele>24.200000762939453125</ele>
        <time>2026-07-14T11:04:38.000Z</time>
        <extensions>
          <ns3:TrackPointExtension>
            <ns3:hr>139</ns3:hr>
            <ns3:cad>91</ns3:cad>
          </ns3:TrackPointExtension>
        </extensions>
      </trkpt>
      <trkpt lat="23.17420475184917449951171875" lon="113.42928609810769557952880859375">
        <ele>24.200000762939453125</ele>
        <time>2026-07-14T11:04:39.000Z</time>
        <extensions>
          <ns3:TrackPointExtension>
            <ns3:hr>139</ns3:hr>
            <ns3:cad>91</ns3:cad>
          </ns3:TrackPointExtension>
        </extensions>
      </trkpt>
      <trkpt lat="23.174208439886569976806640625" lon="113.4293158538639545440673828125">
        <ele>24.200000762939453125</ele>
        <time>2026-07-14T11:04:40.000Z</time>
        <extensions>
          <ns3:TrackPointExtension>
            <ns3:hr>140</ns3:hr>
            <ns3:cad>92</ns3:cad>
          </ns3:TrackPointExtension>
        </extensions>
      </trkpt>
      <trkpt lat="23.17420785315334796905517578125" lon="113.429347537457942962646484375">
        <ele>24.200000762939453125</ele>
        <time>2026-07-14T11:04:41.000Z</time>
        <extensions>
          <ns3:TrackPointExtension>
            <ns3:hr>140</ns3:hr>
            <ns3:cad>92</ns3:cad>
          </ns3:TrackPointExtension>
        </extensions>
      </trkpt>
      <trkpt lat="23.174210451543331146240234375" lon="113.4293788857758045196533203125">
        <ele>24.200000762939453125</ele>
        <time>2026-07-14T11:04:42.000Z</time>
        <extensions>
          <ns3:TrackPointExtension>
            <ns3:hr>140</ns3:hr>
            <ns3:cad>92</ns3:cad>
          </ns3:TrackPointExtension>
        </extensions>
      </trkpt>
      <trkpt lat="23.17421003244817256927490234375" lon="113.4294070489704608917236328125">
        <ele>24.200000762939453125</ele>
        <time>2026-07-14T11:04:43.000Z</time>
        <extensions>
          <ns3:TrackPointExtension>
            <ns3:hr>140</ns3:hr>
            <ns3:cad>92</ns3:cad>
          </ns3:TrackPointExtension>
        </extensions>
      </trkpt>
      <trkpt lat="23.17420634441077709197998046875" lon="113.4294395707547664642333984375">
        <ele>24.200000762939453125</ele>
        <time>2026-07-14T11:04:44.000Z</time>
        <extensions>
          <ns3:TrackPointExtension>
            <ns3:hr>141</ns3:hr>
            <ns3:cad>92</ns3:cad>
          </ns3:TrackPointExtension>
        </extensions>
      </trkpt>
      <trkpt lat="23.1742062605917453765869140625" lon="113.42946312390267848968505859375">
        <ele>24</ele>
        <time>2026-07-14T11:04:45.000Z</time>
        <extensions>
          <ns3:TrackPointExtension>
            <ns3:hr>141</ns3:hr>
            <ns3:cad>92</ns3:cad>
          </ns3:TrackPointExtension>
        </extensions>
      </trkpt>
      <trkpt lat="23.17420399747788906097412109375" lon="113.4295005910098552703857421875">
        <ele>24</ele>
        <time>2026-07-14T11:04:46.000Z</time>
        <extensions>
          <ns3:TrackPointExtension>
            <ns3:hr>141</ns3:hr>
            <ns3:cad>93</ns3:cad>
          </ns3:TrackPointExtension>
        </extensions>
      </trkpt>
      <trkpt lat="23.1742059253156185150146484375" lon="113.4295290894806385040283203125">
        <ele>24</ele>
        <time>2026-07-14T11:04:47.000Z</time>
        <extensions>
          <ns3:TrackPointExtension>
            <ns3:hr>142</ns3:hr>
            <ns3:cad>93</ns3:cad>
          </ns3:TrackPointExtension>
        </extensions>
      </trkpt>
      <trkpt lat="23.1742012314498424530029296875" lon="113.42956655658781528472900390625">
        <ele>24</ele>
        <time>2026-07-14T11:04:48.000Z</time>
        <extensions>
          <ns3:TrackPointExtension>
            <ns3:hr>142</ns3:hr>
            <ns3:cad>93</ns3:cad>
          </ns3:TrackPointExtension>
        </extensions>
      </trkpt>
      <trkpt lat="23.1742065958678722381591796875" lon="113.42959790490567684173583984375">
        <ele>24</ele>
        <time>2026-07-14T11:04:49.000Z</time>
        <extensions>
          <ns3:TrackPointExtension>
            <ns3:hr>142</ns3:hr>
            <ns3:cad>92</ns3:cad>
          </ns3:TrackPointExtension>
        </extensions>
      </trkpt>
      <trkpt lat="23.17420802079141139984130859375" lon="113.429641239345073699951171875">
        <ele>24</ele>
        <time>2026-07-14T11:04:50.000Z</time>
        <extensions>
          <ns3:TrackPointExtension>
            <ns3:hr>142</ns3:hr>
            <ns3:cad>92</ns3:cad>
          </ns3:TrackPointExtension>
        </extensions>
      </trkpt>
      <trkpt lat="23.17421154119074344635009765625" lon="113.42967040836811065673828125">
        <ele>24.200000762939453125</ele>
        <time>2026-07-14T11:04:51.000Z</time>
        <extensions>
          <ns3:TrackPointExtension>
            <ns3:hr>142</ns3:hr>
            <ns3:cad>92</ns3:cad>
          </ns3:TrackPointExtension>
        </extensions>
      </trkpt>
      <trkpt lat="23.1742086075246334075927734375" lon="113.4297114796936511993408203125">
        <ele>24.200000762939453125</ele>
        <time>2026-07-14T11:04:52.000Z</time>
        <extensions>
          <ns3:TrackPointExtension>
            <ns3:hr>143</ns3:hr>
            <ns3:cad>92</ns3:cad>
          </ns3:TrackPointExtension>
        </extensions>
      </trkpt>
      <trkpt lat="23.1742139719426631927490234375" lon="113.42973872087895870208740234375">
        <ele>24.200000762939453125</ele>
        <time>2026-07-14T11:04:53.000Z</time>
        <extensions>
          <ns3:TrackPointExtension>
            <ns3:hr>142</ns3:hr>
            <ns3:cad>92</ns3:cad>
          </ns3:TrackPointExtension>
        </extensions>
      </trkpt>
      <trkpt lat="23.1742129661142826080322265625" lon="113.42977308668196201324462890625">
        <ele>24.200000762939453125</ele>
        <time>2026-07-14T11:04:54.000Z</time>
        <extensions>
          <ns3:TrackPointExtension>
            <ns3:hr>142</ns3:hr>
            <ns3:cad>92</ns3:cad>
          </ns3:TrackPointExtension>
        </extensions>
      </trkpt>
      <trkpt lat="23.17421657033264636993408203125" lon="113.42979647219181060791015625">
        <ele>24.200000762939453125</ele>
        <time>2026-07-14T11:04:55.000Z</time>
        <extensions>
          <ns3:TrackPointExtension>
            <ns3:hr>143</ns3:hr>
            <ns3:cad>90</ns3:cad>
          </ns3:TrackPointExtension>
        </extensions>
      </trkpt>
      <trkpt lat="23.17420885898172855377197265625" lon="113.429833687841892242431640625">
        <ele>24</ele>
        <time>2026-07-14T11:04:56.000Z</time>
        <extensions>
          <ns3:TrackPointExtension>
            <ns3:hr>143</ns3:hr>
            <ns3:cad>90</ns3:cad>
          </ns3:TrackPointExtension>
        </extensions>
      </trkpt>
      <trkpt lat="23.17421020008623600006103515625" lon="113.42986227013170719146728515625">
        <ele>24</ele>
        <time>2026-07-14T11:04:57.000Z</time>
        <extensions>
          <ns3:TrackPointExtension>
            <ns3:hr>143</ns3:hr>
            <ns3:cad>90</ns3:cad>
          </ns3:TrackPointExtension>
        </extensions>
      </trkpt>
      <trkpt lat="23.17420768551528453826904296875" lon="113.42989479191601276397705078125">
        <ele>24</ele>
        <time>2026-07-14T11:04:58.000Z</time>
        <extensions>
          <ns3:TrackPointExtension>
            <ns3:hr>143</ns3:hr>
            <ns3:cad>91</ns3:cad>
          </ns3:TrackPointExtension>
        </extensions>
      </trkpt>
      <trkpt lat="23.1742079369723796844482421875" lon="113.4299223683774471282958984375">
        <ele>24</ele>
        <time>2026-07-14T11:04:59.000Z</time>
        <extensions>
          <ns3:TrackPointExtension>
            <ns3:hr>142</ns3:hr>
            <ns3:cad>92</ns3:cad>
          </ns3:TrackPointExtension>
        </extensions>
      </trkpt>
      <trkpt lat="23.17420114763081073760986328125" lon="113.42995363287627696990966796875">
        <ele>24</ele>
        <time>2026-07-14T11:05:00.000Z</time>
        <extensions>
          <ns3:TrackPointExtension>
            <ns3:hr>142</ns3:hr>
            <ns3:cad>92</ns3:cad>
          </ns3:TrackPointExtension>
        </extensions>
      </trkpt>
      <trkpt lat="23.17420399747788906097412109375" lon="113.42998146079480648040771484375">
        <ele>24</ele>
        <time>2026-07-14T11:05:01.000Z</time>
        <extensions>
          <ns3:TrackPointExtension>
            <ns3:hr>142</ns3:hr>
            <ns3:cad>92</ns3:cad>
          </ns3:TrackPointExtension>
        </extensions>
      </trkpt>
      <trkpt lat="23.1742029078304767608642578125" lon="113.43001482076942920684814453125">
        <ele>23.799999237060546875</ele>
        <time>2026-07-14T11:05:02.000Z</time>
        <extensions>
          <ns3:TrackPointExtension>
            <ns3:hr>142</ns3:hr>
            <ns3:cad>91</ns3:cad>
          </ns3:TrackPointExtension>
        </extensions>
      </trkpt>
      <trkpt lat="23.17420181818306446075439453125" lon="113.43004415743052959442138671875">
        <ele>23.799999237060546875</ele>
        <time>2026-07-14T11:05:03.000Z</time>
        <extensions>
          <ns3:TrackPointExtension>
            <ns3:hr>142</ns3:hr>
            <ns3:cad>91</ns3:cad>
          </ns3:TrackPointExtension>
        </extensions>
      </trkpt>
      <trkpt lat="23.17420483566820621490478515625" lon="113.43006846494972705841064453125">
        <ele>23.799999237060546875</ele>
        <time>2026-07-14T11:05:04.000Z</time>
        <extensions>
          <ns3:TrackPointExtension>
            <ns3:hr>142</ns3:hr>
            <ns3:cad>90</ns3:cad>
          </ns3:TrackPointExtension>
        </extensions>
      </trkpt>
      <trkpt lat="23.17420483566820621490478515625" lon="113.4301044233143329620361328125">
        <ele>23.799999237060546875</ele>
        <time>2026-07-14T11:05:05.000Z</time>
        <extensions>
          <ns3:TrackPointExtension>
            <ns3:hr>141</ns3:hr>
            <ns3:cad>90</ns3:cad>
          </ns3:TrackPointExtension>
        </extensions>
      </trkpt>
      <trkpt lat="23.1742059253156185150146484375" lon="113.430132083594799041748046875">
        <ele>23.799999237060546875</ele>
        <time>2026-07-14T11:05:06.000Z</time>
        <extensions>
          <ns3:TrackPointExtension>
            <ns3:hr>141</ns3:hr>
            <ns3:cad>90</ns3:cad>
          </ns3:TrackPointExtension>
        </extensions>
      </trkpt>
      <trkpt lat="23.17419913597404956817626953125" lon="113.43017005361616611480712890625">
        <ele>23.799999237060546875</ele>
        <time>2026-07-14T11:05:07.000Z</time>
        <extensions>
          <ns3:TrackPointExtension>
            <ns3:hr>141</ns3:hr>
            <ns3:cad>92</ns3:cad>
          </ns3:TrackPointExtension>
        </extensions>
      </trkpt>
      <trkpt lat="23.1742000579833984375" lon="113.43019536696374416351318359375">
        <ele>23.799999237060546875</ele>
        <time>2026-07-14T11:05:08.000Z</time>
        <extensions>
          <ns3:TrackPointExtension>
            <ns3:hr>141</ns3:hr>
            <ns3:cad>92</ns3:cad>
          </ns3:TrackPointExtension>
        </extensions>
      </trkpt>
      <trkpt lat="23.1742013990879058837890625" lon="113.43023291788995265960693359375">
        <ele>23.799999237060546875</ele>
        <time>2026-07-14T11:05:09.000Z</time>
        <extensions>
          <ns3:TrackPointExtension>
            <ns3:hr>141</ns3:hr>
            <ns3:cad>93</ns3:cad>
          </ns3:TrackPointExtension>
        </extensions>
      </trkpt>
      <trkpt lat="23.17420349456369876861572265625" lon="113.43025781214237213134765625">
        <ele>23.799999237060546875</ele>
        <time>2026-07-14T11:05:10.000Z</time>
        <extensions>
          <ns3:TrackPointExtension>
            <ns3:hr>141</ns3:hr>
            <ns3:cad>93</ns3:cad>
          </ns3:TrackPointExtension>
        </extensions>
      </trkpt>
      <trkpt lat="23.17419980652630329132080078125" lon="113.43029645271599292755126953125">
        <ele>23.799999237060546875</ele>
        <time>2026-07-14T11:05:11.000Z</time>
        <extensions>
          <ns3:TrackPointExtension>
            <ns3:hr>141</ns3:hr>
            <ns3:cad>93</ns3:cad>
          </ns3:TrackPointExtension>
        </extensions>
      </trkpt>
      <trkpt lat="23.1742012314498424530029296875" lon="113.43032964505255222320556640625">
        <ele>23.799999237060546875</ele>
        <time>2026-07-14T11:05:12.000Z</time>
        <extensions>
          <ns3:TrackPointExtension>
            <ns3:hr>141</ns3:hr>
            <ns3:cad>93</ns3:cad>
          </ns3:TrackPointExtension>
        </extensions>
      </trkpt>
      <trkpt lat="23.17419880069792270660400390625" lon="113.4303656034171581268310546875">
        <ele>23.799999237060546875</ele>
        <time>2026-07-14T11:05:13.000Z</time>
        <extensions>
          <ns3:TrackPointExtension>
            <ns3:hr>140</ns3:hr>
            <ns3:cad>91</ns3:cad>
          </ns3:TrackPointExtension>
        </extensions>
      </trkpt>
      <trkpt lat="23.1742032431066036224365234375" lon="113.43038982711732387542724609375">
        <ele>24</ele>
        <time>2026-07-14T11:05:14.000Z</time>
        <extensions>
          <ns3:TrackPointExtension>
            <ns3:hr>141</ns3:hr>
            <ns3:cad>91</ns3:cad>
          </ns3:TrackPointExtension>
        </extensions>
      </trkpt>
      <trkpt lat="23.1742025725543498992919921875" lon="113.430415056645870208740234375">
        <ele>24</ele>
        <time>2026-07-14T11:05:15.000Z</time>
        <extensions>
          <ns3:TrackPointExtension>
            <ns3:hr>141</ns3:hr>
            <ns3:cad>93</ns3:cad>
          </ns3:TrackPointExtension>
        </extensions>
      </trkpt>
      <trkpt lat="23.1742049194872379302978515625" lon="113.43044581823050975799560546875">
        <ele>24</ele>
        <time>2026-07-14T11:05:16.000Z</time>
        <extensions>
          <ns3:TrackPointExtension>
            <ns3:hr>141</ns3:hr>
            <ns3:cad>93</ns3:cad>
          </ns3:TrackPointExtension>
        </extensions>
      </trkpt>
      <trkpt lat="23.17420475184917449951171875" lon="113.4304728917777538299560546875">
        <ele>24</ele>
        <time>2026-07-14T11:05:17.000Z</time>
        <extensions>
          <ns3:TrackPointExtension>
            <ns3:hr>141</ns3:hr>
            <ns3:cad>93</ns3:cad>
          </ns3:TrackPointExtension>
        </extensions>
      </trkpt>
      <trkpt lat="23.17420030944049358367919921875" lon="113.4305007196962833404541015625">
        <ele>23.799999237060546875</ele>
        <time>2026-07-14T11:05:18.000Z</time>
        <extensions>
          <ns3:TrackPointExtension>
            <ns3:hr>140</ns3:hr>
            <ns3:cad>93</ns3:cad>
          </ns3:TrackPointExtension>
        </extensions>
      </trkpt>
      <trkpt lat="23.17420206964015960693359375" lon="113.43052645213901996612548828125">
        <ele>23.799999237060546875</ele>
        <time>2026-07-14T11:05:19.000Z</time>
        <extensions>
          <ns3:TrackPointExtension>
            <ns3:hr>140</ns3:hr>
            <ns3:cad>93</ns3:cad>
          </ns3:TrackPointExtension>
        </extensions>
      </trkpt>
      <trkpt lat="23.174200393259525299072265625" lon="113.43056618236005306243896484375">
        <ele>24</ele>
        <time>2026-07-14T11:05:20.000Z</time>
        <extensions>
          <ns3:TrackPointExtension>
            <ns3:hr>140</ns3:hr>
            <ns3:cad>93</ns3:cad>
          </ns3:TrackPointExtension>
        </extensions>
      </trkpt>
      <trkpt lat="23.17420047707855701446533203125" lon="113.43059468083083629608154296875">
        <ele>24</ele>
        <time>2026-07-14T11:05:21.000Z</time>
        <extensions>
          <ns3:TrackPointExtension>
            <ns3:hr>140</ns3:hr>
            <ns3:cad>93</ns3:cad>
          </ns3:TrackPointExtension>
        </extensions>
      </trkpt>
      <trkpt lat="23.17419930361211299896240234375" lon="113.43063089065253734588623046875">
        <ele>24.200000762939453125</ele>
        <time>2026-07-14T11:05:22.000Z</time>
        <extensions>
          <ns3:TrackPointExtension>
            <ns3:hr>139</ns3:hr>
            <ns3:cad>93</ns3:cad>
          </ns3:TrackPointExtension>
        </extensions>
      </trkpt>
      <trkpt lat="23.17419846542179584503173828125" lon="113.4306603111326694488525390625">
        <ele>24.200000762939453125</ele>
        <time>2026-07-14T11:05:23.000Z</time>
        <extensions>
          <ns3:TrackPointExtension>
            <ns3:hr>139</ns3:hr>
            <ns3:cad>93</ns3:cad>
          </ns3:TrackPointExtension>
        </extensions>
      </trkpt>
      <trkpt lat="23.1741955317556858062744140625" lon="113.430694006383419036865234375">
        <ele>24.200000762939453125</ele>
        <time>2026-07-14T11:05:24.000Z</time>
        <extensions>
          <ns3:TrackPointExtension>
            <ns3:hr>139</ns3:hr>
            <ns3:cad>92</ns3:cad>
          </ns3:TrackPointExtension>
        </extensions>
      </trkpt>
      <trkpt lat="23.17419913597404956817626953125" lon="113.430717475712299346923828125">
        <ele>24.200000762939453125</ele>
        <time>2026-07-14T11:05:25.000Z</time>
        <extensions>
          <ns3:TrackPointExtension>
            <ns3:hr>140</ns3:hr>
            <ns3:cad>92</ns3:cad>
          </ns3:TrackPointExtension>
        </extensions>
      </trkpt>
      <trkpt lat="23.17419997416436672210693359375" lon="113.43075209297239780426025390625">
        <ele>24</ele>
        <time>2026-07-14T11:05:26.000Z</time>
        <extensions>
          <ns3:TrackPointExtension>
            <ns3:hr>139</ns3:hr>
            <ns3:cad>92</ns3:cad>
          </ns3:TrackPointExtension>
        </extensions>
      </trkpt>
      <trkpt lat="23.17420047707855701446533203125" lon="113.43077807687222957611083984375">
        <ele>24</ele>
        <time>2026-07-14T11:05:27.000Z</time>
        <extensions>
          <ns3:TrackPointExtension>
            <ns3:hr>139</ns3:hr>
            <ns3:cad>92</ns3:cad>
          </ns3:TrackPointExtension>
        </extensions>
      </trkpt>
      <trkpt lat="23.17419578321278095245361328125" lon="113.430812694132328033447265625">
        <ele>24</ele>
        <time>2026-07-14T11:05:28.000Z</time>
        <extensions>
          <ns3:TrackPointExtension>
            <ns3:hr>139</ns3:hr>
            <ns3:cad>92</ns3:cad>
          </ns3:TrackPointExtension>
        </extensions>
      </trkpt>
      <trkpt lat="23.17419913597404956817626953125" lon="113.4308420307934284210205078125">
        <ele>24</ele>
        <time>2026-07-14T11:05:29.000Z</time>
        <extensions>
          <ns3:TrackPointExtension>
            <ns3:hr>139</ns3:hr>
            <ns3:cad>92</ns3:cad>
          </ns3:TrackPointExtension>
        </extensions>
      </trkpt>
      <trkpt lat="23.17420097999274730682373046875" lon="113.4308807551860809326171875">
        <ele>24</ele>
        <time>2026-07-14T11:05:30.000Z</time>
        <extensions>
          <ns3:TrackPointExtension>
            <ns3:hr>139</ns3:hr>
            <ns3:cad>92</ns3:cad>
          </ns3:TrackPointExtension>
        </extensions>
      </trkpt>
      <trkpt lat="23.1742076016962528228759765625" lon="113.43090732581913471221923828125">
        <ele>23.799999237060546875</ele>
        <time>2026-07-14T11:05:31.000Z</time>
        <extensions>
          <ns3:TrackPointExtension>
            <ns3:hr>140</ns3:hr>
            <ns3:cad>92</ns3:cad>
          </ns3:TrackPointExtension>
        </extensions>
      </trkpt>
      <trkpt lat="23.1742012314498424530029296875" lon="113.43094420619308948516845703125">
        <ele>23.799999237060546875</ele>
        <time>2026-07-14T11:05:32.000Z</time>
        <extensions>
          <ns3:TrackPointExtension>
            <ns3:hr>140</ns3:hr>
            <ns3:cad>91</ns3:cad>
          </ns3:TrackPointExtension>
        </extensions>
      </trkpt>
      <trkpt lat="23.1742049194872379302978515625" lon="113.43097236938774585723876953125">
        <ele>23.799999237060546875</ele>
        <time>2026-07-14T11:05:33.000Z</time>
        <extensions>
          <ns3:TrackPointExtension>
            <ns3:hr>140</ns3:hr>
            <ns3:cad>91</ns3:cad>
          </ns3:TrackPointExtension>
        </extensions>
      </trkpt>
      <trkpt lat="23.174202740192413330078125" lon="113.43100857920944690704345703125">
        <ele>23.799999237060546875</ele>
        <time>2026-07-14T11:05:34.000Z</time>
        <extensions>
          <ns3:TrackPointExtension>
            <ns3:hr>139</ns3:hr>
            <ns3:cad>91</ns3:cad>
          </ns3:TrackPointExtension>
        </extensions>
      </trkpt>
      <trkpt lat="23.17420567385852336883544921875" lon="113.431032635271549224853515625">
        <ele>23.799999237060546875</ele>
        <time>2026-07-14T11:05:35.000Z</time>
        <extensions>
          <ns3:TrackPointExtension>
            <ns3:hr>139</ns3:hr>
            <ns3:cad>91</ns3:cad>
          </ns3:TrackPointExtension>
        </extensions>
      </trkpt>
      <trkpt lat="23.1742035783827304840087890625" lon="113.4310685098171234130859375">
        <ele>24</ele>
        <time>2026-07-14T11:05:36.000Z</time>
        <extensions>
          <ns3:TrackPointExtension>
            <ns3:hr>139</ns3:hr>
            <ns3:cad>90</ns3:cad>
          </ns3:TrackPointExtension>
        </extensions>
      </trkpt>
      <trkpt lat="23.17420609295368194580078125" lon="113.43109625391662120819091796875">
        <ele>24</ele>
        <time>2026-07-14T11:05:37.000Z</time>
        <extensions>
          <ns3:TrackPointExtension>
            <ns3:hr>138</ns3:hr>
            <ns3:cad>90</ns3:cad>
          </ns3:TrackPointExtension>
        </extensions>
      </trkpt>
      <trkpt lat="23.174199052155017852783203125" lon="113.43113145790994167327880859375">
        <ele>24</ele>
        <time>2026-07-14T11:05:38.000Z</time>
        <extensions>
          <ns3:TrackPointExtension>
            <ns3:hr>138</ns3:hr>
            <ns3:cad>90</ns3:cad>
          </ns3:TrackPointExtension>
        </extensions>
      </trkpt>
      <trkpt lat="23.17420014180243015289306640625" lon="113.43115760944783687591552734375">
        <ele>24</ele>
        <time>2026-07-14T11:05:39.000Z</time>
        <extensions>
          <ns3:TrackPointExtension>
            <ns3:hr>138</ns3:hr>
            <ns3:cad>90</ns3:cad>
          </ns3:TrackPointExtension>
        </extensions>
      </trkpt>
      <trkpt lat="23.1741972081363201141357421875" lon="113.4311967529356479644775390625">
        <ele>24</ele>
        <time>2026-07-14T11:05:40.000Z</time>
        <extensions>
          <ns3:TrackPointExtension>
            <ns3:hr>138</ns3:hr>
            <ns3:cad>90</ns3:cad>
          </ns3:TrackPointExtension>
        </extensions>
      </trkpt>
      <trkpt lat="23.17420072853565216064453125" lon="113.43122206628322601318359375">
        <ele>24</ele>
        <time>2026-07-14T11:05:41.000Z</time>
        <extensions>
          <ns3:TrackPointExtension>
            <ns3:hr>138</ns3:hr>
            <ns3:cad>90</ns3:cad>
          </ns3:TrackPointExtension>
        </extensions>
      </trkpt>
      <trkpt lat="23.17419536411762237548828125" lon="113.43125760555267333984375">
        <ele>24</ele>
        <time>2026-07-14T11:05:42.000Z</time>
        <extensions>
          <ns3:TrackPointExtension>
            <ns3:hr>138</ns3:hr>
            <ns3:cad>89</ns3:cad>
          </ns3:TrackPointExtension>
        </extensions>
      </trkpt>
      <trkpt lat="23.1741921789944171905517578125" lon="113.431287445127964019775390625">
        <ele>24</ele>
        <time>2026-07-14T11:05:43.000Z</time>
        <extensions>
          <ns3:TrackPointExtension>
            <ns3:hr>138</ns3:hr>
            <ns3:cad>89</ns3:cad>
          </ns3:TrackPointExtension>
        </extensions>
      </trkpt>
      <trkpt lat="23.17419108934700489044189453125" lon="113.4313265047967433929443359375">
        <ele>24</ele>
        <time>2026-07-14T11:05:44.000Z</time>
        <extensions>
          <ns3:TrackPointExtension>
            <ns3:hr>138</ns3:hr>
            <ns3:cad>89</ns3:cad>
          </ns3:TrackPointExtension>
        </extensions>
      </trkpt>
      <trkpt lat="23.17419460974633693695068359375" lon="113.431353829801082611083984375">
        <ele>24</ele>
        <time>2026-07-14T11:05:45.000Z</time>
        <extensions>
          <ns3:TrackPointExtension>
            <ns3:hr>138</ns3:hr>
            <ns3:cad>89</ns3:cad>
          </ns3:TrackPointExtension>
        </extensions>
      </trkpt>
      <trkpt lat="23.17419695667922496795654296875" lon="113.43139029107987880706787109375">
        <ele>24</ele>
        <time>2026-07-14T11:05:46.000Z</time>
        <extensions>
          <ns3:TrackPointExtension>
            <ns3:hr>138</ns3:hr>
            <ns3:cad>89</ns3:cad>
          </ns3:TrackPointExtension>
        </extensions>
      </trkpt>
      <trkpt lat="23.1742008961737155914306640625" lon="113.4314166940748691558837890625">
        <ele>24.200000762939453125</ele>
        <time>2026-07-14T11:05:47.000Z</time>
        <extensions>
          <ns3:TrackPointExtension>
            <ns3:hr>138</ns3:hr>
            <ns3:cad>90</ns3:cad>
          </ns3:TrackPointExtension>
        </extensions>
      </trkpt>
      <trkpt lat="23.1741933524608612060546875" lon="113.43145282007753849029541015625">
        <ele>24.3999996185302734375</ele>
        <time>2026-07-14T11:05:48.000Z</time>
        <extensions>
          <ns3:TrackPointExtension>
            <ns3:hr>138</ns3:hr>
            <ns3:cad>90</ns3:cad>
          </ns3:TrackPointExtension>
        </extensions>
      </trkpt>
      <trkpt lat="23.1741978786885738372802734375" lon="113.4314743615686893463134765625">
        <ele>24.6000003814697265625</ele>
        <time>2026-07-14T11:05:49.000Z</time>
        <extensions>
          <ns3:TrackPointExtension>
            <ns3:hr>138</ns3:hr>
            <ns3:cad>90</ns3:cad>
          </ns3:TrackPointExtension>
        </extensions>
      </trkpt>
      <trkpt lat="23.174195028841495513916015625" lon="113.43150378204882144927978515625">
        <ele>24.6000003814697265625</ele>
        <time>2026-07-14T11:05:50.000Z</time>
        <extensions>
          <ns3:TrackPointExtension>
            <ns3:hr>138</ns3:hr>
            <ns3:cad>90</ns3:cad>
          </ns3:TrackPointExtension>
        </extensions>
      </trkpt>
      <trkpt lat="23.17419536411762237548828125" lon="113.4315300174057483673095703125">
        <ele>24.799999237060546875</ele>
        <time>2026-07-14T11:05:51.000Z</time>
        <extensions>
          <ns3:TrackPointExtension>
            <ns3:hr>139</ns3:hr>
            <ns3:cad>90</ns3:cad>
          </ns3:TrackPointExtension>
        </extensions>
      </trkpt>
      <trkpt lat="23.17419410683214664459228515625" lon="113.43156714923679828643798828125">
        <ele>24.799999237060546875</ele>
        <time>2026-07-14T11:05:52.000Z</time>
        <extensions>
          <ns3:TrackPointExtension>
            <ns3:hr>138</ns3:hr>
            <ns3:cad>90</ns3:cad>
          </ns3:TrackPointExtension>
        </extensions>
      </trkpt>
      <trkpt lat="23.17419444210827350616455078125" lon="113.43159380368888378143310546875">
        <ele>24.799999237060546875</ele>
        <time>2026-07-14T11:05:53.000Z</time>
        <extensions>
          <ns3:TrackPointExtension>
            <ns3:hr>138</ns3:hr>
            <ns3:cad>90</ns3:cad>
          </ns3:TrackPointExtension>
        </extensions>
      </trkpt>
      <trkpt lat="23.1741871498525142669677734375" lon="113.43163244426250457763671875">
        <ele>24.799999237060546875</ele>
        <time>2026-07-14T11:05:54.000Z</time>
        <extensions>
          <ns3:TrackPointExtension>
            <ns3:hr>138</ns3:hr>
            <ns3:cad>90</ns3:cad>
          </ns3:TrackPointExtension>
        </extensions>
      </trkpt>
      <trkpt lat="23.17418404854834079742431640625" lon="113.4316580928862094879150390625">
        <ele>24.799999237060546875</ele>
        <time>2026-07-14T11:05:55.000Z</time>
        <extensions>
          <ns3:TrackPointExtension>
            <ns3:hr>138</ns3:hr>
            <ns3:cad>91</ns3:cad>
          </ns3:TrackPointExtension>
        </extensions>
      </trkpt>
      <trkpt lat="23.17417952232062816619873046875" lon="113.431693129241466522216796875">
        <ele>24.799999237060546875</ele>
        <time>2026-07-14T11:05:56.000Z</time>
        <extensions>
          <ns3:TrackPointExtension>
            <ns3:hr>138</ns3:hr>
            <ns3:cad>90</ns3:cad>
          </ns3:TrackPointExtension>
        </extensions>
      </trkpt>
      <trkpt lat="23.17417784593999385833740234375" lon="113.4317224659025669097900390625">
        <ele>24.799999237060546875</ele>
        <time>2026-07-14T11:05:57.000Z</time>
        <extensions>
          <ns3:TrackPointExtension>
            <ns3:hr>138</ns3:hr>
            <ns3:cad>91</ns3:cad>
          </ns3:TrackPointExtension>
        </extensions>
      </trkpt>
      <trkpt lat="23.1741737388074398040771484375" lon="113.4317556582391262054443359375">
        <ele>24.799999237060546875</ele>
        <time>2026-07-14T11:05:58.000Z</time>
        <extensions>
          <ns3:TrackPointExtension>
            <ns3:hr>138</ns3:hr>
            <ns3:cad>90</ns3:cad>
          </ns3:TrackPointExtension>
        </extensions>
      </trkpt>
      <trkpt lat="23.1741774268448352813720703125" lon="113.431788347661495208740234375">
        <ele>24.799999237060546875</ele>
        <time>2026-07-14T11:05:59.000Z</time>
        <extensions>
          <ns3:TrackPointExtension>
            <ns3:hr>138</ns3:hr>
            <ns3:cad>91</ns3:cad>
          </ns3:TrackPointExtension>
        </extensions>
      </trkpt>
      <trkpt lat="23.17417382262647151947021484375" lon="113.4318220429122447967529296875">
        <ele>24.6000003814697265625</ele>
        <time>2026-07-14T11:06:00.000Z</time>
        <extensions>
          <ns3:TrackPointExtension>
            <ns3:hr>138</ns3:hr>
            <ns3:cad>90</ns3:cad>
          </ns3:TrackPointExtension>
        </extensions>
      </trkpt>
      <trkpt lat="23.1741784326732158660888671875" lon="113.4318528883159160614013671875">
        <ele>24.6000003814697265625</ele>
        <time>2026-07-14T11:06:01.000Z</time>
        <extensions>
          <ns3:TrackPointExtension>
            <ns3:hr>138</ns3:hr>
            <ns3:cad>91</ns3:cad>
          </ns3:TrackPointExtension>
        </extensions>
      </trkpt>
      <trkpt lat="23.17417415790259838104248046875" lon="113.431892283260822296142578125">
        <ele>24.6000003814697265625</ele>
        <time>2026-07-14T11:06:02.000Z</time>
        <extensions>
          <ns3:TrackPointExtension>
            <ns3:hr>138</ns3:hr>
            <ns3:cad>91</ns3:cad>
          </ns3:TrackPointExtension>
        </extensions>
      </trkpt>
      <trkpt lat="23.1741750799119472503662109375" lon="113.43192488886415958404541015625">
        <ele>24.6000003814697265625</ele>
        <time>2026-07-14T11:06:03.000Z</time>
        <extensions>
          <ns3:TrackPointExtension>
            <ns3:hr>138</ns3:hr>
            <ns3:cad>91</ns3:cad>
          </ns3:TrackPointExtension>
        </extensions>
      </trkpt>
      <trkpt lat="23.17416711710393428802490234375" lon="113.431955315172672271728515625">
        <ele>24.6000003814697265625</ele>
        <time>2026-07-14T11:06:04.000Z</time>
        <extensions>
          <ns3:TrackPointExtension>
            <ns3:hr>138</ns3:hr>
            <ns3:cad>91</ns3:cad>
          </ns3:TrackPointExtension>
        </extensions>
      </trkpt>
      <trkpt lat="23.1741640157997608184814453125" lon="113.43198322691023349761962890625">
        <ele>24.6000003814697265625</ele>
        <time>2026-07-14T11:06:05.000Z</time>
        <extensions>
          <ns3:TrackPointExtension>
            <ns3:hr>138</ns3:hr>
            <ns3:cad>91</ns3:cad>
          </ns3:TrackPointExtension>
        </extensions>
      </trkpt>
      <trkpt lat="23.17415420897305011749267578125" lon="113.43201021663844585418701171875">
        <ele>24.6000003814697265625</ele>
        <time>2026-07-14T11:06:06.000Z</time>
        <extensions>
          <ns3:TrackPointExtension>
            <ns3:hr>139</ns3:hr>
            <ns3:cad>91</ns3:cad>
          </ns3:TrackPointExtension>
        </extensions>
      </trkpt>
      <trkpt lat="23.17414364777505397796630859375" lon="113.43204122968018054962158203125">
        <ele>24.6000003814697265625</ele>
        <time>2026-07-14T11:06:07.000Z</time>
        <extensions>
          <ns3:TrackPointExtension>
            <ns3:hr>139</ns3:hr>
            <ns3:cad>90</ns3:cad>
          </ns3:TrackPointExtension>
        </extensions>
      </trkpt>
      <trkpt lat="23.17413099110126495361328125" lon="113.43207098543643951416015625">
        <ele>24.6000003814697265625</ele>
        <time>2026-07-14T11:06:08.000Z</time>
        <extensions>
          <ns3:TrackPointExtension>
            <ns3:hr>139</ns3:hr>
            <ns3:cad>90</ns3:cad>
          </ns3:TrackPointExtension>
        </extensions>
      </trkpt>
      <trkpt lat="23.17411062307655811309814453125" lon="113.43210308812558650970458984375">
        <ele>24.6000003814697265625</ele>
        <time>2026-07-14T11:06:09.000Z</time>
        <extensions>
          <ns3:TrackPointExtension>
            <ns3:hr>139</ns3:hr>
            <ns3:cad>91</ns3:cad>
          </ns3:TrackPointExtension>
        </extensions>
      </trkpt>
      <trkpt lat="23.17408011294901371002197265625" lon="113.43210996128618717193603515625">
        <ele>24.6000003814697265625</ele>
        <time>2026-07-14T11:06:10.000Z</time>
        <extensions>
          <ns3:TrackPointExtension>
            <ns3:hr>140</ns3:hr>
            <ns3:cad>92</ns3:cad>
          </ns3:TrackPointExtension>
        </extensions>
      </trkpt>
      <trkpt lat="23.17405295558273792266845703125" lon="113.43210627324879169464111328125">
        <ele>24.6000003814697265625</ele>
        <time>2026-07-14T11:06:11.000Z</time>
        <extensions>
          <ns3:TrackPointExtension>
            <ns3:hr>139</ns3:hr>
            <ns3:cad>92</ns3:cad>
          </ns3:TrackPointExtension>
        </extensions>
      </trkpt>
      <trkpt lat="23.1740322522819042205810546875" lon="113.43208045698702335357666015625">
        <ele>24.6000003814697265625</ele>
        <time>2026-07-14T11:06:12.000Z</time>
        <extensions>
          <ns3:TrackPointExtension>
            <ns3:hr>139</ns3:hr>
            <ns3:cad>92</ns3:cad>
          </ns3:TrackPointExtension>
        </extensions>
      </trkpt>
      <trkpt lat="23.174007944762706756591796875" lon="113.4320584125816822052001953125">
        <ele>24.6000003814697265625</ele>
        <time>2026-07-14T11:06:13.000Z</time>
        <extensions>
          <ns3:TrackPointExtension>
            <ns3:hr>139</ns3:hr>
            <ns3:cad>91</ns3:cad>
          </ns3:TrackPointExtension>
        </extensions>
      </trkpt>
      <trkpt lat="23.1739886663854122161865234375" lon="113.4320279024541378021240234375">
        <ele>24.6000003814697265625</ele>
        <time>2026-07-14T11:06:14.000Z</time>
        <extensions>
          <ns3:TrackPointExtension>
            <ns3:hr>138</ns3:hr>
            <ns3:cad>90</ns3:cad>
          </ns3:TrackPointExtension>
        </extensions>
      </trkpt>
      <trkpt lat="23.17396603524684906005859375" lon="113.43200384639203548431396484375">
        <ele>24.6000003814697265625</ele>
        <time>2026-07-14T11:06:15.000Z</time>
        <extensions>
          <ns3:TrackPointExtension>
            <ns3:hr>138</ns3:hr>
            <ns3:cad>89</ns3:cad>
          </ns3:TrackPointExtension>
        </extensions>
      </trkpt>
      <trkpt lat="23.17394834943115711212158203125" lon="113.43197484500706195831298828125">
        <ele>24.6000003814697265625</ele>
        <time>2026-07-14T11:06:16.000Z</time>
        <extensions>
          <ns3:TrackPointExtension>
            <ns3:hr>138</ns3:hr>
            <ns3:cad>89</ns3:cad>
          </ns3:TrackPointExtension>
        </extensions>
      </trkpt>
      <trkpt lat="23.1739286519587039947509765625" lon="113.4319534711539745330810546875">
        <ele>24.3999996185302734375</ele>
        <time>2026-07-14T11:06:17.000Z</time>
        <extensions>
          <ns3:TrackPointExtension>
            <ns3:hr>138</ns3:hr>
            <ns3:cad>89</ns3:cad>
          </ns3:TrackPointExtension>
        </extensions>
      </trkpt>
      <trkpt lat="23.1739138998091220855712890625" lon="113.43192522414028644561767578125">
        <ele>24.3999996185302734375</ele>
        <time>2026-07-14T11:06:18.000Z</time>
        <extensions>
          <ns3:TrackPointExtension>
            <ns3:hr>139</ns3:hr>
            <ns3:cad>89</ns3:cad>
          </ns3:TrackPointExtension>
        </extensions>
      </trkpt>
      <trkpt lat="23.17389537580311298370361328125" lon="113.4319004975259304046630859375">
        <ele>24.3999996185302734375</ele>
        <time>2026-07-14T11:06:19.000Z</time>
        <extensions>
          <ns3:TrackPointExtension>
            <ns3:hr>138</ns3:hr>
            <ns3:cad>89</ns3:cad>
          </ns3:TrackPointExtension>
        </extensions>
      </trkpt>
      <trkpt lat="23.173880539834499359130859375" lon="113.43187007121741771697998046875">
        <ele>24.3999996185302734375</ele>
        <time>2026-07-14T11:06:20.000Z</time>
        <extensions>
          <ns3:TrackPointExtension>
            <ns3:hr>139</ns3:hr>
            <ns3:cad>89</ns3:cad>
          </ns3:TrackPointExtension>
        </extensions>
      </trkpt>
      <trkpt lat="23.1738676317036151885986328125" lon="113.431845344603061676025390625">
        <ele>24.3999996185302734375</ele>
        <time>2026-07-14T11:06:21.000Z</time>
        <extensions>
          <ns3:TrackPointExtension>
            <ns3:hr>139</ns3:hr>
            <ns3:cad>89</ns3:cad>
          </ns3:TrackPointExtension>
        </extensions>
      </trkpt>
      <trkpt lat="23.17385765723884105682373046875" lon="113.43181525357067584991455078125">
        <ele>24.200000762939453125</ele>
        <time>2026-07-14T11:06:22.000Z</time>
        <extensions>
          <ns3:TrackPointExtension>
            <ns3:hr>139</ns3:hr>
            <ns3:cad>89</ns3:cad>
          </ns3:TrackPointExtension>
        </extensions>
      </trkpt>
      <trkpt lat="23.1738512031733989715576171875" lon="113.431791029870510101318359375">
        <ele>24.3999996185302734375</ele>
        <time>2026-07-14T11:06:23.000Z</time>
        <extensions>
          <ns3:TrackPointExtension>
            <ns3:hr>139</ns3:hr>
            <ns3:cad>89</ns3:cad>
          </ns3:TrackPointExtension>
        </extensions>
      </trkpt>
      <trkpt lat="23.1738522090017795562744140625" lon="113.431758172810077667236328125">
        <ele>24.200000762939453125</ele>
        <time>2026-07-14T11:06:24.000Z</time>
        <extensions>
          <ns3:TrackPointExtension>
            <ns3:hr>139</ns3:hr>
            <ns3:cad>89</ns3:cad>
          </ns3:TrackPointExtension>
        </extensions>
      </trkpt>
      <trkpt lat="23.17384592257440090179443359375" lon="113.431728668510913848876953125">
        <ele>24.200000762939453125</ele>
        <time>2026-07-14T11:06:25.000Z</time>
        <extensions>
          <ns3:TrackPointExtension>
            <ns3:hr>140</ns3:hr>
            <ns3:cad>89</ns3:cad>
          </ns3:TrackPointExtension>
        </extensions>
      </trkpt>
      <trkpt lat="23.17384223453700542449951171875" lon="113.43170042149722576141357421875">
        <ele>24.200000762939453125</ele>
        <time>2026-07-14T11:06:26.000Z</time>
        <extensions>
          <ns3:TrackPointExtension>
            <ns3:hr>140</ns3:hr>
            <ns3:cad>89</ns3:cad>
          </ns3:TrackPointExtension>
        </extensions>
      </trkpt>
      <trkpt lat="23.17384064197540283203125" lon="113.43167058192193508148193359375">
        <ele>24.3999996185302734375</ele>
        <time>2026-07-14T11:06:27.000Z</time>
        <extensions>
          <ns3:TrackPointExtension>
            <ns3:hr>140</ns3:hr>
            <ns3:cad>89</ns3:cad>
          </ns3:TrackPointExtension>
        </extensions>
      </trkpt>
      <trkpt lat="23.17383888177573680877685546875" lon="113.4316373057663440704345703125">
        <ele>24.3999996185302734375</ele>
        <time>2026-07-14T11:06:28.000Z</time>
        <extensions>
          <ns3:TrackPointExtension>
            <ns3:hr>140</ns3:hr>
            <ns3:cad>89</ns3:cad>
          </ns3:TrackPointExtension>
        </extensions>
      </trkpt>
      <trkpt lat="23.17384072579443454742431640625" lon="113.431607298552989959716796875">
        <ele>24.6000003814697265625</ele>
        <time>2026-07-14T11:06:29.000Z</time>
        <extensions>
          <ns3:TrackPointExtension>
            <ns3:hr>141</ns3:hr>
            <ns3:cad>90</ns3:cad>
          </ns3:TrackPointExtension>
        </extensions>
      </trkpt>
      <trkpt lat="23.1738441623747348785400390625" lon="113.43157586641609668731689453125">
        <ele>24.6000003814697265625</ele>
        <time>2026-07-14T11:06:30.000Z</time>
        <extensions>
          <ns3:TrackPointExtension>
            <ns3:hr>141</ns3:hr>
            <ns3:cad>90</ns3:cad>
          </ns3:TrackPointExtension>
        </extensions>
      </trkpt>
      <trkpt lat="23.1738421507179737091064453125" lon="113.4315484575927257537841796875">
        <ele>24.6000003814697265625</ele>
        <time>2026-07-14T11:06:31.000Z</time>
        <extensions>
          <ns3:TrackPointExtension>
            <ns3:hr>141</ns3:hr>
            <ns3:cad>90</ns3:cad>
          </ns3:TrackPointExtension>
        </extensions>
      </trkpt>
      <trkpt lat="23.17384793423116207122802734375" lon="113.43152088113129138946533203125">
        <ele>24.6000003814697265625</ele>
        <time>2026-07-14T11:06:32.000Z</time>
        <extensions>
          <ns3:TrackPointExtension>
            <ns3:hr>141</ns3:hr>
            <ns3:cad>90</ns3:cad>
          </ns3:TrackPointExtension>
        </extensions>
      </trkpt>
      <trkpt lat="23.1738465093076229095458984375" lon="113.4314954839646816253662109375">
        <ele>24.6000003814697265625</ele>
        <time>2026-07-14T11:06:33.000Z</time>
        <extensions>
          <ns3:TrackPointExtension>
            <ns3:hr>140</ns3:hr>
            <ns3:cad>90</ns3:cad>
          </ns3:TrackPointExtension>
        </extensions>
      </trkpt>
      <trkpt lat="23.1738525442779064178466796875" lon="113.4314654767513275146484375">
        <ele>24.6000003814697265625</ele>
        <time>2026-07-14T11:06:34.000Z</time>
        <extensions>
          <ns3:TrackPointExtension>
            <ns3:hr>141</ns3:hr>
            <ns3:cad>90</ns3:cad>
          </ns3:TrackPointExtension>
        </extensions>
      </trkpt>
      <trkpt lat="23.17384977824985980987548828125" lon="113.43143220059573650360107421875">
        <ele>24.799999237060546875</ele>
        <time>2026-07-14T11:06:35.000Z</time>
        <extensions>
          <ns3:TrackPointExtension>
            <ns3:hr>141</ns3:hr>
            <ns3:cad>90</ns3:cad>
          </ns3:TrackPointExtension>
        </extensions>
      </trkpt>
      <trkpt lat="23.1738478504121303558349609375" lon="113.43140169046819210052490234375">
        <ele>24.799999237060546875</ele>
        <time>2026-07-14T11:06:36.000Z</time>
        <extensions>
          <ns3:TrackPointExtension>
            <ns3:hr>141</ns3:hr>
            <ns3:cad>91</ns3:cad>
          </ns3:TrackPointExtension>
        </extensions>
      </trkpt>
      <trkpt lat="23.17384290508925914764404296875" lon="113.43136095441877841949462890625">
        <ele>24.799999237060546875</ele>
        <time>2026-07-14T11:06:37.000Z</time>
        <extensions>
          <ns3:TrackPointExtension>
            <ns3:hr>141</ns3:hr>
            <ns3:cad>91</ns3:cad>
          </ns3:TrackPointExtension>
        </extensions>
      </trkpt>
      <trkpt lat="23.17384022288024425506591796875" lon="113.4313275106251239776611328125">
        <ele>24.799999237060546875</ele>
        <time>2026-07-14T11:06:38.000Z</time>
        <extensions>
          <ns3:TrackPointExtension>
            <ns3:hr>141</ns3:hr>
            <ns3:cad>91</ns3:cad>
          </ns3:TrackPointExtension>
        </extensions>
      </trkpt>
      <trkpt lat="23.173833601176738739013671875" lon="113.431291468441486358642578125">
        <ele>24.799999237060546875</ele>
        <time>2026-07-14T11:06:39.000Z</time>
        <extensions>
          <ns3:TrackPointExtension>
            <ns3:hr>141</ns3:hr>
            <ns3:cad>90</ns3:cad>
          </ns3:TrackPointExtension>
        </extensions>
      </trkpt>
      <trkpt lat="23.173828236758708953857421875" lon="113.43126473017036914825439453125">
        <ele>24.799999237060546875</ele>
        <time>2026-07-14T11:06:40.000Z</time>
        <extensions>
          <ns3:TrackPointExtension>
            <ns3:hr>141</ns3:hr>
            <ns3:cad>90</ns3:cad>
          </ns3:TrackPointExtension>
        </extensions>
      </trkpt>
      <trkpt lat="23.17382329143583774566650390625" lon="113.4312296099960803985595703125">
        <ele>24.799999237060546875</ele>
        <time>2026-07-14T11:06:41.000Z</time>
        <extensions>
          <ns3:TrackPointExtension>
            <ns3:hr>141</ns3:hr>
            <ns3:cad>91</ns3:cad>
          </ns3:TrackPointExtension>
        </extensions>
      </trkpt>
      <trkpt lat="23.17382119596004486083984375" lon="113.43120119534432888031005859375">
        <ele>24.799999237060546875</ele>
        <time>2026-07-14T11:06:42.000Z</time>
        <extensions>
          <ns3:TrackPointExtension>
            <ns3:hr>141</ns3:hr>
            <ns3:cad>91</ns3:cad>
          </ns3:TrackPointExtension>
        </extensions>
      </trkpt>
      <trkpt lat="23.17381507717072963714599609375" lon="113.43116481788456439971923828125">
        <ele>24.799999237060546875</ele>
        <time>2026-07-14T11:06:43.000Z</time>
        <extensions>
          <ns3:TrackPointExtension>
            <ns3:hr>141</ns3:hr>
            <ns3:cad>90</ns3:cad>
          </ns3:TrackPointExtension>
        </extensions>
      </trkpt>
      <trkpt lat="23.17380954511463642120361328125" lon="113.43113665468990802764892578125">
        <ele>24.6000003814697265625</ele>
        <time>2026-07-14T11:06:44.000Z</time>
        <extensions>
          <ns3:TrackPointExtension>
            <ns3:hr>141</ns3:hr>
            <ns3:cad>90</ns3:cad>
          </ns3:TrackPointExtension>
        </extensions>
      </trkpt>
      <trkpt lat="23.17380853928625583648681640625" lon="113.43110228888690471649169921875">
        <ele>24.6000003814697265625</ele>
        <time>2026-07-14T11:06:45.000Z</time>
        <extensions>
          <ns3:TrackPointExtension>
            <ns3:hr>141</ns3:hr>
            <ns3:cad>90</ns3:cad>
          </ns3:TrackPointExtension>
        </extensions>
      </trkpt>
      <trkpt lat="23.17380971275269985198974609375" lon="113.43106607906520366668701171875">
        <ele>24.6000003814697265625</ele>
        <time>2026-07-14T11:06:46.000Z</time>
        <extensions>
          <ns3:TrackPointExtension>
            <ns3:hr>141</ns3:hr>
            <ns3:cad>90</ns3:cad>
          </ns3:TrackPointExtension>
        </extensions>
      </trkpt>
      <trkpt lat="23.17380887456238269805908203125" lon="113.43103229999542236328125">
        <ele>24.6000003814697265625</ele>
        <time>2026-07-14T11:06:47.000Z</time>
        <extensions>
          <ns3:TrackPointExtension>
            <ns3:hr>142</ns3:hr>
            <ns3:cad>90</ns3:cad>
          </ns3:TrackPointExtension>
        </extensions>
      </trkpt>
      <trkpt lat="23.17381407134234905242919921875" lon="113.43100053258240222930908203125">
        <ele>24.3999996185302734375</ele>
        <time>2026-07-14T11:06:48.000Z</time>
        <extensions>
          <ns3:TrackPointExtension>
            <ns3:hr>142</ns3:hr>
            <ns3:cad>90</ns3:cad>
          </ns3:TrackPointExtension>
        </extensions>
      </trkpt>
      <trkpt lat="23.17382295615971088409423828125" lon="113.43097287230193614959716796875">
        <ele>24.3999996185302734375</ele>
        <time>2026-07-14T11:06:49.000Z</time>
        <extensions>
          <ns3:TrackPointExtension>
            <ns3:hr>142</ns3:hr>
            <ns3:cad>90</ns3:cad>
          </ns3:TrackPointExtension>
        </extensions>
      </trkpt>
      <trkpt lat="23.1738367862999439239501953125" lon="113.4309489838778972625732421875">
        <ele>24.200000762939453125</ele>
        <time>2026-07-14T11:06:50.000Z</time>
        <extensions>
          <ns3:TrackPointExtension>
            <ns3:hr>143</ns3:hr>
            <ns3:cad>90</ns3:cad>
          </ns3:TrackPointExtension>
        </extensions>
      </trkpt>
      <trkpt lat="23.17385849542915821075439453125" lon="113.4309221617877483367919921875">
        <ele>24.200000762939453125</ele>
        <time>2026-07-14T11:06:51.000Z</time>
        <extensions>
          <ns3:TrackPointExtension>
            <ns3:hr>143</ns3:hr>
            <ns3:cad>90</ns3:cad>
          </ns3:TrackPointExtension>
        </extensions>
      </trkpt>
      <trkpt lat="23.1738797016441822052001953125" lon="113.43090564943850040435791015625">
        <ele>24.200000762939453125</ele>
        <time>2026-07-14T11:06:52.000Z</time>
        <extensions>
          <ns3:TrackPointExtension>
            <ns3:hr>143</ns3:hr>
            <ns3:cad>90</ns3:cad>
          </ns3:TrackPointExtension>
        </extensions>
      </trkpt>
      <trkpt lat="23.1739041768014430999755859375" lon="113.430901877582073211669921875">
        <ele>24.200000762939453125</ele>
        <time>2026-07-14T11:06:53.000Z</time>
        <extensions>
          <ns3:TrackPointExtension>
            <ns3:hr>143</ns3:hr>
            <ns3:cad>90</ns3:cad>
          </ns3:TrackPointExtension>
        </extensions>
      </trkpt>
      <trkpt lat="23.17392571829259395599365234375" lon="113.430920653045177459716796875">
        <ele>24.200000762939453125</ele>
        <time>2026-07-14T11:06:54.000Z</time>
        <extensions>
          <ns3:TrackPointExtension>
            <ns3:hr>143</ns3:hr>
            <ns3:cad>90</ns3:cad>
          </ns3:TrackPointExtension>
        </extensions>
      </trkpt>
      <trkpt lat="23.17395388148725032806396484375" lon="113.4309392608702182769775390625">
        <ele>24</ele>
        <time>2026-07-14T11:06:55.000Z</time>
        <extensions>
          <ns3:TrackPointExtension>
            <ns3:hr>144</ns3:hr>
            <ns3:cad>90</ns3:cad>
          </ns3:TrackPointExtension>
        </extensions>
      </trkpt>
      <trkpt lat="23.173977099359035491943359375" lon="113.43095744960010051727294921875">
        <ele>24</ele>
        <time>2026-07-14T11:06:56.000Z</time>
        <extensions>
          <ns3:TrackPointExtension>
            <ns3:hr>144</ns3:hr>
            <ns3:cad>90</ns3:cad>
          </ns3:TrackPointExtension>
        </extensions>
      </trkpt>
      <trkpt lat="23.1740040890872478485107421875" lon="113.430981673300266265869140625">
        <ele>24</ele>
        <time>2026-07-14T11:06:57.000Z</time>
        <extensions>
          <ns3:TrackPointExtension>
            <ns3:hr>144</ns3:hr>
            <ns3:cad>89</ns3:cad>
          </ns3:TrackPointExtension>
        </extensions>
      </trkpt>
      <trkpt lat="23.17402831278741359710693359375" lon="113.43100053258240222930908203125">
        <ele>24</ele>
        <time>2026-07-14T11:06:58.000Z</time>
        <extensions>
          <ns3:TrackPointExtension>
            <ns3:hr>144</ns3:hr>
            <ns3:cad>89</ns3:cad>
          </ns3:TrackPointExtension>
        </extensions>
      </trkpt>
      <trkpt lat="23.1740620918571949005126953125" lon="113.43102232553064823150634765625">
        <ele>24</ele>
        <time>2026-07-14T11:06:59.000Z</time>
        <extensions>
          <ns3:TrackPointExtension>
            <ns3:hr>144</ns3:hr>
            <ns3:cad>89</ns3:cad>
          </ns3:TrackPointExtension>
        </extensions>
      </trkpt>
      <trkpt lat="23.17409235052764415740966796875" lon="113.43103288672864437103271484375">
        <ele>24.200000762939453125</ele>
        <time>2026-07-14T11:07:00.000Z</time>
        <extensions>
          <ns3:TrackPointExtension>
            <ns3:hr>144</ns3:hr>
            <ns3:cad>90</ns3:cad>
          </ns3:TrackPointExtension>
        </extensions>
      </trkpt>
      <trkpt lat="23.17413157783448696136474609375" lon="113.43104613013565540313720703125">
        <ele>24.200000762939453125</ele>
        <time>2026-07-14T11:07:01.000Z</time>
        <extensions>
          <ns3:TrackPointExtension>
            <ns3:hr>143</ns3:hr>
            <ns3:cad>90</ns3:cad>
          </ns3:TrackPointExtension>
        </extensions>
      </trkpt>
      <trkpt lat="23.17415270023047924041748046875" lon="113.4310468845069408416748046875">
        <ele>24.200000762939453125</ele>
        <time>2026-07-14T11:07:02.000Z</time>
        <extensions>
          <ns3:TrackPointExtension>
            <ns3:hr>143</ns3:hr>
            <ns3:cad>91</ns3:cad>
          </ns3:TrackPointExtension>
        </extensions>
      </trkpt>
      <trkpt lat="23.174182288348674774169921875" lon="113.43102735467255115509033203125">
        <ele>24.200000762939453125</ele>
        <time>2026-07-14T11:07:03.000Z</time>
        <extensions>
          <ns3:TrackPointExtension>
            <ns3:hr>143</ns3:hr>
            <ns3:cad>91</ns3:cad>
          </ns3:TrackPointExtension>
        </extensions>
      </trkpt>
      <trkpt lat="23.17418740130960941314697265625" lon="113.431008160114288330078125">
        <ele>24</ele>
        <time>2026-07-14T11:07:04.000Z</time>
        <extensions>
          <ns3:TrackPointExtension>
            <ns3:hr>143</ns3:hr>
            <ns3:cad>91</ns3:cad>
          </ns3:TrackPointExtension>
        </extensions>
      </trkpt>
      <trkpt lat="23.17418337799608707427978515625" lon="113.43096985481679439544677734375">
        <ele>24</ele>
        <time>2026-07-14T11:07:05.000Z</time>
        <extensions>
          <ns3:TrackPointExtension>
            <ns3:hr>143</ns3:hr>
            <ns3:cad>91</ns3:cad>
          </ns3:TrackPointExtension>
        </extensions>
      </trkpt>
      <trkpt lat="23.1741817854344844818115234375" lon="113.43093917705118656158447265625">
        <ele>24.200000762939453125</ele>
        <time>2026-07-14T11:07:06.000Z</time>
        <extensions>
          <ns3:TrackPointExtension>
            <ns3:hr>142</ns3:hr>
            <ns3:cad>91</ns3:cad>
          </ns3:TrackPointExtension>
        </extensions>
      </trkpt>
      <trkpt lat="23.17417952232062816619873046875" lon="113.43089760281145572662353515625">
        <ele>24.200000762939453125</ele>
        <time>2026-07-14T11:07:07.000Z</time>
        <extensions>
          <ns3:TrackPointExtension>
            <ns3:hr>142</ns3:hr>
            <ns3:cad>90</ns3:cad>
          </ns3:TrackPointExtension>
        </extensions>
      </trkpt>
      <trkpt lat="23.1741780973970890045166015625" lon="113.43086960725486278533935546875">
        <ele>24.200000762939453125</ele>
        <time>2026-07-14T11:07:08.000Z</time>
        <extensions>
          <ns3:TrackPointExtension>
            <ns3:hr>141</ns3:hr>
            <ns3:cad>90</ns3:cad>
          </ns3:TrackPointExtension>
        </extensions>
      </trkpt>
      <trkpt lat="23.17417818121612071990966796875" lon="113.430835492908954620361328125">
        <ele>24.200000762939453125</ele>
        <time>2026-07-14T11:07:09.000Z</time>
        <extensions>
          <ns3:TrackPointExtension>
            <ns3:hr>141</ns3:hr>
            <ns3:cad>90</ns3:cad>
          </ns3:TrackPointExtension>
        </extensions>
      </trkpt>
      <trkpt lat="23.174174912273883819580078125" lon="113.43081210739910602569580078125">
        <ele>24.200000762939453125</ele>
        <time>2026-07-14T11:07:10.000Z</time>
        <extensions>
          <ns3:TrackPointExtension>
            <ns3:hr>140</ns3:hr>
            <ns3:cad>89</ns3:cad>
          </ns3:TrackPointExtension>
        </extensions>
      </trkpt>
      <trkpt lat="23.174176253378391265869140625" lon="113.43077321536839008331298828125">
        <ele>24</ele>
        <time>2026-07-14T11:07:11.000Z</time>
        <extensions>
          <ns3:TrackPointExtension>
            <ns3:hr>140</ns3:hr>
            <ns3:cad>89</ns3:cad>
          </ns3:TrackPointExtension>
        </extensions>
      </trkpt>
      <trkpt lat="23.17417164333164691925048828125" lon="113.43074404634535312652587890625">
        <ele>24</ele>
        <time>2026-07-14T11:07:12.000Z</time>
        <extensions>
          <ns3:TrackPointExtension>
            <ns3:hr>140</ns3:hr>
            <ns3:cad>89</ns3:cad>
          </ns3:TrackPointExtension>
        </extensions>
      </trkpt>
      <trkpt lat="23.1741678714752197265625" lon="113.43070783652365207672119140625">
        <ele>24</ele>
        <time>2026-07-14T11:07:13.000Z</time>
        <extensions>
          <ns3:TrackPointExtension>
            <ns3:hr>140</ns3:hr>
            <ns3:cad>90</ns3:cad>
          </ns3:TrackPointExtension>
        </extensions>
      </trkpt>
      <trkpt lat="23.174164183437824249267578125" lon="113.43068252317607402801513671875">
        <ele>23.799999237060546875</ele>
        <time>2026-07-14T11:07:14.000Z</time>
        <extensions>
          <ns3:TrackPointExtension>
            <ns3:hr>140</ns3:hr>
            <ns3:cad>90</ns3:cad>
          </ns3:TrackPointExtension>
        </extensions>
      </trkpt>
      <trkpt lat="23.1741670332849025726318359375" lon="113.4306428767740726470947265625">
        <ele>23.799999237060546875</ele>
        <time>2026-07-14T11:07:15.000Z</time>
        <extensions>
          <ns3:TrackPointExtension>
            <ns3:hr>140</ns3:hr>
            <ns3:cad>90</ns3:cad>
          </ns3:TrackPointExtension>
        </extensions>
      </trkpt>
      <trkpt lat="23.17416493780910968780517578125" lon="113.43061664141714572906494140625">
        <ele>23.799999237060546875</ele>
        <time>2026-07-14T11:07:16.000Z</time>
        <extensions>
          <ns3:TrackPointExtension>
            <ns3:hr>139</ns3:hr>
            <ns3:cad>90</ns3:cad>
          </ns3:TrackPointExtension>
        </extensions>
      </trkpt>
      <trkpt lat="23.1741680391132831573486328125" lon="113.43058504164218902587890625">
        <ele>23.799999237060546875</ele>
        <time>2026-07-14T11:07:17.000Z</time>
        <extensions>
          <ns3:TrackPointExtension>
            <ns3:hr>139</ns3:hr>
            <ns3:cad>90</ns3:cad>
          </ns3:TrackPointExtension>
        </extensions>
      </trkpt>
      <trkpt lat="23.17416460253298282623291015625" lon="113.4305570460855960845947265625">
        <ele>23.799999237060546875</ele>
        <time>2026-07-14T11:07:18.000Z</time>
        <extensions>
          <ns3:TrackPointExtension>
            <ns3:hr>140</ns3:hr>
            <ns3:cad>90</ns3:cad>
          </ns3:TrackPointExtension>
        </extensions>
      </trkpt>
      <trkpt lat="23.17416854202747344970703125" lon="113.430518321692943572998046875">
        <ele>23.799999237060546875</ele>
        <time>2026-07-14T11:07:19.000Z</time>
        <extensions>
          <ns3:TrackPointExtension>
            <ns3:hr>139</ns3:hr>
            <ns3:cad>90</ns3:cad>
          </ns3:TrackPointExtension>
        </extensions>
      </trkpt>
      <trkpt lat="23.17416326142847537994384765625" lon="113.43048906885087490081787109375">
        <ele>23.6000003814697265625</ele>
        <time>2026-07-14T11:07:20.000Z</time>
        <extensions>
          <ns3:TrackPointExtension>
            <ns3:hr>139</ns3:hr>
            <ns3:cad>90</ns3:cad>
          </ns3:TrackPointExtension>
        </extensions>
      </trkpt>
      <trkpt lat="23.17416208796203136444091796875" lon="113.43044959008693695068359375">
        <ele>23.6000003814697265625</ele>
        <time>2026-07-14T11:07:21.000Z</time>
        <extensions>
          <ns3:TrackPointExtension>
            <ns3:hr>139</ns3:hr>
            <ns3:cad>91</ns3:cad>
          </ns3:TrackPointExtension>
        </extensions>
      </trkpt>
      <trkpt lat="23.1741589866578578948974609375" lon="113.43041899614036083221435546875">
        <ele>23.6000003814697265625</ele>
        <time>2026-07-14T11:07:22.000Z</time>
        <extensions>
          <ns3:TrackPointExtension>
            <ns3:hr>140</ns3:hr>
            <ns3:cad>91</ns3:cad>
          </ns3:TrackPointExtension>
        </extensions>
      </trkpt>
      <trkpt lat="23.17416317760944366455078125" lon="113.43038144521415233612060546875">
        <ele>23.6000003814697265625</ele>
        <time>2026-07-14T11:07:23.000Z</time>
        <extensions>
          <ns3:TrackPointExtension>
            <ns3:hr>140</ns3:hr>
            <ns3:cad>91</ns3:cad>
          </ns3:TrackPointExtension>
        </extensions>
      </trkpt>
      <trkpt lat="23.1741626746952533721923828125" lon="113.43035034835338592529296875">
        <ele>23.6000003814697265625</ele>
        <time>2026-07-14T11:07:24.000Z</time>
        <extensions>
          <ns3:TrackPointExtension>
            <ns3:hr>140</ns3:hr>
            <ns3:cad>91</ns3:cad>
          </ns3:TrackPointExtension>
        </extensions>
      </trkpt>
      <trkpt lat="23.17416393198072910308837890625" lon="113.430312462151050567626953125">
        <ele>23.3999996185302734375</ele>
        <time>2026-07-14T11:07:25.000Z</time>
        <extensions>
          <ns3:TrackPointExtension>
            <ns3:hr>140</ns3:hr>
            <ns3:cad>91</ns3:cad>
          </ns3:TrackPointExtension>
        </extensions>
      </trkpt>
      <trkpt lat="23.1741613335907459259033203125" lon="113.4302834607660770416259765625">
        <ele>23.3999996185302734375</ele>
        <time>2026-07-14T11:07:26.000Z</time>
        <extensions>
          <ns3:TrackPointExtension>
            <ns3:hr>140</ns3:hr>
            <ns3:cad>90</ns3:cad>
          </ns3:TrackPointExtension>
        </extensions>
      </trkpt>
      <trkpt lat="23.17416611127555370330810546875" lon="113.43025244772434234619140625">
        <ele>23.3999996185302734375</ele>
        <time>2026-07-14T11:07:27.000Z</time>
        <extensions>
          <ns3:TrackPointExtension>
            <ns3:hr>140</ns3:hr>
            <ns3:cad>90</ns3:cad>
          </ns3:TrackPointExtension>
        </extensions>
      </trkpt>
      <trkpt lat="23.1741640157997608184814453125" lon="113.430223278701305389404296875">
        <ele>23.3999996185302734375</ele>
        <time>2026-07-14T11:07:28.000Z</time>
        <extensions>
          <ns3:TrackPointExtension>
            <ns3:hr>141</ns3:hr>
            <ns3:cad>90</ns3:cad>
          </ns3:TrackPointExtension>
        </extensions>
      </trkpt>
      <trkpt lat="23.17416720092296600341796875" lon="113.43018405139446258544921875">
        <ele>23.3999996185302734375</ele>
        <time>2026-07-14T11:07:29.000Z</time>
        <extensions>
          <ns3:TrackPointExtension>
            <ns3:hr>141</ns3:hr>
            <ns3:cad>90</ns3:cad>
          </ns3:TrackPointExtension>
        </extensions>
      </trkpt>
      <trkpt lat="23.1741638481616973876953125" lon="113.430154882371425628662109375">
        <ele>23.3999996185302734375</ele>
        <time>2026-07-14T11:07:30.000Z</time>
        <extensions>
          <ns3:TrackPointExtension>
            <ns3:hr>141</ns3:hr>
            <ns3:cad>90</ns3:cad>
          </ns3:TrackPointExtension>
        </extensions>
      </trkpt>
      <trkpt lat="23.1741650216281414031982421875" lon="113.43011624179780483245849609375">
        <ele>23.3999996185302734375</ele>
        <time>2026-07-14T11:07:31.000Z</time>
        <extensions>
          <ns3:TrackPointExtension>
            <ns3:hr>141</ns3:hr>
            <ns3:cad>90</ns3:cad>
          </ns3:TrackPointExtension>
        </extensions>
      </trkpt>
      <trkpt lat="23.17416259087622165679931640625" lon="113.430086486041545867919921875">
        <ele>23.3999996185302734375</ele>
        <time>2026-07-14T11:07:32.000Z</time>
        <extensions>
          <ns3:TrackPointExtension>
            <ns3:hr>141</ns3:hr>
            <ns3:cad>90</ns3:cad>
          </ns3:TrackPointExtension>
        </extensions>
      </trkpt>
      <trkpt lat="23.17416451871395111083984375" lon="113.4300514496862888336181640625">
        <ele>23.3999996185302734375</ele>
        <time>2026-07-14T11:07:33.000Z</time>
        <extensions>
          <ns3:TrackPointExtension>
            <ns3:hr>141</ns3:hr>
            <ns3:cad>90</ns3:cad>
          </ns3:TrackPointExtension>
        </extensions>
      </trkpt>
      <trkpt lat="23.17416242323815822601318359375" lon="113.430024795234203338623046875">
        <ele>23.3999996185302734375</ele>
        <time>2026-07-14T11:07:34.000Z</time>
        <extensions>
          <ns3:TrackPointExtension>
            <ns3:hr>141</ns3:hr>
            <ns3:cad>90</ns3:cad>
          </ns3:TrackPointExtension>
        </extensions>
      </trkpt>
      <trkpt lat="23.17416728474199771881103515625" lon="113.4299937821924686431884765625">
        <ele>23.3999996185302734375</ele>
        <time>2026-07-14T11:07:35.000Z</time>
        <extensions>
          <ns3:TrackPointExtension>
            <ns3:hr>141</ns3:hr>
            <ns3:cad>90</ns3:cad>
          </ns3:TrackPointExtension>
        </extensions>
      </trkpt>
      <trkpt lat="23.17416661418974399566650390625" lon="113.42996838502585887908935546875">
        <ele>23.3999996185302734375</ele>
        <time>2026-07-14T11:07:36.000Z</time>
        <extensions>
          <ns3:TrackPointExtension>
            <ns3:hr>141</ns3:hr>
            <ns3:cad>90</ns3:cad>
          </ns3:TrackPointExtension>
        </extensions>
      </trkpt>
      <trkpt lat="23.1741693802177906036376953125" lon="113.429933600127696990966796875">
        <ele>23.3999996185302734375</ele>
        <time>2026-07-14T11:07:37.000Z</time>
        <extensions>
          <ns3:TrackPointExtension>
            <ns3:hr>141</ns3:hr>
            <ns3:cad>90</ns3:cad>
          </ns3:TrackPointExtension>
        </extensions>
      </trkpt>
      <trkpt lat="23.17416661418974399566650390625" lon="113.42990417964756488800048828125">
        <ele>23.3999996185302734375</ele>
        <time>2026-07-14T11:07:38.000Z</time>
        <extensions>
          <ns3:TrackPointExtension>
            <ns3:hr>141</ns3:hr>
            <ns3:cad>90</ns3:cad>
          </ns3:TrackPointExtension>
        </extensions>
      </trkpt>
      <trkpt lat="23.1741700507700443267822265625" lon="113.42987023293972015380859375">
        <ele>23.3999996185302734375</ele>
        <time>2026-07-14T11:07:39.000Z</time>
        <extensions>
          <ns3:TrackPointExtension>
            <ns3:hr>141</ns3:hr>
            <ns3:cad>90</ns3:cad>
          </ns3:TrackPointExtension>
        </extensions>
      </trkpt>
      <trkpt lat="23.174165524542331695556640625" lon="113.429840393364429473876953125">
        <ele>23.3999996185302734375</ele>
        <time>2026-07-14T11:07:40.000Z</time>
        <extensions>
          <ns3:TrackPointExtension>
            <ns3:hr>141</ns3:hr>
            <ns3:cad>90</ns3:cad>
          </ns3:TrackPointExtension>
        </extensions>
      </trkpt>
      <trkpt lat="23.17416527308523654937744140625" lon="113.42980426736176013946533203125">
        <ele>23.3999996185302734375</ele>
        <time>2026-07-14T11:07:41.000Z</time>
        <extensions>
          <ns3:TrackPointExtension>
            <ns3:hr>141</ns3:hr>
            <ns3:cad>90</ns3:cad>
          </ns3:TrackPointExtension>
        </extensions>
      </trkpt>
      <trkpt lat="23.1741599924862384796142578125" lon="113.42977928929030895233154296875">
        <ele>23.3999996185302734375</ele>
        <time>2026-07-14T11:07:42.000Z</time>
        <extensions>
          <ns3:TrackPointExtension>
            <ns3:hr>141</ns3:hr>
            <ns3:cad>90</ns3:cad>
          </ns3:TrackPointExtension>
        </extensions>
      </trkpt>
      <trkpt lat="23.1741579808294773101806640625" lon="113.4297440014779567718505859375">
        <ele>23.3999996185302734375</ele>
        <time>2026-07-14T11:07:43.000Z</time>
        <extensions>
          <ns3:TrackPointExtension>
            <ns3:hr>140</ns3:hr>
            <ns3:cad>90</ns3:cad>
          </ns3:TrackPointExtension>
        </extensions>
      </trkpt>
      <trkpt lat="23.17415052093565464019775390625" lon="113.42971340753138065338134765625">
        <ele>23.3999996185302734375</ele>
        <time>2026-07-14T11:07:44.000Z</time>
        <extensions>
          <ns3:TrackPointExtension>
            <ns3:hr>141</ns3:hr>
            <ns3:cad>90</ns3:cad>
          </ns3:TrackPointExtension>
        </extensions>
      </trkpt>
      <trkpt lat="23.174154125154018402099609375" lon="113.42966965399682521820068359375">
        <ele>23.3999996185302734375</ele>
        <time>2026-07-14T11:07:45.000Z</time>
        <extensions>
          <ns3:TrackPointExtension>
            <ns3:hr>141</ns3:hr>
            <ns3:cad>90</ns3:cad>
          </ns3:TrackPointExtension>
        </extensions>
      </trkpt>
      <trkpt lat="23.17415270023047924041748046875" lon="113.42963947914540767669677734375">
        <ele>23.3999996185302734375</ele>
        <time>2026-07-14T11:07:46.000Z</time>
        <extensions>
          <ns3:TrackPointExtension>
            <ns3:hr>141</ns3:hr>
            <ns3:cad>90</ns3:cad>
          </ns3:TrackPointExtension>
        </extensions>
      </trkpt>
      <trkpt lat="23.17416041158139705657958984375" lon="113.4295998327434062957763671875">
        <ele>23.3999996185302734375</ele>
        <time>2026-07-14T11:07:47.000Z</time>
        <extensions>
          <ns3:TrackPointExtension>
            <ns3:hr>141</ns3:hr>
            <ns3:cad>90</ns3:cad>
          </ns3:TrackPointExtension>
        </extensions>
      </trkpt>
      <trkpt lat="23.1741579808294773101806640625" lon="113.42956739477813243865966796875">
        <ele>23.3999996185302734375</ele>
        <time>2026-07-14T11:07:48.000Z</time>
        <extensions>
          <ns3:TrackPointExtension>
            <ns3:hr>140</ns3:hr>
            <ns3:cad>90</ns3:cad>
          </ns3:TrackPointExtension>
        </extensions>
      </trkpt>
      <trkpt lat="23.17416259087622165679931640625" lon="113.42953554354608058929443359375">
        <ele>23.3999996185302734375</ele>
        <time>2026-07-14T11:07:49.000Z</time>
        <extensions>
          <ns3:TrackPointExtension>
            <ns3:hr>141</ns3:hr>
            <ns3:cad>89</ns3:cad>
          </ns3:TrackPointExtension>
        </extensions>
      </trkpt>
      <trkpt lat="23.174152113497257232666015625" lon="113.429519869387149810791015625">
        <ele>23.3999996185302734375</ele>
        <time>2026-07-14T11:07:50.000Z</time>
        <extensions>
          <ns3:TrackPointExtension>
            <ns3:hr>141</ns3:hr>
            <ns3:cad>88</ns3:cad>
          </ns3:TrackPointExtension>
        </extensions>
      </trkpt>
      <trkpt lat="23.174129314720630645751953125" lon="113.4295140020549297332763671875">
        <ele>23.3999996185302734375</ele>
        <time>2026-07-14T11:07:51.000Z</time>
        <extensions>
          <ns3:TrackPointExtension>
            <ns3:hr>140</ns3:hr>
            <ns3:cad>88</ns3:cad>
          </ns3:TrackPointExtension>
        </extensions>
      </trkpt>
      <trkpt lat="23.17410525865852832794189453125" lon="113.429514504969120025634765625">
        <ele>23.3999996185302734375</ele>
        <time>2026-07-14T11:07:52.000Z</time>
        <extensions>
          <ns3:TrackPointExtension>
            <ns3:hr>140</ns3:hr>
            <ns3:cad>88</ns3:cad>
          </ns3:TrackPointExtension>
        </extensions>
      </trkpt>
      <trkpt lat="23.17407776601612567901611328125" lon="113.429516851902008056640625">
        <ele>23.3999996185302734375</ele>
        <time>2026-07-14T11:07:53.000Z</time>
        <extensions>
          <ns3:TrackPointExtension>
            <ns3:hr>140</ns3:hr>
            <ns3:cad>87</ns3:cad>
          </ns3:TrackPointExtension>
        </extensions>
      </trkpt>
      <trkpt lat="23.174048177897930145263671875" lon="113.4295200370252132415771484375">
        <ele>23.3999996185302734375</ele>
        <time>2026-07-14T11:07:54.000Z</time>
        <extensions>
          <ns3:TrackPointExtension>
            <ns3:hr>140</ns3:hr>
            <ns3:cad>87</ns3:cad>
          </ns3:TrackPointExtension>
        </extensions>
      </trkpt>
      <trkpt lat="23.1740238703787326812744140625" lon="113.42952230013906955718994140625">
        <ele>23.6000003814697265625</ele>
        <time>2026-07-14T11:07:55.000Z</time>
        <extensions>
          <ns3:TrackPointExtension>
            <ns3:hr>139</ns3:hr>
            <ns3:cad>87</ns3:cad>
          </ns3:TrackPointExtension>
        </extensions>
      </trkpt>
      <trkpt lat="23.17399285733699798583984375" lon="113.4295250661671161651611328125">
        <ele>23.3999996185302734375</ele>
        <time>2026-07-14T11:07:56.000Z</time>
        <extensions>
          <ns3:TrackPointExtension>
            <ns3:hr>139</ns3:hr>
            <ns3:cad>87</ns3:cad>
          </ns3:TrackPointExtension>
        </extensions>
      </trkpt>
      <trkpt lat="23.17396779544651508331298828125" lon="113.429524898529052734375">
        <ele>23.3999996185302734375</ele>
        <time>2026-07-14T11:07:57.000Z</time>
        <extensions>
          <ns3:TrackPointExtension>
            <ns3:hr>139</ns3:hr>
            <ns3:cad>87</ns3:cad>
          </ns3:TrackPointExtension>
        </extensions>
      </trkpt>
      <trkpt lat="23.17393477074801921844482421875" lon="113.42952498234808444976806640625">
        <ele>23.3999996185302734375</ele>
        <time>2026-07-14T11:07:58.000Z</time>
        <extensions>
          <ns3:TrackPointExtension>
            <ns3:hr>139</ns3:hr>
            <ns3:cad>87</ns3:cad>
          </ns3:TrackPointExtension>
        </extensions>
      </trkpt>
      <trkpt lat="23.17390627227723598480224609375" lon="113.42952464707195758819580078125">
        <ele>23.6000003814697265625</ele>
        <time>2026-07-14T11:07:59.000Z</time>
        <extensions>
          <ns3:TrackPointExtension>
            <ns3:hr>140</ns3:hr>
            <ns3:cad>87</ns3:cad>
          </ns3:TrackPointExtension>
        </extensions>
      </trkpt>
      <trkpt lat="23.17387274466454982757568359375" lon="113.4295262396335601806640625">
        <ele>23.6000003814697265625</ele>
        <time>2026-07-14T11:08:00.000Z</time>
        <extensions>
          <ns3:TrackPointExtension>
            <ns3:hr>139</ns3:hr>
            <ns3:cad>89</ns3:cad>
          </ns3:TrackPointExtension>
        </extensions>
      </trkpt>
      <trkpt lat="23.17384039051830768585205078125" lon="113.42952447943389415740966796875">
        <ele>23.6000003814697265625</ele>
        <time>2026-07-14T11:08:01.000Z</time>
        <extensions>
          <ns3:TrackPointExtension>
            <ns3:hr>139</ns3:hr>
            <ns3:cad>89</ns3:cad>
          </ns3:TrackPointExtension>
        </extensions>
      </trkpt>
      <trkpt lat="23.173806779086589813232421875" lon="113.42952464707195758819580078125">
        <ele>23.799999237060546875</ele>
        <time>2026-07-14T11:08:02.000Z</time>
        <extensions>
          <ns3:TrackPointExtension>
            <ns3:hr>140</ns3:hr>
            <ns3:cad>90</ns3:cad>
          </ns3:TrackPointExtension>
        </extensions>
      </trkpt>
      <trkpt lat="23.17377626895904541015625" lon="113.429525904357433319091796875">
        <ele>23.799999237060546875</ele>
        <time>2026-07-14T11:08:03.000Z</time>
        <extensions>
          <ns3:TrackPointExtension>
            <ns3:hr>139</ns3:hr>
            <ns3:cad>91</ns3:cad>
          </ns3:TrackPointExtension>
        </extensions>
      </trkpt>
      <trkpt lat="23.1737496145069599151611328125" lon="113.429523892700672149658203125">
        <ele>23.799999237060546875</ele>
        <time>2026-07-14T11:08:04.000Z</time>
        <extensions>
          <ns3:TrackPointExtension>
            <ns3:hr>139</ns3:hr>
            <ns3:cad>91</ns3:cad>
          </ns3:TrackPointExtension>
        </extensions>
      </trkpt>
      <trkpt lat="23.17372069694101810455322265625" lon="113.42951978556811809539794921875">
        <ele>23.799999237060546875</ele>
        <time>2026-07-14T11:08:05.000Z</time>
        <extensions>
          <ns3:TrackPointExtension>
            <ns3:hr>140</ns3:hr>
            <ns3:cad>91</ns3:cad>
          </ns3:TrackPointExtension>
        </extensions>
      </trkpt>
      <trkpt lat="23.1736944615840911865234375" lon="113.42952213250100612640380859375">
        <ele>23.799999237060546875</ele>
        <time>2026-07-14T11:08:06.000Z</time>
        <extensions>
          <ns3:TrackPointExtension>
            <ns3:hr>140</ns3:hr>
            <ns3:cad>91</ns3:cad>
          </ns3:TrackPointExtension>
        </extensions>
      </trkpt>
      <trkpt lat="23.17366101779043674468994140625" lon="113.4295237250626087188720703125">
        <ele>23.799999237060546875</ele>
        <time>2026-07-14T11:08:07.000Z</time>
        <extensions>
          <ns3:TrackPointExtension>
            <ns3:hr>140</ns3:hr>
            <ns3:cad>91</ns3:cad>
          </ns3:TrackPointExtension>
        </extensions>
      </trkpt>
      <trkpt lat="23.17364148795604705810546875" lon="113.4295270778238773345947265625">
        <ele>23.6000003814697265625</ele>
        <time>2026-07-14T11:08:08.000Z</time>
        <extensions>
          <ns3:TrackPointExtension>
            <ns3:hr>140</ns3:hr>
            <ns3:cad>91</ns3:cad>
          </ns3:TrackPointExtension>
        </extensions>
      </trkpt>
      <trkpt lat="23.17360972054302692413330078125" lon="113.4295280836522579193115234375">
        <ele>23.6000003814697265625</ele>
        <time>2026-07-14T11:08:09.000Z</time>
        <extensions>
          <ns3:TrackPointExtension>
            <ns3:hr>141</ns3:hr>
            <ns3:cad>91</ns3:cad>
          </ns3:TrackPointExtension>
        </extensions>
      </trkpt>
      <trkpt lat="23.17358541302382946014404296875" lon="113.42953235842287540435791015625">
        <ele>23.6000003814697265625</ele>
        <time>2026-07-14T11:08:10.000Z</time>
        <extensions>
          <ns3:TrackPointExtension>
            <ns3:hr>141</ns3:hr>
            <ns3:cad>91</ns3:cad>
          </ns3:TrackPointExtension>
        </extensions>
      </trkpt>
      <trkpt lat="23.1735487841069698333740234375" lon="113.42953789047896862030029296875">
        <ele>23.799999237060546875</ele>
        <time>2026-07-14T11:08:11.000Z</time>
        <extensions>
          <ns3:TrackPointExtension>
            <ns3:hr>141</ns3:hr>
            <ns3:cad>91</ns3:cad>
          </ns3:TrackPointExtension>
        </extensions>
      </trkpt>
      <trkpt lat="23.1735209561884403228759765625" lon="113.42954166233539581298828125">
        <ele>23.799999237060546875</ele>
        <time>2026-07-14T11:08:12.000Z</time>
        <extensions>
          <ns3:TrackPointExtension>
            <ns3:hr>141</ns3:hr>
            <ns3:cad>92</ns3:cad>
          </ns3:TrackPointExtension>
        </extensions>
      </trkpt>
      <trkpt lat="23.173490278422832489013671875" lon="113.4295476973056793212890625">
        <ele>23.799999237060546875</ele>
        <time>2026-07-14T11:08:13.000Z</time>
        <extensions>
          <ns3:TrackPointExtension>
            <ns3:hr>141</ns3:hr>
            <ns3:cad>91</ns3:cad>
          </ns3:TrackPointExtension>
        </extensions>
      </trkpt>
      <trkpt lat="23.17346890456974506378173828125" lon="113.42955264262855052947998046875">
        <ele>23.799999237060546875</ele>
        <time>2026-07-14T11:08:14.000Z</time>
        <extensions>
          <ns3:TrackPointExtension>
            <ns3:hr>141</ns3:hr>
            <ns3:cad>92</ns3:cad>
          </ns3:TrackPointExtension>
        </extensions>
      </trkpt>
      <trkpt lat="23.17343235947191715240478515625" lon="113.42955817468464374542236328125">
        <ele>23.799999237060546875</ele>
        <time>2026-07-14T11:08:15.000Z</time>
        <extensions>
          <ns3:TrackPointExtension>
            <ns3:hr>141</ns3:hr>
            <ns3:cad>91</ns3:cad>
          </ns3:TrackPointExtension>
        </extensions>
      </trkpt>
      <trkpt lat="23.173407129943370819091796875" lon="113.429564125835895538330078125">
        <ele>23.799999237060546875</ele>
        <time>2026-07-14T11:08:16.000Z</time>
        <extensions>
          <ns3:TrackPointExtension>
            <ns3:hr>141</ns3:hr>
            <ns3:cad>90</ns3:cad>
          </ns3:TrackPointExtension>
        </extensions>
      </trkpt>
      <trkpt lat="23.1733730994164943695068359375" lon="113.42957024462521076202392578125">
        <ele>23.6000003814697265625</ele>
        <time>2026-07-14T11:08:17.000Z</time>
        <extensions>
          <ns3:TrackPointExtension>
            <ns3:hr>141</ns3:hr>
            <ns3:cad>90</ns3:cad>
          </ns3:TrackPointExtension>
        </extensions>
      </trkpt>
      <trkpt lat="23.1733539886772632598876953125" lon="113.42957426793873310089111328125">
        <ele>23.6000003814697265625</ele>
        <time>2026-07-14T11:08:18.000Z</time>
        <extensions>
          <ns3:TrackPointExtension>
            <ns3:hr>141</ns3:hr>
            <ns3:cad>90</ns3:cad>
          </ns3:TrackPointExtension>
        </extensions>
      </trkpt>
      <trkpt lat="23.173319958150386810302734375" lon="113.42957544140517711639404296875">
        <ele>23.6000003814697265625</ele>
        <time>2026-07-14T11:08:19.000Z</time>
        <extensions>
          <ns3:TrackPointExtension>
            <ns3:hr>141</ns3:hr>
            <ns3:cad>90</ns3:cad>
          </ns3:TrackPointExtension>
        </extensions>
      </trkpt>
      <trkpt lat="23.17329539917409420013427734375" lon="113.42957795597612857818603515625">
        <ele>23.6000003814697265625</ele>
        <time>2026-07-14T11:08:20.000Z</time>
        <extensions>
          <ns3:TrackPointExtension>
            <ns3:hr>141</ns3:hr>
            <ns3:cad>90</ns3:cad>
          </ns3:TrackPointExtension>
        </extensions>
      </trkpt>
      <trkpt lat="23.173261620104312896728515625" lon="113.42958114109933376312255859375">
        <ele>23.6000003814697265625</ele>
        <time>2026-07-14T11:08:21.000Z</time>
        <extensions>
          <ns3:TrackPointExtension>
            <ns3:hr>141</ns3:hr>
            <ns3:cad>90</ns3:cad>
          </ns3:TrackPointExtension>
        </extensions>
      </trkpt>
      <trkpt lat="23.17324058152735233306884765625" lon="113.42958482913672924041748046875">
        <ele>23.6000003814697265625</ele>
        <time>2026-07-14T11:08:22.000Z</time>
        <extensions>
          <ns3:TrackPointExtension>
            <ns3:hr>141</ns3:hr>
            <ns3:cad>89</ns3:cad>
          </ns3:TrackPointExtension>
        </extensions>
      </trkpt>
      <trkpt lat="23.17320336587727069854736328125" lon="113.4295854158699512481689453125">
        <ele>23.6000003814697265625</ele>
        <time>2026-07-14T11:08:23.000Z</time>
        <extensions>
          <ns3:TrackPointExtension>
            <ns3:hr>142</ns3:hr>
            <ns3:cad>89</ns3:cad>
          </ns3:TrackPointExtension>
        </extensions>
      </trkpt>
      <trkpt lat="23.173178471624851226806640625" lon="113.42958725988864898681640625">
        <ele>23.3999996185302734375</ele>
        <time>2026-07-14T11:08:24.000Z</time>
        <extensions>
          <ns3:TrackPointExtension>
            <ns3:hr>142</ns3:hr>
            <ns3:cad>89</ns3:cad>
          </ns3:TrackPointExtension>
        </extensions>
      </trkpt>
      <trkpt lat="23.17314586602151393890380859375" lon="113.4295810572803020477294921875">
        <ele>23.3999996185302734375</ele>
        <time>2026-07-14T11:08:25.000Z</time>
        <extensions>
          <ns3:TrackPointExtension>
            <ns3:hr>142</ns3:hr>
            <ns3:cad>89</ns3:cad>
          </ns3:TrackPointExtension>
        </extensions>
      </trkpt>
      <trkpt lat="23.17312306724488735198974609375" lon="113.4295807220041751861572265625">
        <ele>23.3999996185302734375</ele>
        <time>2026-07-14T11:08:26.000Z</time>
        <extensions>
          <ns3:TrackPointExtension>
            <ns3:hr>142</ns3:hr>
            <ns3:cad>90</ns3:cad>
          </ns3:TrackPointExtension>
        </extensions>
      </trkpt>
      <trkpt lat="23.17308819852769374847412109375" lon="113.4295763634145259857177734375">
        <ele>23.3999996185302734375</ele>
        <time>2026-07-14T11:08:27.000Z</time>
        <extensions>
          <ns3:TrackPointExtension>
            <ns3:hr>142</ns3:hr>
            <ns3:cad>89</ns3:cad>
          </ns3:TrackPointExtension>
        </extensions>
      </trkpt>
      <trkpt lat="23.17305944859981536865234375" lon="113.42957812361419200897216796875">
        <ele>23.3999996185302734375</ele>
        <time>2026-07-14T11:08:28.000Z</time>
        <extensions>
          <ns3:TrackPointExtension>
            <ns3:hr>143</ns3:hr>
            <ns3:cad>90</ns3:cad>
          </ns3:TrackPointExtension>
        </extensions>
      </trkpt>
      <trkpt lat="23.17302969284355640411376953125" lon="113.42957862652838230133056640625">
        <ele>23.3999996185302734375</ele>
        <time>2026-07-14T11:08:29.000Z</time>
        <extensions>
          <ns3:TrackPointExtension>
            <ns3:hr>143</ns3:hr>
            <ns3:cad>89</ns3:cad>
          </ns3:TrackPointExtension>
        </extensions>
      </trkpt>
      <trkpt lat="23.173000104725360870361328125" lon="113.4295766986906528472900390625">
        <ele>23.3999996185302734375</ele>
        <time>2026-07-14T11:08:30.000Z</time>
        <extensions>
          <ns3:TrackPointExtension>
            <ns3:hr>143</ns3:hr>
            <ns3:cad>90</ns3:cad>
          </ns3:TrackPointExtension>
        </extensions>
      </trkpt>
      <trkpt lat="23.17296934314072132110595703125" lon="113.42957560904324054718017578125">
        <ele>23.3999996185302734375</ele>
        <time>2026-07-14T11:08:31.000Z</time>
        <extensions>
          <ns3:TrackPointExtension>
            <ns3:hr>142</ns3:hr>
            <ns3:cad>89</ns3:cad>
          </ns3:TrackPointExtension>
        </extensions>
      </trkpt>
      <trkpt lat="23.17294419743120670318603515625" lon="113.42957158572971820831298828125">
        <ele>23.3999996185302734375</ele>
        <time>2026-07-14T11:08:32.000Z</time>
        <extensions>
          <ns3:TrackPointExtension>
            <ns3:hr>142</ns3:hr>
            <ns3:cad>90</ns3:cad>
          </ns3:TrackPointExtension>
        </extensions>
      </trkpt>
      <trkpt lat="23.17291217856109142303466796875" lon="113.42957359738647937774658203125">
        <ele>23.3999996185302734375</ele>
        <time>2026-07-14T11:08:33.000Z</time>
        <extensions>
          <ns3:TrackPointExtension>
            <ns3:hr>142</ns3:hr>
            <ns3:cad>89</ns3:cad>
          </ns3:TrackPointExtension>
        </extensions>
      </trkpt>
      <trkpt lat="23.17288669757544994354248046875" lon="113.42957242392003536224365234375">
        <ele>23.200000762939453125</ele>
        <time>2026-07-14T11:08:34.000Z</time>
        <extensions>
          <ns3:TrackPointExtension>
            <ns3:hr>143</ns3:hr>
            <ns3:cad>90</ns3:cad>
          </ns3:TrackPointExtension>
        </extensions>
      </trkpt>
      <trkpt lat="23.1728571094572544097900390625" lon="113.4295733459293842315673828125">
        <ele>23.200000762939453125</ele>
        <time>2026-07-14T11:08:35.000Z</time>
        <extensions>
          <ns3:TrackPointExtension>
            <ns3:hr>142</ns3:hr>
            <ns3:cad>90</ns3:cad>
          </ns3:TrackPointExtension>
        </extensions>
      </trkpt>
      <trkpt lat="23.17283020354807376861572265625" lon="113.42957912944257259368896484375">
        <ele>23.200000762939453125</ele>
        <time>2026-07-14T11:08:36.000Z</time>
        <extensions>
          <ns3:TrackPointExtension>
            <ns3:hr>142</ns3:hr>
            <ns3:cad>90</ns3:cad>
          </ns3:TrackPointExtension>
        </extensions>
      </trkpt>
      <trkpt lat="23.172798939049243927001953125" lon="113.42958114109933376312255859375">
        <ele>23</ele>
        <time>2026-07-14T11:08:37.000Z</time>
        <extensions>
          <ns3:TrackPointExtension>
            <ns3:hr>142</ns3:hr>
            <ns3:cad>91</ns3:cad>
          </ns3:TrackPointExtension>
        </extensions>
      </trkpt>
      <trkpt lat="23.17276985384523868560791015625" lon="113.4295857511460781097412109375">
        <ele>23</ele>
        <time>2026-07-14T11:08:38.000Z</time>
        <extensions>
          <ns3:TrackPointExtension>
            <ns3:hr>142</ns3:hr>
            <ns3:cad>91</ns3:cad>
          </ns3:TrackPointExtension>
        </extensions>
      </trkpt>
      <trkpt lat="23.17273280583322048187255859375" lon="113.42958667315542697906494140625">
        <ele>23</ele>
        <time>2026-07-14T11:08:39.000Z</time>
        <extensions>
          <ns3:TrackPointExtension>
            <ns3:hr>143</ns3:hr>
            <ns3:cad>91</ns3:cad>
          </ns3:TrackPointExtension>
        </extensions>
      </trkpt>
      <trkpt lat="23.17270380444824695587158203125" lon="113.42958935536444187164306640625">
        <ele>22.799999237060546875</ele>
        <time>2026-07-14T11:08:40.000Z</time>
        <extensions>
          <ns3:TrackPointExtension>
            <ns3:hr>142</ns3:hr>
            <ns3:cad>92</ns3:cad>
          </ns3:TrackPointExtension>
        </extensions>
      </trkpt>
      <trkpt lat="23.1726686842739582061767578125" lon="113.429590277373790740966796875">
        <ele>22.799999237060546875</ele>
        <time>2026-07-14T11:08:41.000Z</time>
        <extensions>
          <ns3:TrackPointExtension>
            <ns3:hr>142</ns3:hr>
            <ns3:cad>91</ns3:cad>
          </ns3:TrackPointExtension>
        </extensions>
      </trkpt>
      <trkpt lat="23.1726428680121898651123046875" lon="113.42959220521152019500732421875">
        <ele>22.799999237060546875</ele>
        <time>2026-07-14T11:08:42.000Z</time>
        <extensions>
          <ns3:TrackPointExtension>
            <ns3:hr>142</ns3:hr>
            <ns3:cad>92</ns3:cad>
          </ns3:TrackPointExtension>
        </extensions>
      </trkpt>
      <trkpt lat="23.17261110059916973114013671875" lon="113.42959019355475902557373046875">
        <ele>22.6000003814697265625</ele>
        <time>2026-07-14T11:08:43.000Z</time>
        <extensions>
          <ns3:TrackPointExtension>
            <ns3:hr>142</ns3:hr>
            <ns3:cad>92</ns3:cad>
          </ns3:TrackPointExtension>
        </extensions>
      </trkpt>
      <trkpt lat="23.1725845299661159515380859375" lon="113.429585583508014678955078125">
        <ele>22.6000003814697265625</ele>
        <time>2026-07-14T11:08:44.000Z</time>
        <extensions>
          <ns3:TrackPointExtension>
            <ns3:hr>142</ns3:hr>
            <ns3:cad>92</ns3:cad>
          </ns3:TrackPointExtension>
        </extensions>
      </trkpt>
      <trkpt lat="23.17255293019115924835205078125" lon="113.42957644723355770111083984375">
        <ele>22.6000003814697265625</ele>
        <time>2026-07-14T11:08:45.000Z</time>
        <extensions>
          <ns3:TrackPointExtension>
            <ns3:hr>142</ns3:hr>
            <ns3:cad>92</ns3:cad>
          </ns3:TrackPointExtension>
        </extensions>
      </trkpt>
      <trkpt lat="23.1725303828716278076171875" lon="113.42957695014774799346923828125">
        <ele>22.6000003814697265625</ele>
        <time>2026-07-14T11:08:46.000Z</time>
        <extensions>
          <ns3:TrackPointExtension>
            <ns3:hr>141</ns3:hr>
            <ns3:cad>92</ns3:cad>
          </ns3:TrackPointExtension>
        </extensions>
      </trkpt>
      <trkpt lat="23.172505907714366912841796875" lon="113.4295716695487499237060546875">
        <ele>22.6000003814697265625</ele>
        <time>2026-07-14T11:08:47.000Z</time>
        <extensions>
          <ns3:TrackPointExtension>
            <ns3:hr>141</ns3:hr>
            <ns3:cad>92</ns3:cad>
          </ns3:TrackPointExtension>
        </extensions>
      </trkpt>
      <trkpt lat="23.17248235456645488739013671875" lon="113.42956714332103729248046875">
        <ele>22.6000003814697265625</ele>
        <time>2026-07-14T11:08:48.000Z</time>
        <extensions>
          <ns3:TrackPointExtension>
            <ns3:hr>141</ns3:hr>
            <ns3:cad>92</ns3:cad>
          </ns3:TrackPointExtension>
        </extensions>
      </trkpt>
      <trkpt lat="23.1724537722766399383544921875" lon="113.4295589290559291839599609375">
        <ele>22.6000003814697265625</ele>
        <time>2026-07-14T11:08:49.000Z</time>
        <extensions>
          <ns3:TrackPointExtension>
            <ns3:hr>141</ns3:hr>
            <ns3:cad>91</ns3:cad>
          </ns3:TrackPointExtension>
        </extensions>
      </trkpt>
      <trkpt lat="23.1724282912909984588623046875" lon="113.42955180443823337554931640625">
        <ele>22.6000003814697265625</ele>
        <time>2026-07-14T11:08:50.000Z</time>
        <extensions>
          <ns3:TrackPointExtension>
            <ns3:hr>141</ns3:hr>
            <ns3:cad>91</ns3:cad>
          </ns3:TrackPointExtension>
        </extensions>
      </trkpt>
      <trkpt lat="23.17239828407764434814453125" lon="113.42954375781118869781494140625">
        <ele>22.6000003814697265625</ele>
        <time>2026-07-14T11:08:51.000Z</time>
        <extensions>
          <ns3:TrackPointExtension>
            <ns3:hr>141</ns3:hr>
            <ns3:cad>91</ns3:cad>
          </ns3:TrackPointExtension>
        </extensions>
      </trkpt>
      <trkpt lat="23.17236877977848052978515625" lon="113.42954275198280811309814453125">
        <ele>22.6000003814697265625</ele>
        <time>2026-07-14T11:08:52.000Z</time>
        <extensions>
          <ns3:TrackPointExtension>
            <ns3:hr>141</ns3:hr>
            <ns3:cad>91</ns3:cad>
          </ns3:TrackPointExtension>
        </extensions>
      </trkpt>
      <trkpt lat="23.17234388552606105804443359375" lon="113.42953302897512912750244140625">
        <ele>22.799999237060546875</ele>
        <time>2026-07-14T11:08:53.000Z</time>
        <extensions>
          <ns3:TrackPointExtension>
            <ns3:hr>141</ns3:hr>
            <ns3:cad>90</ns3:cad>
          </ns3:TrackPointExtension>
        </extensions>
      </trkpt>
      <trkpt lat="23.1723193265497684478759765625" lon="113.42952716164290904998779296875">
        <ele>22.799999237060546875</ele>
        <time>2026-07-14T11:08:54.000Z</time>
        <extensions>
          <ns3:TrackPointExtension>
            <ns3:hr>141</ns3:hr>
            <ns3:cad>90</ns3:cad>
          </ns3:TrackPointExtension>
        </extensions>
      </trkpt>
      <trkpt lat="23.1722884811460971832275390625" lon="113.42952045612037181854248046875">
        <ele>23</ele>
        <time>2026-07-14T11:08:55.000Z</time>
        <extensions>
          <ns3:TrackPointExtension>
            <ns3:hr>141</ns3:hr>
            <ns3:cad>90</ns3:cad>
          </ns3:TrackPointExtension>
        </extensions>
      </trkpt>
      <trkpt lat="23.17225704900920391082763671875" lon="113.4295160137116909027099609375">
        <ele>23</ele>
        <time>2026-07-14T11:08:56.000Z</time>
        <extensions>
          <ns3:TrackPointExtension>
            <ns3:hr>141</ns3:hr>
            <ns3:cad>90</ns3:cad>
          </ns3:TrackPointExtension>
        </extensions>
      </trkpt>
      <trkpt lat="23.17222301848232746124267578125" lon="113.42951140366494655609130859375">
        <ele>23</ele>
        <time>2026-07-14T11:08:57.000Z</time>
        <extensions>
          <ns3:TrackPointExtension>
            <ns3:hr>141</ns3:hr>
            <ns3:cad>90</ns3:cad>
          </ns3:TrackPointExtension>
        </extensions>
      </trkpt>
      <trkpt lat="23.1721909157931804656982421875" lon="113.429505117237567901611328125">
        <ele>22.799999237060546875</ele>
        <time>2026-07-14T11:08:58.000Z</time>
        <extensions>
          <ns3:TrackPointExtension>
            <ns3:hr>141</ns3:hr>
            <ns3:cad>90</ns3:cad>
          </ns3:TrackPointExtension>
        </extensions>
      </trkpt>
      <trkpt lat="23.1721597351133823394775390625" lon="113.429496400058269500732421875">
        <ele>22.799999237060546875</ele>
        <time>2026-07-14T11:08:59.000Z</time>
        <extensions>
          <ns3:TrackPointExtension>
            <ns3:hr>141</ns3:hr>
            <ns3:cad>90</ns3:cad>
          </ns3:TrackPointExtension>
        </extensions>
      </trkpt>
      <trkpt lat="23.17213400267064571380615234375" lon="113.42948910780251026153564453125">
        <ele>22.799999237060546875</ele>
        <time>2026-07-14T11:09:00.000Z</time>
        <extensions>
          <ns3:TrackPointExtension>
            <ns3:hr>141</ns3:hr>
            <ns3:cad>90</ns3:cad>
          </ns3:TrackPointExtension>
        </extensions>
      </trkpt>
      <trkpt lat="23.1721030734479427337646484375" lon="113.429474942386150360107421875">
        <ele>22.799999237060546875</ele>
        <time>2026-07-14T11:09:01.000Z</time>
        <extensions>
          <ns3:TrackPointExtension>
            <ns3:hr>141</ns3:hr>
            <ns3:cad>90</ns3:cad>
          </ns3:TrackPointExtension>
        </extensions>
      </trkpt>
      <trkpt lat="23.17207985557615756988525390625" lon="113.42946630902588367462158203125">
        <ele>22.799999237060546875</ele>
        <time>2026-07-14T11:09:02.000Z</time>
        <extensions>
          <ns3:TrackPointExtension>
            <ns3:hr>141</ns3:hr>
            <ns3:cad>90</ns3:cad>
          </ns3:TrackPointExtension>
        </extensions>
      </trkpt>
      <trkpt lat="23.172053284943103790283203125" lon="113.42945390380918979644775390625">
        <ele>22.799999237060546875</ele>
        <time>2026-07-14T11:09:03.000Z</time>
        <extensions>
          <ns3:TrackPointExtension>
            <ns3:hr>141</ns3:hr>
            <ns3:cad>90</ns3:cad>
          </ns3:TrackPointExtension>
        </extensions>
      </trkpt>
      <trkpt lat="23.17202419973909854888916015625" lon="113.429442755877971649169921875">
        <ele>22.799999237060546875</ele>
        <time>2026-07-14T11:09:04.000Z</time>
        <extensions>
          <ns3:TrackPointExtension>
            <ns3:hr>141</ns3:hr>
            <ns3:cad>91</ns3:cad>
          </ns3:TrackPointExtension>
        </extensions>
      </trkpt>
      <trkpt lat="23.17199863493442535400390625" lon="113.42943412251770496368408203125">
        <ele>22.799999237060546875</ele>
        <time>2026-07-14T11:09:05.000Z</time>
        <extensions>
          <ns3:TrackPointExtension>
            <ns3:hr>142</ns3:hr>
            <ns3:cad>91</ns3:cad>
          </ns3:TrackPointExtension>
        </extensions>
      </trkpt>
      <trkpt lat="23.1719726510345935821533203125" lon="113.42942356131970882415771484375">
        <ele>22.799999237060546875</ele>
        <time>2026-07-14T11:09:06.000Z</time>
        <extensions>
          <ns3:TrackPointExtension>
            <ns3:hr>142</ns3:hr>
            <ns3:cad>91</ns3:cad>
          </ns3:TrackPointExtension>
        </extensions>
      </trkpt>
      <trkpt lat="23.1719505228102207183837890625" lon="113.42940847389400005340576171875">
        <ele>22.799999237060546875</ele>
        <time>2026-07-14T11:09:07.000Z</time>
        <extensions>
          <ns3:TrackPointExtension>
            <ns3:hr>142</ns3:hr>
            <ns3:cad>91</ns3:cad>
          </ns3:TrackPointExtension>
        </extensions>
      </trkpt>
      <trkpt lat="23.17192462272942066192626953125" lon="113.4293867647647857666015625">
        <ele>22.799999237060546875</ele>
        <time>2026-07-14T11:09:08.000Z</time>
        <extensions>
          <ns3:TrackPointExtension>
            <ns3:hr>142</ns3:hr>
            <ns3:cad>91</ns3:cad>
          </ns3:TrackPointExtension>
        </extensions>
      </trkpt>
      <trkpt lat="23.17190400324761867523193359375" lon="113.42936874367296695709228515625">
        <ele>22.799999237060546875</ele>
        <time>2026-07-14T11:09:09.000Z</time>
        <extensions>
          <ns3:TrackPointExtension>
            <ns3:hr>142</ns3:hr>
            <ns3:cad>91</ns3:cad>
          </ns3:TrackPointExtension>
        </extensions>
      </trkpt>
      <trkpt lat="23.17187600769102573394775390625" lon="113.42935256659984588623046875">
        <ele>22.799999237060546875</ele>
        <time>2026-07-14T11:09:10.000Z</time>
        <extensions>
          <ns3:TrackPointExtension>
            <ns3:hr>142</ns3:hr>
            <ns3:cad>91</ns3:cad>
          </ns3:TrackPointExtension>
        </extensions>
      </trkpt>
      <trkpt lat="23.17185455001890659332275390625" lon="113.42933513224124908447265625">
        <ele>23</ele>
        <time>2026-07-14T11:09:11.000Z</time>
        <extensions>
          <ns3:TrackPointExtension>
            <ns3:hr>142</ns3:hr>
            <ns3:cad>91</ns3:cad>
          </ns3:TrackPointExtension>
        </extensions>
      </trkpt>
      <trkpt lat="23.171823956072330474853515625" lon="113.42930831015110015869140625">
        <ele>23</ele>
        <time>2026-07-14T11:09:12.000Z</time>
        <extensions>
          <ns3:TrackPointExtension>
            <ns3:hr>143</ns3:hr>
            <ns3:cad>90</ns3:cad>
          </ns3:TrackPointExtension>
        </extensions>
      </trkpt>
      <trkpt lat="23.17180325277149677276611328125" lon="113.42928844504058361053466796875">
        <ele>23.200000762939453125</ele>
        <time>2026-07-14T11:09:13.000Z</time>
        <extensions>
          <ns3:TrackPointExtension>
            <ns3:hr>142</ns3:hr>
            <ns3:cad>90</ns3:cad>
          </ns3:TrackPointExtension>
        </extensions>
      </trkpt>
      <trkpt lat="23.171781711280345916748046875" lon="113.42926816083490848541259765625">
        <ele>23.200000762939453125</ele>
        <time>2026-07-14T11:09:14.000Z</time>
        <extensions>
          <ns3:TrackPointExtension>
            <ns3:hr>142</ns3:hr>
            <ns3:cad>91</ns3:cad>
          </ns3:TrackPointExtension>
        </extensions>
      </trkpt>
      <trkpt lat="23.17176067270338535308837890625" lon="113.42924536205828189849853515625">
        <ele>23.200000762939453125</ele>
        <time>2026-07-14T11:09:15.000Z</time>
        <extensions>
          <ns3:TrackPointExtension>
            <ns3:hr>143</ns3:hr>
            <ns3:cad>91</ns3:cad>
          </ns3:TrackPointExtension>
        </extensions>
      </trkpt>
      <trkpt lat="23.17173435352742671966552734375" lon="113.42921870760619640350341796875">
        <ele>23.200000762939453125</ele>
        <time>2026-07-14T11:09:16.000Z</time>
        <extensions>
          <ns3:TrackPointExtension>
            <ns3:hr>142</ns3:hr>
            <ns3:cad>91</ns3:cad>
          </ns3:TrackPointExtension>
        </extensions>
      </trkpt>
      <trkpt lat="23.1717123091220855712890625" lon="113.4291968308389186859130859375">
        <ele>23.200000762939453125</ele>
        <time>2026-07-14T11:09:17.000Z</time>
        <extensions>
          <ns3:TrackPointExtension>
            <ns3:hr>142</ns3:hr>
            <ns3:cad>91</ns3:cad>
          </ns3:TrackPointExtension>
        </extensions>
      </trkpt>
      <trkpt lat="23.1716833077371120452880859375" lon="113.42917093075811862945556640625">
        <ele>23.200000762939453125</ele>
        <time>2026-07-14T11:09:18.000Z</time>
        <extensions>
          <ns3:TrackPointExtension>
            <ns3:hr>143</ns3:hr>
            <ns3:cad>91</ns3:cad>
          </ns3:TrackPointExtension>
        </extensions>
      </trkpt>
      <trkpt lat="23.1716635264456272125244140625" lon="113.42915349639952182769775390625">
        <ele>23</ele>
        <time>2026-07-14T11:09:19.000Z</time>
        <extensions>
          <ns3:TrackPointExtension>
            <ns3:hr>142</ns3:hr>
            <ns3:cad>92</ns3:cad>
          </ns3:TrackPointExtension>
        </extensions>
      </trkpt>
      <trkpt lat="23.17164097912609577178955078125" lon="113.4291223995387554168701171875">
        <ele>23</ele>
        <time>2026-07-14T11:09:20.000Z</time>
        <extensions>
          <ns3:TrackPointExtension>
            <ns3:hr>142</ns3:hr>
            <ns3:cad>92</ns3:cad>
          </ns3:TrackPointExtension>
        </extensions>
      </trkpt>
      <trkpt lat="23.17162170074880123138427734375" lon="113.42910639010369777679443359375">
        <ele>23</ele>
        <time>2026-07-14T11:09:21.000Z</time>
        <extensions>
          <ns3:TrackPointExtension>
            <ns3:hr>143</ns3:hr>
            <ns3:cad>92</ns3:cad>
          </ns3:TrackPointExtension>
        </extensions>
      </trkpt>
      <trkpt lat="23.1716015003621578216552734375" lon="113.42908241786062717437744140625">
        <ele>23</ele>
        <time>2026-07-14T11:09:22.000Z</time>
        <extensions>
          <ns3:TrackPointExtension>
            <ns3:hr>143</ns3:hr>
            <ns3:cad>92</ns3:cad>
          </ns3:TrackPointExtension>
        </extensions>
      </trkpt>
      <trkpt lat="23.17157811485230922698974609375" lon="113.42906020581722259521484375">
        <ele>23</ele>
        <time>2026-07-14T11:09:23.000Z</time>
        <extensions>
          <ns3:TrackPointExtension>
            <ns3:hr>143</ns3:hr>
            <ns3:cad>92</ns3:cad>
          </ns3:TrackPointExtension>
        </extensions>
      </trkpt>
      <trkpt lat="23.1715612672269344329833984375" lon="113.42902801930904388427734375">
        <ele>23</ele>
        <time>2026-07-14T11:09:24.000Z</time>
        <extensions>
          <ns3:TrackPointExtension>
            <ns3:hr>142</ns3:hr>
            <ns3:cad>92</ns3:cad>
          </ns3:TrackPointExtension>
        </extensions>
      </trkpt>
      <trkpt lat="23.17154576070606708526611328125" lon="113.42900563962757587432861328125">
        <ele>23</ele>
        <time>2026-07-14T11:09:25.000Z</time>
        <extensions>
          <ns3:TrackPointExtension>
            <ns3:hr>143</ns3:hr>
            <ns3:cad>91</ns3:cad>
          </ns3:TrackPointExtension>
        </extensions>
      </trkpt>
      <trkpt lat="23.1715341098606586456298828125" lon="113.4289708547294139862060546875">
        <ele>23</ele>
        <time>2026-07-14T11:09:26.000Z</time>
        <extensions>
          <ns3:TrackPointExtension>
            <ns3:hr>143</ns3:hr>
            <ns3:cad>90</ns3:cad>
          </ns3:TrackPointExtension>
        </extensions>
      </trkpt>
      <trkpt lat="23.17152027972042560577392578125" lon="113.4289450384676456451416015625">
        <ele>22.799999237060546875</ele>
        <time>2026-07-14T11:09:27.000Z</time>
        <extensions>
          <ns3:TrackPointExtension>
            <ns3:hr>142</ns3:hr>
            <ns3:cad>90</ns3:cad>
          </ns3:TrackPointExtension>
        </extensions>
      </trkpt>
      <trkpt lat="23.17151089198887348175048828125" lon="113.4289125166833400726318359375">
        <ele>22.799999237060546875</ele>
        <time>2026-07-14T11:09:28.000Z</time>
        <extensions>
          <ns3:TrackPointExtension>
            <ns3:hr>142</ns3:hr>
            <ns3:cad>90</ns3:cad>
          </ns3:TrackPointExtension>
        </extensions>
      </trkpt>
      <trkpt lat="23.17149966023862361907958984375" lon="113.42888577841222286224365234375">
        <ele>22.799999237060546875</ele>
        <time>2026-07-14T11:09:29.000Z</time>
        <extensions>
          <ns3:TrackPointExtension>
            <ns3:hr>142</ns3:hr>
            <ns3:cad>90</ns3:cad>
          </ns3:TrackPointExtension>
        </extensions>
      </trkpt>
      <trkpt lat="23.171488679945468902587890625" lon="113.428851328790187835693359375">
        <ele>22.799999237060546875</ele>
        <time>2026-07-14T11:09:30.000Z</time>
        <extensions>
          <ns3:TrackPointExtension>
            <ns3:hr>142</ns3:hr>
            <ns3:cad>90</ns3:cad>
          </ns3:TrackPointExtension>
        </extensions>
      </trkpt>
      <trkpt lat="23.17147417925298213958740234375" lon="113.42882593162357807159423828125">
        <ele>22.799999237060546875</ele>
        <time>2026-07-14T11:09:31.000Z</time>
        <extensions>
          <ns3:TrackPointExtension>
            <ns3:hr>141</ns3:hr>
            <ns3:cad>90</ns3:cad>
          </ns3:TrackPointExtension>
        </extensions>
      </trkpt>
      <trkpt lat="23.17145858891308307647705078125" lon="113.42879525385797023773193359375">
        <ele>22.799999237060546875</ele>
        <time>2026-07-14T11:09:32.000Z</time>
        <extensions>
          <ns3:TrackPointExtension>
            <ns3:hr>141</ns3:hr>
            <ns3:cad>90</ns3:cad>
          </ns3:TrackPointExtension>
        </extensions>
      </trkpt>
      <trkpt lat="23.17144081927835941314697265625" lon="113.4287753887474536895751953125">
        <ele>22.799999237060546875</ele>
        <time>2026-07-14T11:09:33.000Z</time>
        <extensions>
          <ns3:TrackPointExtension>
            <ns3:hr>141</ns3:hr>
            <ns3:cad>90</ns3:cad>
          </ns3:TrackPointExtension>
        </extensions>
      </trkpt>
      <trkpt lat="23.171422965824604034423828125" lon="113.428749404847621917724609375">
        <ele>22.799999237060546875</ele>
        <time>2026-07-14T11:09:34.000Z</time>
        <extensions>
          <ns3:TrackPointExtension>
            <ns3:hr>141</ns3:hr>
            <ns3:cad>90</ns3:cad>
          </ns3:TrackPointExtension>
        </extensions>
      </trkpt>
      <trkpt lat="23.17140796221792697906494140625" lon="113.42872903682291507720947265625">
        <ele>23</ele>
        <time>2026-07-14T11:09:35.000Z</time>
        <extensions>
          <ns3:TrackPointExtension>
            <ns3:hr>140</ns3:hr>
            <ns3:cad>90</ns3:cad>
          </ns3:TrackPointExtension>
        </extensions>
      </trkpt>
      <trkpt lat="23.17138834856450557708740234375" lon="113.42869819141924381256103515625">
        <ele>23</ele>
        <time>2026-07-14T11:09:36.000Z</time>
        <extensions>
          <ns3:TrackPointExtension>
            <ns3:hr>140</ns3:hr>
            <ns3:cad>90</ns3:cad>
          </ns3:TrackPointExtension>
        </extensions>
      </trkpt>
      <trkpt lat="23.17136538214981555938720703125" lon="113.4286778233945369720458984375">
        <ele>23</ele>
        <time>2026-07-14T11:09:37.000Z</time>
        <extensions>
          <ns3:TrackPointExtension>
            <ns3:hr>140</ns3:hr>
            <ns3:cad>90</ns3:cad>
          </ns3:TrackPointExtension>
        </extensions>
      </trkpt>
      <trkpt lat="23.17134811542928218841552734375" lon="113.42864672653377056121826171875">
        <ele>23</ele>
        <time>2026-07-14T11:09:38.000Z</time>
        <extensions>
          <ns3:TrackPointExtension>
            <ns3:hr>140</ns3:hr>
            <ns3:cad>90</ns3:cad>
          </ns3:TrackPointExtension>
        </extensions>
      </trkpt>
      <trkpt lat="23.171329088509082794189453125" lon="113.4286258555948734283447265625">
        <ele>23</ele>
        <time>2026-07-14T11:09:39.000Z</time>
        <extensions>
          <ns3:TrackPointExtension>
            <ns3:hr>141</ns3:hr>
            <ns3:cad>91</ns3:cad>
          </ns3:TrackPointExtension>
        </extensions>
      </trkpt>
      <trkpt lat="23.1713072955608367919921875" lon="113.42859886586666107177734375">
        <ele>23</ele>
        <time>2026-07-14T11:09:40.000Z</time>
        <extensions>
          <ns3:TrackPointExtension>
            <ns3:hr>141</ns3:hr>
            <ns3:cad>91</ns3:cad>
          </ns3:TrackPointExtension>
        </extensions>
      </trkpt>
      <trkpt lat="23.17128793336451053619384765625" lon="113.428578078746795654296875">
        <ele>23</ele>
        <time>2026-07-14T11:09:41.000Z</time>
        <extensions>
          <ns3:TrackPointExtension>
            <ns3:hr>141</ns3:hr>
            <ns3:cad>90</ns3:cad>
          </ns3:TrackPointExtension>
        </extensions>
      </trkpt>
      <trkpt lat="23.17127033136785030364990234375" lon="113.42854983173310756683349609375">
        <ele>23</ele>
        <time>2026-07-14T11:09:42.000Z</time>
        <extensions>
          <ns3:TrackPointExtension>
            <ns3:hr>141</ns3:hr>
            <ns3:cad>90</ns3:cad>
          </ns3:TrackPointExtension>
        </extensions>
      </trkpt>
      <trkpt lat="23.17125591449439525604248046875" lon="113.42852384783327579498291015625">
        <ele>23.200000762939453125</ele>
        <time>2026-07-14T11:09:43.000Z</time>
        <extensions>
          <ns3:TrackPointExtension>
            <ns3:hr>141</ns3:hr>
            <ns3:cad>90</ns3:cad>
          </ns3:TrackPointExtension>
        </extensions>
      </trkpt>
      <trkpt lat="23.17124200053513050079345703125" lon="113.4284934215247631072998046875">
        <ele>23</ele>
        <time>2026-07-14T11:09:44.000Z</time>
        <extensions>
          <ns3:TrackPointExtension>
            <ns3:hr>141</ns3:hr>
            <ns3:cad>90</ns3:cad>
          </ns3:TrackPointExtension>
        </extensions>
      </trkpt>
      <trkpt lat="23.1712321937084197998046875" lon="113.4284662641584873199462890625">
        <ele>23</ele>
        <time>2026-07-14T11:09:45.000Z</time>
        <extensions>
          <ns3:TrackPointExtension>
            <ns3:hr>141</ns3:hr>
            <ns3:cad>89</ns3:cad>
          </ns3:TrackPointExtension>
        </extensions>
      </trkpt>
      <trkpt lat="23.1712166033685207366943359375" lon="113.4284327365458011627197265625">
        <ele>23</ele>
        <time>2026-07-14T11:09:46.000Z</time>
        <extensions>
          <ns3:TrackPointExtension>
            <ns3:hr>141</ns3:hr>
            <ns3:cad>89</ns3:cad>
          </ns3:TrackPointExtension>
        </extensions>
      </trkpt>
      <trkpt lat="23.17120344378054141998291015625" lon="113.428402058780193328857421875">
        <ele>23</ele>
        <time>2026-07-14T11:09:47.000Z</time>
        <extensions>
          <ns3:TrackPointExtension>
            <ns3:hr>141</ns3:hr>
            <ns3:cad>89</ns3:cad>
          </ns3:TrackPointExtension>
        </extensions>
      </trkpt>
      <trkpt lat="23.171191625297069549560546875" lon="113.428362496197223663330078125">
        <ele>23</ele>
        <time>2026-07-14T11:09:48.000Z</time>
        <extensions>
          <ns3:TrackPointExtension>
            <ns3:hr>141</ns3:hr>
            <ns3:cad>89</ns3:cad>
          </ns3:TrackPointExtension>
        </extensions>
      </trkpt>
      <trkpt lat="23.1711787171661853790283203125" lon="113.4283341653645038604736328125">
        <ele>23</ele>
        <time>2026-07-14T11:09:49.000Z</time>
        <extensions>
          <ns3:TrackPointExtension>
            <ns3:hr>141</ns3:hr>
            <ns3:cad>90</ns3:cad>
          </ns3:TrackPointExtension>
        </extensions>
      </trkpt>
      <trkpt lat="23.17116983234882354736328125" lon="113.42830072157084941864013671875">
        <ele>23</ele>
        <time>2026-07-14T11:09:50.000Z</time>
        <extensions>
          <ns3:TrackPointExtension>
            <ns3:hr>141</ns3:hr>
            <ns3:cad>90</ns3:cad>
          </ns3:TrackPointExtension>
        </extensions>
      </trkpt>
      <trkpt lat="23.17115918733179569244384765625" lon="113.42827658168971538543701171875">
        <ele>23</ele>
        <time>2026-07-14T11:09:51.000Z</time>
        <extensions>
          <ns3:TrackPointExtension>
            <ns3:hr>141</ns3:hr>
            <ns3:cad>90</ns3:cad>
          </ns3:TrackPointExtension>
        </extensions>
      </trkpt>
      <trkpt lat="23.1711518950760364532470703125" lon="113.4282446466386318206787109375">
        <ele>23</ele>
        <time>2026-07-14T11:09:52.000Z</time>
        <extensions>
          <ns3:TrackPointExtension>
            <ns3:hr>141</ns3:hr>
            <ns3:cad>90</ns3:cad>
          </ns3:TrackPointExtension>
        </extensions>
      </trkpt>
      <trkpt lat="23.17113990895450115203857421875" lon="113.42821958474814891815185546875">
        <ele>23</ele>
        <time>2026-07-14T11:09:53.000Z</time>
        <extensions>
          <ns3:TrackPointExtension>
            <ns3:hr>141</ns3:hr>
            <ns3:cad>90</ns3:cad>
          </ns3:TrackPointExtension>
        </extensions>
      </trkpt>
      <trkpt lat="23.1711260788142681121826171875" lon="113.42819008044898509979248046875">
        <ele>23</ele>
        <time>2026-07-14T11:09:54.000Z</time>
        <extensions>
          <ns3:TrackPointExtension>
            <ns3:hr>140</ns3:hr>
            <ns3:cad>91</ns3:cad>
          </ns3:TrackPointExtension>
        </extensions>
      </trkpt>
      <trkpt lat="23.17110755480825901031494140625" lon="113.42816191725432872772216796875">
        <ele>23</ele>
        <time>2026-07-14T11:09:55.000Z</time>
        <extensions>
          <ns3:TrackPointExtension>
            <ns3:hr>141</ns3:hr>
            <ns3:cad>92</ns3:cad>
          </ns3:TrackPointExtension>
        </extensions>
      </trkpt>
      <trkpt lat="23.17109263502061367034912109375" lon="113.42813551425933837890625">
        <ele>23</ele>
        <time>2026-07-14T11:09:56.000Z</time>
        <extensions>
          <ns3:TrackPointExtension>
            <ns3:hr>141</ns3:hr>
            <ns3:cad>92</ns3:cad>
          </ns3:TrackPointExtension>
        </extensions>
      </trkpt>
      <trkpt lat="23.17107419483363628387451171875" lon="113.42810290865600109100341796875">
        <ele>22.799999237060546875</ele>
        <time>2026-07-14T11:09:57.000Z</time>
        <extensions>
          <ns3:TrackPointExtension>
            <ns3:hr>141</ns3:hr>
            <ns3:cad>92</ns3:cad>
          </ns3:TrackPointExtension>
        </extensions>
      </trkpt>
      <trkpt lat="23.1710573472082614898681640625" lon="113.42807851731777191162109375">
        <ele>22.799999237060546875</ele>
        <time>2026-07-14T11:09:58.000Z</time>
        <extensions>
          <ns3:TrackPointExtension>
            <ns3:hr>141</ns3:hr>
            <ns3:cad>92</ns3:cad>
          </ns3:TrackPointExtension>
        </extensions>
      </trkpt>
      <trkpt lat="23.171041421592235565185546875" lon="113.4280421398580074310302734375">
        <ele>22.799999237060546875</ele>
        <time>2026-07-14T11:09:59.000Z</time>
        <extensions>
          <ns3:TrackPointExtension>
            <ns3:hr>140</ns3:hr>
            <ns3:cad>92</ns3:cad>
          </ns3:TrackPointExtension>
        </extensions>
      </trkpt>
      <trkpt lat="23.1710275076329708099365234375" lon="113.428015820682048797607421875">
        <ele>22.6000003814697265625</ele>
        <time>2026-07-14T11:10:00.000Z</time>
        <extensions>
          <ns3:TrackPointExtension>
            <ns3:hr>140</ns3:hr>
            <ns3:cad>92</ns3:cad>
          </ns3:TrackPointExtension>
        </extensions>
      </trkpt>
      <trkpt lat="23.1710095703601837158203125" lon="113.4279814548790454864501953125">
        <ele>22.6000003814697265625</ele>
        <time>2026-07-14T11:10:01.000Z</time>
        <extensions>
          <ns3:TrackPointExtension>
            <ns3:hr>140</ns3:hr>
            <ns3:cad>92</ns3:cad>
          </ns3:TrackPointExtension>
        </extensions>
      </trkpt>
      <trkpt lat="23.1709929741919040679931640625" lon="113.4279566444456577301025390625">
        <ele>22.3999996185302734375</ele>
        <time>2026-07-14T11:10:02.000Z</time>
        <extensions>
          <ns3:TrackPointExtension>
            <ns3:hr>140</ns3:hr>
            <ns3:cad>92</ns3:cad>
          </ns3:TrackPointExtension>
        </extensions>
      </trkpt>
      <trkpt lat="23.1709718517959117889404296875" lon="113.4279254637658596038818359375">
        <ele>22.3999996185302734375</ele>
        <time>2026-07-14T11:10:03.000Z</time>
        <extensions>
          <ns3:TrackPointExtension>
            <ns3:hr>140</ns3:hr>
            <ns3:cad>92</ns3:cad>
          </ns3:TrackPointExtension>
        </extensions>
      </trkpt>
      <trkpt lat="23.17095391452312469482421875" lon="113.42790610156953334808349609375">
        <ele>22.200000762939453125</ele>
        <time>2026-07-14T11:10:04.000Z</time>
        <extensions>
          <ns3:TrackPointExtension>
            <ns3:hr>140</ns3:hr>
            <ns3:cad>92</ns3:cad>
          </ns3:TrackPointExtension>
        </extensions>
      </trkpt>
      <trkpt lat="23.1709343008697032928466796875" lon="113.427875004708766937255859375">
        <ele>22.200000762939453125</ele>
        <time>2026-07-14T11:10:05.000Z</time>
        <extensions>
          <ns3:TrackPointExtension>
            <ns3:hr>140</ns3:hr>
            <ns3:cad>92</ns3:cad>
          </ns3:TrackPointExtension>
        </extensions>
      </trkpt>
      <trkpt lat="23.17091611213982105255126953125" lon="113.42785463668406009674072265625">
        <ele>22</ele>
        <time>2026-07-14T11:10:06.000Z</time>
        <extensions>
          <ns3:TrackPointExtension>
            <ns3:hr>139</ns3:hr>
            <ns3:cad>92</ns3:cad>
          </ns3:TrackPointExtension>
        </extensions>
      </trkpt>
      <trkpt lat="23.17089264281094074249267578125" lon="113.4278295747935771942138671875">
        <ele>22</ele>
        <time>2026-07-14T11:10:07.000Z</time>
        <extensions>
          <ns3:TrackPointExtension>
            <ns3:hr>140</ns3:hr>
            <ns3:cad>92</ns3:cad>
          </ns3:TrackPointExtension>
        </extensions>
      </trkpt>
      <trkpt lat="23.1708749569952487945556640625" lon="113.42780753038823604583740234375">
        <ele>22</ele>
        <time>2026-07-14T11:10:08.000Z</time>
        <extensions>
          <ns3:TrackPointExtension>
            <ns3:hr>140</ns3:hr>
            <ns3:cad>92</ns3:cad>
          </ns3:TrackPointExtension>
        </extensions>
      </trkpt>
      <trkpt lat="23.17085123620927333831787109375" lon="113.42778347432613372802734375">
        <ele>22</ele>
        <time>2026-07-14T11:10:09.000Z</time>
        <extensions>
          <ns3:TrackPointExtension>
            <ns3:hr>139</ns3:hr>
            <ns3:cad>92</ns3:cad>
          </ns3:TrackPointExtension>
        </extensions>
      </trkpt>
      <trkpt lat="23.17083179019391536712646484375" lon="113.4277613461017608642578125">
        <ele>22</ele>
        <time>2026-07-14T11:10:10.000Z</time>
        <extensions>
          <ns3:TrackPointExtension>
            <ns3:hr>139</ns3:hr>
            <ns3:cad>92</ns3:cad>
          </ns3:TrackPointExtension>
        </extensions>
      </trkpt>
      <trkpt lat="23.1708095781505107879638671875" lon="113.4277390502393245697021484375">
        <ele>22</ele>
        <time>2026-07-14T11:10:11.000Z</time>
        <extensions>
          <ns3:TrackPointExtension>
            <ns3:hr>138</ns3:hr>
            <ns3:cad>92</ns3:cad>
          </ns3:TrackPointExtension>
        </extensions>
      </trkpt>
      <trkpt lat="23.17078535445034503936767578125" lon="113.42772387899458408355712890625">
        <ele>22</ele>
        <time>2026-07-14T11:10:12.000Z</time>
        <extensions>
          <ns3:TrackPointExtension>
            <ns3:hr>138</ns3:hr>
            <ns3:cad>92</ns3:cad>
          </ns3:TrackPointExtension>
        </extensions>
      </trkpt>
      <trkpt lat="23.1707629747688770294189453125" lon="113.42771097086369991302490234375">
        <ele>21.799999237060546875</ele>
        <time>2026-07-14T11:10:13.000Z</time>
        <extensions>
          <ns3:TrackPointExtension>
            <ns3:hr>138</ns3:hr>
            <ns3:cad>92</ns3:cad>
          </ns3:TrackPointExtension>
        </extensions>
      </trkpt>
      <trkpt lat="23.17073321901261806488037109375" lon="113.42769906856119632720947265625">
        <ele>22</ele>
        <time>2026-07-14T11:10:14.000Z</time>
        <extensions>
          <ns3:TrackPointExtension>
            <ns3:hr>138</ns3:hr>
            <ns3:cad>92</ns3:cad>
          </ns3:TrackPointExtension>
        </extensions>
      </trkpt>
      <trkpt lat="23.1707079894840717315673828125" lon="113.42768565751612186431884765625">
        <ele>22</ele>
        <time>2026-07-14T11:10:15.000Z</time>
        <extensions>
          <ns3:TrackPointExtension>
            <ns3:hr>138</ns3:hr>
            <ns3:cad>92</ns3:cad>
          </ns3:TrackPointExtension>
        </extensions>
      </trkpt>
      <trkpt lat="23.17068192176520824432373046875" lon="113.42767509631812572479248046875">
        <ele>22</ele>
        <time>2026-07-14T11:10:16.000Z</time>
        <extensions>
          <ns3:TrackPointExtension>
            <ns3:hr>138</ns3:hr>
            <ns3:cad>92</ns3:cad>
          </ns3:TrackPointExtension>
        </extensions>
      </trkpt>
      <trkpt lat="23.1706617213785648345947265625" lon="113.4276736713945865631103515625">
        <ele>22</ele>
        <time>2026-07-14T11:10:17.000Z</time>
        <extensions>
          <ns3:TrackPointExtension>
            <ns3:hr>139</ns3:hr>
            <ns3:cad>92</ns3:cad>
          </ns3:TrackPointExtension>
        </extensions>
      </trkpt>
      <trkpt lat="23.17063473165035247802734375" lon="113.42766637913882732391357421875">
        <ele>22</ele>
        <time>2026-07-14T11:10:18.000Z</time>
        <extensions>
          <ns3:TrackPointExtension>
            <ns3:hr>139</ns3:hr>
            <ns3:cad>92</ns3:cad>
          </ns3:TrackPointExtension>
        </extensions>
      </trkpt>
      <trkpt lat="23.17061034031212329864501953125" lon="113.42766344547271728515625">
        <ele>22.200000762939453125</ele>
        <time>2026-07-14T11:10:19.000Z</time>
        <extensions>
          <ns3:TrackPointExtension>
            <ns3:hr>139</ns3:hr>
            <ns3:cad>92</ns3:cad>
          </ns3:TrackPointExtension>
        </extensions>
      </trkpt>
      <trkpt lat="23.17058519460260868072509765625" lon="113.4276545606553554534912109375">
        <ele>22.200000762939453125</ele>
        <time>2026-07-14T11:10:20.000Z</time>
        <extensions>
          <ns3:TrackPointExtension>
            <ns3:hr>139</ns3:hr>
            <ns3:cad>90</ns3:cad>
          </ns3:TrackPointExtension>
        </extensions>
      </trkpt>
      <trkpt lat="23.1705638207495212554931640625" lon="113.4276491962373256683349609375">
        <ele>22.200000762939453125</ele>
        <time>2026-07-14T11:10:21.000Z</time>
        <extensions>
          <ns3:TrackPointExtension>
            <ns3:hr>140</ns3:hr>
            <ns3:cad>90</ns3:cad>
          </ns3:TrackPointExtension>
        </extensions>
      </trkpt>
      <trkpt lat="23.1705383397638797760009765625" lon="113.42764173634350299835205078125">
        <ele>22.200000762939453125</ele>
        <time>2026-07-14T11:10:22.000Z</time>
        <extensions>
          <ns3:TrackPointExtension>
            <ns3:hr>139</ns3:hr>
            <ns3:cad>90</ns3:cad>
          </ns3:TrackPointExtension>
        </extensions>
      </trkpt>
      <trkpt lat="23.17050573416054248809814453125" lon="113.427632935345172882080078125">
        <ele>22.3999996185302734375</ele>
        <time>2026-07-14T11:10:23.000Z</time>
        <extensions>
          <ns3:TrackPointExtension>
            <ns3:hr>139</ns3:hr>
            <ns3:cad>90</ns3:cad>
          </ns3:TrackPointExtension>
        </extensions>
      </trkpt>
      <trkpt lat="23.17047522403299808502197265625" lon="113.4276250563561916351318359375">
        <ele>22.6000003814697265625</ele>
        <time>2026-07-14T11:10:24.000Z</time>
        <extensions>
          <ns3:TrackPointExtension>
            <ns3:hr>140</ns3:hr>
            <ns3:cad>90</ns3:cad>
          </ns3:TrackPointExtension>
        </extensions>
      </trkpt>
      <trkpt lat="23.17044823430478572845458984375" lon="113.4276227094233036041259765625">
        <ele>22.6000003814697265625</ele>
        <time>2026-07-14T11:10:25.000Z</time>
        <extensions>
          <ns3:TrackPointExtension>
            <ns3:hr>140</ns3:hr>
            <ns3:cad>90</ns3:cad>
          </ns3:TrackPointExtension>
        </extensions>
      </trkpt>
      <trkpt lat="23.170417807996273040771484375" lon="113.427625559270381927490234375">
        <ele>22.6000003814697265625</ele>
        <time>2026-07-14T11:10:26.000Z</time>
        <extensions>
          <ns3:TrackPointExtension>
            <ns3:hr>140</ns3:hr>
            <ns3:cad>90</ns3:cad>
          </ns3:TrackPointExtension>
        </extensions>
      </trkpt>
      <trkpt lat="23.17039106972515583038330078125" lon="113.42762254178524017333984375">
        <ele>22.6000003814697265625</ele>
        <time>2026-07-14T11:10:27.000Z</time>
        <extensions>
          <ns3:TrackPointExtension>
            <ns3:hr>141</ns3:hr>
            <ns3:cad>90</ns3:cad>
          </ns3:TrackPointExtension>
        </extensions>
      </trkpt>
      <trkpt lat="23.17036248743534088134765625" lon="113.4276237152516841888427734375">
        <ele>22.6000003814697265625</ele>
        <time>2026-07-14T11:10:28.000Z</time>
        <extensions>
          <ns3:TrackPointExtension>
            <ns3:hr>141</ns3:hr>
            <ns3:cad>90</ns3:cad>
          </ns3:TrackPointExtension>
        </extensions>
      </trkpt>
      <trkpt lat="23.170329295098781585693359375" lon="113.42762254178524017333984375">
        <ele>22.6000003814697265625</ele>
        <time>2026-07-14T11:10:29.000Z</time>
        <extensions>
          <ns3:TrackPointExtension>
            <ns3:hr>141</ns3:hr>
            <ns3:cad>90</ns3:cad>
          </ns3:TrackPointExtension>
        </extensions>
      </trkpt>
      <trkpt lat="23.1703014671802520751953125" lon="113.4276218712329864501953125">
        <ele>22.6000003814697265625</ele>
        <time>2026-07-14T11:10:30.000Z</time>
        <extensions>
          <ns3:TrackPointExtension>
            <ns3:hr>141</ns3:hr>
            <ns3:cad>90</ns3:cad>
          </ns3:TrackPointExtension>
        </extensions>
      </trkpt>
      <trkpt lat="23.17027774639427661895751953125" lon="113.427617847919464111328125">
        <ele>22.6000003814697265625</ele>
        <time>2026-07-14T11:10:31.000Z</time>
        <extensions>
          <ns3:TrackPointExtension>
            <ns3:hr>142</ns3:hr>
            <ns3:cad>90</ns3:cad>
          </ns3:TrackPointExtension>
        </extensions>
      </trkpt>
      <trkpt lat="23.170249499380588531494140625" lon="113.427617512643337249755859375">
        <ele>22.6000003814697265625</ele>
        <time>2026-07-14T11:10:32.000Z</time>
        <extensions>
          <ns3:TrackPointExtension>
            <ns3:hr>142</ns3:hr>
            <ns3:cad>90</ns3:cad>
          </ns3:TrackPointExtension>
        </extensions>
      </trkpt>
      <trkpt lat="23.17022125236690044403076171875" lon="113.427612483501434326171875">
        <ele>22.3999996185302734375</ele>
        <time>2026-07-14T11:10:33.000Z</time>
        <extensions>
          <ns3:TrackPointExtension>
            <ns3:hr>142</ns3:hr>
            <ns3:cad>90</ns3:cad>
          </ns3:TrackPointExtension>
        </extensions>
      </trkpt>
      <trkpt lat="23.17019090987741947174072265625" lon="113.42760820873081684112548828125">
        <ele>22.200000762939453125</ele>
        <time>2026-07-14T11:10:34.000Z</time>
        <extensions>
          <ns3:TrackPointExtension>
            <ns3:hr>143</ns3:hr>
            <ns3:cad>90</ns3:cad>
          </ns3:TrackPointExtension>
        </extensions>
      </trkpt>
      <trkpt lat="23.1701608188450336456298828125" lon="113.42760871164500713348388671875">
        <ele>22.200000762939453125</ele>
        <time>2026-07-14T11:10:35.000Z</time>
        <extensions>
          <ns3:TrackPointExtension>
            <ns3:hr>143</ns3:hr>
            <ns3:cad>90</ns3:cad>
          </ns3:TrackPointExtension>
        </extensions>
      </trkpt>
      <trkpt lat="23.17013022489845752716064453125" lon="113.42760401777923107147216796875">
        <ele>22.200000762939453125</ele>
        <time>2026-07-14T11:10:36.000Z</time>
        <extensions>
          <ns3:TrackPointExtension>
            <ns3:hr>144</ns3:hr>
            <ns3:cad>90</ns3:cad>
          </ns3:TrackPointExtension>
        </extensions>
      </trkpt>
      <trkpt lat="23.1700984574854373931884765625" lon="113.4275992400944232940673828125">
        <ele>22.3999996185302734375</ele>
        <time>2026-07-14T11:10:37.000Z</time>
        <extensions>
          <ns3:TrackPointExtension>
            <ns3:hr>144</ns3:hr>
            <ns3:cad>90</ns3:cad>
          </ns3:TrackPointExtension>
        </extensions>
      </trkpt>
      <trkpt lat="23.17007104866206645965576171875" lon="113.42759161256253719329833984375">
        <ele>22.3999996185302734375</ele>
        <time>2026-07-14T11:10:38.000Z</time>
        <extensions>
          <ns3:TrackPointExtension>
            <ns3:hr>144</ns3:hr>
            <ns3:cad>90</ns3:cad>
          </ns3:TrackPointExtension>
        </extensions>
      </trkpt>
      <trkpt lat="23.17004204727709293365478515625" lon="113.42758742161095142364501953125">
        <ele>22.3999996185302734375</ele>
        <time>2026-07-14T11:10:39.000Z</time>
        <extensions>
          <ns3:TrackPointExtension>
            <ns3:hr>144</ns3:hr>
            <ns3:cad>90</ns3:cad>
          </ns3:TrackPointExtension>
        </extensions>
      </trkpt>
      <trkpt lat="23.170010112226009368896484375" lon="113.42758473940193653106689453125">
        <ele>22.3999996185302734375</ele>
        <time>2026-07-14T11:10:40.000Z</time>
        <extensions>
          <ns3:TrackPointExtension>
            <ns3:hr>144</ns3:hr>
            <ns3:cad>90</ns3:cad>
          </ns3:TrackPointExtension>
        </extensions>
      </trkpt>
      <trkpt lat="23.16998236812651157379150390625" lon="113.42757954262197017669677734375">
        <ele>22.6000003814697265625</ele>
        <time>2026-07-14T11:10:41.000Z</time>
        <extensions>
          <ns3:TrackPointExtension>
            <ns3:hr>144</ns3:hr>
            <ns3:cad>90</ns3:cad>
          </ns3:TrackPointExtension>
        </extensions>
      </trkpt>
      <trkpt lat="23.1699529476463794708251953125" lon="113.427574932575225830078125">
        <ele>22.6000003814697265625</ele>
        <time>2026-07-14T11:10:42.000Z</time>
        <extensions>
          <ns3:TrackPointExtension>
            <ns3:hr>144</ns3:hr>
            <ns3:cad>90</ns3:cad>
          </ns3:TrackPointExtension>
        </extensions>
      </trkpt>
      <trkpt lat="23.16993040032684803009033203125" lon="113.42757585458457469940185546875">
        <ele>22.6000003814697265625</ele>
        <time>2026-07-14T11:10:43.000Z</time>
        <extensions>
          <ns3:TrackPointExtension>
            <ns3:hr>144</ns3:hr>
            <ns3:cad>90</ns3:cad>
          </ns3:TrackPointExtension>
        </extensions>
      </trkpt>
      <trkpt lat="23.16990626044571399688720703125" lon="113.42757618986070156097412109375">
        <ele>22.6000003814697265625</ele>
        <time>2026-07-14T11:10:44.000Z</time>
        <extensions>
          <ns3:TrackPointExtension>
            <ns3:hr>144</ns3:hr>
            <ns3:cad>90</ns3:cad>
          </ns3:TrackPointExtension>
        </extensions>
      </trkpt>
      <trkpt lat="23.16988371312618255615234375" lon="113.42757518403232097625732421875">
        <ele>22.200000762939453125</ele>
        <time>2026-07-14T11:10:45.000Z</time>
        <extensions>
          <ns3:TrackPointExtension>
            <ns3:hr>144</ns3:hr>
            <ns3:cad>90</ns3:cad>
          </ns3:TrackPointExtension>
        </extensions>
      </trkpt>
      <trkpt lat="23.16986099816858768463134765625" lon="113.427575267851352691650390625">
        <ele>22.200000762939453125</ele>
        <time>2026-07-14T11:10:46.000Z</time>
        <extensions>
          <ns3:TrackPointExtension>
            <ns3:hr>144</ns3:hr>
            <ns3:cad>90</ns3:cad>
          </ns3:TrackPointExtension>
        </extensions>
      </trkpt>
      <trkpt lat="23.1698362715542316436767578125" lon="113.4275787882506847381591796875">
        <ele>22</ele>
        <time>2026-07-14T11:10:47.000Z</time>
        <extensions>
          <ns3:TrackPointExtension>
            <ns3:hr>144</ns3:hr>
            <ns3:cad>90</ns3:cad>
          </ns3:TrackPointExtension>
        </extensions>
      </trkpt>
      <trkpt lat="23.1698052585124969482421875" lon="113.427577279508113861083984375">
        <ele>21.799999237060546875</ele>
        <time>2026-07-14T11:10:48.000Z</time>
        <extensions>
          <ns3:TrackPointExtension>
            <ns3:hr>144</ns3:hr>
            <ns3:cad>90</ns3:cad>
          </ns3:TrackPointExtension>
        </extensions>
      </trkpt>
      <trkpt lat="23.1697742454707622528076171875" lon="113.42758004553616046905517578125">
        <ele>21.799999237060546875</ele>
        <time>2026-07-14T11:10:49.000Z</time>
        <extensions>
          <ns3:TrackPointExtension>
            <ns3:hr>144</ns3:hr>
            <ns3:cad>90</ns3:cad>
          </ns3:TrackPointExtension>
        </extensions>
      </trkpt>
      <trkpt lat="23.16974683664739131927490234375" lon="113.42758038081228733062744140625">
        <ele>22</ele>
        <time>2026-07-14T11:10:50.000Z</time>
        <extensions>
          <ns3:TrackPointExtension>
            <ns3:hr>144</ns3:hr>
            <ns3:cad>90</ns3:cad>
          </ns3:TrackPointExtension>
        </extensions>
      </trkpt>
      <trkpt lat="23.16972118802368640899658203125" lon="113.4275811351835727691650390625">
        <ele>22.200000762939453125</ele>
        <time>2026-07-14T11:10:51.000Z</time>
        <extensions>
          <ns3:TrackPointExtension>
            <ns3:hr>145</ns3:hr>
            <ns3:cad>90</ns3:cad>
          </ns3:TrackPointExtension>
        </extensions>
      </trkpt>
      <trkpt lat="23.1696944497525691986083984375" lon="113.42758004553616046905517578125">
        <ele>22.200000762939453125</ele>
        <time>2026-07-14T11:10:52.000Z</time>
        <extensions>
          <ns3:TrackPointExtension>
            <ns3:hr>144</ns3:hr>
            <ns3:cad>90</ns3:cad>
          </ns3:TrackPointExtension>
        </extensions>
      </trkpt>
      <trkpt lat="23.16966821439564228057861328125" lon="113.42757903970777988433837890625">
        <ele>22.200000762939453125</ele>
        <time>2026-07-14T11:10:53.000Z</time>
        <extensions>
          <ns3:TrackPointExtension>
            <ns3:hr>144</ns3:hr>
            <ns3:cad>90</ns3:cad>
          </ns3:TrackPointExtension>
        </extensions>
      </trkpt>
      <trkpt lat="23.16964097321033477783203125" lon="113.4275821410119533538818359375">
        <ele>22.200000762939453125</ele>
        <time>2026-07-14T11:10:54.000Z</time>
        <extensions>
          <ns3:TrackPointExtension>
            <ns3:hr>144</ns3:hr>
            <ns3:cad>90</ns3:cad>
          </ns3:TrackPointExtension>
        </extensions>
      </trkpt>
      <trkpt lat="23.16961146891117095947265625" lon="113.427580296993255615234375">
        <ele>22.3999996185302734375</ele>
        <time>2026-07-14T11:10:55.000Z</time>
        <extensions>
          <ns3:TrackPointExtension>
            <ns3:hr>145</ns3:hr>
            <ns3:cad>90</ns3:cad>
          </ns3:TrackPointExtension>
        </extensions>
      </trkpt>
      <trkpt lat="23.16958732903003692626953125" lon="113.42758775688707828521728515625">
        <ele>22.200000762939453125</ele>
        <time>2026-07-14T11:10:56.000Z</time>
        <extensions>
          <ns3:TrackPointExtension>
            <ns3:hr>145</ns3:hr>
            <ns3:cad>90</ns3:cad>
          </ns3:TrackPointExtension>
        </extensions>
      </trkpt>
      <trkpt lat="23.16955841146409511566162109375" lon="113.42758909799158573150634765625">
        <ele>22.200000762939453125</ele>
        <time>2026-07-14T11:10:57.000Z</time>
        <extensions>
          <ns3:TrackPointExtension>
            <ns3:hr>145</ns3:hr>
            <ns3:cad>90</ns3:cad>
          </ns3:TrackPointExtension>
        </extensions>
      </trkpt>
      <trkpt lat="23.1695294938981533050537109375" lon="113.42760502360761165618896484375">
        <ele>22.3999996185302734375</ele>
        <time>2026-07-14T11:10:58.000Z</time>
        <extensions>
          <ns3:TrackPointExtension>
            <ns3:hr>145</ns3:hr>
            <ns3:cad>90</ns3:cad>
          </ns3:TrackPointExtension>
        </extensions>
      </trkpt>
      <trkpt lat="23.169501163065433502197265625" lon="113.42760971747338771820068359375">
        <ele>22.3999996185302734375</ele>
        <time>2026-07-14T11:10:59.000Z</time>
        <extensions>
          <ns3:TrackPointExtension>
            <ns3:hr>146</ns3:hr>
            <ns3:cad>90</ns3:cad>
          </ns3:TrackPointExtension>
        </extensions>
      </trkpt>
      <trkpt lat="23.16946855746209621429443359375" lon="113.427612818777561187744140625">
        <ele>22.3999996185302734375</ele>
        <time>2026-07-14T11:11:00.000Z</time>
        <extensions>
          <ns3:TrackPointExtension>
            <ns3:hr>145</ns3:hr>
            <ns3:cad>90</ns3:cad>
          </ns3:TrackPointExtension>
        </extensions>
      </trkpt>
      <trkpt lat="23.1694379635155200958251953125" lon="113.4276138246059417724609375">
        <ele>22.3999996185302734375</ele>
        <time>2026-07-14T11:11:01.000Z</time>
        <extensions>
          <ns3:TrackPointExtension>
            <ns3:hr>145</ns3:hr>
            <ns3:cad>90</ns3:cad>
          </ns3:TrackPointExtension>
        </extensions>
      </trkpt>
      <trkpt lat="23.1694101355969905853271484375" lon="113.42761223204433917999267578125">
        <ele>22.3999996185302734375</ele>
        <time>2026-07-14T11:11:02.000Z</time>
        <extensions>
          <ns3:TrackPointExtension>
            <ns3:hr>146</ns3:hr>
            <ns3:cad>90</ns3:cad>
          </ns3:TrackPointExtension>
        </extensions>
      </trkpt>
      <trkpt lat="23.16937803290784358978271484375" lon="113.427611477673053741455078125">
        <ele>22.200000762939453125</ele>
        <time>2026-07-14T11:11:03.000Z</time>
        <extensions>
          <ns3:TrackPointExtension>
            <ns3:hr>145</ns3:hr>
            <ns3:cad>90</ns3:cad>
          </ns3:TrackPointExtension>
        </extensions>
      </trkpt>
      <trkpt lat="23.1693548150360584259033203125" lon="113.427617512643337249755859375">
        <ele>22</ele>
        <time>2026-07-14T11:11:04.000Z</time>
        <extensions>
          <ns3:TrackPointExtension>
            <ns3:hr>146</ns3:hr>
            <ns3:cad>90</ns3:cad>
          </ns3:TrackPointExtension>
        </extensions>
      </trkpt>
      <trkpt lat="23.1693189404904842376708984375" lon="113.42761315405368804931640625">
        <ele>22</ele>
        <time>2026-07-14T11:11:05.000Z</time>
        <extensions>
          <ns3:TrackPointExtension>
            <ns3:hr>147</ns3:hr>
            <ns3:cad>90</ns3:cad>
          </ns3:TrackPointExtension>
        </extensions>
      </trkpt>
      <trkpt lat="23.16929320804774761199951171875" lon="113.42761273495852947235107421875">
        <ele>22</ele>
        <time>2026-07-14T11:11:06.000Z</time>
        <extensions>
          <ns3:TrackPointExtension>
            <ns3:hr>148</ns3:hr>
            <ns3:cad>88</ns3:cad>
          </ns3:TrackPointExtension>
        </extensions>
      </trkpt>
      <trkpt lat="23.169260434806346893310546875" lon="113.4276069514453411102294921875">
        <ele>22</ele>
        <time>2026-07-14T11:11:07.000Z</time>
        <extensions>
          <ns3:TrackPointExtension>
            <ns3:hr>149</ns3:hr>
            <ns3:cad>88</ns3:cad>
          </ns3:TrackPointExtension>
        </extensions>
      </trkpt>
      <trkpt lat="23.1692294217646121978759765625" lon="113.4276035986840724945068359375">
        <ele>21.799999237060546875</ele>
        <time>2026-07-14T11:11:08.000Z</time>
        <extensions>
          <ns3:TrackPointExtension>
            <ns3:hr>150</ns3:hr>
            <ns3:cad>88</ns3:cad>
          </ns3:TrackPointExtension>
        </extensions>
      </trkpt>
      <trkpt lat="23.16919706761837005615234375" lon="113.4276005811989307403564453125">
        <ele>21.799999237060546875</ele>
        <time>2026-07-14T11:11:09.000Z</time>
        <extensions>
          <ns3:TrackPointExtension>
            <ns3:hr>150</ns3:hr>
            <ns3:cad>88</ns3:cad>
          </ns3:TrackPointExtension>
        </extensions>
      </trkpt>
      <trkpt lat="23.16916982643306255340576171875" lon="113.4276042692363262176513671875">
        <ele>21.799999237060546875</ele>
        <time>2026-07-14T11:11:10.000Z</time>
        <extensions>
          <ns3:TrackPointExtension>
            <ns3:hr>150</ns3:hr>
            <ns3:cad>88</ns3:cad>
          </ns3:TrackPointExtension>
        </extensions>
      </trkpt>
      <trkpt lat="23.16913965158164501190185546875" lon="113.42760083265602588653564453125">
        <ele>21.799999237060546875</ele>
        <time>2026-07-14T11:11:11.000Z</time>
        <extensions>
          <ns3:TrackPointExtension>
            <ns3:hr>150</ns3:hr>
            <ns3:cad>88</ns3:cad>
          </ns3:TrackPointExtension>
        </extensions>
      </trkpt>
      <trkpt lat="23.16911081783473491668701171875" lon="113.4276004135608673095703125">
        <ele>21.799999237060546875</ele>
        <time>2026-07-14T11:11:12.000Z</time>
        <extensions>
          <ns3:TrackPointExtension>
            <ns3:hr>150</ns3:hr>
            <ns3:cad>90</ns3:cad>
          </ns3:TrackPointExtension>
        </extensions>
      </trkpt>
      <trkpt lat="23.169079385697841644287109375" lon="113.427596390247344970703125">
        <ele>21.799999237060546875</ele>
        <time>2026-07-14T11:11:13.000Z</time>
        <extensions>
          <ns3:TrackPointExtension>
            <ns3:hr>150</ns3:hr>
            <ns3:cad>91</ns3:cad>
          </ns3:TrackPointExtension>
        </extensions>
      </trkpt>
      <trkpt lat="23.1690550781786441802978515625" lon="113.4275958873331546783447265625">
        <ele>21.799999237060546875</ele>
        <time>2026-07-14T11:11:14.000Z</time>
        <extensions>
          <ns3:TrackPointExtension>
            <ns3:hr>149</ns3:hr>
            <ns3:cad>91</ns3:cad>
          </ns3:TrackPointExtension>
        </extensions>
      </trkpt>
      <trkpt lat="23.16902004182338714599609375" lon="113.42758691869676113128662109375">
        <ele>22</ele>
        <time>2026-07-14T11:11:15.000Z</time>
        <extensions>
          <ns3:TrackPointExtension>
            <ns3:hr>150</ns3:hr>
            <ns3:cad>92</ns3:cad>
          </ns3:TrackPointExtension>
        </extensions>
      </trkpt>
      <trkpt lat="23.1689920462667942047119140625" lon="113.4275861643254756927490234375">
        <ele>22</ele>
        <time>2026-07-14T11:11:16.000Z</time>
        <extensions>
          <ns3:TrackPointExtension>
            <ns3:hr>150</ns3:hr>
            <ns3:cad>91</ns3:cad>
          </ns3:TrackPointExtension>
        </extensions>
      </trkpt>
      <trkpt lat="23.16896094940602779388427734375" lon="113.4275829792022705078125">
        <ele>22</ele>
        <time>2026-07-14T11:11:17.000Z</time>
        <extensions>
          <ns3:TrackPointExtension>
            <ns3:hr>150</ns3:hr>
            <ns3:cad>90</ns3:cad>
          </ns3:TrackPointExtension>
        </extensions>
      </trkpt>
      <trkpt lat="23.16893513314425945281982421875" lon="113.42758339829742908477783203125">
        <ele>22</ele>
        <time>2026-07-14T11:11:18.000Z</time>
        <extensions>
          <ns3:TrackPointExtension>
            <ns3:hr>150</ns3:hr>
            <ns3:cad>90</ns3:cad>
          </ns3:TrackPointExtension>
        </extensions>
      </trkpt>
      <trkpt lat="23.16890110261738300323486328125" lon="113.42757828533649444580078125">
        <ele>22</ele>
        <time>2026-07-14T11:11:19.000Z</time>
        <extensions>
          <ns3:TrackPointExtension>
            <ns3:hr>150</ns3:hr>
            <ns3:cad>90</ns3:cad>
          </ns3:TrackPointExtension>
        </extensions>
      </trkpt>
      <trkpt lat="23.16888065077364444732666015625" lon="113.42757719568908214569091796875">
        <ele>22</ele>
        <time>2026-07-14T11:11:20.000Z</time>
        <extensions>
          <ns3:TrackPointExtension>
            <ns3:hr>149</ns3:hr>
            <ns3:cad>90</ns3:cad>
          </ns3:TrackPointExtension>
        </extensions>
      </trkpt>
      <trkpt lat="23.16885106265544891357421875" lon="113.427579291164875030517578125">
        <ele>22</ele>
        <time>2026-07-14T11:11:21.000Z</time>
        <extensions>
          <ns3:TrackPointExtension>
            <ns3:hr>149</ns3:hr>
            <ns3:cad>90</ns3:cad>
          </ns3:TrackPointExtension>
        </extensions>
      </trkpt>
      <trkpt lat="23.1688244082033634185791015625" lon="113.4275831468403339385986328125">
        <ele>21.799999237060546875</ele>
        <time>2026-07-14T11:11:22.000Z</time>
        <extensions>
          <ns3:TrackPointExtension>
            <ns3:hr>148</ns3:hr>
            <ns3:cad>89</ns3:cad>
          </ns3:TrackPointExtension>
        </extensions>
      </trkpt>
      <trkpt lat="23.16879071295261383056640625" lon="113.427588678896427154541015625">
        <ele>21.6000003814697265625</ele>
        <time>2026-07-14T11:11:23.000Z</time>
        <extensions>
          <ns3:TrackPointExtension>
            <ns3:hr>148</ns3:hr>
            <ns3:cad>89</ns3:cad>
          </ns3:TrackPointExtension>
        </extensions>
      </trkpt>
      <trkpt lat="23.1687570177018642425537109375" lon="113.427602089941501617431640625">
        <ele>21.6000003814697265625</ele>
        <time>2026-07-14T11:11:24.000Z</time>
        <extensions>
          <ns3:TrackPointExtension>
            <ns3:hr>147</ns3:hr>
            <ns3:cad>89</ns3:cad>
          </ns3:TrackPointExtension>
        </extensions>
      </trkpt>
      <trkpt lat="23.16872843541204929351806640625" lon="113.42761022038757801055908203125">
        <ele>21.6000003814697265625</ele>
        <time>2026-07-14T11:11:25.000Z</time>
        <extensions>
          <ns3:TrackPointExtension>
            <ns3:hr>147</ns3:hr>
            <ns3:cad>89</ns3:cad>
          </ns3:TrackPointExtension>
        </extensions>
      </trkpt>
      <trkpt lat="23.168696500360965728759765625" lon="113.42762480489909648895263671875">
        <ele>21.6000003814697265625</ele>
        <time>2026-07-14T11:11:26.000Z</time>
        <extensions>
          <ns3:TrackPointExtension>
            <ns3:hr>146</ns3:hr>
            <ns3:cad>89</ns3:cad>
          </ns3:TrackPointExtension>
        </extensions>
      </trkpt>
      <trkpt lat="23.1686711870133876800537109375" lon="113.42763637192547321319580078125">
        <ele>21.6000003814697265625</ele>
        <time>2026-07-14T11:11:27.000Z</time>
        <extensions>
          <ns3:TrackPointExtension>
            <ns3:hr>146</ns3:hr>
            <ns3:cad>91</ns3:cad>
          </ns3:TrackPointExtension>
        </extensions>
      </trkpt>
      <trkpt lat="23.16863916814327239990234375" lon="113.427653722465038299560546875">
        <ele>21.6000003814697265625</ele>
        <time>2026-07-14T11:11:28.000Z</time>
        <extensions>
          <ns3:TrackPointExtension>
            <ns3:hr>145</ns3:hr>
            <ns3:cad>91</ns3:cad>
          </ns3:TrackPointExtension>
        </extensions>
      </trkpt>
      <trkpt lat="23.16861142404377460479736328125" lon="113.427669815719127655029296875">
        <ele>21.6000003814697265625</ele>
        <time>2026-07-14T11:11:29.000Z</time>
        <extensions>
          <ns3:TrackPointExtension>
            <ns3:hr>144</ns3:hr>
            <ns3:cad>91</ns3:cad>
          </ns3:TrackPointExtension>
        </extensions>
      </trkpt>
      <trkpt lat="23.168581835925579071044921875" lon="113.42768557369709014892578125">
        <ele>21.6000003814697265625</ele>
        <time>2026-07-14T11:11:30.000Z</time>
        <extensions>
          <ns3:TrackPointExtension>
            <ns3:hr>143</ns3:hr>
            <ns3:cad>91</ns3:cad>
          </ns3:TrackPointExtension>
        </extensions>
      </trkpt>
      <trkpt lat="23.16855342127382755279541015625" lon="113.42770091257989406585693359375">
        <ele>21.6000003814697265625</ele>
        <time>2026-07-14T11:11:31.000Z</time>
        <extensions>
          <ns3:TrackPointExtension>
            <ns3:hr>143</ns3:hr>
            <ns3:cad>91</ns3:cad>
          </ns3:TrackPointExtension>
        </extensions>
      </trkpt>
      <trkpt lat="23.168528862297534942626953125" lon="113.4277179278433322906494140625">
        <ele>21.799999237060546875</ele>
        <time>2026-07-14T11:11:32.000Z</time>
        <extensions>
          <ns3:TrackPointExtension>
            <ns3:hr>142</ns3:hr>
            <ns3:cad>91</ns3:cad>
          </ns3:TrackPointExtension>
        </extensions>
      </trkpt>
      <trkpt lat="23.168500363826751708984375" lon="113.42773075215518474578857421875">
        <ele>21.799999237060546875</ele>
        <time>2026-07-14T11:11:33.000Z</time>
        <extensions>
          <ns3:TrackPointExtension>
            <ns3:hr>142</ns3:hr>
            <ns3:cad>90</ns3:cad>
          </ns3:TrackPointExtension>
        </extensions>
      </trkpt>
      <trkpt lat="23.16847555339336395263671875" lon="113.427752293646335601806640625">
        <ele>21.6000003814697265625</ele>
        <time>2026-07-14T11:11:34.000Z</time>
        <extensions>
          <ns3:TrackPointExtension>
            <ns3:hr>141</ns3:hr>
            <ns3:cad>89</ns3:cad>
          </ns3:TrackPointExtension>
        </extensions>
      </trkpt>
      <trkpt lat="23.16844361834228038787841796875" lon="113.4277715720236301422119140625">
        <ele>21.6000003814697265625</ele>
        <time>2026-07-14T11:11:35.000Z</time>
        <extensions>
          <ns3:TrackPointExtension>
            <ns3:hr>141</ns3:hr>
            <ns3:cad>89</ns3:cad>
          </ns3:TrackPointExtension>
        </extensions>
      </trkpt>
      <trkpt lat="23.16841579042375087738037109375" lon="113.42779043130576610565185546875">
        <ele>21.6000003814697265625</ele>
        <time>2026-07-14T11:11:36.000Z</time>
        <extensions>
          <ns3:TrackPointExtension>
            <ns3:hr>141</ns3:hr>
            <ns3:cad>89</ns3:cad>
          </ns3:TrackPointExtension>
        </extensions>
      </trkpt>
      <trkpt lat="23.16838779486715793609619140625" lon="113.4278084523975849151611328125">
        <ele>21.6000003814697265625</ele>
        <time>2026-07-14T11:11:37.000Z</time>
        <extensions>
          <ns3:TrackPointExtension>
            <ns3:hr>141</ns3:hr>
            <ns3:cad>89</ns3:cad>
          </ns3:TrackPointExtension>
        </extensions>
      </trkpt>
      <trkpt lat="23.16836197860538959503173828125" lon="113.427823372185230255126953125">
        <ele>21.6000003814697265625</ele>
        <time>2026-07-14T11:11:38.000Z</time>
        <extensions>
          <ns3:TrackPointExtension>
            <ns3:hr>141</ns3:hr>
            <ns3:cad>90</ns3:cad>
          </ns3:TrackPointExtension>
        </extensions>
      </trkpt>
      <trkpt lat="23.1683406047523021697998046875" lon="113.42784105800092220306396484375">
        <ele>21.799999237060546875</ele>
        <time>2026-07-14T11:11:39.000Z</time>
        <extensions>
          <ns3:TrackPointExtension>
            <ns3:hr>141</ns3:hr>
            <ns3:cad>90</ns3:cad>
          </ns3:TrackPointExtension>
        </extensions>
      </trkpt>
      <trkpt lat="23.1683178059756755828857421875" lon="113.427860252559185028076171875">
        <ele>21.799999237060546875</ele>
        <time>2026-07-14T11:11:40.000Z</time>
        <extensions>
          <ns3:TrackPointExtension>
            <ns3:hr>141</ns3:hr>
            <ns3:cad>91</ns3:cad>
          </ns3:TrackPointExtension>
        </extensions>
      </trkpt>
      <trkpt lat="23.1683010421693325042724609375" lon="113.42787542380392551422119140625">
        <ele>21.799999237060546875</ele>
        <time>2026-07-14T11:11:41.000Z</time>
        <extensions>
          <ns3:TrackPointExtension>
            <ns3:hr>141</ns3:hr>
            <ns3:cad>91</ns3:cad>
          </ns3:TrackPointExtension>
        </extensions>
      </trkpt>
      <trkpt lat="23.16827866248786449432373046875" lon="113.4278956241905689239501953125">
        <ele>22</ele>
        <time>2026-07-14T11:11:42.000Z</time>
        <extensions>
          <ns3:TrackPointExtension>
            <ns3:hr>142</ns3:hr>
            <ns3:cad>92</ns3:cad>
          </ns3:TrackPointExtension>
        </extensions>
      </trkpt>
      <trkpt lat="23.1682701967656612396240234375" lon="113.42791800387203693389892578125">
        <ele>22</ele>
        <time>2026-07-14T11:11:43.000Z</time>
        <extensions>
          <ns3:TrackPointExtension>
            <ns3:hr>141</ns3:hr>
            <ns3:cad>92</ns3:cad>
          </ns3:TrackPointExtension>
        </extensions>
      </trkpt>
      <trkpt lat="23.1682524271309375762939453125" lon="113.427945077419281005859375">
        <ele>22.200000762939453125</ele>
        <time>2026-07-14T11:11:44.000Z</time>
        <extensions>
          <ns3:TrackPointExtension>
            <ns3:hr>141</ns3:hr>
            <ns3:cad>92</ns3:cad>
          </ns3:TrackPointExtension>
        </extensions>
      </trkpt>
      <trkpt lat="23.1682416982948780059814453125" lon="113.4279678761959075927734375">
        <ele>22.200000762939453125</ele>
        <time>2026-07-14T11:11:45.000Z</time>
        <extensions>
          <ns3:TrackPointExtension>
            <ns3:hr>141</ns3:hr>
            <ns3:cad>92</ns3:cad>
          </ns3:TrackPointExtension>
        </extensions>
      </trkpt>
      <trkpt lat="23.168226443231105804443359375" lon="113.42799679376184940338134765625">
        <ele>22.200000762939453125</ele>
        <time>2026-07-14T11:11:46.000Z</time>
        <extensions>
          <ns3:TrackPointExtension>
            <ns3:hr>141</ns3:hr>
            <ns3:cad>91</ns3:cad>
          </ns3:TrackPointExtension>
        </extensions>
      </trkpt>
      <trkpt lat="23.16821110434830188751220703125" lon="113.428021185100078582763671875">
        <ele>22.200000762939453125</ele>
        <time>2026-07-14T11:11:47.000Z</time>
        <extensions>
          <ns3:TrackPointExtension>
            <ns3:hr>141</ns3:hr>
            <ns3:cad>91</ns3:cad>
          </ns3:TrackPointExtension>
        </extensions>
      </trkpt>
      <trkpt lat="23.16819065250456333160400390625" lon="113.42804876156151294708251953125">
        <ele>22.200000762939453125</ele>
        <time>2026-07-14T11:11:48.000Z</time>
        <extensions>
          <ns3:TrackPointExtension>
            <ns3:hr>141</ns3:hr>
            <ns3:cad>90</ns3:cad>
          </ns3:TrackPointExtension>
        </extensions>
      </trkpt>
      <trkpt lat="23.16817405633628368377685546875" lon="113.42806502245366573333740234375">
        <ele>22.200000762939453125</ele>
        <time>2026-07-14T11:11:49.000Z</time>
        <extensions>
          <ns3:TrackPointExtension>
            <ns3:hr>141</ns3:hr>
            <ns3:cad>89</ns3:cad>
          </ns3:TrackPointExtension>
        </extensions>
      </trkpt>
      <trkpt lat="23.16815243102610111236572265625" lon="113.42808664776384830474853515625">
        <ele>22.200000762939453125</ele>
        <time>2026-07-14T11:11:50.000Z</time>
        <extensions>
          <ns3:TrackPointExtension>
            <ns3:hr>142</ns3:hr>
            <ns3:cad>89</ns3:cad>
          </ns3:TrackPointExtension>
        </extensions>
      </trkpt>
      <trkpt lat="23.16812627948820590972900390625" lon="113.42809720896184444427490234375">
        <ele>22.200000762939453125</ele>
        <time>2026-07-14T11:11:51.000Z</time>
        <extensions>
          <ns3:TrackPointExtension>
            <ns3:hr>142</ns3:hr>
            <ns3:cad>89</ns3:cad>
          </ns3:TrackPointExtension>
        </extensions>
      </trkpt>
      <trkpt lat="23.168096356093883514404296875" lon="113.428109697997570037841796875">
        <ele>22.200000762939453125</ele>
        <time>2026-07-14T11:11:52.000Z</time>
        <extensions>
          <ns3:TrackPointExtension>
            <ns3:hr>142</ns3:hr>
            <ns3:cad>89</ns3:cad>
          </ns3:TrackPointExtension>
        </extensions>
      </trkpt>
      <trkpt lat="23.168070204555988311767578125" lon="113.42809855006635189056396484375">
        <ele>22.200000762939453125</ele>
        <time>2026-07-14T11:11:53.000Z</time>
        <extensions>
          <ns3:TrackPointExtension>
            <ns3:hr>143</ns3:hr>
            <ns3:cad>89</ns3:cad>
          </ns3:TrackPointExtension>
        </extensions>
      </trkpt>
      <trkpt lat="23.168044388294219970703125" lon="113.4280751645565032958984375">
        <ele>22.200000762939453125</ele>
        <time>2026-07-14T11:11:54.000Z</time>
        <extensions>
          <ns3:TrackPointExtension>
            <ns3:hr>144</ns3:hr>
            <ns3:cad>88</ns3:cad>
          </ns3:TrackPointExtension>
        </extensions>
      </trkpt>
      <trkpt lat="23.16803240217268466949462890625" lon="113.4280625917017459869384765625">
        <ele>22.200000762939453125</ele>
        <time>2026-07-14T11:11:55.000Z</time>
        <extensions>
          <ns3:TrackPointExtension>
            <ns3:hr>144</ns3:hr>
            <ns3:cad>88</ns3:cad>
          </ns3:TrackPointExtension>
        </extensions>
      </trkpt>
      <trkpt lat="23.16802251152694225311279296875" lon="113.42802730388939380645751953125">
        <ele>22.200000762939453125</ele>
        <time>2026-07-14T11:11:56.000Z</time>
        <extensions>
          <ns3:TrackPointExtension>
            <ns3:hr>144</ns3:hr>
            <ns3:cad>88</ns3:cad>
          </ns3:TrackPointExtension>
        </extensions>
      </trkpt>
      <trkpt lat="23.16802133806049823760986328125" lon="113.427981622517108917236328125">
        <ele>22.200000762939453125</ele>
        <time>2026-07-14T11:11:57.000Z</time>
        <extensions>
          <ns3:TrackPointExtension>
            <ns3:hr>145</ns3:hr>
            <ns3:cad>88</ns3:cad>
          </ns3:TrackPointExtension>
        </extensions>
      </trkpt>
      <trkpt lat="23.1680197454988956451416015625" lon="113.4279485978186130523681640625">
        <ele>22.200000762939453125</ele>
        <time>2026-07-14T11:11:58.000Z</time>
        <extensions>
          <ns3:TrackPointExtension>
            <ns3:hr>145</ns3:hr>
            <ns3:cad>87</ns3:cad>
          </ns3:TrackPointExtension>
        </extensions>
      </trkpt>
      <trkpt lat="23.16802301444113254547119140625" lon="113.42791062779724597930908203125">
        <ele>22.200000762939453125</ele>
        <time>2026-07-14T11:11:59.000Z</time>
        <extensions>
          <ns3:TrackPointExtension>
            <ns3:hr>145</ns3:hr>
            <ns3:cad>86</ns3:cad>
          </ns3:TrackPointExtension>
        </extensions>
      </trkpt>
      <trkpt lat="23.16802117042243480682373046875" lon="113.42788212932646274566650390625">
        <ele>22.200000762939453125</ele>
        <time>2026-07-14T11:12:00.000Z</time>
        <extensions>
          <ns3:TrackPointExtension>
            <ns3:hr>145</ns3:hr>
            <ns3:cad>86</ns3:cad>
          </ns3:TrackPointExtension>
        </extensions>
      </trkpt>
      <trkpt lat="23.1680254451930522918701171875" lon="113.427845500409603118896484375">
        <ele>22</ele>
        <time>2026-07-14T11:12:01.000Z</time>
        <extensions>
          <ns3:TrackPointExtension>
            <ns3:hr>146</ns3:hr>
            <ns3:cad>86</ns3:cad>
          </ns3:TrackPointExtension>
        </extensions>
      </trkpt>
      <trkpt lat="23.16802536137402057647705078125" lon="113.42781339772045612335205078125">
        <ele>22</ele>
        <time>2026-07-14T11:12:02.000Z</time>
        <extensions>
          <ns3:TrackPointExtension>
            <ns3:hr>146</ns3:hr>
            <ns3:cad>87</ns3:cad>
          </ns3:TrackPointExtension>
        </extensions>
      </trkpt>
      <trkpt lat="23.1680251099169254302978515625" lon="113.4277816303074359893798828125">
        <ele>22</ele>
        <time>2026-07-14T11:12:03.000Z</time>
        <extensions>
          <ns3:TrackPointExtension>
            <ns3:hr>146</ns3:hr>
            <ns3:cad>88</ns3:cad>
          </ns3:TrackPointExtension>
        </extensions>
      </trkpt>
      <trkpt lat="23.16803256981074810028076171875" lon="113.4277481026947498321533203125">
        <ele>22</ele>
        <time>2026-07-14T11:12:04.000Z</time>
        <extensions>
          <ns3:TrackPointExtension>
            <ns3:hr>146</ns3:hr>
            <ns3:cad>88</ns3:cad>
          </ns3:TrackPointExtension>
        </extensions>
      </trkpt>
      <trkpt lat="23.16803659312427043914794921875" lon="113.427718095481395721435546875">
        <ele>22</ele>
        <time>2026-07-14T11:12:05.000Z</time>
        <extensions>
          <ns3:TrackPointExtension>
            <ns3:hr>146</ns3:hr>
            <ns3:cad>88</ns3:cad>
          </ns3:TrackPointExtension>
        </extensions>
      </trkpt>
      <trkpt lat="23.16804145462810993194580078125" lon="113.427685908973217010498046875">
        <ele>21.799999237060546875</ele>
        <time>2026-07-14T11:12:06.000Z</time>
        <extensions>
          <ns3:TrackPointExtension>
            <ns3:hr>146</ns3:hr>
            <ns3:cad>88</ns3:cad>
          </ns3:TrackPointExtension>
        </extensions>
      </trkpt>
      <trkpt lat="23.1680395267903804779052734375" lon="113.42765414156019687652587890625">
        <ele>21.799999237060546875</ele>
        <time>2026-07-14T11:12:07.000Z</time>
        <extensions>
          <ns3:TrackPointExtension>
            <ns3:hr>146</ns3:hr>
            <ns3:cad>89</ns3:cad>
          </ns3:TrackPointExtension>
        </extensions>
      </trkpt>
      <trkpt lat="23.16804246045649051666259765625" lon="113.42762078158557415008544921875">
        <ele>21.6000003814697265625</ele>
        <time>2026-07-14T11:12:08.000Z</time>
        <extensions>
          <ns3:TrackPointExtension>
            <ns3:hr>146</ns3:hr>
            <ns3:cad>89</ns3:cad>
          </ns3:TrackPointExtension>
        </extensions>
      </trkpt>
      <trkpt lat="23.16803977824747562408447265625" lon="113.42759169638156890869140625">
        <ele>21.6000003814697265625</ele>
        <time>2026-07-14T11:12:09.000Z</time>
        <extensions>
          <ns3:TrackPointExtension>
            <ns3:hr>146</ns3:hr>
            <ns3:cad>88</ns3:cad>
          </ns3:TrackPointExtension>
        </extensions>
      </trkpt>
      <trkpt lat="23.168040700256824493408203125" lon="113.42755557037889957427978515625">
        <ele>21.200000762939453125</ele>
        <time>2026-07-14T11:12:10.000Z</time>
        <extensions>
          <ns3:TrackPointExtension>
            <ns3:hr>146</ns3:hr>
            <ns3:cad>88</ns3:cad>
          </ns3:TrackPointExtension>
        </extensions>
      </trkpt>
      <trkpt lat="23.16803843714296817779541015625" lon="113.4275281615555286407470703125">
        <ele>21.200000762939453125</ele>
        <time>2026-07-14T11:12:11.000Z</time>
        <extensions>
          <ns3:TrackPointExtension>
            <ns3:hr>146</ns3:hr>
            <ns3:cad>89</ns3:cad>
          </ns3:TrackPointExtension>
        </extensions>
      </trkpt>
      <trkpt lat="23.1680425442755222320556640625" lon="113.427492789924144744873046875">
        <ele>21.200000762939453125</ele>
        <time>2026-07-14T11:12:12.000Z</time>
        <extensions>
          <ns3:TrackPointExtension>
            <ns3:hr>145</ns3:hr>
            <ns3:cad>89</ns3:cad>
          </ns3:TrackPointExtension>
        </extensions>
      </trkpt>
      <trkpt lat="23.168041706085205078125" lon="113.4274748526513576507568359375">
        <ele>21.200000762939453125</ele>
        <time>2026-07-14T11:12:13.000Z</time>
        <extensions>
          <ns3:TrackPointExtension>
            <ns3:hr>145</ns3:hr>
            <ns3:cad>89</ns3:cad>
          </ns3:TrackPointExtension>
        </extensions>
      </trkpt>
      <trkpt lat="23.16804128699004650115966796875" lon="113.42744685709476470947265625">
        <ele>21.200000762939453125</ele>
        <time>2026-07-14T11:12:14.000Z</time>
        <extensions>
          <ns3:TrackPointExtension>
            <ns3:hr>145</ns3:hr>
            <ns3:cad>89</ns3:cad>
          </ns3:TrackPointExtension>
        </extensions>
      </trkpt>
      <trkpt lat="23.168039359152317047119140625" lon="113.4274208731949329376220703125">
        <ele>21</ele>
        <time>2026-07-14T11:12:15.000Z</time>
        <extensions>
          <ns3:TrackPointExtension>
            <ns3:hr>146</ns3:hr>
            <ns3:cad>88</ns3:cad>
          </ns3:TrackPointExtension>
        </extensions>
      </trkpt>
      <trkpt lat="23.16804195754230022430419921875" lon="113.4273833222687244415283203125">
        <ele>21</ele>
        <time>2026-07-14T11:12:16.000Z</time>
        <extensions>
          <ns3:TrackPointExtension>
            <ns3:hr>145</ns3:hr>
            <ns3:cad>88</ns3:cad>
          </ns3:TrackPointExtension>
        </extensions>
      </trkpt>
      <trkpt lat="23.16804145462810993194580078125" lon="113.42735993675887584686279296875">
        <ele>21</ele>
        <time>2026-07-14T11:12:17.000Z</time>
        <extensions>
          <ns3:TrackPointExtension>
            <ns3:hr>145</ns3:hr>
            <ns3:cad>87</ns3:cad>
          </ns3:TrackPointExtension>
        </extensions>
      </trkpt>
      <trkpt lat="23.168044388294219970703125" lon="113.42732104472815990447998046875">
        <ele>20.799999237060546875</ele>
        <time>2026-07-14T11:12:18.000Z</time>
        <extensions>
          <ns3:TrackPointExtension>
            <ns3:hr>144</ns3:hr>
            <ns3:cad>87</ns3:cad>
          </ns3:TrackPointExtension>
        </extensions>
      </trkpt>
      <trkpt lat="23.168041706085205078125" lon="113.4272946417331695556640625">
        <ele>20.799999237060546875</ele>
        <time>2026-07-14T11:12:19.000Z</time>
        <extensions>
          <ns3:TrackPointExtension>
            <ns3:hr>144</ns3:hr>
            <ns3:cad>87</ns3:cad>
          </ns3:TrackPointExtension>
        </extensions>
      </trkpt>
      <trkpt lat="23.1680445559322834014892578125" lon="113.42726069502532482147216796875">
        <ele>20.6000003814697265625</ele>
        <time>2026-07-14T11:12:20.000Z</time>
        <extensions>
          <ns3:TrackPointExtension>
            <ns3:hr>144</ns3:hr>
            <ns3:cad>87</ns3:cad>
          </ns3:TrackPointExtension>
        </extensions>
      </trkpt>
      <trkpt lat="23.16805318929255008697509765625" lon="113.42723001725971698760986328125">
        <ele>20.6000003814697265625</ele>
        <time>2026-07-14T11:12:21.000Z</time>
        <extensions>
          <ns3:TrackPointExtension>
            <ns3:hr>144</ns3:hr>
            <ns3:cad>87</ns3:cad>
          </ns3:TrackPointExtension>
        </extensions>
      </trkpt>
      <trkpt lat="23.16805168054997920989990234375" lon="113.42720034532248973846435546875">
        <ele>20.3999996185302734375</ele>
        <time>2026-07-14T11:12:22.000Z</time>
        <extensions>
          <ns3:TrackPointExtension>
            <ns3:hr>144</ns3:hr>
            <ns3:cad>88</ns3:cad>
          </ns3:TrackPointExtension>
        </extensions>
      </trkpt>
      <trkpt lat="23.16805117763578891754150390625" lon="113.4271724335849285125732421875">
        <ele>20.3999996185302734375</ele>
        <time>2026-07-14T11:12:23.000Z</time>
        <extensions>
          <ns3:TrackPointExtension>
            <ns3:hr>143</ns3:hr>
            <ns3:cad>88</ns3:cad>
          </ns3:TrackPointExtension>
        </extensions>
      </trkpt>
      <trkpt lat="23.16805042326450347900390625" lon="113.42714485712349414825439453125">
        <ele>20.200000762939453125</ele>
        <time>2026-07-14T11:12:24.000Z</time>
        <extensions>
          <ns3:TrackPointExtension>
            <ns3:hr>143</ns3:hr>
            <ns3:cad>88</ns3:cad>
          </ns3:TrackPointExtension>
        </extensions>
      </trkpt>
      <trkpt lat="23.16805335693061351776123046875" lon="113.42711317352950572967529296875">
        <ele>20.200000762939453125</ele>
        <time>2026-07-14T11:12:25.000Z</time>
        <extensions>
          <ns3:TrackPointExtension>
            <ns3:hr>142</ns3:hr>
            <ns3:cad>87</ns3:cad>
          </ns3:TrackPointExtension>
        </extensions>
      </trkpt>
      <trkpt lat="23.16805385984480381011962890625" lon="113.42708534561097621917724609375">
        <ele>20</ele>
        <time>2026-07-14T11:12:26.000Z</time>
        <extensions>
          <ns3:TrackPointExtension>
            <ns3:hr>142</ns3:hr>
            <ns3:cad>87</ns3:cad>
          </ns3:TrackPointExtension>
        </extensions>
      </trkpt>
      <trkpt lat="23.1680542789399623870849609375" lon="113.42704276554286479949951171875">
        <ele>20</ele>
        <time>2026-07-14T11:12:27.000Z</time>
        <extensions>
          <ns3:TrackPointExtension>
            <ns3:hr>142</ns3:hr>
            <ns3:cad>87</ns3:cad>
          </ns3:TrackPointExtension>
        </extensions>
      </trkpt>
      <trkpt lat="23.1680448912084102630615234375" lon="113.4270108304917812347412109375">
        <ele>20</ele>
        <time>2026-07-14T11:12:28.000Z</time>
        <extensions>
          <ns3:TrackPointExtension>
            <ns3:hr>142</ns3:hr>
            <ns3:cad>87</ns3:cad>
          </ns3:TrackPointExtension>
        </extensions>
      </trkpt>
      <trkpt lat="23.1680395267903804779052734375" lon="113.42696665786206722259521484375">
        <ele>20</ele>
        <time>2026-07-14T11:12:29.000Z</time>
        <extensions>
          <ns3:TrackPointExtension>
            <ns3:hr>142</ns3:hr>
            <ns3:cad>87</ns3:cad>
          </ns3:TrackPointExtension>
        </extensions>
      </trkpt>
      <trkpt lat="23.16803374327719211578369140625" lon="113.4269392490386962890625">
        <ele>20</ele>
        <time>2026-07-14T11:12:30.000Z</time>
        <extensions>
          <ns3:TrackPointExtension>
            <ns3:hr>141</ns3:hr>
            <ns3:cad>87</ns3:cad>
          </ns3:TrackPointExtension>
        </extensions>
      </trkpt>
      <trkpt lat="23.16802770830690860748291015625" lon="113.42690630815923213958740234375">
        <ele>20</ele>
        <time>2026-07-14T11:12:31.000Z</time>
        <extensions>
          <ns3:TrackPointExtension>
            <ns3:hr>141</ns3:hr>
            <ns3:cad>87</ns3:cad>
          </ns3:TrackPointExtension>
        </extensions>
      </trkpt>
      <trkpt lat="23.16802385263144969940185546875" lon="113.4268726967275142669677734375">
        <ele>20</ele>
        <time>2026-07-14T11:12:32.000Z</time>
        <extensions>
          <ns3:TrackPointExtension>
            <ns3:hr>141</ns3:hr>
            <ns3:cad>87</ns3:cad>
          </ns3:TrackPointExtension>
        </extensions>
      </trkpt>
      <trkpt lat="23.1680234335362911224365234375" lon="113.4268386662006378173828125">
        <ele>20</ele>
        <time>2026-07-14T11:12:33.000Z</time>
        <extensions>
          <ns3:TrackPointExtension>
            <ns3:hr>141</ns3:hr>
            <ns3:cad>87</ns3:cad>
          </ns3:TrackPointExtension>
        </extensions>
      </trkpt>
      <trkpt lat="23.16801765002310276031494140625" lon="113.42680371366441249847412109375">
        <ele>20</ele>
        <time>2026-07-14T11:12:34.000Z</time>
        <extensions>
          <ns3:TrackPointExtension>
            <ns3:hr>141</ns3:hr>
            <ns3:cad>87</ns3:cad>
          </ns3:TrackPointExtension>
        </extensions>
      </trkpt>
      <trkpt lat="23.16801027394831180572509765625" lon="113.4267815016210079193115234375">
        <ele>20</ele>
        <time>2026-07-14T11:12:35.000Z</time>
        <extensions>
          <ns3:TrackPointExtension>
            <ns3:hr>141</ns3:hr>
            <ns3:cad>87</ns3:cad>
          </ns3:TrackPointExtension>
        </extensions>
      </trkpt>
      <trkpt lat="23.1679945997893810272216796875" lon="113.4267556853592395782470703125">
        <ele>20</ele>
        <time>2026-07-14T11:12:36.000Z</time>
        <extensions>
          <ns3:TrackPointExtension>
            <ns3:hr>141</ns3:hr>
            <ns3:cad>87</ns3:cad>
          </ns3:TrackPointExtension>
        </extensions>
      </trkpt>
      <trkpt lat="23.16798144020140171051025390625" lon="113.4267466329038143157958984375">
        <ele>19.799999237060546875</ele>
        <time>2026-07-14T11:12:37.000Z</time>
        <extensions>
          <ns3:TrackPointExtension>
            <ns3:hr>141</ns3:hr>
            <ns3:cad>88</ns3:cad>
          </ns3:TrackPointExtension>
        </extensions>
      </trkpt>
      <trkpt lat="23.167956881225109100341796875" lon="113.42672894708812236785888671875">
        <ele>19.799999237060546875</ele>
        <time>2026-07-14T11:12:38.000Z</time>
        <extensions>
          <ns3:TrackPointExtension>
            <ns3:hr>141</ns3:hr>
            <ns3:cad>88</ns3:cad>
          </ns3:TrackPointExtension>
        </extensions>
      </trkpt>
      <trkpt lat="23.167938776314258575439453125" lon="113.4267206490039825439453125">
        <ele>19.799999237060546875</ele>
        <time>2026-07-14T11:12:39.000Z</time>
        <extensions>
          <ns3:TrackPointExtension>
            <ns3:hr>141</ns3:hr>
            <ns3:cad>88</ns3:cad>
          </ns3:TrackPointExtension>
        </extensions>
      </trkpt>
      <trkpt lat="23.16790717653930187225341796875" lon="113.42671117745339870452880859375">
        <ele>19.799999237060546875</ele>
        <time>2026-07-14T11:12:40.000Z</time>
        <extensions>
          <ns3:TrackPointExtension>
            <ns3:hr>140</ns3:hr>
            <ns3:cad>87</ns3:cad>
          </ns3:TrackPointExtension>
        </extensions>
      </trkpt>
      <trkpt lat="23.16788035444915294647216796875" lon="113.42670916579663753509521484375">
        <ele>19.799999237060546875</ele>
        <time>2026-07-14T11:12:41.000Z</time>
        <extensions>
          <ns3:TrackPointExtension>
            <ns3:hr>141</ns3:hr>
            <ns3:cad>86</ns3:cad>
          </ns3:TrackPointExtension>
        </extensions>
      </trkpt>
      <trkpt lat="23.1678487546741962432861328125" lon="113.426710925996303558349609375">
        <ele>19.799999237060546875</ele>
        <time>2026-07-14T11:12:42.000Z</time>
        <extensions>
          <ns3:TrackPointExtension>
            <ns3:hr>141</ns3:hr>
            <ns3:cad>86</ns3:cad>
          </ns3:TrackPointExtension>
        </extensions>
      </trkpt>
      <trkpt lat="23.1678236089646816253662109375" lon="113.42671352438628673553466796875">
        <ele>20</ele>
        <time>2026-07-14T11:12:43.000Z</time>
        <extensions>
          <ns3:TrackPointExtension>
            <ns3:hr>140</ns3:hr>
            <ns3:cad>86</ns3:cad>
          </ns3:TrackPointExtension>
        </extensions>
      </trkpt>
      <trkpt lat="23.16779561340808868408203125" lon="113.42671603895723819732666015625">
        <ele>20</ele>
        <time>2026-07-14T11:12:44.000Z</time>
        <extensions>
          <ns3:TrackPointExtension>
            <ns3:hr>140</ns3:hr>
            <ns3:cad>88</ns3:cad>
          </ns3:TrackPointExtension>
        </extensions>
      </trkpt>
      <trkpt lat="23.1677635945379734039306640625" lon="113.42670698650181293487548828125">
        <ele>20</ele>
        <time>2026-07-14T11:12:45.000Z</time>
        <extensions>
          <ns3:TrackPointExtension>
            <ns3:hr>140</ns3:hr>
            <ns3:cad>88</ns3:cad>
          </ns3:TrackPointExtension>
        </extensions>
      </trkpt>
      <trkpt lat="23.1677337549626827239990234375" lon="113.42670430429279804229736328125">
        <ele>20</ele>
        <time>2026-07-14T11:12:46.000Z</time>
        <extensions>
          <ns3:TrackPointExtension>
            <ns3:hr>139</ns3:hr>
            <ns3:cad>87</ns3:cad>
          </ns3:TrackPointExtension>
        </extensions>
      </trkpt>
      <trkpt lat="23.16770852543413639068603515625" lon="113.42668301425874233245849609375">
        <ele>20</ele>
        <time>2026-07-14T11:12:47.000Z</time>
        <extensions>
          <ns3:TrackPointExtension>
            <ns3:hr>139</ns3:hr>
            <ns3:cad>87</ns3:cad>
          </ns3:TrackPointExtension>
        </extensions>
      </trkpt>
      <trkpt lat="23.16768388263881206512451171875" lon="113.4266685135662555694580078125">
        <ele>20</ele>
        <time>2026-07-14T11:12:48.000Z</time>
        <extensions>
          <ns3:TrackPointExtension>
            <ns3:hr>139</ns3:hr>
            <ns3:cad>87</ns3:cad>
          </ns3:TrackPointExtension>
        </extensions>
      </trkpt>
      <trkpt lat="23.1676697172224521636962890625" lon="113.42663347721099853515625">
        <ele>20</ele>
        <time>2026-07-14T11:12:49.000Z</time>
        <extensions>
          <ns3:TrackPointExtension>
            <ns3:hr>140</ns3:hr>
            <ns3:cad>87</ns3:cad>
          </ns3:TrackPointExtension>
        </extensions>
      </trkpt>
      <trkpt lat="23.16766158677637577056884765625" lon="113.42660791240632534027099609375">
        <ele>20</ele>
        <time>2026-07-14T11:12:50.000Z</time>
        <extensions>
          <ns3:TrackPointExtension>
            <ns3:hr>139</ns3:hr>
            <ns3:cad>87</ns3:cad>
          </ns3:TrackPointExtension>
        </extensions>
      </trkpt>
      <trkpt lat="23.167653121054172515869140625" lon="113.4265686012804508209228515625">
        <ele>20</ele>
        <time>2026-07-14T11:12:51.000Z</time>
        <extensions>
          <ns3:TrackPointExtension>
            <ns3:hr>139</ns3:hr>
            <ns3:cad>87</ns3:cad>
          </ns3:TrackPointExtension>
        </extensions>
      </trkpt>
      <trkpt lat="23.16764918155968189239501953125" lon="113.426541276276111602783203125">
        <ele>20</ele>
        <time>2026-07-14T11:12:52.000Z</time>
        <extensions>
          <ns3:TrackPointExtension>
            <ns3:hr>140</ns3:hr>
            <ns3:cad>87</ns3:cad>
          </ns3:TrackPointExtension>
        </extensions>
      </trkpt>
      <trkpt lat="23.16764582879841327667236328125" lon="113.4265007078647613525390625">
        <ele>20</ele>
        <time>2026-07-14T11:12:53.000Z</time>
        <extensions>
          <ns3:TrackPointExtension>
            <ns3:hr>140</ns3:hr>
            <ns3:cad>87</ns3:cad>
          </ns3:TrackPointExtension>
        </extensions>
      </trkpt>
      <trkpt lat="23.16763794980943202972412109375" lon="113.42647430486977100372314453125">
        <ele>20.200000762939453125</ele>
        <time>2026-07-14T11:12:54.000Z</time>
        <extensions>
          <ns3:TrackPointExtension>
            <ns3:hr>140</ns3:hr>
            <ns3:cad>87</ns3:cad>
          </ns3:TrackPointExtension>
        </extensions>
      </trkpt>
      <trkpt lat="23.1676371954381465911865234375" lon="113.42643834650516510009765625">
        <ele>20.200000762939453125</ele>
        <time>2026-07-14T11:12:55.000Z</time>
        <extensions>
          <ns3:TrackPointExtension>
            <ns3:hr>141</ns3:hr>
            <ns3:cad>87</ns3:cad>
          </ns3:TrackPointExtension>
        </extensions>
      </trkpt>
      <trkpt lat="23.1676326692104339599609375" lon="113.42641077004373073577880859375">
        <ele>20.200000762939453125</ele>
        <time>2026-07-14T11:12:56.000Z</time>
        <extensions>
          <ns3:TrackPointExtension>
            <ns3:hr>141</ns3:hr>
            <ns3:cad>87</ns3:cad>
          </ns3:TrackPointExtension>
        </extensions>
      </trkpt>
      <trkpt lat="23.16763199865818023681640625" lon="113.42638093046844005584716796875">
        <ele>20.3999996185302734375</ele>
        <time>2026-07-14T11:12:57.000Z</time>
        <extensions>
          <ns3:TrackPointExtension>
            <ns3:hr>141</ns3:hr>
            <ns3:cad>88</ns3:cad>
          </ns3:TrackPointExtension>
        </extensions>
      </trkpt>
      <trkpt lat="23.16763275302946567535400390625" lon="113.42635192908346652984619140625">
        <ele>20.3999996185302734375</ele>
        <time>2026-07-14T11:12:58.000Z</time>
        <extensions>
          <ns3:TrackPointExtension>
            <ns3:hr>141</ns3:hr>
            <ns3:cad>88</ns3:cad>
          </ns3:TrackPointExtension>
        </extensions>
      </trkpt>
      <trkpt lat="23.1676361896097660064697265625" lon="113.42631672509014606475830078125">
        <ele>20.6000003814697265625</ele>
        <time>2026-07-14T11:12:59.000Z</time>
        <extensions>
          <ns3:TrackPointExtension>
            <ns3:hr>141</ns3:hr>
            <ns3:cad>89</ns3:cad>
          </ns3:TrackPointExtension>
        </extensions>
      </trkpt>
      <trkpt lat="23.16763660870492458343505859375" lon="113.42628537677228450775146484375">
        <ele>20.6000003814697265625</ele>
        <time>2026-07-14T11:13:00.000Z</time>
        <extensions>
          <ns3:TrackPointExtension>
            <ns3:hr>141</ns3:hr>
            <ns3:cad>89</ns3:cad>
          </ns3:TrackPointExtension>
        </extensions>
      </trkpt>
      <trkpt lat="23.167639710009098052978515625" lon="113.426255285739898681640625">
        <ele>20.6000003814697265625</ele>
        <time>2026-07-14T11:13:01.000Z</time>
        <extensions>
          <ns3:TrackPointExtension>
            <ns3:hr>141</ns3:hr>
            <ns3:cad>89</ns3:cad>
          </ns3:TrackPointExtension>
        </extensions>
      </trkpt>
      <trkpt lat="23.167643062770366668701171875" lon="113.426227457821369171142578125">
        <ele>20.6000003814697265625</ele>
        <time>2026-07-14T11:13:02.000Z</time>
        <extensions>
          <ns3:TrackPointExtension>
            <ns3:hr>141</ns3:hr>
            <ns3:cad>88</ns3:cad>
          </ns3:TrackPointExtension>
        </extensions>
      </trkpt>
      <trkpt lat="23.1676439009606838226318359375" lon="113.42619518749415874481201171875">
        <ele>20.6000003814697265625</ele>
        <time>2026-07-14T11:13:03.000Z</time>
        <extensions>
          <ns3:TrackPointExtension>
            <ns3:hr>141</ns3:hr>
            <ns3:cad>88</ns3:cad>
          </ns3:TrackPointExtension>
        </extensions>
      </trkpt>
      <trkpt lat="23.16764448769390583038330078125" lon="113.42616417445242404937744140625">
        <ele>20.3999996185302734375</ele>
        <time>2026-07-14T11:13:04.000Z</time>
        <extensions>
          <ns3:TrackPointExtension>
            <ns3:hr>141</ns3:hr>
            <ns3:cad>89</ns3:cad>
          </ns3:TrackPointExtension>
        </extensions>
      </trkpt>
      <trkpt lat="23.16764398477971553802490234375" lon="113.42613332904875278472900390625">
        <ele>20.3999996185302734375</ele>
        <time>2026-07-14T11:13:05.000Z</time>
        <extensions>
          <ns3:TrackPointExtension>
            <ns3:hr>141</ns3:hr>
            <ns3:cad>89</ns3:cad>
          </ns3:TrackPointExtension>
        </extensions>
      </trkpt>
      <trkpt lat="23.16764943301677703857421875" lon="113.42610198073089122772216796875">
        <ele>20.3999996185302734375</ele>
        <time>2026-07-14T11:13:06.000Z</time>
        <extensions>
          <ns3:TrackPointExtension>
            <ns3:hr>141</ns3:hr>
            <ns3:cad>89</ns3:cad>
          </ns3:TrackPointExtension>
        </extensions>
      </trkpt>
      <trkpt lat="23.16765102557837963104248046875" lon="113.42607063241302967071533203125">
        <ele>20.3999996185302734375</ele>
        <time>2026-07-14T11:13:07.000Z</time>
        <extensions>
          <ns3:TrackPointExtension>
            <ns3:hr>141</ns3:hr>
            <ns3:cad>89</ns3:cad>
          </ns3:TrackPointExtension>
        </extensions>
      </trkpt>
      <trkpt lat="23.1676512770354747772216796875" lon="113.4260345064103603363037109375">
        <ele>20.3999996185302734375</ele>
        <time>2026-07-14T11:13:08.000Z</time>
        <extensions>
          <ns3:TrackPointExtension>
            <ns3:hr>141</ns3:hr>
            <ns3:cad>89</ns3:cad>
          </ns3:TrackPointExtension>
        </extensions>
      </trkpt>
      <trkpt lat="23.16764943301677703857421875" lon="113.42600005678832530975341796875">
        <ele>20.3999996185302734375</ele>
        <time>2026-07-14T11:13:09.000Z</time>
        <extensions>
          <ns3:TrackPointExtension>
            <ns3:hr>141</ns3:hr>
            <ns3:cad>88</ns3:cad>
          </ns3:TrackPointExtension>
        </extensions>
      </trkpt>
      <trkpt lat="23.167651109397411346435546875" lon="113.425962924957275390625">
        <ele>20.200000762939453125</ele>
        <time>2026-07-14T11:13:10.000Z</time>
        <extensions>
          <ns3:TrackPointExtension>
            <ns3:hr>141</ns3:hr>
            <ns3:cad>88</ns3:cad>
          </ns3:TrackPointExtension>
        </extensions>
      </trkpt>
      <trkpt lat="23.16764566116034984588623046875" lon="113.42592881061136722564697265625">
        <ele>20.200000762939453125</ele>
        <time>2026-07-14T11:13:11.000Z</time>
        <extensions>
          <ns3:TrackPointExtension>
            <ns3:hr>141</ns3:hr>
            <ns3:cad>88</ns3:cad>
          </ns3:TrackPointExtension>
        </extensions>
      </trkpt>
      <trkpt lat="23.16764784045517444610595703125" lon="113.425892852246761322021484375">
        <ele>20.200000762939453125</ele>
        <time>2026-07-14T11:13:12.000Z</time>
        <extensions>
          <ns3:TrackPointExtension>
            <ns3:hr>141</ns3:hr>
            <ns3:cad>89</ns3:cad>
          </ns3:TrackPointExtension>
        </extensions>
      </trkpt>
      <trkpt lat="23.16764540970325469970703125" lon="113.425863347947597503662109375">
        <ele>20.200000762939453125</ele>
        <time>2026-07-14T11:13:13.000Z</time>
        <extensions>
          <ns3:TrackPointExtension>
            <ns3:hr>141</ns3:hr>
            <ns3:cad>89</ns3:cad>
          </ns3:TrackPointExtension>
        </extensions>
      </trkpt>
      <trkpt lat="23.16765052266418933868408203125" lon="113.42582973651587963104248046875">
        <ele>20.200000762939453125</ele>
        <time>2026-07-14T11:13:14.000Z</time>
        <extensions>
          <ns3:TrackPointExtension>
            <ns3:hr>141</ns3:hr>
            <ns3:cad>89</ns3:cad>
          </ns3:TrackPointExtension>
        </extensions>
      </trkpt>
      <trkpt lat="23.1676465831696987152099609375" lon="113.425798974931240081787109375">
        <ele>20.3999996185302734375</ele>
        <time>2026-07-14T11:13:15.000Z</time>
        <extensions>
          <ns3:TrackPointExtension>
            <ns3:hr>141</ns3:hr>
            <ns3:cad>89</ns3:cad>
          </ns3:TrackPointExtension>
        </extensions>
      </trkpt>
      <trkpt lat="23.1676459126174449920654296875" lon="113.4257631003856658935546875">
        <ele>20.3999996185302734375</ele>
        <time>2026-07-14T11:13:16.000Z</time>
        <extensions>
          <ns3:TrackPointExtension>
            <ns3:hr>141</ns3:hr>
            <ns3:cad>89</ns3:cad>
          </ns3:TrackPointExtension>
        </extensions>
      </trkpt>
      <trkpt lat="23.16764197312295436859130859375" lon="113.4257314167916774749755859375">
        <ele>20.3999996185302734375</ele>
        <time>2026-07-14T11:13:17.000Z</time>
        <extensions>
          <ns3:TrackPointExtension>
            <ns3:hr>141</ns3:hr>
            <ns3:cad>90</ns3:cad>
          </ns3:TrackPointExtension>
        </extensions>
      </trkpt>
      <trkpt lat="23.16764197312295436859130859375" lon="113.42569814063608646392822265625">
        <ele>20.3999996185302734375</ele>
        <time>2026-07-14T11:13:18.000Z</time>
        <extensions>
          <ns3:TrackPointExtension>
            <ns3:hr>141</ns3:hr>
            <ns3:cad>90</ns3:cad>
          </ns3:TrackPointExtension>
        </extensions>
      </trkpt>
      <trkpt lat="23.167637027800083160400390625" lon="113.42566427774727344512939453125">
        <ele>20.6000003814697265625</ele>
        <time>2026-07-14T11:13:19.000Z</time>
        <extensions>
          <ns3:TrackPointExtension>
            <ns3:hr>141</ns3:hr>
            <ns3:cad>90</ns3:cad>
          </ns3:TrackPointExtension>
        </extensions>
      </trkpt>
      <trkpt lat="23.1676371954381465911865234375" lon="113.4256304986774921417236328125">
        <ele>20.6000003814697265625</ele>
        <time>2026-07-14T11:13:20.000Z</time>
        <extensions>
          <ns3:TrackPointExtension>
            <ns3:hr>141</ns3:hr>
            <ns3:cad>91</ns3:cad>
          </ns3:TrackPointExtension>
        </extensions>
      </trkpt>
      <trkpt lat="23.1676351837813854217529296875" lon="113.4255949594080448150634765625">
        <ele>20.6000003814697265625</ele>
        <time>2026-07-14T11:13:21.000Z</time>
        <extensions>
          <ns3:TrackPointExtension>
            <ns3:hr>141</ns3:hr>
            <ns3:cad>91</ns3:cad>
          </ns3:TrackPointExtension>
        </extensions>
      </trkpt>
      <trkpt lat="23.167632333934307098388671875" lon="113.42556637711822986602783203125">
        <ele>20.6000003814697265625</ele>
        <time>2026-07-14T11:13:22.000Z</time>
        <extensions>
          <ns3:TrackPointExtension>
            <ns3:hr>141</ns3:hr>
            <ns3:cad>92</ns3:cad>
          </ns3:TrackPointExtension>
        </extensions>
      </trkpt>
      <trkpt lat="23.16763074137270450592041015625" lon="113.42553821392357349395751953125">
        <ele>20.6000003814697265625</ele>
        <time>2026-07-14T11:13:23.000Z</time>
        <extensions>
          <ns3:TrackPointExtension>
            <ns3:hr>142</ns3:hr>
            <ns3:cad>92</ns3:cad>
          </ns3:TrackPointExtension>
        </extensions>
      </trkpt>
      <trkpt lat="23.16762520931661128997802734375" lon="113.4255104698240756988525390625">
        <ele>20.799999237060546875</ele>
        <time>2026-07-14T11:13:24.000Z</time>
        <extensions>
          <ns3:TrackPointExtension>
            <ns3:hr>142</ns3:hr>
            <ns3:cad>91</ns3:cad>
          </ns3:TrackPointExtension>
        </extensions>
      </trkpt>
      <trkpt lat="23.167626969516277313232421875" lon="113.4254786185920238494873046875">
        <ele>20.6000003814697265625</ele>
        <time>2026-07-14T11:13:25.000Z</time>
        <extensions>
          <ns3:TrackPointExtension>
            <ns3:hr>142</ns3:hr>
            <ns3:cad>91</ns3:cad>
          </ns3:TrackPointExtension>
        </extensions>
      </trkpt>
      <trkpt lat="23.1676247902214527130126953125" lon="113.42544953338801860809326171875">
        <ele>20.6000003814697265625</ele>
        <time>2026-07-14T11:13:26.000Z</time>
        <extensions>
          <ns3:TrackPointExtension>
            <ns3:hr>142</ns3:hr>
            <ns3:cad>90</ns3:cad>
          </ns3:TrackPointExtension>
        </extensions>
      </trkpt>
      <trkpt lat="23.16762420348823070526123046875" lon="113.425412736833095550537109375">
        <ele>20.6000003814697265625</ele>
        <time>2026-07-14T11:13:27.000Z</time>
        <extensions>
          <ns3:TrackPointExtension>
            <ns3:hr>143</ns3:hr>
            <ns3:cad>90</ns3:cad>
          </ns3:TrackPointExtension>
        </extensions>
      </trkpt>
      <trkpt lat="23.16762386821210384368896484375" lon="113.42537912540137767791748046875">
        <ele>20.6000003814697265625</ele>
        <time>2026-07-14T11:13:28.000Z</time>
        <extensions>
          <ns3:TrackPointExtension>
            <ns3:hr>143</ns3:hr>
            <ns3:cad>90</ns3:cad>
          </ns3:TrackPointExtension>
        </extensions>
      </trkpt>
      <trkpt lat="23.16762738861143589019775390625" lon="113.4253393113613128662109375">
        <ele>20.3999996185302734375</ele>
        <time>2026-07-14T11:13:29.000Z</time>
        <extensions>
          <ns3:TrackPointExtension>
            <ns3:hr>143</ns3:hr>
            <ns3:cad>90</ns3:cad>
          </ns3:TrackPointExtension>
        </extensions>
      </trkpt>
      <trkpt lat="23.1676298193633556365966796875" lon="113.425308130681514739990234375">
        <ele>20.3999996185302734375</ele>
        <time>2026-07-14T11:13:30.000Z</time>
        <extensions>
          <ns3:TrackPointExtension>
            <ns3:hr>142</ns3:hr>
            <ns3:cad>90</ns3:cad>
          </ns3:TrackPointExtension>
        </extensions>
      </trkpt>
      <trkpt lat="23.167627640068531036376953125" lon="113.4252697415649890899658203125">
        <ele>20.3999996185302734375</ele>
        <time>2026-07-14T11:13:31.000Z</time>
        <extensions>
          <ns3:TrackPointExtension>
            <ns3:hr>143</ns3:hr>
            <ns3:cad>90</ns3:cad>
          </ns3:TrackPointExtension>
        </extensions>
      </trkpt>
      <trkpt lat="23.16762822680175304412841796875" lon="113.42523864470422267913818359375">
        <ele>20.200000762939453125</ele>
        <time>2026-07-14T11:13:32.000Z</time>
        <extensions>
          <ns3:TrackPointExtension>
            <ns3:hr>143</ns3:hr>
            <ns3:cad>91</ns3:cad>
          </ns3:TrackPointExtension>
        </extensions>
      </trkpt>
      <trkpt lat="23.16763124428689479827880859375" lon="113.425202853977680206298828125">
        <ele>20.200000762939453125</ele>
        <time>2026-07-14T11:13:33.000Z</time>
        <extensions>
          <ns3:TrackPointExtension>
            <ns3:hr>144</ns3:hr>
            <ns3:cad>91</ns3:cad>
          </ns3:TrackPointExtension>
        </extensions>
      </trkpt>
      <trkpt lat="23.16762571223080158233642578125" lon="113.425176702439785003662109375">
        <ele>20.3999996185302734375</ele>
        <time>2026-07-14T11:13:34.000Z</time>
        <extensions>
          <ns3:TrackPointExtension>
            <ns3:hr>144</ns3:hr>
            <ns3:cad>92</ns3:cad>
          </ns3:TrackPointExtension>
        </extensions>
      </trkpt>
      <trkpt lat="23.16762931644916534423828125" lon="113.42514216899871826171875">
        <ele>20.3999996185302734375</ele>
        <time>2026-07-14T11:13:35.000Z</time>
        <extensions>
          <ns3:TrackPointExtension>
            <ns3:hr>144</ns3:hr>
            <ns3:cad>92</ns3:cad>
          </ns3:TrackPointExtension>
        </extensions>
      </trkpt>
      <trkpt lat="23.1676301546394824981689453125" lon="113.42511442489922046661376953125">
        <ele>20.3999996185302734375</ele>
        <time>2026-07-14T11:13:36.000Z</time>
        <extensions>
          <ns3:TrackPointExtension>
            <ns3:hr>143</ns3:hr>
            <ns3:cad>91</ns3:cad>
          </ns3:TrackPointExtension>
        </extensions>
      </trkpt>
      <trkpt lat="23.1676365248858928680419921875" lon="113.42507804743945598602294921875">
        <ele>20.3999996185302734375</ele>
        <time>2026-07-14T11:13:37.000Z</time>
        <extensions>
          <ns3:TrackPointExtension>
            <ns3:hr>143</ns3:hr>
            <ns3:cad>91</ns3:cad>
          </ns3:TrackPointExtension>
        </extensions>
      </trkpt>
      <trkpt lat="23.1676405481994152069091796875" lon="113.42505256645381450653076171875">
        <ele>20.3999996185302734375</ele>
        <time>2026-07-14T11:13:38.000Z</time>
        <extensions>
          <ns3:TrackPointExtension>
            <ns3:hr>144</ns3:hr>
            <ns3:cad>91</ns3:cad>
          </ns3:TrackPointExtension>
        </extensions>
      </trkpt>
      <trkpt lat="23.16764951683580875396728515625" lon="113.425023816525936126708984375">
        <ele>20.3999996185302734375</ele>
        <time>2026-07-14T11:13:39.000Z</time>
        <extensions>
          <ns3:TrackPointExtension>
            <ns3:hr>144</ns3:hr>
            <ns3:cad>90</ns3:cad>
          </ns3:TrackPointExtension>
        </extensions>
      </trkpt>
      <trkpt lat="23.1676502712070941925048828125" lon="113.42499691061675548553466796875">
        <ele>20.3999996185302734375</ele>
        <time>2026-07-14T11:13:40.000Z</time>
        <extensions>
          <ns3:TrackPointExtension>
            <ns3:hr>144</ns3:hr>
            <ns3:cad>90</ns3:cad>
          </ns3:TrackPointExtension>
        </extensions>
      </trkpt>
      <trkpt lat="23.1676512770354747772216796875" lon="113.42497025616466999053955078125">
        <ele>20.3999996185302734375</ele>
        <time>2026-07-14T11:13:41.000Z</time>
        <extensions>
          <ns3:TrackPointExtension>
            <ns3:hr>144</ns3:hr>
            <ns3:cad>90</ns3:cad>
          </ns3:TrackPointExtension>
        </extensions>
      </trkpt>
      <trkpt lat="23.16765236668288707733154296875" lon="113.42493806965649127960205078125">
        <ele>20.6000003814697265625</ele>
        <time>2026-07-14T11:13:42.000Z</time>
        <extensions>
          <ns3:TrackPointExtension>
            <ns3:hr>144</ns3:hr>
            <ns3:cad>90</ns3:cad>
          </ns3:TrackPointExtension>
        </extensions>
      </trkpt>
      <trkpt lat="23.16765655763447284698486328125" lon="113.4249052964150905609130859375">
        <ele>20.6000003814697265625</ele>
        <time>2026-07-14T11:13:43.000Z</time>
        <extensions>
          <ns3:TrackPointExtension>
            <ns3:hr>144</ns3:hr>
            <ns3:cad>89</ns3:cad>
          </ns3:TrackPointExtension>
        </extensions>
      </trkpt>
      <trkpt lat="23.16765504889190196990966796875" lon="113.424876965582370758056640625">
        <ele>20.6000003814697265625</ele>
        <time>2026-07-14T11:13:44.000Z</time>
        <extensions>
          <ns3:TrackPointExtension>
            <ns3:hr>144</ns3:hr>
            <ns3:cad>89</ns3:cad>
          </ns3:TrackPointExtension>
        </extensions>
      </trkpt>
      <trkpt lat="23.167655803263187408447265625" lon="113.42484167777001857757568359375">
        <ele>20.6000003814697265625</ele>
        <time>2026-07-14T11:13:45.000Z</time>
        <extensions>
          <ns3:TrackPointExtension>
            <ns3:hr>144</ns3:hr>
            <ns3:cad>89</ns3:cad>
          </ns3:TrackPointExtension>
        </extensions>
      </trkpt>
      <trkpt lat="23.16765840165317058563232421875" lon="113.42481334693729877471923828125">
        <ele>20.6000003814697265625</ele>
        <time>2026-07-14T11:13:46.000Z</time>
        <extensions>
          <ns3:TrackPointExtension>
            <ns3:hr>144</ns3:hr>
            <ns3:cad>89</ns3:cad>
          </ns3:TrackPointExtension>
        </extensions>
      </trkpt>
      <trkpt lat="23.16766443662345409393310546875" lon="113.42478015460073947906494140625">
        <ele>20.6000003814697265625</ele>
        <time>2026-07-14T11:13:47.000Z</time>
        <extensions>
          <ns3:TrackPointExtension>
            <ns3:hr>144</ns3:hr>
            <ns3:cad>89</ns3:cad>
          </ns3:TrackPointExtension>
        </extensions>
      </trkpt>
      <trkpt lat="23.16766284406185150146484375" lon="113.42475802637636661529541015625">
        <ele>20.799999237060546875</ele>
        <time>2026-07-14T11:13:48.000Z</time>
        <extensions>
          <ns3:TrackPointExtension>
            <ns3:hr>144</ns3:hr>
            <ns3:cad>90</ns3:cad>
          </ns3:TrackPointExtension>
        </extensions>
      </trkpt>
      <trkpt lat="23.16766443662345409393310546875" lon="113.42472533695399761199951171875">
        <ele>20.799999237060546875</ele>
        <time>2026-07-14T11:13:49.000Z</time>
        <extensions>
          <ns3:TrackPointExtension>
            <ns3:hr>145</ns3:hr>
            <ns3:cad>91</ns3:cad>
          </ns3:TrackPointExtension>
        </extensions>
      </trkpt>
      <trkpt lat="23.1676650233566761016845703125" lon="113.424697257578372955322265625">
        <ele>21</ele>
        <time>2026-07-14T11:13:50.000Z</time>
        <extensions>
          <ns3:TrackPointExtension>
            <ns3:hr>145</ns3:hr>
            <ns3:cad>91</ns3:cad>
          </ns3:TrackPointExtension>
        </extensions>
      </trkpt>
      <trkpt lat="23.167667873203754425048828125" lon="113.4246659092605113983154296875">
        <ele>21</ele>
        <time>2026-07-14T11:13:51.000Z</time>
        <extensions>
          <ns3:TrackPointExtension>
            <ns3:hr>146</ns3:hr>
            <ns3:cad>92</ns3:cad>
          </ns3:TrackPointExtension>
        </extensions>
      </trkpt>
      <trkpt lat="23.16766728647053241729736328125" lon="113.4246400929987430572509765625">
        <ele>21.200000762939453125</ele>
        <time>2026-07-14T11:13:52.000Z</time>
        <extensions>
          <ns3:TrackPointExtension>
            <ns3:hr>146</ns3:hr>
            <ns3:cad>90</ns3:cad>
          </ns3:TrackPointExtension>
        </extensions>
      </trkpt>
      <trkpt lat="23.1676677055656909942626953125" lon="113.42460178770124912261962890625">
        <ele>21.3999996185302734375</ele>
        <time>2026-07-14T11:13:53.000Z</time>
        <extensions>
          <ns3:TrackPointExtension>
            <ns3:hr>146</ns3:hr>
            <ns3:cad>90</ns3:cad>
          </ns3:TrackPointExtension>
        </extensions>
      </trkpt>
      <trkpt lat="23.16766946576535701751708984375" lon="113.42457194812595844268798828125">
        <ele>21.3999996185302734375</ele>
        <time>2026-07-14T11:13:54.000Z</time>
        <extensions>
          <ns3:TrackPointExtension>
            <ns3:hr>146</ns3:hr>
            <ns3:cad>90</ns3:cad>
          </ns3:TrackPointExtension>
        </extensions>
      </trkpt>
      <trkpt lat="23.16766896285116672515869140625" lon="113.4245351515710353851318359375">
        <ele>21.3999996185302734375</ele>
        <time>2026-07-14T11:13:55.000Z</time>
        <extensions>
          <ns3:TrackPointExtension>
            <ns3:hr>145</ns3:hr>
            <ns3:cad>89</ns3:cad>
          </ns3:TrackPointExtension>
        </extensions>
      </trkpt>
      <trkpt lat="23.16766845993697643280029296875" lon="113.4245083294808864593505859375">
        <ele>21.200000762939453125</ele>
        <time>2026-07-14T11:13:56.000Z</time>
        <extensions>
          <ns3:TrackPointExtension>
            <ns3:hr>145</ns3:hr>
            <ns3:cad>89</ns3:cad>
          </ns3:TrackPointExtension>
        </extensions>
      </trkpt>
      <trkpt lat="23.16767248325049877166748046875" lon="113.42446901835501194000244140625">
        <ele>21.200000762939453125</ele>
        <time>2026-07-14T11:13:57.000Z</time>
        <extensions>
          <ns3:TrackPointExtension>
            <ns3:hr>146</ns3:hr>
            <ns3:cad>89</ns3:cad>
          </ns3:TrackPointExtension>
        </extensions>
      </trkpt>
      <trkpt lat="23.16767759621143341064453125" lon="113.42442878521978855133056640625">
        <ele>21.200000762939453125</ele>
        <time>2026-07-14T11:13:58.000Z</time>
        <extensions>
          <ns3:TrackPointExtension>
            <ns3:hr>146</ns3:hr>
            <ns3:cad>90</ns3:cad>
          </ns3:TrackPointExtension>
        </extensions>
      </trkpt>
      <trkpt lat="23.1676794402301311492919921875" lon="113.424390815198421478271484375">
        <ele>21.200000762939453125</ele>
        <time>2026-07-14T11:13:59.000Z</time>
        <extensions>
          <ns3:TrackPointExtension>
            <ns3:hr>147</ns3:hr>
            <ns3:cad>90</ns3:cad>
          </ns3:TrackPointExtension>
        </extensions>
      </trkpt>
      <trkpt lat="23.16768564283847808837890625" lon="113.4243551082909107208251953125">
        <ele>21.200000762939453125</ele>
        <time>2026-07-14T11:14:00.000Z</time>
        <extensions>
          <ns3:TrackPointExtension>
            <ns3:hr>147</ns3:hr>
            <ns3:cad>90</ns3:cad>
          </ns3:TrackPointExtension>
        </extensions>
      </trkpt>
      <trkpt lat="23.1676851399242877960205078125" lon="113.424325771629810333251953125">
        <ele>21.200000762939453125</ele>
        <time>2026-07-14T11:14:01.000Z</time>
        <extensions>
          <ns3:TrackPointExtension>
            <ns3:hr>147</ns3:hr>
            <ns3:cad>89</ns3:cad>
          </ns3:TrackPointExtension>
        </extensions>
      </trkpt>
      <trkpt lat="23.167690001428127288818359375" lon="113.42428998090326786041259765625">
        <ele>21.3999996185302734375</ele>
        <time>2026-07-14T11:14:02.000Z</time>
        <extensions>
          <ns3:TrackPointExtension>
            <ns3:hr>147</ns3:hr>
            <ns3:cad>89</ns3:cad>
          </ns3:TrackPointExtension>
        </extensions>
      </trkpt>
      <trkpt lat="23.167690001428127288818359375" lon="113.4242615662515163421630859375">
        <ele>21.3999996185302734375</ele>
        <time>2026-07-14T11:14:03.000Z</time>
        <extensions>
          <ns3:TrackPointExtension>
            <ns3:hr>147</ns3:hr>
            <ns3:cad>89</ns3:cad>
          </ns3:TrackPointExtension>
        </extensions>
      </trkpt>
      <trkpt lat="23.16768539138138294219970703125" lon="113.42422820627689361572265625">
        <ele>21.3999996185302734375</ele>
        <time>2026-07-14T11:14:04.000Z</time>
        <extensions>
          <ns3:TrackPointExtension>
            <ns3:hr>148</ns3:hr>
            <ns3:cad>89</ns3:cad>
          </ns3:TrackPointExtension>
        </extensions>
      </trkpt>
      <trkpt lat="23.1676764227449893951416015625" lon="113.42420180328190326690673828125">
        <ele>21.200000762939453125</ele>
        <time>2026-07-14T11:14:05.000Z</time>
        <extensions>
          <ns3:TrackPointExtension>
            <ns3:hr>148</ns3:hr>
            <ns3:cad>88</ns3:cad>
          </ns3:TrackPointExtension>
        </extensions>
      </trkpt>
      <trkpt lat="23.16767768003046512603759765625" lon="113.424167521297931671142578125">
        <ele>21.200000762939453125</ele>
        <time>2026-07-14T11:14:06.000Z</time>
        <extensions>
          <ns3:TrackPointExtension>
            <ns3:hr>148</ns3:hr>
            <ns3:cad>88</ns3:cad>
          </ns3:TrackPointExtension>
        </extensions>
      </trkpt>
      <trkpt lat="23.16767667420208454132080078125" lon="113.42413944192230701446533203125">
        <ele>21.200000762939453125</ele>
        <time>2026-07-14T11:14:07.000Z</time>
        <extensions>
          <ns3:TrackPointExtension>
            <ns3:hr>148</ns3:hr>
            <ns3:cad>88</ns3:cad>
          </ns3:TrackPointExtension>
        </extensions>
      </trkpt>
      <trkpt lat="23.16767784766852855682373046875" lon="113.4241013042628765106201171875">
        <ele>21.200000762939453125</ele>
        <time>2026-07-14T11:14:08.000Z</time>
        <extensions>
          <ns3:TrackPointExtension>
            <ns3:hr>148</ns3:hr>
            <ns3:cad>89</ns3:cad>
          </ns3:TrackPointExtension>
        </extensions>
      </trkpt>
      <trkpt lat="23.1676730699837207794189453125" lon="113.4240714646875858306884765625">
        <ele>21.200000762939453125</ele>
        <time>2026-07-14T11:14:09.000Z</time>
        <extensions>
          <ns3:TrackPointExtension>
            <ns3:hr>149</ns3:hr>
            <ns3:cad>89</ns3:cad>
          </ns3:TrackPointExtension>
        </extensions>
      </trkpt>
      <trkpt lat="23.16767684184014797210693359375" lon="113.42403232119977474212646484375">
        <ele>21.200000762939453125</ele>
        <time>2026-07-14T11:14:10.000Z</time>
        <extensions>
          <ns3:TrackPointExtension>
            <ns3:hr>149</ns3:hr>
            <ns3:cad>89</ns3:cad>
          </ns3:TrackPointExtension>
        </extensions>
      </trkpt>
      <trkpt lat="23.16767382435500621795654296875" lon="113.4240091033279895782470703125">
        <ele>21.200000762939453125</ele>
        <time>2026-07-14T11:14:11.000Z</time>
        <extensions>
          <ns3:TrackPointExtension>
            <ns3:hr>149</ns3:hr>
            <ns3:cad>89</ns3:cad>
          </ns3:TrackPointExtension>
        </extensions>
      </trkpt>
      <trkpt lat="23.16767348907887935638427734375" lon="113.42397197149693965911865234375">
        <ele>21.200000762939453125</ele>
        <time>2026-07-14T11:14:12.000Z</time>
        <extensions>
          <ns3:TrackPointExtension>
            <ns3:hr>149</ns3:hr>
            <ns3:cad>89</ns3:cad>
          </ns3:TrackPointExtension>
        </extensions>
      </trkpt>
      <trkpt lat="23.16767516545951366424560546875" lon="113.4239450655877590179443359375">
        <ele>21.200000762939453125</ele>
        <time>2026-07-14T11:14:13.000Z</time>
        <extensions>
          <ns3:TrackPointExtension>
            <ns3:hr>148</ns3:hr>
            <ns3:cad>89</ns3:cad>
          </ns3:TrackPointExtension>
        </extensions>
      </trkpt>
      <trkpt lat="23.1676797755062580108642578125" lon="113.42391111887991428375244140625">
        <ele>21.3999996185302734375</ele>
        <time>2026-07-14T11:14:14.000Z</time>
        <extensions>
          <ns3:TrackPointExtension>
            <ns3:hr>149</ns3:hr>
            <ns3:cad>89</ns3:cad>
          </ns3:TrackPointExtension>
        </extensions>
      </trkpt>
      <trkpt lat="23.1676831282675266265869140625" lon="113.42387692071497440338134765625">
        <ele>21.3999996185302734375</ele>
        <time>2026-07-14T11:14:15.000Z</time>
        <extensions>
          <ns3:TrackPointExtension>
            <ns3:hr>149</ns3:hr>
            <ns3:cad>89</ns3:cad>
          </ns3:TrackPointExtension>
        </extensions>
      </trkpt>
      <trkpt lat="23.16768405027687549591064453125" lon="113.4238404594361782073974609375">
        <ele>21.3999996185302734375</ele>
        <time>2026-07-14T11:14:16.000Z</time>
        <extensions>
          <ns3:TrackPointExtension>
            <ns3:hr>148</ns3:hr>
            <ns3:cad>88</ns3:cad>
          </ns3:TrackPointExtension>
        </extensions>
      </trkpt>
      <trkpt lat="23.1676811166107654571533203125" lon="113.42380919493734836578369140625">
        <ele>21.3999996185302734375</ele>
        <time>2026-07-14T11:14:17.000Z</time>
        <extensions>
          <ns3:TrackPointExtension>
            <ns3:hr>149</ns3:hr>
            <ns3:cad>87</ns3:cad>
          </ns3:TrackPointExtension>
        </extensions>
      </trkpt>
      <trkpt lat="23.1676782667636871337890625" lon="113.42377030290663242340087890625">
        <ele>21.6000003814697265625</ele>
        <time>2026-07-14T11:14:18.000Z</time>
        <extensions>
          <ns3:TrackPointExtension>
            <ns3:hr>149</ns3:hr>
            <ns3:cad>87</ns3:cad>
          </ns3:TrackPointExtension>
        </extensions>
      </trkpt>
      <trkpt lat="23.16767633892595767974853515625" lon="113.42373895458877086639404296875">
        <ele>21.6000003814697265625</ele>
        <time>2026-07-14T11:14:19.000Z</time>
        <extensions>
          <ns3:TrackPointExtension>
            <ns3:hr>148</ns3:hr>
            <ns3:cad>88</ns3:cad>
          </ns3:TrackPointExtension>
        </extensions>
      </trkpt>
      <trkpt lat="23.16768639720976352691650390625" lon="113.4237031638622283935546875">
        <ele>21.6000003814697265625</ele>
        <time>2026-07-14T11:14:20.000Z</time>
        <extensions>
          <ns3:TrackPointExtension>
            <ns3:hr>148</ns3:hr>
            <ns3:cad>89</ns3:cad>
          </ns3:TrackPointExtension>
        </extensions>
      </trkpt>
      <trkpt lat="23.16768824122846126556396484375" lon="113.4236724860966205596923828125">
        <ele>21.6000003814697265625</ele>
        <time>2026-07-14T11:14:21.000Z</time>
        <extensions>
          <ns3:TrackPointExtension>
            <ns3:hr>148</ns3:hr>
            <ns3:cad>89</ns3:cad>
          </ns3:TrackPointExtension>
        </extensions>
      </trkpt>
      <trkpt lat="23.16769561730325222015380859375" lon="113.42363434843719005584716796875">
        <ele>21.3999996185302734375</ele>
        <time>2026-07-14T11:14:22.000Z</time>
        <extensions>
          <ns3:TrackPointExtension>
            <ns3:hr>148</ns3:hr>
            <ns3:cad>89</ns3:cad>
          </ns3:TrackPointExtension>
        </extensions>
      </trkpt>
      <trkpt lat="23.1676915101706981658935546875" lon="113.4236074425280094146728515625">
        <ele>21.3999996185302734375</ele>
        <time>2026-07-14T11:14:23.000Z</time>
        <extensions>
          <ns3:TrackPointExtension>
            <ns3:hr>148</ns3:hr>
            <ns3:cad>90</ns3:cad>
          </ns3:TrackPointExtension>
        </extensions>
      </trkpt>
      <trkpt lat="23.16769796423614025115966796875" lon="113.4235678799450397491455078125">
        <ele>21.200000762939453125</ele>
        <time>2026-07-14T11:14:24.000Z</time>
        <extensions>
          <ns3:TrackPointExtension>
            <ns3:hr>148</ns3:hr>
            <ns3:cad>91</ns3:cad>
          </ns3:TrackPointExtension>
        </extensions>
      </trkpt>
      <trkpt lat="23.1676905043423175811767578125" lon="113.42354315333068370819091796875">
        <ele>21.200000762939453125</ele>
        <time>2026-07-14T11:14:25.000Z</time>
        <extensions>
          <ns3:TrackPointExtension>
            <ns3:hr>147</ns3:hr>
            <ns3:cad>91</ns3:cad>
          </ns3:TrackPointExtension>
        </extensions>
      </trkpt>
      <trkpt lat="23.1676894985139369964599609375" lon="113.423513062298297882080078125">
        <ele>21.3999996185302734375</ele>
        <time>2026-07-14T11:14:26.000Z</time>
        <extensions>
          <ns3:TrackPointExtension>
            <ns3:hr>147</ns3:hr>
            <ns3:cad>91</ns3:cad>
          </ns3:TrackPointExtension>
        </extensions>
      </trkpt>
      <trkpt lat="23.16768287681043148040771484375" lon="113.4234931133687496185302734375">
        <ele>21.6000003814697265625</ele>
        <time>2026-07-14T11:14:27.000Z</time>
        <extensions>
          <ns3:TrackPointExtension>
            <ns3:hr>147</ns3:hr>
            <ns3:cad>92</ns3:cad>
          </ns3:TrackPointExtension>
        </extensions>
      </trkpt>
      <trkpt lat="23.16769008524715900421142578125" lon="113.42346436344087123870849609375">
        <ele>21.799999237060546875</ele>
        <time>2026-07-14T11:14:28.000Z</time>
        <extensions>
          <ns3:TrackPointExtension>
            <ns3:hr>148</ns3:hr>
            <ns3:cad>92</ns3:cad>
          </ns3:TrackPointExtension>
        </extensions>
      </trkpt>
      <trkpt lat="23.1676871515810489654541015625" lon="113.42344324104487895965576171875">
        <ele>21.799999237060546875</ele>
        <time>2026-07-14T11:14:29.000Z</time>
        <extensions>
          <ns3:TrackPointExtension>
            <ns3:hr>147</ns3:hr>
            <ns3:cad>91</ns3:cad>
          </ns3:TrackPointExtension>
        </extensions>
      </trkpt>
      <trkpt lat="23.16769142635166645050048828125" lon="113.42340879142284393310546875">
        <ele>22</ele>
        <time>2026-07-14T11:14:30.000Z</time>
        <extensions>
          <ns3:TrackPointExtension>
            <ns3:hr>147</ns3:hr>
            <ns3:cad>89</ns3:cad>
          </ns3:TrackPointExtension>
        </extensions>
      </trkpt>
      <trkpt lat="23.16768740303814411163330078125" lon="113.4233858250081539154052734375">
        <ele>22</ele>
        <time>2026-07-14T11:14:31.000Z</time>
        <extensions>
          <ns3:TrackPointExtension>
            <ns3:hr>147</ns3:hr>
            <ns3:cad>89</ns3:cad>
          </ns3:TrackPointExtension>
        </extensions>
      </trkpt>
      <trkpt lat="23.16769176162779331207275390625" lon="113.42335104010999202728271484375">
        <ele>22</ele>
        <time>2026-07-14T11:14:32.000Z</time>
        <extensions>
          <ns3:TrackPointExtension>
            <ns3:hr>147</ns3:hr>
            <ns3:cad>89</ns3:cad>
          </ns3:TrackPointExtension>
        </extensions>
      </trkpt>
      <trkpt lat="23.167690671980381011962890625" lon="113.42332363128662109375">
        <ele>22</ele>
        <time>2026-07-14T11:14:33.000Z</time>
        <extensions>
          <ns3:TrackPointExtension>
            <ns3:hr>147</ns3:hr>
            <ns3:cad>89</ns3:cad>
          </ns3:TrackPointExtension>
        </extensions>
      </trkpt>
      <trkpt lat="23.16769427619874477386474609375" lon="113.423286415636539459228515625">
        <ele>22</ele>
        <time>2026-07-14T11:14:34.000Z</time>
        <extensions>
          <ns3:TrackPointExtension>
            <ns3:hr>147</ns3:hr>
            <ns3:cad>89</ns3:cad>
          </ns3:TrackPointExtension>
        </extensions>
      </trkpt>
      <trkpt lat="23.1676918454468250274658203125" lon="113.4232560731470584869384765625">
        <ele>21.799999237060546875</ele>
        <time>2026-07-14T11:14:35.000Z</time>
        <extensions>
          <ns3:TrackPointExtension>
            <ns3:hr>146</ns3:hr>
            <ns3:cad>90</ns3:cad>
          </ns3:TrackPointExtension>
        </extensions>
      </trkpt>
      <trkpt lat="23.1676955334842205047607421875" lon="113.4232188574969768524169921875">
        <ele>21.799999237060546875</ele>
        <time>2026-07-14T11:14:36.000Z</time>
        <extensions>
          <ns3:TrackPointExtension>
            <ns3:hr>147</ns3:hr>
            <ns3:cad>90</ns3:cad>
          </ns3:TrackPointExtension>
        </extensions>
      </trkpt>
      <trkpt lat="23.1676945276558399200439453125" lon="113.4231923706829547882080078125">
        <ele>21.799999237060546875</ele>
        <time>2026-07-14T11:14:37.000Z</time>
        <extensions>
          <ns3:TrackPointExtension>
            <ns3:hr>147</ns3:hr>
            <ns3:cad>90</ns3:cad>
          </ns3:TrackPointExtension>
        </extensions>
      </trkpt>
      <trkpt lat="23.16769771277904510498046875" lon="113.4231615252792835235595703125">
        <ele>21.799999237060546875</ele>
        <time>2026-07-14T11:14:38.000Z</time>
        <extensions>
          <ns3:TrackPointExtension>
            <ns3:hr>147</ns3:hr>
            <ns3:cad>89</ns3:cad>
          </ns3:TrackPointExtension>
        </extensions>
      </trkpt>
      <trkpt lat="23.16770282573997974395751953125" lon="113.42314434237778186798095703125">
        <ele>21.6000003814697265625</ele>
        <time>2026-07-14T11:14:39.000Z</time>
        <extensions>
          <ns3:TrackPointExtension>
            <ns3:hr>147</ns3:hr>
            <ns3:cad>89</ns3:cad>
          </ns3:TrackPointExtension>
        </extensions>
      </trkpt>
      <trkpt lat="23.16770701669156551361083984375" lon="113.42312606982886791229248046875">
        <ele>21.6000003814697265625</ele>
        <time>2026-07-14T11:14:40.000Z</time>
        <extensions>
          <ns3:TrackPointExtension>
            <ns3:hr>148</ns3:hr>
            <ns3:cad>89</ns3:cad>
          </ns3:TrackPointExtension>
        </extensions>
      </trkpt>
      <trkpt lat="23.16770844161510467529296875" lon="113.42310695908963680267333984375">
        <ele>21.6000003814697265625</ele>
        <time>2026-07-14T11:14:41.000Z</time>
        <extensions>
          <ns3:TrackPointExtension>
            <ns3:hr>147</ns3:hr>
            <ns3:cad>88</ns3:cad>
          </ns3:TrackPointExtension>
        </extensions>
      </trkpt>
      <trkpt lat="23.1677005626261234283447265625" lon="113.4230904467403888702392578125">
        <ele>21.3999996185302734375</ele>
        <time>2026-07-14T11:14:42.000Z</time>
        <extensions>
          <ns3:TrackPointExtension>
            <ns3:hr>147</ns3:hr>
            <ns3:cad>88</ns3:cad>
          </ns3:TrackPointExtension>
        </extensions>
      </trkpt>
      <trkpt lat="23.167700730264186859130859375" lon="113.423067815601825714111328125">
        <ele>21.3999996185302734375</ele>
        <time>2026-07-14T11:14:43.000Z</time>
        <extensions>
          <ns3:TrackPointExtension>
            <ns3:hr>147</ns3:hr>
            <ns3:cad>88</ns3:cad>
          </ns3:TrackPointExtension>
        </extensions>
      </trkpt>
      <trkpt lat="23.16770131699740886688232421875" lon="113.42304795049130916595458984375">
        <ele>21.3999996185302734375</ele>
        <time>2026-07-14T11:14:44.000Z</time>
        <extensions>
          <ns3:TrackPointExtension>
            <ns3:hr>147</ns3:hr>
            <ns3:cad>86</ns3:cad>
          </ns3:TrackPointExtension>
        </extensions>
      </trkpt>
      <trkpt lat="23.16770047880709171295166015625" lon="113.42302917502820491790771484375">
        <ele>21.3999996185302734375</ele>
        <time>2026-07-14T11:14:45.000Z</time>
        <extensions>
          <ns3:TrackPointExtension>
            <ns3:hr>148</ns3:hr>
            <ns3:cad>85</ns3:cad>
          </ns3:TrackPointExtension>
        </extensions>
      </trkpt>
      <trkpt lat="23.16770098172128200531005859375" lon="113.4230119921267032623291015625">
        <ele>21.3999996185302734375</ele>
        <time>2026-07-14T11:14:46.000Z</time>
        <extensions>
          <ns3:TrackPointExtension>
            <ns3:hr>147</ns3:hr>
            <ns3:cad>85</ns3:cad>
          </ns3:TrackPointExtension>
        </extensions>
      </trkpt>
      <trkpt lat="23.16770081408321857452392578125" lon="113.42299631796777248382568359375">
        <ele>21.3999996185302734375</ele>
        <time>2026-07-14T11:14:47.000Z</time>
        <extensions>
          <ns3:TrackPointExtension>
            <ns3:hr>147</ns3:hr>
            <ns3:cad>84</ns3:cad>
          </ns3:TrackPointExtension>
        </extensions>
      </trkpt>
      <trkpt lat="23.16769980825483798980712890625" lon="113.42298307456076145172119140625">
        <ele>21.3999996185302734375</ele>
        <time>2026-07-14T11:14:48.000Z</time>
        <extensions>
          <ns3:TrackPointExtension>
            <ns3:hr>147</ns3:hr>
            <ns3:cad>84</ns3:cad>
          </ns3:TrackPointExtension>
        </extensions>
      </trkpt>
      <trkpt lat="23.16770014353096485137939453125" lon="113.42296916060149669647216796875">
        <ele>21.3999996185302734375</ele>
        <time>2026-07-14T11:14:49.000Z</time>
        <extensions>
          <ns3:TrackPointExtension>
            <ns3:hr>147</ns3:hr>
            <ns3:cad>84</ns3:cad>
          </ns3:TrackPointExtension>
        </extensions>
      </trkpt>
      <trkpt lat="23.1677183322608470916748046875" lon="113.4214405529201030731201171875">
        <ele>21.6000003814697265625</ele>
        <time>2026-07-14T11:15:43.000Z</time>
        <extensions>
          <ns3:TrackPointExtension>
            <ns3:hr>135</ns3:hr>
            <ns3:cad>88</ns3:cad>
          </ns3:TrackPointExtension>
        </extensions>
      </trkpt>
      <trkpt lat="23.1677149794995784759521484375" lon="113.4214117191731929779052734375">
        <ele>21.6000003814697265625</ele>
        <time>2026-07-14T11:15:44.000Z</time>
        <extensions>
          <ns3:TrackPointExtension>
            <ns3:hr>135</ns3:hr>
            <ns3:cad>87</ns3:cad>
          </ns3:TrackPointExtension>
        </extensions>
      </trkpt>
      <trkpt lat="23.16771808080375194549560546875" lon="113.42136838473379611968994140625">
        <ele>21.799999237060546875</ele>
        <time>2026-07-14T11:15:45.000Z</time>
        <extensions>
          <ns3:TrackPointExtension>
            <ns3:hr>135</ns3:hr>
            <ns3:cad>87</ns3:cad>
          </ns3:TrackPointExtension>
        </extensions>
      </trkpt>
      <trkpt lat="23.16771120764315128326416015625" lon="113.421339131891727447509765625">
        <ele>21.799999237060546875</ele>
        <time>2026-07-14T11:15:46.000Z</time>
        <extensions>
          <ns3:TrackPointExtension>
            <ns3:hr>135</ns3:hr>
            <ns3:cad>87</ns3:cad>
          </ns3:TrackPointExtension>
        </extensions>
      </trkpt>
      <trkpt lat="23.1677146442234516143798828125" lon="113.42129655182361602783203125">
        <ele>21.6000003814697265625</ele>
        <time>2026-07-14T11:15:47.000Z</time>
        <extensions>
          <ns3:TrackPointExtension>
            <ns3:hr>135</ns3:hr>
            <ns3:cad>87</ns3:cad>
          </ns3:TrackPointExtension>
        </extensions>
      </trkpt>
      <trkpt lat="23.16771514713764190673828125" lon="113.42126763425767421722412109375">
        <ele>21.6000003814697265625</ele>
        <time>2026-07-14T11:15:48.000Z</time>
        <extensions>
          <ns3:TrackPointExtension>
            <ns3:hr>136</ns3:hr>
            <ns3:cad>87</ns3:cad>
          </ns3:TrackPointExtension>
        </extensions>
      </trkpt>
      <trkpt lat="23.16771372221410274505615234375" lon="113.42123611830174922943115234375">
        <ele>21.6000003814697265625</ele>
        <time>2026-07-14T11:15:49.000Z</time>
        <extensions>
          <ns3:TrackPointExtension>
            <ns3:hr>136</ns3:hr>
            <ns3:cad>87</ns3:cad>
          </ns3:TrackPointExtension>
        </extensions>
      </trkpt>
      <trkpt lat="23.16771380603313446044921875" lon="113.421202339231967926025390625">
        <ele>21.6000003814697265625</ele>
        <time>2026-07-14T11:15:50.000Z</time>
        <extensions>
          <ns3:TrackPointExtension>
            <ns3:hr>137</ns3:hr>
            <ns3:cad>88</ns3:cad>
          </ns3:TrackPointExtension>
        </extensions>
      </trkpt>
      <trkpt lat="23.167710788547992706298828125" lon="113.42117493040859699249267578125">
        <ele>21.6000003814697265625</ele>
        <time>2026-07-14T11:15:51.000Z</time>
        <extensions>
          <ns3:TrackPointExtension>
            <ns3:hr>137</ns3:hr>
            <ns3:cad>88</ns3:cad>
          </ns3:TrackPointExtension>
        </extensions>
      </trkpt>
      <trkpt lat="23.16771288402378559112548828125" lon="113.4211371280252933502197265625">
        <ele>21.6000003814697265625</ele>
        <time>2026-07-14T11:15:52.000Z</time>
        <extensions>
          <ns3:TrackPointExtension>
            <ns3:hr>137</ns3:hr>
            <ns3:cad>88</ns3:cad>
          </ns3:TrackPointExtension>
        </extensions>
      </trkpt>
      <trkpt lat="23.167708776891231536865234375" lon="113.42110988683998584747314453125">
        <ele>21.799999237060546875</ele>
        <time>2026-07-14T11:15:53.000Z</time>
        <extensions>
          <ns3:TrackPointExtension>
            <ns3:hr>137</ns3:hr>
            <ns3:cad>87</ns3:cad>
          </ns3:TrackPointExtension>
        </extensions>
      </trkpt>
      <trkpt lat="23.1677166558802127838134765625" lon="113.42107082717120647430419921875">
        <ele>21.799999237060546875</ele>
        <time>2026-07-14T11:15:54.000Z</time>
        <extensions>
          <ns3:TrackPointExtension>
            <ns3:hr>136</ns3:hr>
            <ns3:cad>87</ns3:cad>
          </ns3:TrackPointExtension>
        </extensions>
      </trkpt>
      <trkpt lat="23.167711794376373291015625" lon="113.42104333452880382537841796875">
        <ele>21.799999237060546875</ele>
        <time>2026-07-14T11:15:55.000Z</time>
        <extensions>
          <ns3:TrackPointExtension>
            <ns3:hr>137</ns3:hr>
            <ns3:cad>87</ns3:cad>
          </ns3:TrackPointExtension>
        </extensions>
      </trkpt>
      <trkpt lat="23.16771724261343479156494140625" lon="113.42100075446069240570068359375">
        <ele>21.799999237060546875</ele>
        <time>2026-07-14T11:15:56.000Z</time>
        <extensions>
          <ns3:TrackPointExtension>
            <ns3:hr>137</ns3:hr>
            <ns3:cad>87</ns3:cad>
          </ns3:TrackPointExtension>
        </extensions>
      </trkpt>
      <trkpt lat="23.16771489568054676055908203125" lon="113.42096974141895771026611328125">
        <ele>21.799999237060546875</ele>
        <time>2026-07-14T11:15:57.000Z</time>
        <extensions>
          <ns3:TrackPointExtension>
            <ns3:hr>138</ns3:hr>
            <ns3:cad>87</ns3:cad>
          </ns3:TrackPointExtension>
        </extensions>
      </trkpt>
      <trkpt lat="23.1677179969847202301025390625" lon="113.4209305979311466217041015625">
        <ele>22</ele>
        <time>2026-07-14T11:15:58.000Z</time>
        <extensions>
          <ns3:TrackPointExtension>
            <ns3:hr>139</ns3:hr>
            <ns3:cad>87</ns3:cad>
          </ns3:TrackPointExtension>
        </extensions>
      </trkpt>
      <trkpt lat="23.1677146442234516143798828125" lon="113.42090360820293426513671875">
        <ele>22</ele>
        <time>2026-07-14T11:15:59.000Z</time>
        <extensions>
          <ns3:TrackPointExtension>
            <ns3:hr>140</ns3:hr>
            <ns3:cad>89</ns3:cad>
          </ns3:TrackPointExtension>
        </extensions>
      </trkpt>
      <trkpt lat="23.16772143356502056121826171875" lon="113.42086379416286945343017578125">
        <ele>22</ele>
        <time>2026-07-14T11:16:00.000Z</time>
        <extensions>
          <ns3:TrackPointExtension>
            <ns3:hr>140</ns3:hr>
            <ns3:cad>89</ns3:cad>
          </ns3:TrackPointExtension>
        </extensions>
      </trkpt>
      <trkpt lat="23.16772227175533771514892578125" lon="113.42083764262497425079345703125">
        <ele>22.200000762939453125</ele>
        <time>2026-07-14T11:16:01.000Z</time>
        <extensions>
          <ns3:TrackPointExtension>
            <ns3:hr>141</ns3:hr>
            <ns3:cad>89</ns3:cad>
          </ns3:TrackPointExtension>
        </extensions>
      </trkpt>
      <trkpt lat="23.1677260436117649078369140625" lon="113.42079355381429195404052734375">
        <ele>22.200000762939453125</ele>
        <time>2026-07-14T11:16:02.000Z</time>
        <extensions>
          <ns3:TrackPointExtension>
            <ns3:hr>141</ns3:hr>
            <ns3:cad>89</ns3:cad>
          </ns3:TrackPointExtension>
        </extensions>
      </trkpt>
      <trkpt lat="23.1677267141640186309814453125" lon="113.420763127505779266357421875">
        <ele>22.200000762939453125</ele>
        <time>2026-07-14T11:16:03.000Z</time>
        <extensions>
          <ns3:TrackPointExtension>
            <ns3:hr>141</ns3:hr>
            <ns3:cad>89</ns3:cad>
          </ns3:TrackPointExtension>
        </extensions>
      </trkpt>
      <trkpt lat="23.1677253730595111846923828125" lon="113.4207270853221416473388671875">
        <ele>22.200000762939453125</ele>
        <time>2026-07-14T11:16:04.000Z</time>
        <extensions>
          <ns3:TrackPointExtension>
            <ns3:hr>142</ns3:hr>
            <ns3:cad>88</ns3:cad>
          </ns3:TrackPointExtension>
        </extensions>
      </trkpt>
      <trkpt lat="23.16772763617336750030517578125" lon="113.4206962399184703826904296875">
        <ele>22.200000762939453125</ele>
        <time>2026-07-14T11:16:05.000Z</time>
        <extensions>
          <ns3:TrackPointExtension>
            <ns3:hr>142</ns3:hr>
            <ns3:cad>87</ns3:cad>
          </ns3:TrackPointExtension>
        </extensions>
      </trkpt>
      <trkpt lat="23.167727887630462646484375" lon="113.42066061682999134063720703125">
        <ele>22.3999996185302734375</ele>
        <time>2026-07-14T11:16:06.000Z</time>
        <extensions>
          <ns3:TrackPointExtension>
            <ns3:hr>143</ns3:hr>
            <ns3:cad>87</ns3:cad>
          </ns3:TrackPointExtension>
        </extensions>
      </trkpt>
      <trkpt lat="23.16772696562111377716064453125" lon="113.4206345491111278533935546875">
        <ele>22.3999996185302734375</ele>
        <time>2026-07-14T11:16:07.000Z</time>
        <extensions>
          <ns3:TrackPointExtension>
            <ns3:hr>143</ns3:hr>
            <ns3:cad>87</ns3:cad>
          </ns3:TrackPointExtension>
        </extensions>
      </trkpt>
      <trkpt lat="23.16772587597370147705078125" lon="113.42060194350779056549072265625">
        <ele>22.3999996185302734375</ele>
        <time>2026-07-14T11:16:08.000Z</time>
        <extensions>
          <ns3:TrackPointExtension>
            <ns3:hr>144</ns3:hr>
            <ns3:cad>88</ns3:cad>
          </ns3:TrackPointExtension>
        </extensions>
      </trkpt>
      <trkpt lat="23.16772579215466976165771484375" lon="113.42056958936154842376708984375">
        <ele>22.6000003814697265625</ele>
        <time>2026-07-14T11:16:09.000Z</time>
        <extensions>
          <ns3:TrackPointExtension>
            <ns3:hr>144</ns3:hr>
            <ns3:cad>88</ns3:cad>
          </ns3:TrackPointExtension>
        </extensions>
      </trkpt>
      <trkpt lat="23.16772595979273319244384765625" lon="113.4205341339111328125">
        <ele>22.6000003814697265625</ele>
        <time>2026-07-14T11:16:10.000Z</time>
        <extensions>
          <ns3:TrackPointExtension>
            <ns3:hr>145</ns3:hr>
            <ns3:cad>89</ns3:cad>
          </ns3:TrackPointExtension>
        </extensions>
      </trkpt>
      <trkpt lat="23.16773031838238239288330078125" lon="113.42049884609878063201904296875">
        <ele>22.6000003814697265625</ele>
        <time>2026-07-14T11:16:11.000Z</time>
        <extensions>
          <ns3:TrackPointExtension>
            <ns3:hr>145</ns3:hr>
            <ns3:cad>90</ns3:cad>
          </ns3:TrackPointExtension>
        </extensions>
      </trkpt>
      <trkpt lat="23.1677292287349700927734375" lon="113.42046967707574367523193359375">
        <ele>22.799999237060546875</ele>
        <time>2026-07-14T11:16:12.000Z</time>
        <extensions>
          <ns3:TrackPointExtension>
            <ns3:hr>145</ns3:hr>
            <ns3:cad>90</ns3:cad>
          </ns3:TrackPointExtension>
        </extensions>
      </trkpt>
      <trkpt lat="23.167736940085887908935546875" lon="113.42043112032115459442138671875">
        <ele>22.799999237060546875</ele>
        <time>2026-07-14T11:16:13.000Z</time>
        <extensions>
          <ns3:TrackPointExtension>
            <ns3:hr>146</ns3:hr>
            <ns3:cad>90</ns3:cad>
          </ns3:TrackPointExtension>
        </extensions>
      </trkpt>
      <trkpt lat="23.16773551516234874725341796875" lon="113.42040094546973705291748046875">
        <ele>23</ele>
        <time>2026-07-14T11:16:14.000Z</time>
        <extensions>
          <ns3:TrackPointExtension>
            <ns3:hr>146</ns3:hr>
            <ns3:cad>89</ns3:cad>
          </ns3:TrackPointExtension>
        </extensions>
      </trkpt>
      <trkpt lat="23.16773568280041217803955078125" lon="113.42037093825638294219970703125">
        <ele>23.200000762939453125</ele>
        <time>2026-07-14T11:16:15.000Z</time>
        <extensions>
          <ns3:TrackPointExtension>
            <ns3:hr>147</ns3:hr>
            <ns3:cad>89</ns3:cad>
          </ns3:TrackPointExtension>
        </extensions>
      </trkpt>
      <trkpt lat="23.1677367724478244781494140625" lon="113.4203408472239971160888671875">
        <ele>23.200000762939453125</ele>
        <time>2026-07-14T11:16:16.000Z</time>
        <extensions>
          <ns3:TrackPointExtension>
            <ns3:hr>147</ns3:hr>
            <ns3:cad>89</ns3:cad>
          </ns3:TrackPointExtension>
        </extensions>
      </trkpt>
      <trkpt lat="23.16773870028555393218994140625" lon="113.42030757106840610504150390625">
        <ele>23.3999996185302734375</ele>
        <time>2026-07-14T11:16:17.000Z</time>
        <extensions>
          <ns3:TrackPointExtension>
            <ns3:hr>147</ns3:hr>
            <ns3:cad>88</ns3:cad>
          </ns3:TrackPointExtension>
        </extensions>
      </trkpt>
      <trkpt lat="23.16773618571460247039794921875" lon="113.4202798269689083099365234375">
        <ele>23.6000003814697265625</ele>
        <time>2026-07-14T11:16:18.000Z</time>
        <extensions>
          <ns3:TrackPointExtension>
            <ns3:hr>148</ns3:hr>
            <ns3:cad>88</ns3:cad>
          </ns3:TrackPointExtension>
        </extensions>
      </trkpt>
      <trkpt lat="23.1677399575710296630859375" lon="113.42024085111916065216064453125">
        <ele>23.799999237060546875</ele>
        <time>2026-07-14T11:16:19.000Z</time>
        <extensions>
          <ns3:TrackPointExtension>
            <ns3:hr>148</ns3:hr>
            <ns3:cad>89</ns3:cad>
          </ns3:TrackPointExtension>
        </extensions>
      </trkpt>
      <trkpt lat="23.1677421368658542633056640625" lon="113.4202117659151554107666015625">
        <ele>24</ele>
        <time>2026-07-14T11:16:20.000Z</time>
        <extensions>
          <ns3:TrackPointExtension>
            <ns3:hr>148</ns3:hr>
            <ns3:cad>89</ns3:cad>
          </ns3:TrackPointExtension>
        </extensions>
      </trkpt>
      <trkpt lat="23.167743980884552001953125" lon="113.4201748855412006378173828125">
        <ele>24.200000762939453125</ele>
        <time>2026-07-14T11:16:21.000Z</time>
        <extensions>
          <ns3:TrackPointExtension>
            <ns3:hr>149</ns3:hr>
            <ns3:cad>89</ns3:cad>
          </ns3:TrackPointExtension>
        </extensions>
      </trkpt>
      <trkpt lat="23.16774557344615459442138671875" lon="113.42014496214687824249267578125">
        <ele>24.3999996185302734375</ele>
        <time>2026-07-14T11:16:22.000Z</time>
        <extensions>
          <ns3:TrackPointExtension>
            <ns3:hr>149</ns3:hr>
            <ns3:cad>89</ns3:cad>
          </ns3:TrackPointExtension>
        </extensions>
      </trkpt>
      <trkpt lat="23.1677453219890594482421875" lon="113.42010808177292346954345703125">
        <ele>24.6000003814697265625</ele>
        <time>2026-07-14T11:16:23.000Z</time>
        <extensions>
          <ns3:TrackPointExtension>
            <ns3:hr>150</ns3:hr>
            <ns3:cad>88</ns3:cad>
          </ns3:TrackPointExtension>
        </extensions>
      </trkpt>
      <trkpt lat="23.16774976439774036407470703125" lon="113.42007757164537906646728515625">
        <ele>24.6000003814697265625</ele>
        <time>2026-07-14T11:16:24.000Z</time>
        <extensions>
          <ns3:TrackPointExtension>
            <ns3:hr>151</ns3:hr>
            <ns3:cad>88</ns3:cad>
          </ns3:TrackPointExtension>
        </extensions>
      </trkpt>
      <trkpt lat="23.1677485071122646331787109375" lon="113.42004261910915374755859375">
        <ele>24.6000003814697265625</ele>
        <time>2026-07-14T11:16:25.000Z</time>
        <extensions>
          <ns3:TrackPointExtension>
            <ns3:hr>152</ns3:hr>
            <ns3:cad>88</ns3:cad>
          </ns3:TrackPointExtension>
        </extensions>
      </trkpt>
      <trkpt lat="23.1677501834928989410400390625" lon="113.42001688666641712188720703125">
        <ele>24.6000003814697265625</ele>
        <time>2026-07-14T11:16:26.000Z</time>
        <extensions>
          <ns3:TrackPointExtension>
            <ns3:hr>152</ns3:hr>
            <ns3:cad>88</ns3:cad>
          </ns3:TrackPointExtension>
        </extensions>
      </trkpt>
      <trkpt lat="23.16775077022612094879150390625" lon="113.41998872347176074981689453125">
        <ele>24.6000003814697265625</ele>
        <time>2026-07-14T11:16:27.000Z</time>
        <extensions>
          <ns3:TrackPointExtension>
            <ns3:hr>152</ns3:hr>
            <ns3:cad>88</ns3:cad>
          </ns3:TrackPointExtension>
        </extensions>
      </trkpt>
      <trkpt lat="23.16775479353964328765869140625" lon="113.4199589677155017852783203125">
        <ele>24.799999237060546875</ele>
        <time>2026-07-14T11:16:28.000Z</time>
        <extensions>
          <ns3:TrackPointExtension>
            <ns3:hr>153</ns3:hr>
            <ns3:cad>87</ns3:cad>
          </ns3:TrackPointExtension>
        </extensions>
      </trkpt>
      <trkpt lat="23.16775403916835784912109375" lon="113.41993256472051143646240234375">
        <ele>24.799999237060546875</ele>
        <time>2026-07-14T11:16:29.000Z</time>
        <extensions>
          <ns3:TrackPointExtension>
            <ns3:hr>153</ns3:hr>
            <ns3:cad>87</ns3:cad>
          </ns3:TrackPointExtension>
        </extensions>
      </trkpt>
      <trkpt lat="23.16775781102478504180908203125" lon="113.41989451088011264801025390625">
        <ele>25</ele>
        <time>2026-07-14T11:16:30.000Z</time>
        <extensions>
          <ns3:TrackPointExtension>
            <ns3:hr>153</ns3:hr>
            <ns3:cad>88</ns3:cad>
          </ns3:TrackPointExtension>
        </extensions>
      </trkpt>
      <trkpt lat="23.16776049323379993438720703125" lon="113.41986400075256824493408203125">
        <ele>25</ele>
        <time>2026-07-14T11:16:31.000Z</time>
        <extensions>
          <ns3:TrackPointExtension>
            <ns3:hr>154</ns3:hr>
            <ns3:cad>88</ns3:cad>
          </ns3:TrackPointExtension>
        </extensions>
      </trkpt>
      <trkpt lat="23.16776803694665431976318359375" lon="113.41982879675924777984619140625">
        <ele>25</ele>
        <time>2026-07-14T11:16:32.000Z</time>
        <extensions>
          <ns3:TrackPointExtension>
            <ns3:hr>154</ns3:hr>
            <ns3:cad>88</ns3:cad>
          </ns3:TrackPointExtension>
        </extensions>
      </trkpt>
      <trkpt lat="23.167767785489559173583984375" lon="113.41979996301233768463134765625">
        <ele>25.200000762939453125</ele>
        <time>2026-07-14T11:16:33.000Z</time>
        <extensions>
          <ns3:TrackPointExtension>
            <ns3:hr>154</ns3:hr>
            <ns3:cad>88</ns3:cad>
          </ns3:TrackPointExtension>
        </extensions>
      </trkpt>
      <trkpt lat="23.16777206026017665863037109375" lon="113.41976492665708065032958984375">
        <ele>25.3999996185302734375</ele>
        <time>2026-07-14T11:16:34.000Z</time>
        <extensions>
          <ns3:TrackPointExtension>
            <ns3:hr>155</ns3:hr>
            <ns3:cad>89</ns3:cad>
          </ns3:TrackPointExtension>
        </extensions>
      </trkpt>
      <trkpt lat="23.16777256317436695098876953125" lon="113.4197249449789524078369140625">
        <ele>25.3999996185302734375</ele>
        <time>2026-07-14T11:16:35.000Z</time>
        <extensions>
          <ns3:TrackPointExtension>
            <ns3:hr>155</ns3:hr>
            <ns3:cad>89</ns3:cad>
          </ns3:TrackPointExtension>
        </extensions>
      </trkpt>
      <trkpt lat="23.167769797146320343017578125" lon="113.419688232243061065673828125">
        <ele>25.6000003814697265625</ele>
        <time>2026-07-14T11:16:36.000Z</time>
        <extensions>
          <ns3:TrackPointExtension>
            <ns3:hr>155</ns3:hr>
            <ns3:cad>89</ns3:cad>
          </ns3:TrackPointExtension>
        </extensions>
      </trkpt>
      <trkpt lat="23.16776367835700511932373046875" lon="113.419657386839389801025390625">
        <ele>25.6000003814697265625</ele>
        <time>2026-07-14T11:16:37.000Z</time>
        <extensions>
          <ns3:TrackPointExtension>
            <ns3:hr>156</ns3:hr>
            <ns3:cad>89</ns3:cad>
          </ns3:TrackPointExtension>
        </extensions>
      </trkpt>
      <trkpt lat="23.16776367835700511932373046875" lon="113.4196257032454013824462890625">
        <ele>25.6000003814697265625</ele>
        <time>2026-07-14T11:16:38.000Z</time>
        <extensions>
          <ns3:TrackPointExtension>
            <ns3:hr>157</ns3:hr>
            <ns3:cad>89</ns3:cad>
          </ns3:TrackPointExtension>
        </extensions>
      </trkpt>
      <trkpt lat="23.16776451654732227325439453125" lon="113.41959242708981037139892578125">
        <ele>25.799999237060546875</ele>
        <time>2026-07-14T11:16:39.000Z</time>
        <extensions>
          <ns3:TrackPointExtension>
            <ns3:hr>157</ns3:hr>
            <ns3:cad>89</ns3:cad>
          </ns3:TrackPointExtension>
        </extensions>
      </trkpt>
      <trkpt lat="23.16776669584214687347412109375" lon="113.41955688782036304473876953125">
        <ele>26</ele>
        <time>2026-07-14T11:16:40.000Z</time>
        <extensions>
          <ns3:TrackPointExtension>
            <ns3:hr>158</ns3:hr>
            <ns3:cad>89</ns3:cad>
          </ns3:TrackPointExtension>
        </extensions>
      </trkpt>
      <trkpt lat="23.1677659414708614349365234375" lon="113.4195408783853054046630859375">
        <ele>26</ele>
        <time>2026-07-14T11:16:41.000Z</time>
        <extensions>
          <ns3:TrackPointExtension>
            <ns3:hr>158</ns3:hr>
            <ns3:cad>90</ns3:cad>
          </ns3:TrackPointExtension>
        </extensions>
      </trkpt>
      <trkpt lat="23.1677696295082569122314453125" lon="113.4194993041455745697021484375">
        <ele>26</ele>
        <time>2026-07-14T11:16:42.000Z</time>
        <extensions>
          <ns3:TrackPointExtension>
            <ns3:hr>159</ns3:hr>
            <ns3:cad>89</ns3:cad>
          </ns3:TrackPointExtension>
        </extensions>
      </trkpt>
      <trkpt lat="23.1677692942321300506591796875" lon="113.41947038657963275909423828125">
        <ele>26.200000762939453125</ele>
        <time>2026-07-14T11:16:43.000Z</time>
        <extensions>
          <ns3:TrackPointExtension>
            <ns3:hr>159</ns3:hr>
            <ns3:cad>90</ns3:cad>
          </ns3:TrackPointExtension>
        </extensions>
      </trkpt>
      <trkpt lat="23.167765438556671142578125" lon="113.4194315783679485321044921875">
        <ele>26.3999996185302734375</ele>
        <time>2026-07-14T11:16:44.000Z</time>
        <extensions>
          <ns3:TrackPointExtension>
            <ns3:hr>159</ns3:hr>
            <ns3:cad>89</ns3:cad>
          </ns3:TrackPointExtension>
        </extensions>
      </trkpt>
      <trkpt lat="23.16775848157703876495361328125" lon="113.419404588639736175537109375">
        <ele>26.6000003814697265625</ele>
        <time>2026-07-14T11:16:45.000Z</time>
        <extensions>
          <ns3:TrackPointExtension>
            <ns3:hr>159</ns3:hr>
            <ns3:cad>88</ns3:cad>
          </ns3:TrackPointExtension>
        </extensions>
      </trkpt>
      <trkpt lat="23.167760409414768218994140625" lon="113.41937064193189144134521484375">
        <ele>26.799999237060546875</ele>
        <time>2026-07-14T11:16:46.000Z</time>
        <extensions>
          <ns3:TrackPointExtension>
            <ns3:hr>159</ns3:hr>
            <ns3:cad>88</ns3:cad>
          </ns3:TrackPointExtension>
        </extensions>
      </trkpt>
      <trkpt lat="23.16775697283446788787841796875" lon="113.41934566386044025421142578125">
        <ele>27.200000762939453125</ele>
        <time>2026-07-14T11:16:47.000Z</time>
        <extensions>
          <ns3:TrackPointExtension>
            <ns3:hr>160</ns3:hr>
            <ns3:cad>89</ns3:cad>
          </ns3:TrackPointExtension>
        </extensions>
      </trkpt>
      <trkpt lat="23.1677602417767047882080078125" lon="113.41930895112454891204833984375">
        <ele>27.6000003814697265625</ele>
        <time>2026-07-14T11:16:48.000Z</time>
        <extensions>
          <ns3:TrackPointExtension>
            <ns3:hr>159</ns3:hr>
            <ns3:cad>89</ns3:cad>
          </ns3:TrackPointExtension>
        </extensions>
      </trkpt>
      <trkpt lat="23.16776049323379993438720703125" lon="113.41928045265376567840576171875">
        <ele>27.799999237060546875</ele>
        <time>2026-07-14T11:16:49.000Z</time>
        <extensions>
          <ns3:TrackPointExtension>
            <ns3:hr>159</ns3:hr>
            <ns3:cad>89</ns3:cad>
          </ns3:TrackPointExtension>
        </extensions>
      </trkpt>
      <trkpt lat="23.16776267252862453460693359375" lon="113.41924407519400119781494140625">
        <ele>27.799999237060546875</ele>
        <time>2026-07-14T11:16:50.000Z</time>
        <extensions>
          <ns3:TrackPointExtension>
            <ns3:hr>159</ns3:hr>
            <ns3:cad>89</ns3:cad>
          </ns3:TrackPointExtension>
        </extensions>
      </trkpt>
      <trkpt lat="23.1677676178514957427978515625" lon="113.4192146547138690948486328125">
        <ele>27.799999237060546875</ele>
        <time>2026-07-14T11:16:51.000Z</time>
        <extensions>
          <ns3:TrackPointExtension>
            <ns3:hr>159</ns3:hr>
            <ns3:cad>89</ns3:cad>
          </ns3:TrackPointExtension>
        </extensions>
      </trkpt>
      <trkpt lat="23.16776870749890804290771484375" lon="113.41918028891086578369140625">
        <ele>28</ele>
        <time>2026-07-14T11:16:52.000Z</time>
        <extensions>
          <ns3:TrackPointExtension>
            <ns3:hr>160</ns3:hr>
            <ns3:cad>88</ns3:cad>
          </ns3:TrackPointExtension>
        </extensions>
      </trkpt>
      <trkpt lat="23.16776736639440059661865234375" lon="113.419155143201351165771484375">
        <ele>28</ele>
        <time>2026-07-14T11:16:53.000Z</time>
        <extensions>
          <ns3:TrackPointExtension>
            <ns3:hr>159</ns3:hr>
            <ns3:cad>88</ns3:cad>
          </ns3:TrackPointExtension>
        </extensions>
      </trkpt>
      <trkpt lat="23.16777021624147891998291015625" lon="113.419129662215709686279296875">
        <ele>28</ele>
        <time>2026-07-14T11:16:54.000Z</time>
        <extensions>
          <ns3:TrackPointExtension>
            <ns3:hr>159</ns3:hr>
            <ns3:cad>88</ns3:cad>
          </ns3:TrackPointExtension>
        </extensions>
      </trkpt>
      <trkpt lat="23.167771808803081512451171875" lon="113.41909672133624553680419921875">
        <ele>28.200000762939453125</ele>
        <time>2026-07-14T11:16:55.000Z</time>
        <extensions>
          <ns3:TrackPointExtension>
            <ns3:hr>160</ns3:hr>
            <ns3:cad>88</ns3:cad>
          </ns3:TrackPointExtension>
        </extensions>
      </trkpt>
      <trkpt lat="23.16777708940207958221435546875" lon="113.41906495392322540283203125">
        <ele>28.3999996185302734375</ele>
        <time>2026-07-14T11:16:56.000Z</time>
        <extensions>
          <ns3:TrackPointExtension>
            <ns3:hr>160</ns3:hr>
            <ns3:cad>88</ns3:cad>
          </ns3:TrackPointExtension>
        </extensions>
      </trkpt>
      <trkpt lat="23.16777147352695465087890625" lon="113.41902731917798519134521484375">
        <ele>28.6000003814697265625</ele>
        <time>2026-07-14T11:16:57.000Z</time>
        <extensions>
          <ns3:TrackPointExtension>
            <ns3:hr>160</ns3:hr>
            <ns3:cad>88</ns3:cad>
          </ns3:TrackPointExtension>
        </extensions>
      </trkpt>
      <trkpt lat="23.16777725704014301300048828125" lon="113.41899563558399677276611328125">
        <ele>28.6000003814697265625</ele>
        <time>2026-07-14T11:16:58.000Z</time>
        <extensions>
          <ns3:TrackPointExtension>
            <ns3:hr>159</ns3:hr>
            <ns3:cad>89</ns3:cad>
          </ns3:TrackPointExtension>
        </extensions>
      </trkpt>
      <trkpt lat="23.16777926869690418243408203125" lon="113.41895640827715396881103515625">
        <ele>28.799999237060546875</ele>
        <time>2026-07-14T11:16:59.000Z</time>
        <extensions>
          <ns3:TrackPointExtension>
            <ns3:hr>160</ns3:hr>
            <ns3:cad>89</ns3:cad>
          </ns3:TrackPointExtension>
        </extensions>
      </trkpt>
      <trkpt lat="23.1677773408591747283935546875" lon="113.41893218457698822021484375">
        <ele>28.799999237060546875</ele>
        <time>2026-07-14T11:17:00.000Z</time>
        <extensions>
          <ns3:TrackPointExtension>
            <ns3:hr>160</ns3:hr>
            <ns3:cad>89</ns3:cad>
          </ns3:TrackPointExtension>
        </extensions>
      </trkpt>
      <trkpt lat="23.1677803583443164825439453125" lon="113.41889069415628910064697265625">
        <ele>28.799999237060546875</ele>
        <time>2026-07-14T11:17:01.000Z</time>
        <extensions>
          <ns3:TrackPointExtension>
            <ns3:hr>159</ns3:hr>
            <ns3:cad>89</ns3:cad>
          </ns3:TrackPointExtension>
        </extensions>
      </trkpt>
      <trkpt lat="23.16777683794498443603515625" lon="113.4188629500567913055419921875">
        <ele>28.799999237060546875</ele>
        <time>2026-07-14T11:17:02.000Z</time>
        <extensions>
          <ns3:TrackPointExtension>
            <ns3:hr>159</ns3:hr>
            <ns3:cad>89</ns3:cad>
          </ns3:TrackPointExtension>
        </extensions>
      </trkpt>
      <trkpt lat="23.16777960397303104400634765625" lon="113.418825231492519378662109375">
        <ele>28.799999237060546875</ele>
        <time>2026-07-14T11:17:03.000Z</time>
        <extensions>
          <ns3:TrackPointExtension>
            <ns3:hr>160</ns3:hr>
            <ns3:cad>89</ns3:cad>
          </ns3:TrackPointExtension>
        </extensions>
      </trkpt>
      <trkpt lat="23.16778086125850677490234375" lon="113.41879245825111865997314453125">
        <ele>28.799999237060546875</ele>
        <time>2026-07-14T11:17:04.000Z</time>
        <extensions>
          <ns3:TrackPointExtension>
            <ns3:hr>160</ns3:hr>
            <ns3:cad>89</ns3:cad>
          </ns3:TrackPointExtension>
        </extensions>
      </trkpt>
      <trkpt lat="23.1677830405533313751220703125" lon="113.4187539853155612945556640625">
        <ele>28.799999237060546875</ele>
        <time>2026-07-14T11:17:05.000Z</time>
        <extensions>
          <ns3:TrackPointExtension>
            <ns3:hr>160</ns3:hr>
            <ns3:cad>89</ns3:cad>
          </ns3:TrackPointExtension>
        </extensions>
      </trkpt>
      <trkpt lat="23.1677810288965702056884765625" lon="113.41872305609285831451416015625">
        <ele>29</ele>
        <time>2026-07-14T11:17:06.000Z</time>
        <extensions>
          <ns3:TrackPointExtension>
            <ns3:hr>160</ns3:hr>
            <ns3:cad>89</ns3:cad>
          </ns3:TrackPointExtension>
        </extensions>
      </trkpt>
      <trkpt lat="23.16778496839106082916259765625" lon="113.41868483461439609527587890625">
        <ele>29</ele>
        <time>2026-07-14T11:17:07.000Z</time>
        <extensions>
          <ns3:TrackPointExtension>
            <ns3:hr>160</ns3:hr>
            <ns3:cad>89</ns3:cad>
          </ns3:TrackPointExtension>
        </extensions>
      </trkpt>
      <trkpt lat="23.167789243161678314208984375" lon="113.41866488568484783172607421875">
        <ele>29.200000762939453125</ele>
        <time>2026-07-14T11:17:08.000Z</time>
        <extensions>
          <ns3:TrackPointExtension>
            <ns3:hr>160</ns3:hr>
            <ns3:cad>89</ns3:cad>
          </ns3:TrackPointExtension>
        </extensions>
      </trkpt>
      <trkpt lat="23.167791254818439483642578125" lon="113.41862582601606845855712890625">
        <ele>29.200000762939453125</ele>
        <time>2026-07-14T11:17:09.000Z</time>
        <extensions>
          <ns3:TrackPointExtension>
            <ns3:hr>160</ns3:hr>
            <ns3:cad>89</ns3:cad>
          </ns3:TrackPointExtension>
        </extensions>
      </trkpt>
      <trkpt lat="23.1677951104938983917236328125" lon="113.418599255383014678955078125">
        <ele>29.3999996185302734375</ele>
        <time>2026-07-14T11:17:10.000Z</time>
        <extensions>
          <ns3:TrackPointExtension>
            <ns3:hr>161</ns3:hr>
            <ns3:cad>89</ns3:cad>
          </ns3:TrackPointExtension>
        </extensions>
      </trkpt>
      <trkpt lat="23.1678169034421443939208984375" lon="113.41855935752391815185546875">
        <ele>29.3999996185302734375</ele>
        <time>2026-07-14T11:17:11.000Z</time>
        <extensions>
          <ns3:TrackPointExtension>
            <ns3:hr>161</ns3:hr>
            <ns3:cad>89</ns3:cad>
          </ns3:TrackPointExtension>
        </extensions>
      </trkpt>
      <trkpt lat="23.16782687790691852569580078125" lon="113.41852524317800998687744140625">
        <ele>29.6000003814697265625</ele>
        <time>2026-07-14T11:17:12.000Z</time>
        <extensions>
          <ns3:TrackPointExtension>
            <ns3:hr>161</ns3:hr>
            <ns3:cad>89</ns3:cad>
          </ns3:TrackPointExtension>
        </extensions>
      </trkpt>
      <trkpt lat="23.1678397022187709808349609375" lon="113.41847897507250308990478515625">
        <ele>29.6000003814697265625</ele>
        <time>2026-07-14T11:17:13.000Z</time>
        <extensions>
          <ns3:TrackPointExtension>
            <ns3:hr>162</ns3:hr>
            <ns3:cad>88</ns3:cad>
          </ns3:TrackPointExtension>
        </extensions>
      </trkpt>
      <trkpt lat="23.1678410433232784271240234375" lon="113.41844494454562664031982421875">
        <ele>29.6000003814697265625</ele>
        <time>2026-07-14T11:17:14.000Z</time>
        <extensions>
          <ns3:TrackPointExtension>
            <ns3:hr>162</ns3:hr>
            <ns3:cad>88</ns3:cad>
          </ns3:TrackPointExtension>
        </extensions>
      </trkpt>
      <trkpt lat="23.16785051487386226654052734375" lon="113.41840672306716442108154296875">
        <ele>29.6000003814697265625</ele>
        <time>2026-07-14T11:17:15.000Z</time>
        <extensions>
          <ns3:TrackPointExtension>
            <ns3:hr>162</ns3:hr>
            <ns3:cad>89</ns3:cad>
          </ns3:TrackPointExtension>
        </extensions>
      </trkpt>
      <trkpt lat="23.1678517721593379974365234375" lon="113.4183804877102375030517578125">
        <ele>29.799999237060546875</ele>
        <time>2026-07-14T11:17:16.000Z</time>
        <extensions>
          <ns3:TrackPointExtension>
            <ns3:hr>161</ns3:hr>
            <ns3:cad>89</ns3:cad>
          </ns3:TrackPointExtension>
        </extensions>
      </trkpt>
      <trkpt lat="23.16786342300474643707275390625" lon="113.41834402643144130706787109375">
        <ele>30</ele>
        <time>2026-07-14T11:17:17.000Z</time>
        <extensions>
          <ns3:TrackPointExtension>
            <ns3:hr>162</ns3:hr>
            <ns3:cad>90</ns3:cad>
          </ns3:TrackPointExtension>
        </extensions>
      </trkpt>
      <trkpt lat="23.167862333357334136962890625" lon="113.41832474805414676666259765625">
        <ele>30.200000762939453125</ele>
        <time>2026-07-14T11:17:18.000Z</time>
        <extensions>
          <ns3:TrackPointExtension>
            <ns3:hr>162</ns3:hr>
            <ns3:cad>90</ns3:cad>
          </ns3:TrackPointExtension>
        </extensions>
      </trkpt>
      <trkpt lat="23.1678648479282855987548828125" lon="113.4182889573276042938232421875">
        <ele>30.3999996185302734375</ele>
        <time>2026-07-14T11:17:19.000Z</time>
        <extensions>
          <ns3:TrackPointExtension>
            <ns3:hr>162</ns3:hr>
            <ns3:cad>90</ns3:cad>
          </ns3:TrackPointExtension>
        </extensions>
      </trkpt>
      <trkpt lat="23.1678661890327930450439453125" lon="113.418263308703899383544921875">
        <ele>30.3999996185302734375</ele>
        <time>2026-07-14T11:17:20.000Z</time>
        <extensions>
          <ns3:TrackPointExtension>
            <ns3:hr>162</ns3:hr>
            <ns3:cad>90</ns3:cad>
          </ns3:TrackPointExtension>
        </extensions>
      </trkpt>
      <trkpt lat="23.16787046380341053009033203125" lon="113.41822533868253231048583984375">
        <ele>30.3999996185302734375</ele>
        <time>2026-07-14T11:17:21.000Z</time>
        <extensions>
          <ns3:TrackPointExtension>
            <ns3:hr>162</ns3:hr>
            <ns3:cad>89</ns3:cad>
          </ns3:TrackPointExtension>
        </extensions>
      </trkpt>
      <trkpt lat="23.16787264309823513031005859375" lon="113.4181984327733516693115234375">
        <ele>30.200000762939453125</ele>
        <time>2026-07-14T11:17:22.000Z</time>
        <extensions>
          <ns3:TrackPointExtension>
            <ns3:hr>162</ns3:hr>
            <ns3:cad>90</ns3:cad>
          </ns3:TrackPointExtension>
        </extensions>
      </trkpt>
      <trkpt lat="23.1678789295256137847900390625" lon="113.41816197149455547332763671875">
        <ele>30.200000762939453125</ele>
        <time>2026-07-14T11:17:23.000Z</time>
        <extensions>
          <ns3:TrackPointExtension>
            <ns3:hr>161</ns3:hr>
            <ns3:cad>90</ns3:cad>
          </ns3:TrackPointExtension>
        </extensions>
      </trkpt>
      <trkpt lat="23.1678826175630092620849609375" lon="113.41813414357602596282958984375">
        <ele>30.200000762939453125</ele>
        <time>2026-07-14T11:17:24.000Z</time>
        <extensions>
          <ns3:TrackPointExtension>
            <ns3:hr>162</ns3:hr>
            <ns3:cad>90</ns3:cad>
          </ns3:TrackPointExtension>
        </extensions>
      </trkpt>
      <trkpt lat="23.1678876467049121856689453125" lon="113.418092988431453704833984375">
        <ele>30.200000762939453125</ele>
        <time>2026-07-14T11:17:25.000Z</time>
        <extensions>
          <ns3:TrackPointExtension>
            <ns3:hr>162</ns3:hr>
            <ns3:cad>89</ns3:cad>
          </ns3:TrackPointExtension>
        </extensions>
      </trkpt>
      <trkpt lat="23.167887143790721893310546875" lon="113.41806675307452678680419921875">
        <ele>30.200000762939453125</ele>
        <time>2026-07-14T11:17:26.000Z</time>
        <extensions>
          <ns3:TrackPointExtension>
            <ns3:hr>162</ns3:hr>
            <ns3:cad>89</ns3:cad>
          </ns3:TrackPointExtension>
        </extensions>
      </trkpt>
      <trkpt lat="23.167889825999736785888671875" lon="113.41803205199539661407470703125">
        <ele>30.200000762939453125</ele>
        <time>2026-07-14T11:17:27.000Z</time>
        <extensions>
          <ns3:TrackPointExtension>
            <ns3:hr>162</ns3:hr>
            <ns3:cad>89</ns3:cad>
          </ns3:TrackPointExtension>
        </extensions>
      </trkpt>
      <trkpt lat="23.16789041273295879364013671875" lon="113.4180043078958988189697265625">
        <ele>30.3999996185302734375</ele>
        <time>2026-07-14T11:17:28.000Z</time>
        <extensions>
          <ns3:TrackPointExtension>
            <ns3:hr>162</ns3:hr>
            <ns3:cad>89</ns3:cad>
          </ns3:TrackPointExtension>
        </extensions>
      </trkpt>
      <trkpt lat="23.16789410077035427093505859375" lon="113.41797195374965667724609375">
        <ele>30.3999996185302734375</ele>
        <time>2026-07-14T11:17:29.000Z</time>
        <extensions>
          <ns3:TrackPointExtension>
            <ns3:hr>162</ns3:hr>
            <ns3:cad>89</ns3:cad>
          </ns3:TrackPointExtension>
        </extensions>
      </trkpt>
      <trkpt lat="23.16789812408387660980224609375" lon="113.41794471256434917449951171875">
        <ele>30.3999996185302734375</ele>
        <time>2026-07-14T11:17:30.000Z</time>
        <extensions>
          <ns3:TrackPointExtension>
            <ns3:hr>162</ns3:hr>
            <ns3:cad>89</ns3:cad>
          </ns3:TrackPointExtension>
        </extensions>
      </trkpt>
      <trkpt lat="23.16790197975933551788330078125" lon="113.41790313832461833953857421875">
        <ele>30.3999996185302734375</ele>
        <time>2026-07-14T11:17:31.000Z</time>
        <extensions>
          <ns3:TrackPointExtension>
            <ns3:hr>162</ns3:hr>
            <ns3:cad>89</ns3:cad>
          </ns3:TrackPointExtension>
        </extensions>
      </trkpt>
      <trkpt lat="23.16790734417736530303955078125" lon="113.4178675152361392974853515625">
        <ele>30.3999996185302734375</ele>
        <time>2026-07-14T11:17:32.000Z</time>
        <extensions>
          <ns3:TrackPointExtension>
            <ns3:hr>162</ns3:hr>
            <ns3:cad>90</ns3:cad>
          </ns3:TrackPointExtension>
        </extensions>
      </trkpt>
      <trkpt lat="23.16790348850190639495849609375" lon="113.4178326465189456939697265625">
        <ele>30.3999996185302734375</ele>
        <time>2026-07-14T11:17:33.000Z</time>
        <extensions>
          <ns3:TrackPointExtension>
            <ns3:hr>162</ns3:hr>
            <ns3:cad>90</ns3:cad>
          </ns3:TrackPointExtension>
        </extensions>
      </trkpt>
      <trkpt lat="23.16790130920708179473876953125" lon="113.4177981130778789520263671875">
        <ele>30.200000762939453125</ele>
        <time>2026-07-14T11:17:34.000Z</time>
        <extensions>
          <ns3:TrackPointExtension>
            <ns3:hr>162</ns3:hr>
            <ns3:cad>90</ns3:cad>
          </ns3:TrackPointExtension>
        </extensions>
      </trkpt>
      <trkpt lat="23.16790667362511157989501953125" lon="113.4177521802484989166259765625">
        <ele>30.3999996185302734375</ele>
        <time>2026-07-14T11:17:35.000Z</time>
        <extensions>
          <ns3:TrackPointExtension>
            <ns3:hr>162</ns3:hr>
            <ns3:cad>90</ns3:cad>
          </ns3:TrackPointExtension>
        </extensions>
      </trkpt>
      <trkpt lat="23.1679174862802028656005859375" lon="113.41766257770359516143798828125">
        <ele>30.3999996185302734375</ele>
        <time>2026-07-14T11:17:36.000Z</time>
        <extensions>
          <ns3:TrackPointExtension>
            <ns3:hr>162</ns3:hr>
            <ns3:cad>91</ns3:cad>
          </ns3:TrackPointExtension>
        </extensions>
      </trkpt>
      <trkpt lat="23.16792301833629608154296875" lon="113.4176318161189556121826171875">
        <ele>30.6000003814697265625</ele>
        <time>2026-07-14T11:17:37.000Z</time>
        <extensions>
          <ns3:TrackPointExtension>
            <ns3:hr>162</ns3:hr>
            <ns3:cad>92</ns3:cad>
          </ns3:TrackPointExtension>
        </extensions>
      </trkpt>
      <trkpt lat="23.1679362617433071136474609375" lon="113.41760960407555103302001953125">
        <ele>30.6000003814697265625</ele>
        <time>2026-07-14T11:17:38.000Z</time>
        <extensions>
          <ns3:TrackPointExtension>
            <ns3:hr>162</ns3:hr>
            <ns3:cad>91</ns3:cad>
          </ns3:TrackPointExtension>
        </extensions>
      </trkpt>
      <trkpt lat="23.1679411232471466064453125" lon="113.41758915223181247711181640625">
        <ele>30.6000003814697265625</ele>
        <time>2026-07-14T11:17:39.000Z</time>
        <extensions>
          <ns3:TrackPointExtension>
            <ns3:hr>161</ns3:hr>
            <ns3:cad>91</ns3:cad>
          </ns3:TrackPointExtension>
        </extensions>
      </trkpt>
      <trkpt lat="23.16794204525649547576904296875" lon="113.4175604023039340972900390625">
        <ele>30.6000003814697265625</ele>
        <time>2026-07-14T11:17:40.000Z</time>
        <extensions>
          <ns3:TrackPointExtension>
            <ns3:hr>162</ns3:hr>
            <ns3:cad>91</ns3:cad>
          </ns3:TrackPointExtension>
        </extensions>
      </trkpt>
      <trkpt lat="23.16794523037970066070556640625" lon="113.417552523314952850341796875">
        <ele>30.3999996185302734375</ele>
        <time>2026-07-14T11:17:41.000Z</time>
        <extensions>
          <ns3:TrackPointExtension>
            <ns3:hr>162</ns3:hr>
            <ns3:cad>89</ns3:cad>
          </ns3:TrackPointExtension>
        </extensions>
      </trkpt>
      <trkpt lat="23.1679483316838741302490234375" lon="113.41752729378640651702880859375">
        <ele>30.3999996185302734375</ele>
        <time>2026-07-14T11:17:42.000Z</time>
        <extensions>
          <ns3:TrackPointExtension>
            <ns3:hr>162</ns3:hr>
            <ns3:cad>89</ns3:cad>
          </ns3:TrackPointExtension>
        </extensions>
      </trkpt>
      <trkpt lat="23.167956210672855377197265625" lon="113.41751052998006343841552734375">
        <ele>30.200000762939453125</ele>
        <time>2026-07-14T11:17:43.000Z</time>
        <extensions>
          <ns3:TrackPointExtension>
            <ns3:hr>162</ns3:hr>
            <ns3:cad>89</ns3:cad>
          </ns3:TrackPointExtension>
        </extensions>
      </trkpt>
    </trkseg>
  </trk>
</gpx>
